"complaint_id","complaint_text","complaint_date","complaint_source","complaint_language","customer_id","customer_type","city","state","product_category","product_name","payment_method","refund_requested","refund_status","delivery_partner","delivery_delay_days","complaint_status","first_response_time_minutes","resolution_time_hours","escalation_required","customer_feedback_rating","device_type","app_version","previous_complaints_count"
"CMP-2025-000001","Water dripping from the indoor unit directly onto our workstations. Urgent issue. Data could be damaged. Third time raising this complaint.","2023-02-02 00:05:00","Web Portal","English","CUST-76237","Data Centre","Delhi","Delhi","Light Commercial","Floor Standing 42CF","UPI","No","Not Requested","Shadowfax","10","Open","30","12","No","2","Desktop","4.1.2","1"
"CMP-2023-000002","Electricity bill doubled after installation of new Carrier unit. Star rating says 5-star but consumption is huge. Please don't just close the ticket without solving the issue.","2024-07-03 03:59:00","Dealer","English","CUST-82357","Maintenance Manager","Tirupur","Tamil Nadu","Air Purifiers","OptiClean OC-400","UPI","No","Not Requested","DTDC","0","Escalated","30","72","Yes","3","iPad","3.2.1","6"
"CMP-2024-000003","Emergency call under AMC. Was told 'our team will come today'. No one came. Called again next day. Same promise. Third day still waiting. Escalating to consumer forum if not resolved by tomorrow.","2023-06-17 14:24:00","Mobile App","Hindi","CUST-83000","Restaurant Owner","Mysuru","Karnataka","Air Purifiers","Klarwind KW-500","UPI","Yes","Rejected","FedEx","10","In Progress","25","720","No","4","iPhone","2.8.5","0"
"CMP-2024-000004","Indoor unit is not level. Water not draining properly because of tilt. Poor workmanship. Third time raising this complaint.","2024-08-20 12:23:00","Web Portal","English","CUST-76784","IT Park","Kolkata","West Bengal","Commercial","Air Handler AHU-5000","Net Banking","No","Not Requested","Delhivery","30","In Progress","180","168","Yes","1","Tablet","4.1.2","2"
"CMP-2023-000005","The drain pan is overflowing. Unit installed 6 months ago and this is the 3rd time this is happening. Poor installation quality suspected. This is absolutely ridiculous!!!","2024-05-27 05:32:00","Phone","Hindi","CUST-49117","Mall Operator","Kota","Rajasthan","Light Commercial","Ducted 40MAQ","RTGS","No","Not Requested","Rivigo","1","Open","2880","96","No","1","Android Phone","4.2.0","3"
"CMP-2023-000006","Compressor failed completely. Unit is under warranty. Require immediate replacement not repair. Do not waste my time. Under warranty. Do not charge us.","2024-07-16 05:16:00","Social Media","Hinglish","CUST-65461","Industrial Facility","Chandigarh","Punjab","Light Commercial","Carrier VRF X Power 38VYX","Cheque","No","Not Requested","XpressBees","20","Re-opened","480","336","Yes","3","iPhone","3.2.1","4"
"CMP-2023-000007","Third breakdown this year. We have CCTV footage of the same issue recurring. Requesting senior engineer visit and root cause analysis.","2023-12-05 02:32:00","Web Portal","English","CUST-97684","IT Park","Indore","Madhya Pradesh","Light Commercial","Floor Standing 42NQ","UPI","No","Not Requested","FedEx","5","In Progress","12","72","No","5","Laptop","4.3.1","1"
"CMP-2025-000008","Compressor trip ho raha hai bar bar. Error code E05 aa raha hai display mein. Kya karna chahiye? Please don't just close the ticket without solving the issue.","2023-05-24 13:11:00","Mobile App","English","CUST-42742","Office Admin","Aurangabad","Maharashtra","Commercial","Air Handler AHU-3000","EMI","Yes","Pending","Ekart","3","Pending Parts","360","504","No","1","Android Phone","3.3.5","6"
"CMP-2023-000009","Temperature in storage went to 12C during night without any alarm. Dairy products spoiled. Need investigation. Highly disappointed.","2023-03-01 18:47:00","Social Media","English","CUST-51104","Warehouse Operator","Chennai","Tamil Nadu","Refrigeration","Evaporator Unit EU-3000","EMI","No","Not Requested","Blue Dart","1","In Progress","240","12","Yes","1","Android Phone","2.8.5","2"
"CMP-2024-000010","The drain pan is overflowing. Unit installed 6 months ago and this is the 3rd time this is happening. Poor installation quality suspected. Need resolution within 24 hours.","2023-11-20 08:13:00","SMS","Tamil","CUST-51180","Restaurant Owner","Visakhapatnam","Andhra Pradesh","Refrigeration","Condensing Unit CR-5HP","NEFT","No","Not Requested","Carrier Own Fleet","0","Open","300","48","Yes","2","Android Phone","5.1.3","1"
"CMP-2025-000011","Refund approved by your team on email. Bank account details submitted. Still no transfer after 3 weeks. Please check. 😡 Very frustrated.","2024-09-18 20:33:00","Email","Hindi","CUST-82692","Maintenance Manager","Tiruchirappalli","Tamil Nadu","Commercial","Fan Coil Unit FCU-200","NEFT","Yes","Pending","Rivigo","2","Closed","60","48","No","4","iPhone","2.8.5","2"
"CMP-2025-000012","Compressor failure within 18 months. Manufacturer warranty should cover this. Do not send me to dealer. Carrier must take responsibility. This is absolutely ridiculous!!!","2023-06-15 23:28:00","Social Media","Tamil","CUST-66057","Educational Institution","Mumbai","Maharashtra","Commercial","Air Handler AHU-5000","Net Banking","No","Not Requested","Blue Dart","20","Resolved","240","8","Yes","4","Desktop","3.1.0","5"
"CMP-2023-000013","Technician suggested we buy a new unit. But this unit is only 14 months old!! Under warranty. Will escalate legally if needed. Please resolve on priority.","2024-02-27 00:11:00","Walk-in","English","CUST-97806","Restaurant Owner","Coimbatore","Tamil Nadu","Light Commercial","Cassette 42UFS","Cheque","Yes","Processed","Ekart","5","Re-opened","120","72","No","3","iPhone","3.1.0","1"
"CMP-2024-000014","Power factor of the unit is poor. Our electrical load increased significantly after Carrier system was installed.","2023-09-25 05:37:00","Mobile App","English","CUST-24208","Data Centre","Varanasi","Uttar Pradesh","Air Purifiers","OptiClean OC-800","RTGS","No","Not Requested","Shadowfax","1","In Progress","180","720","No","4","Android Phone","5.2.1","0"
"CMP-2023-000015","Heat rejection from outdoor units is excessive. Adjacent areas are getting very hot. Ventilation design issue or unit fault? 😡 Very frustrated.","2024-06-03 09:42:00","Dealer","English","CUST-62743","Maintenance Manager","Jabalpur","Madhya Pradesh","Light Commercial","Ducted 40RUQ","Cheque","No","Not Requested","FedEx","3","Closed","180","0","No","1","Desktop","4.1.2","1"
"CMP-2024-000016","Third breakdown this year. We have CCTV footage of the same issue recurring. Requesting senior engineer visit and root cause analysis.","2023-10-18 16:42:00","SMS","Hinglish","CUST-53933","Office Admin","Ranchi","Jharkhand","Light Commercial","Carrier VRF X Power 38VYX","UPI","No","Not Requested","Delhivery","0","Open","30","504","Yes","1","Laptop","4.3.1","1"
"CMP-2025-000017","Because of your equipment failure, our restaurant had to shut for 2 days. Loss of business and spoiled inventory. This is unacceptable. Need resolution within 24 hours.","2024-04-20 01:35:00","Web Portal","English","CUST-69829","Hospital","Amritsar","Punjab","Air Purifiers","Air One AO-200","Purchase Order","No","Not Requested","Rivigo","30","Re-opened","20","504","No","4","iPad","4.0.0","2"
"CMP-2025-000018","Warranty claim rejected citing 'improper installation'. But installation was done by your own authorized dealer. Who is responsible?","2023-05-22 04:14:00","Dealer","Hindi","CUST-30028","Industrial Facility","Hyderabad","Telangana","Refrigeration","Screw Compressor Rack SR-20","RTGS","No","Not Requested","Mahindra Logistics","30","Open","25","240","No","5","Windows Tablet","3.1.0","6"
"CMP-2024-000019","AC chalta hai lekin thanda nahi karta bilkul bhi. Service wale bol rahe hain gas bharo, lekin pehle bhi 2 mahine mein bhara tha. Kya yahi quality hai Carrier ki? Escalating to consumer forum if not resolved by tomorrow.","2023-10-07 13:31:00","Email","English","CUST-54057","Cold Storage Operator","Noida","Uttar Pradesh","Light Commercial","Floor Standing 42NQ","Net Banking","No","Not Requested","Rivigo","0","Pending Parts","1440","720","No","1","Android Phone","2.8.5","0"
"CMP-2023-000020","AMC renewal done but service schedule not shared. Who is my assigned service engineer? No one tells me. We have a big client visit next week. Please prioritize.","2023-10-12 13:16:00","Phone","Hinglish","CUST-12540","Educational Institution","Chennai","Tamil Nadu","Air Purifiers","Klarwind KW-300","Debit Card","No","Not Requested","Blue Dart","0","Escalated","25","1","Yes","2","iPhone","3.3.5","0"
"CMP-2025-000021","The drain pan is overflowing. Unit installed 6 months ago and this is the 3rd time this is happening. Poor installation quality suspected. Please resolve on priority.","2023-11-15 03:37:00","Email","English","CUST-85470","Cold Storage Operator","Meerut","Uttar Pradesh","Light Commercial","Cassette 42UFS","Purchase Order","No","Not Requested","XpressBees","7","In Progress","15","72","No","1","iPad","3.2.1","0"
"CMP-2024-000022","Spare part availability is very poor for older models. Our unit is only 4 years old and parts are already out of stock?? Third time raising this complaint.","2024-01-06 20:57:00","Service Center","Tamil","CUST-30052","Pharma Company","Kanpur","Uttar Pradesh","Air Purifiers","OptiClean OC-400","EMI","No","Not Requested","Mahindra Logistics","30","Closed","90","36","No","1","Desktop","5.0.0","2"
"CMP-2024-000023","Third breakdown this year. We have CCTV footage of the same issue recurring. Requesting senior engineer visit and root cause analysis. Complaint ID from last time: 65075273","2025-03-27 08:21:00","Mobile App","Hinglish","CUST-46211","Educational Institution","Mumbai","Maharashtra","Light Commercial","Cassette 42UFS","UPI","No","Not Requested","FedEx","0","Escalated","15","504","No","2","Laptop","3.1.0","0"
"CMP-2024-000024","Called for emergency service. Was told technician will come in 4 hours. Waited 11 hours. No show. Third time raising this complaint.","2025-02-02 17:21:00","Walk-in","Hindi","CUST-69473","HVAC Contractor","Patna","Bihar","Air Purifiers","Klarwind KW-300","Debit Card","No","Not Requested","Ekart","15","In Progress","20","0","No","2","iPhone","4.0.0","0"
"CMP-2024-000025","Third breakdown this year. We have CCTV footage of the same issue recurring. Requesting senior engineer visit and root cause analysis. 😡 Very frustrated.","2023-01-15 22:34:00","WhatsApp","English","CUST-15965","Warehouse Operator","Jabalpur","Madhya Pradesh","Air Purifiers","OptiClean OC-800","Net Banking","No","Not Requested","Mahindra Logistics","1","Open","1440","72","No","2","Laptop","4.2.0","1"
"CMP-2023-000026","Partial refund received but deducted 20% without any explanation. No one is telling me why. I want full refund.","2025-04-10 18:19:00","Phone","English","CUST-25525","Educational Institution","Ranchi","Jharkhand","Refrigeration","Evaporator Unit EU-5000","Purchase Order","No","Not Requested","Ekart","1","Pending Parts","300","336","No","5","Laptop","4.1.2","0"
"CMP-2025-000027","Condensate drain is blocked. Water overflowing inside the unit and dropping on floor. Health hazard. Please resolve on priority.","2023-01-03 13:28:00","Chat Support","Hinglish","CUST-48175","Warehouse Operator","Thane","Maharashtra","Air Purifiers","OptiClean OC-800","NEFT","No","Not Requested","Mahindra Logistics","0","Escalated","45","24","Yes","3","Laptop","3.2.1","2"
"CMP-2023-000028","Outdoor unit installed at wrong orientation. Drainage blocked. Technician confirmed faulty installation but blaming us. 😡 Very frustrated.","2024-03-25 03:29:00","Mobile App","Hindi","CUST-62757","HVAC Contractor","Howrah","West Bengal","Refrigeration","Screw Compressor Rack SR-50","Debit Card","No","Not Requested","Blue Dart","30","Pending Customer","2880","48","Yes","1","iPhone","2.8.5","0"
"CMP-2025-000029","Refund rejected saying 'product opened'. But your own technician opened it during inspection! This is fraud. Third time raising this complaint.","2024-10-12 15:05:00","Service Center","English","CUST-63523","Facility Team","Vadodara","Gujarat","Commercial","Fan Coil Unit FCU-200","RTGS","No","Not Requested","Mahindra Logistics","12","Pending Parts","120","0","Yes","1","Android Phone","4.2.0","2"
"CMP-2024-000030","Water leak from ceiling mounted cassette unit. Staining the false ceiling and dripping on expensive equipment below. Complaint ID from last time: 80876038","2024-09-29 15:40:00","Service Center","Kannada","CUST-16764","Industrial Facility","Coimbatore","Tamil Nadu","Light Commercial","Carrier VRF X Power 38VYX","Cash","No","Not Requested","Mahindra Logistics","1","Open","5","48","No","3","Windows Tablet","3.3.5","3"
"CMP-2025-000031","Bhai ek baar thanda karta hai fir garam. On-off on-off. Compressor issue lagta hai. Please check karo. 😡 Very frustrated.","2024-06-05 22:17:00","Dealer","Hinglish","CUST-71894","Restaurant Owner","Amritsar","Punjab","Light Commercial","Floor Standing 42CF","UPI","No","Not Requested","Rivigo","2","In Progress","45","240","No","3","Desktop","3.1.0","3"
"CMP-2025-000032","Rattling noise from FCU started after technician visited. Did they tighten something wrongly? We have a big client visit next week. Please prioritize.","2024-04-11 10:55:00","Web Portal","Hindi","CUST-41300","Bank Branch","Faridabad","Haryana","Light Commercial","Floor Standing 42CF","Credit Card","Yes","Partially Processed","Mahindra Logistics","25","Pending Parts","10","24","No","2","Android Phone","3.3.5","0"
"CMP-2025-000033","Electricity bill doubled after installation of new Carrier unit. Star rating says 5-star but consumption is huge.","2024-04-25 08:21:00","Chat Support","Hindi","CUST-62098","Office Admin","Agra","Uttar Pradesh","Refrigeration","Inverter Condensing Unit ICU-10","Cash","No","Not Requested","Blue Dart","0","Escalated","5","72","No","3","Windows Tablet","3.2.1","0"
"CMP-2023-000034","Commissioning not done properly. Unit was just switched on and technician left. No testing, no parameter setting. 😡 Very frustrated.","2024-01-03 11:27:00","WhatsApp","English","CUST-79621","Pharma Company","Jodhpur","Rajasthan","Light Commercial","Ducted 40MAQ","Net Banking","Yes","Under Review","FedEx","7","Re-opened","1440","8","No","1","Windows Tablet","4.1.2","1"
"CMP-2024-000035","The FCU in server room has stopped maintaining temperature. Server temps rising. Critical situation - please escalate immediately. Third time raising this complaint.","2024-12-07 08:29:00","Mobile App","English","CUST-60422","IT Park","Ahmedabad","Gujarat","Light Commercial","Floor Standing 42CF","Purchase Order","Yes","Under Review","Amazon Logistics","12","Open","120","72","No","4","Android Phone","2.9.8","0"
"CMP-2025-000036","Compressor failure within 18 months. Manufacturer warranty should cover this. Do not send me to dealer. Carrier must take responsibility.","2024-10-04 20:02:00","Mobile App","English","CUST-14373","Bank Branch","Nashik","Maharashtra","Light Commercial","Cassette 42UFS","NEFT","Yes","Partially Processed","FedEx","3","Escalated","15","0","No","3","Tablet","4.1.2","1"
"CMP-2024-000037","Compressor failure within 18 months. Manufacturer warranty should cover this. Do not send me to dealer. Carrier must take responsibility. Complaint ID from last time: 51712368","2023-04-03 12:00:00","Mobile App","Hinglish","CUST-26199","Food Processing Unit","Nashik","Maharashtra","Air Purifiers","OptiClean OC-400","Cheque","No","Not Requested","Carrier Own Fleet","1","Escalated","360","1","Yes","4","Desktop","2.9.8","2"
"CMP-2025-000038","Gas leakage from the indoor unit. There is an oily stain near copper pipe joints. Very concerning.","2023-04-10 07:56:00","Social Media","English","CUST-60940","Food Processing Unit","Nashik","Maharashtra","Refrigeration","Evaporator Unit EU-5000","Net Banking","No","Not Requested","XpressBees","1","Re-opened","2880","240","No","1","Windows Tablet","4.2.0","1"
"CMP-2024-000039","AMC renewal done but service schedule not shared. Who is my assigned service engineer? No one tells me. Highly disappointed.","2023-05-06 14:05:00","SMS","English","CUST-94109","Data Centre","Delhi","Delhi","Commercial","Chiller AquaEdge 19DV","UPI","No","Not Requested","Shadowfax","5","In Progress","120","0","No","5","iPhone","4.0.0","4"
"CMP-2023-000040","Your customer care puts me on hold for 20+ minutes and then disconnects. This has happened 5 times now.","2023-01-16 11:50:00","Web Portal","Hinglish","CUST-52437","Supermarket","Kanpur","Uttar Pradesh","Air Purifiers","Klarwind KW-500","Net Banking","No","Not Requested","FedEx","1","In Progress","20","4","No","1","iPad","4.2.0","0"
"CMP-2025-000041","Water leak from ceiling mounted cassette unit. Staining the false ceiling and dripping on expensive equipment below.","2024-05-05 12:27:00","SMS","English","CUST-74260","Food Processing Unit","Hyderabad","Telangana","Commercial","Chiller AquaEdge 19DV","Purchase Order","No","Not Requested","DTDC","2","Closed","2880","24","Yes","4","Windows Tablet","4.2.0","6"
"CMP-2025-000042","Unit goes into protection mode due to high discharge temperature. Error E12 visible on panel. Ambient temp is 42C but unit is rated for 50C. Third time raising this complaint.","2024-04-07 07:26:00","Walk-in","English","CUST-62262","Pharma Company","Noida","Uttar Pradesh","Commercial","Chiller AquaEdge 19DV","Cheque","Yes","Partially Processed","Amazon Logistics","20","Resolved","10","504","Yes","1","iPad","3.2.1","0"
"CMP-2024-000043","Pani tapat raha hai AC se. Below mein customer seating area hai. Please immediately send someone. Third time raising this complaint.","2023-12-29 21:48:00","Dealer","Tamil","CUST-16743","Maintenance Manager","Kota","Rajasthan","Air Purifiers","Air One AO-100","Debit Card","No","Not Requested","Rivigo","5","Resolved","10","504","No","2","Desktop","5.1.3","5"
"CMP-2023-000044","Refund rejected saying 'product opened'. But your own technician opened it during inspection! This is fraud. This is absolutely ridiculous!!!","2023-01-30 05:17:00","Mobile App","English","CUST-56009","Supermarket","Kanpur","Uttar Pradesh","Light Commercial","Floor Standing 42CF","Debit Card","No","Not Requested","XpressBees","0","In Progress","20","0","No","1","Laptop","5.0.0","4"
"CMP-2023-000045","Evaporator icing up completely within 6 hours. Has to be manually defrosted. Happened every day this week.","2024-11-21 02:17:00","Service Center","Hindi","CUST-65576","IT Park","Kota","Rajasthan","Refrigeration","Screw Compressor Rack SR-20","NEFT","No","Not Requested","Rivigo","1","Pending Customer","240","6","No","5","Laptop","5.1.3","3"
"CMP-2023-000046","Called for emergency service. Was told technician will come in 4 hours. Waited 11 hours. No show. 😡 Very frustrated.","2023-12-02 03:00:00","Service Center","Telugu","CUST-66446","Retail Store","Jaipur","Rajasthan","Refrigeration","Evaporator Unit EU-3000","UPI","No","Not Requested","Rivigo","20","In Progress","180","2","No","1","Laptop","3.2.1","4"
"CMP-2025-000047","Unit delivered without accessories. Remote, drain pipes, all missing. Had to chase dealer for 1 week. Please don't just close the ticket without solving the issue.","2024-12-07 11:05:00","Dealer","English","CUST-41891","Pharma Company","Raipur","Chhattisgarh","Refrigeration","Evaporator Unit EU-3000","Debit Card","No","Not Requested","Amazon Logistics","15","Escalated","90","12","Yes","3","Windows Tablet","3.2.1","0"
"CMP-2025-000048","Installation team came, looked at the site, and left saying they need special equipment. No one has returned since. 10 days now.","2025-02-17 20:04:00","WhatsApp","Kannada","CUST-92306","IT Park","Amritsar","Punjab","Refrigeration","Supermarket Ref SMR-MultiDeck","Purchase Order","No","Not Requested","XpressBees","15","Pending Customer","15","336","Yes","2","Laptop","2.8.5","3"
"CMP-2024-000049","This is the 6th breakdown in 8 months. Every time technician comes, 'fixes' it, and within 2 weeks same problem returns. ENOUGH. Complaint ID from last time: 58147700","2023-10-21 02:41:00","Phone","Hinglish","CUST-87867","Mall Operator","Faridabad","Haryana","Refrigeration","Evaporator Unit EU-5000","EMI","No","Not Requested","Blue Dart","0","Escalated","90","48","No","3","iPhone","3.1.0","1"
"CMP-2023-000050","Electricity bill doubled after installation of new Carrier unit. Star rating says 5-star but consumption is huge. Please resolve on priority.","2024-01-08 11:58:00","Mobile App","English","CUST-63578","Facility Team","Mysuru","Karnataka","Commercial","Chiller AquaEdge 19DV","Debit Card","Yes","Pending","Rivigo","25","Closed","45","72","Yes","2","Desktop","3.2.1","1"
"CMP-2024-000051","Our cold room compressor is producing abnormal high-pitched squealing. Running but worrying about failure.","2024-11-17 22:53:00","SMS","Hinglish","CUST-22249","Pharma Company","Howrah","West Bengal","Air Purifiers","Klarwind KW-500","RTGS","Yes","Approved","Ekart","15","Re-opened","25","36","No","2","Android Phone","4.1.2","0"
"CMP-2025-000052","Waiting for spare parts for 35 days. Technician has identified fault. Parts stuck in warehouse apparently. No timeline given. Please resolve on priority.","2025-01-08 14:02:00","Dealer","English","CUST-98652","Restaurant Owner","Aurangabad","Maharashtra","Air Purifiers","OptiClean OC-800","Cash","No","Not Requested","Rivigo","7","Closed","60","504","No","3","Desktop","2.8.5","1"
"CMP-2024-000053","Ghar mein rat ko bahut awaaz aati hai outdoor unit se. Neend nahi aa rahi. Koi solution hai?","2024-10-18 15:55:00","Walk-in","Hinglish","CUST-23446","Mall Operator","Pune","Maharashtra","Air Purifiers","Klarwind KW-500","Net Banking","Yes","Processed","Rivigo","2","Pending Parts","10","36","No","1","Desktop","3.1.0","0"
"CMP-2023-000054","Temperature in storage went to 12C during night without any alarm. Dairy products spoiled. Need investigation. Will share on social media if no action.","2025-03-21 04:08:00","Email","English","CUST-71925","Hospital","Ranchi","Jharkhand","Refrigeration","Screw Compressor Rack SR-50","Purchase Order","Yes","Pending","Blue Dart","10","Escalated","120","8","Yes","1","Tablet","4.3.1","0"
"CMP-2024-000055","Service engineer came without tools. Wasted our time. Came again next day with wrong parts. Still not fixed. Under warranty. Do not charge us.","2024-09-03 17:01:00","SMS","Hinglish","CUST-85372","Restaurant Owner","Vijayawada","Andhra Pradesh","Light Commercial","Carrier VRF X Power 38VYX","Cheque","Yes","Under Review","Carrier Own Fleet","7","Pending Parts","20","72","No","1","Tablet","4.2.0","0"
"CMP-2025-000056","Waiting for spare parts for 35 days. Technician has identified fault. Parts stuck in warehouse apparently. No timeline given.","2023-12-20 07:46:00","SMS","Hindi","CUST-23587","Bank Branch","Gurugram","Haryana","Air Purifiers","Klarwind KW-300","Credit Card","Yes","Under Review","Carrier Own Fleet","3","Re-opened","15","504","No","2","iPad","3.3.5","0"
"CMP-2025-000057","AMC contract signed 6 months ago. Only one service visit done so far. Quarterly service is not happening as promised. We have a big client visit next week. Please prioritize.","2025-04-14 17:30:00","Mobile App","English","CUST-94790","Industrial Facility","Kochi","Kerala","Air Purifiers","Klarwind KW-500","RTGS","Yes","Pending","Carrier Own Fleet","30","Pending Parts","20","336","No","4","iPhone","5.0.0","0"
"CMP-2024-000058","Unit goes into protection mode due to high discharge temperature. Error E12 visible on panel. Ambient temp is 42C but unit is rated for 50C. Will share on social media if no action.","2023-04-16 02:20:00","SMS","English","CUST-50173","Food Processing Unit","Kota","Rajasthan","Refrigeration","Condensing Unit CR-5HP","Cash","Yes","Processed","Blue Dart","20","Pending Parts","45","24","No","1","Android Phone","2.8.5","6"
"CMP-2024-000059","Heat rejection from outdoor units is excessive. Adjacent areas are getting very hot. Ventilation design issue or unit fault? Escalating to consumer forum if not resolved by tomorrow.","2025-03-08 20:23:00","Walk-in","English","CUST-84349","Warehouse Operator","Kota","Rajasthan","Light Commercial","Floor Standing 42NQ","RTGS","Yes","Processed","DTDC","2","Pending Customer","180","96","No","4","iPhone","3.2.1","0"
"CMP-2025-000060","App update 5.1.3 broke everything. Before update all features worked fine. Please rollback or fix. 😡 Very frustrated.","2024-12-11 15:12:00","Phone","English","CUST-19706","Food Processing Unit","Kanpur","Uttar Pradesh","Refrigeration","Modular Cold Room MCR-25","RTGS","No","Not Requested","Carrier Own Fleet","0","Closed","60","12","No","2","iPad","4.2.0","0"
"CMP-2023-000061","Condensate drain is blocked. Water overflowing inside the unit and dropping on floor. Health hazard. Please don't just close the ticket without solving the issue.","2025-04-02 17:08:00","Chat Support","English","CUST-18617","Maintenance Manager","Meerut","Uttar Pradesh","Refrigeration","Evaporator Unit EU-3000","Cheque","No","Not Requested","Shadowfax","0","Resolved","90","24","Yes","1","Laptop","2.8.5","0"
"CMP-2024-000062","EcoAdvance controller crashing randomly. Display goes blank. Restarts after 10-15 mins. Very disruptive for our hotel operations.","2023-11-08 05:10:00","Walk-in","Tamil","CUST-39552","Commercial Building Operator","Ghaziabad","Uttar Pradesh","Air Purifiers","Klarwind KW-500","NEFT","No","Not Requested","XpressBees","2","Closed","15","24","No","1","Tablet","3.2.1","0"
"CMP-2025-000063","Login OTP not coming. Tried 3 times. Customer care line is always busy. App is useless.","2023-03-25 01:41:00","Chat Support","English","CUST-95344","Industrial Facility","Bhubaneswar","Odisha","Refrigeration","Evaporator Unit EU-5000","Credit Card","No","Not Requested","XpressBees","2","Closed","5","72","No","3","iPad","2.8.5","6"
"CMP-2024-000064","AMC contract signed 6 months ago. Only one service visit done so far. Quarterly service is not happening as promised.","2023-11-17 22:20:00","Walk-in","English","CUST-27139","Commercial Building Operator","Howrah","West Bengal","Commercial","Chiller AquaEdge 19DV","UPI","No","Not Requested","DTDC","10","Re-opened","30","8","Yes","1","Desktop","4.3.1","0"
"CMP-2023-000065","The iOS app version 4.2.0 randomly logs me out. Have to re-enter credentials daily. Bug please fix. Under warranty. Do not charge us.","2023-11-12 15:01:00","Phone","English","CUST-76249","Food Processing Unit","Bhopal","Madhya Pradesh","Light Commercial","Carrier VRF X Power 40VYX","Credit Card","Yes","Rejected","Mahindra Logistics","0","Closed","720","1","No","2","Laptop","3.3.5","2"
"CMP-2025-000066","Cold room not reaching setpoint of -18C. Best we get is -12C. Compressor running 100% time. Possible refrigerant undercharge. 😡 Very frustrated.","2023-03-17 12:32:00","Service Center","Kannada","CUST-82070","HVAC Contractor","Guwahati","Assam","Commercial","Fan Coil Unit FCU-200","Debit Card","No","Not Requested","Carrier Own Fleet","15","Pending Customer","30","8","No","1","Tablet","4.3.1","0"
"CMP-2023-000067","Compressor making very loud knocking sound since morning. Afraid it might fail completely. Please send technician.","2023-12-02 19:20:00","WhatsApp","English","CUST-90805","Maintenance Manager","Raipur","Chhattisgarh","Air Purifiers","OptiClean OC-400","EMI","No","Not Requested","Mahindra Logistics","12","Re-opened","120","1","No","4","Windows Tablet","3.2.1","0"
"CMP-2025-000068","Our cold room compressor is producing abnormal high-pitched squealing. Running but worrying about failure. Under warranty. Do not charge us.","2023-06-24 16:40:00","Chat Support","Kannada","CUST-59832","Hospital","Mysuru","Karnataka","Light Commercial","Cassette 42UFC","Purchase Order","No","Not Requested","DTDC","5","Open","300","96","No","2","Laptop","5.2.1","1"
"CMP-2024-000069","Heat rejection from outdoor units is excessive. Adjacent areas are getting very hot. Ventilation design issue or unit fault? Need resolution within 24 hours.","2024-01-21 10:11:00","Service Center","Hinglish","CUST-54869","Educational Institution","Ludhiana","Punjab","Air Purifiers","OptiClean OC-400","Cash","No","Not Requested","Ekart","10","Closed","30","72","No","4","Windows Tablet","4.0.0","0"
"CMP-2024-000070","Compressor failure within 18 months. Manufacturer warranty should cover this. Do not send me to dealer. Carrier must take responsibility. Complaint ID from last time: 84419866","2025-03-02 04:18:00","Email","English","CUST-20358","Commercial Building Operator","Aurangabad","Maharashtra","Air Purifiers","OptiClean OC-800","Cash","No","Not Requested","Ekart","2","Closed","720","168","No","2","Android Phone","2.9.8","2"
"CMP-2023-000071","Compressor failed completely. Unit is under warranty. Require immediate replacement not repair. Do not waste my time.","2024-07-17 05:26:00","SMS","Hinglish","CUST-72580","Industrial Facility","Ranchi","Jharkhand","Air Purifiers","Air One AO-100","NEFT","No","Not Requested","Blue Dart","0","Escalated","720","2","No","2","iPad","3.3.5","0"
"CMP-2024-000072","Warranty claim rejected citing 'improper installation'. But installation was done by your own authorized dealer. Who is responsible? 😡 Very frustrated.","2024-04-10 20:34:00","Social Media","Hinglish","CUST-27589","Mall Operator","Amritsar","Punjab","Air Purifiers","Klarwind KW-300","Debit Card","Yes","Approved","Mahindra Logistics","10","Resolved","5","96","No","4","Tablet","2.8.5","1"
"CMP-2023-000073","Support agent was dismissive and rude. Did not let me complete my complaint. Terrible customer experience.","2024-05-03 10:59:00","Web Portal","English","CUST-44181","Cold Storage Operator","Bhopal","Madhya Pradesh","Refrigeration","Inverter Condensing Unit ICU-5","RTGS","Yes","Under Review","Shadowfax","0","Closed","5","120","No","3","Android Phone","2.8.5","0"
"CMP-2024-000074","Vibration from the compressor unit is shaking the entire wall. Noise level measured at 78 dB. Far above spec. Escalating to consumer forum if not resolved by tomorrow.","2023-05-17 15:09:00","Service Center","Telugu","CUST-89395","Commercial Building Operator","Rajkot","Gujarat","Refrigeration","Evaporator Unit EU-3000","UPI","No","Not Requested","XpressBees","0","Re-opened","480","168","No","1","Tablet","3.2.1","0"
"CMP-2025-000075","Outdoor unit is extremely hot to touch. Fan seems to be running slowly. Is this a condenser issue? Highly disappointed.","2025-01-04 18:31:00","Phone","Hinglish","CUST-68390","Warehouse Operator","Amritsar","Punjab","Light Commercial","Floor Standing 42CF","Cash","No","Not Requested","Blue Dart","2","Re-opened","10","72","No","1","Laptop","4.1.2","0"
"CMP-2025-000076","Installation scheduled 4 times. Cancelled 4 times by Carrier. We are a hospital. Patients are suffering. Please treat this as highest priority. Under warranty. Do not charge us.","2023-02-02 09:26:00","WhatsApp","Kannada","CUST-27750","Pharma Company","Nashik","Maharashtra","Refrigeration","Screw Compressor Rack SR-50","Cheque","No","Not Requested","DTDC","2","Resolved","5","120","Yes","2","Tablet","4.3.1","0"
"CMP-2023-000077","5th visit by technician. Same issue. Either the team is incompetent or they are hiding a design defect. I want a senior engineer. Escalating to consumer forum if not resolved by tomorrow.","2023-09-11 14:22:00","WhatsApp","English","CUST-34704","Hotel","Bengaluru","Karnataka","Refrigeration","Evaporator Unit EU-5000","Credit Card","No","Not Requested","Ekart","0","In Progress","2880","2","No","1","Windows Tablet","5.2.1","0"
"CMP-2023-000078","Compressor seized. Cold room temperature rising. We have Rs 15 lakh worth of pharmaceutical stock inside. URGENT. Escalating to consumer forum if not resolved by tomorrow.","2025-04-15 23:36:00","Walk-in","Hinglish","CUST-88370","Facility Team","Bhopal","Madhya Pradesh","Air Purifiers","Klarwind KW-300","EMI","No","Not Requested","FedEx","12","Closed","8","0","Yes","2","Windows Tablet","2.8.5","0"
"CMP-2025-000079","Unit failed 13 months after purchase. You are saying warranty expired. But issue started within warranty period and was reported. Records available. We have a big client visit next week. Please prioritize.","2023-07-08 17:30:00","Web Portal","English","CUST-49418","Hospital","Amritsar","Punjab","Commercial","Controls i-Vu Open","Cheque","No","Not Requested","Rivigo","1","Resolved","180","36","No","3","Desktop","2.8.5","0"
"CMP-2024-000080","Cold room temperature fluctuating between -2C and +8C. We store frozen products. This is a serious food safety risk.","2023-07-12 18:46:00","SMS","Hinglish","CUST-38444","IT Park","Indore","Madhya Pradesh","Air Purifiers","Air One AO-100","Credit Card","No","Not Requested","Ekart","1","Re-opened","30","168","Yes","3","Laptop","4.0.0","2"
"CMP-2024-000081","Ghar mein rat ko bahut awaaz aati hai outdoor unit se. Neend nahi aa rahi. Koi solution hai? Please don't just close the ticket without solving the issue.","2023-04-11 23:30:00","Walk-in","English","CUST-58589","Facility Team","Rajkot","Gujarat","Commercial","Fan Coil Unit FCU-400","Net Banking","Yes","Rejected","Rivigo","30","Closed","15","24","No","3","Laptop","2.9.8","2"
"CMP-2024-000082","PCB board ordered. Was told 7-10 days delivery. Today is day 21. No update from anyone. Under warranty. Do not charge us.","2023-07-08 17:41:00","Email","Hinglish","CUST-14433","Office Admin","Tiruchirappalli","Tamil Nadu","Commercial","Air Handler AHU-3000","Cheque","No","Not Requested","XpressBees","7","In Progress","15","8","Yes","3","Tablet","5.0.0","5"
"CMP-2023-000083","I was promised callback in 2 hours. No call came. This has happened twice. Zero accountability.","2023-01-18 16:46:00","Mobile App","Hinglish","CUST-47576","Supermarket","Howrah","West Bengal","Refrigeration","Condensing Unit CR-5HP","Debit Card","Yes","Under Review","Delhivery","7","Escalated","2880","0","No","5","Desktop","4.3.1","0"
"CMP-2024-000084","Because of your equipment failure, our restaurant had to shut for 2 days. Loss of business and spoiled inventory. This is unacceptable. We have a big client visit next week. Please prioritize.","2024-01-22 17:30:00","Email","Hindi","CUST-11238","Retail Store","Kolkata","West Bengal","Refrigeration","Screw Compressor Rack SR-20","RTGS","No","Not Requested","DTDC","1","Open","30","24","No","5","Laptop","4.1.2","0"
"CMP-2023-000085","Refund rejected saying 'product opened'. But your own technician opened it during inspection! This is fraud. We have a big client visit next week. Please prioritize.","2023-03-20 09:10:00","Chat Support","English","CUST-84277","Cold Storage Operator","Mysuru","Karnataka","Air Purifiers","Air One AO-200","Net Banking","No","Not Requested","DTDC","1","Pending Customer","8","6","No","3","iPad","3.2.1","4"
"CMP-2025-000086","Nobody from service team is responding. Emails bouncing. Phone numbers not working. Is Carrier shutting down? We have a big client visit next week. Please prioritize.","2024-03-18 05:43:00","Chat Support","Hindi","CUST-59816","Office Admin","Bhubaneswar","Odisha","Air Purifiers","Klarwind KW-300","Debit Card","Yes","Rejected","Delhivery","25","Resolved","20","168","No","5","Android Phone","3.2.1","0"
"CMP-2024-000087","Emergency call under AMC. Was told 'our team will come today'. No one came. Called again next day. Same promise. Third day still waiting. Need resolution within 24 hours.","2024-02-22 03:01:00","Phone","English","CUST-82642","Office Admin","Kota","Rajasthan","Air Purifiers","Air One AO-200","Credit Card","Yes","Processed","FedEx","0","Escalated","1440","0","No","1","iPhone","3.3.5","2"
"CMP-2024-000088","Partial refund received but deducted 20% without any explanation. No one is telling me why. I want full refund.","2024-01-05 08:15:00","SMS","Hinglish","CUST-87831","Data Centre","Nagpur","Maharashtra","Refrigeration","Modular Cold Room MCR-25","Net Banking","Yes","Pending","FedEx","15","Pending Parts","60","96","No","4","Laptop","2.8.5","1"
"CMP-2024-000089","Current draw is 18A against rated 12A. Motor or capacitor issue suspected. Please send service team. Escalating to consumer forum if not resolved by tomorrow.","2023-11-30 12:17:00","Dealer","English","CUST-24927","Bank Branch","Nagpur","Maharashtra","Light Commercial","Cassette 42UFC","Cash","No","Not Requested","Ekart","0","Closed","120","168","Yes","2","Windows Tablet","5.0.0","1"
"CMP-2025-000090","Vibration from the compressor unit is shaking the entire wall. Noise level measured at 78 dB. Far above spec. We have a big client visit next week. Please prioritize.","2024-07-01 16:59:00","Dealer","Hinglish","CUST-14818","Commercial Building Operator","Hubballi","Karnataka","Commercial","Air Handler AHU-5000","UPI","No","Not Requested","XpressBees","20","Resolved","5","48","Yes","5","Windows Tablet","2.8.5","6"
"CMP-2024-000091","Unit delivered with dents on the casing. Outer packaging also damaged. Looks like it was mishandled during transit. Escalating to consumer forum if not resolved by tomorrow.","2024-04-01 11:25:00","Service Center","Kannada","CUST-99070","Bank Branch","Hubballi","Karnataka","Light Commercial","Carrier VRF X Power 40VYX","Credit Card","No","Not Requested","DTDC","12","Pending Parts","10","6","No","2","Desktop","4.1.2","4"
"CMP-2024-000092","Installation scheduled 4 times. Cancelled 4 times by Carrier. We are a hospital. Patients are suffering. Please treat this as highest priority. 😡 Very frustrated.","2023-02-15 22:07:00","Email","English","CUST-94930","Hotel","Mysuru","Karnataka","Light Commercial","Ducted 40RUQ","EMI","No","Not Requested","Rivigo","3","Pending Customer","720","240","No","3","iPad","4.3.1","1"
"CMP-2023-000093","Commissioning not done properly. Unit was just switched on and technician left. No testing, no parameter setting. We have a big client visit next week. Please prioritize.","2023-01-05 22:13:00","Web Portal","English","CUST-18200","Bank Branch","Ahmedabad","Gujarat","Light Commercial","Carrier VRF X Power 40VYX","RTGS","No","Not Requested","Mahindra Logistics","1","Closed","10","504","Yes","4","Tablet","4.3.1","6"
"CMP-2025-000094","Pani tapat raha hai AC se. Below mein customer seating area hai. Please immediately send someone.","2023-11-17 03:15:00","Mobile App","English","CUST-33992","Commercial Building Operator","Hubballi","Karnataka","Light Commercial","Floor Standing 42CF","Cheque","No","Not Requested","Delhivery","25","Pending Parts","20","504","No","4","Windows Tablet","2.8.5","1"
"CMP-2025-000095","App update 5.1.3 broke everything. Before update all features worked fine. Please rollback or fix.","2024-05-11 04:12:00","Dealer","Hinglish","CUST-76248","IT Park","Rajkot","Gujarat","Refrigeration","Screw Compressor Rack SR-20","Cash","No","Not Requested","Delhivery","0","Open","60","36","No","1","Desktop","4.0.0","2"
"CMP-2024-000096","The iOS app version 4.2.0 randomly logs me out. Have to re-enter credentials daily. Bug please fix. This is absolutely ridiculous!!!","2025-03-04 17:52:00","Walk-in","Hinglish","CUST-15453","Food Processing Unit","Chandigarh","Punjab","Light Commercial","Floor Standing 42CF","Debit Card","No","Not Requested","XpressBees","7","Closed","240","2","No","4","Desktop","3.2.1","1"
"CMP-2023-000097","Technician was very rude on phone. We are a paying customer. This behavior is not acceptable. Highly disappointed.","2025-04-04 01:36:00","Walk-in","Hinglish","CUST-46842","Data Centre","Chandigarh","Punjab","Light Commercial","Carrier VRF X Power 40VYX","NEFT","Yes","Under Review","Amazon Logistics","1","In Progress","15","240","Yes","4","iPad","2.8.5","1"
"CMP-2025-000098","i-Vu controller shows error 'Communication Lost' since last night. Unable to control any zone from central panel. Third time raising this complaint.","2024-01-20 14:04:00","SMS","Kannada","CUST-22202","Cold Storage Operator","Howrah","West Bengal","Air Purifiers","OptiClean OC-800","RTGS","No","Not Requested","Mahindra Logistics","15","Open","240","4","No","1","Windows Tablet","2.8.5","5"
"CMP-2023-000099","Spare part availability is very poor for older models. Our unit is only 4 years old and parts are already out of stock??","2024-08-02 15:50:00","Walk-in","Hindi","CUST-16345","Warehouse Operator","Ahmedabad","Gujarat","Refrigeration","Modular Cold Room MCR-10","Debit Card","No","Not Requested","Mahindra Logistics","0","Open","240","24","No","2","Windows Tablet","4.1.2","1"
"CMP-2024-000100","R410A leak suspected. Cooling efficiency dropped suddenly and compressor running continuously. Please send someone today. Third time raising this complaint.","2024-11-02 02:45:00","Phone","English","CUST-37973","IT Park","Hyderabad","Telangana","Light Commercial","Ducted 40RUQ","EMI","No","Not Requested","Mahindra Logistics","0","Open","15","96","No","2","iPad","4.3.1","1"
"CMP-2024-000101","AC gas leaking. Technician came 10 days ago and topped up. Same problem again. Are they not fixing root cause?? We have a big client visit next week. Please prioritize.","2025-03-03 04:41:00","SMS","English","CUST-18966","Mall Operator","Jodhpur","Rajasthan","Commercial","Fan Coil Unit FCU-200","Cash","Yes","Partially Processed","Ekart","2","Pending Parts","2880","72","No","3","Android Phone","3.2.1","1"
"CMP-2023-000102","I am a loyal Carrier customer since 2015. Never faced such repeated breakdowns. Something is wrong with this new model batch. 😡 Very frustrated.","2025-03-08 22:01:00","SMS","English","CUST-36928","Mall Operator","Kota","Rajasthan","Light Commercial","Floor Standing 42CF","NEFT","No","Not Requested","Blue Dart","7","Re-opened","180","6","No","2","Windows Tablet","2.9.8","0"
"CMP-2025-000103","AC chalta hai lekin thanda nahi karta bilkul bhi. Service wale bol rahe hain gas bharo, lekin pehle bhi 2 mahine mein bhara tha. Kya yahi quality hai Carrier ki? Under warranty. Do not charge us.","2025-02-27 02:01:00","Chat Support","English","CUST-11807","HVAC Contractor","Indore","Madhya Pradesh","Commercial","Air Handler AHU-3000","Cheque","No","Not Requested","Amazon Logistics","1","Pending Parts","240","168","No","1","Windows Tablet","5.1.3","2"
"CMP-2025-000104","Controller touchscreen unresponsive. Had to manually switch off from breaker. Need replacement. We have a big client visit next week. Please prioritize.","2024-08-23 20:48:00","SMS","Hindi","CUST-94299","Office Admin","Patna","Bihar","Refrigeration","Supermarket Ref SMR-Island","UPI","Yes","Approved","DTDC","30","In Progress","300","48","Yes","1","Desktop","2.8.5","1"
"CMP-2023-000105","System not cooling at all. Temperature showing 32C inside. Very hot. Please help urgently. Complaint ID from last time: 02758842","2023-05-10 23:49:00","Mobile App","Tamil","CUST-25473","Supermarket","Agra","Uttar Pradesh","Refrigeration","Inverter Condensing Unit ICU-5","EMI","Yes","Rejected","Shadowfax","0","Re-opened","300","0","No","1","Laptop","2.9.8","1"
"CMP-2024-000106","The app freezes on the scheduling screen. Cannot set timings remotely anymore. Very inconvenient. Escalating to consumer forum if not resolved by tomorrow.","2023-02-17 15:23:00","Dealer","English","CUST-33456","Warehouse Operator","Jabalpur","Madhya Pradesh","Refrigeration","Condensing Unit CR-10HP","RTGS","No","Not Requested","FedEx","15","Closed","120","4","Yes","5","Android Phone","5.1.3","0"
"CMP-2023-000107","5th visit by technician. Same issue. Either the team is incompetent or they are hiding a design defect. I want a senior engineer.","2024-07-20 14:00:00","Walk-in","English","CUST-48219","Bank Branch","Patna","Bihar","Light Commercial","Floor Standing 42NQ","RTGS","No","Not Requested","Mahindra Logistics","5","Escalated","15","1","No","1","iPhone","5.1.3","5"
"CMP-2025-000108","AC chalta hai lekin thanda nahi karta bilkul bhi. Service wale bol rahe hain gas bharo, lekin pehle bhi 2 mahine mein bhara tha. Kya yahi quality hai Carrier ki? Under warranty. Do not charge us.","2023-03-03 04:45:00","Mobile App","English","CUST-15754","Restaurant Owner","Ghaziabad","Uttar Pradesh","Refrigeration","Supermarket Ref SMR-Island","RTGS","No","Not Requested","DTDC","1","Resolved","5","168","Yes","5","Tablet","3.1.0","0"
"CMP-2025-000109","i-Vu controller shows error 'Communication Lost' since last night. Unable to control any zone from central panel. Escalating to consumer forum if not resolved by tomorrow.","2023-03-18 06:08:00","Chat Support","English","CUST-30369","Hotel","Surat","Gujarat","Refrigeration","Screw Compressor Rack SR-50","RTGS","No","Not Requested","DTDC","2","Pending Customer","30","24","No","4","Laptop","4.1.2","0"
"CMP-2023-000110","The iOS app version 4.2.0 randomly logs me out. Have to re-enter credentials daily. Bug please fix. Complaint ID from last time: 49035213","2024-02-10 16:03:00","SMS","English","CUST-44100","Retail Store","Delhi","Delhi","Refrigeration","Screw Compressor Rack SR-50","EMI","No","Not Requested","Rivigo","7","In Progress","300","6","No","2","Android Phone","3.1.0","0"
"CMP-2023-000111","i-Vu controller shows error 'Communication Lost' since last night. Unable to control any zone from central panel.","2023-07-22 20:28:00","WhatsApp","English","CUST-53456","Hotel","Bengaluru","Karnataka","Refrigeration","Modular Cold Room MCR-10","Net Banking","No","Not Requested","FedEx","25","Re-opened","5","168","No","2","iPhone","4.2.0","1"
"CMP-2023-000112","You cancelled my order but refund not yet processed. It has been 18 days. UPI payment should be instant. What is happening? Under warranty. Do not charge us.","2024-02-26 17:30:00","Email","English","CUST-46670","Cold Storage Operator","Jaipur","Rajasthan","Refrigeration","Condensing Unit CR-10HP","EMI","No","Not Requested","XpressBees","2","Open","180","168","No","2","Tablet","5.0.0","5"
"CMP-2025-000113","Unit goes into protection mode due to high discharge temperature. Error E12 visible on panel. Ambient temp is 42C but unit is rated for 50C. This is absolutely ridiculous!!!","2023-03-01 15:33:00","Walk-in","Kannada","CUST-86544","Restaurant Owner","Surat","Gujarat","Commercial","Fan Coil Unit FCU-400","UPI","Yes","Under Review","Blue Dart","7","Pending Parts","120","12","No","3","Tablet","4.2.0","5"
"CMP-2025-000114","AC chalta hai lekin thanda nahi karta bilkul bhi. Service wale bol rahe hain gas bharo, lekin pehle bhi 2 mahine mein bhara tha. Kya yahi quality hai Carrier ki? Please resolve on priority.","2024-05-17 01:05:00","Email","English","CUST-88861","Restaurant Owner","Delhi","Delhi","Refrigeration","Modular Cold Room MCR-10","RTGS","No","Not Requested","Ekart","2","Pending Customer","15","12","No","4","Android Phone","3.1.0","1"
"CMP-2025-000115","BMS controller not responding to commands. Manual override also not working. Entire floor temperature uncontrolled. 😡 Very frustrated.","2023-11-27 04:10:00","Dealer","Hindi","CUST-73858","Facility Team","Kanpur","Uttar Pradesh","Air Purifiers","Klarwind KW-300","Purchase Order","No","Not Requested","FedEx","12","Closed","15","12","No","1","Windows Tablet","2.9.8","6"
"CMP-2025-000116","The compressor unit started vibrating heavily last evening. We had to shut it down manually. Need urgent repair. Will share on social media if no action.","2025-02-02 02:15:00","Walk-in","English","CUST-32005","Office Admin","Vijayawada","Andhra Pradesh","Air Purifiers","Air One AO-200","Credit Card","Yes","Approved","Ekart","0","Pending Customer","45","6","No","1","Android Phone","4.3.1","1"
"CMP-2025-000117","Wrong model delivered. Ordered 5HP condensing unit, received 3HP. This is a basic error. Escalating to consumer forum if not resolved by tomorrow.","2023-06-16 14:04:00","Email","English","CUST-12631","Facility Team","Visakhapatnam","Andhra Pradesh","Commercial","Air Handler AHU-5000","RTGS","No","Not Requested","FedEx","3","In Progress","720","4","No","1","Tablet","5.0.0","0"
"CMP-2024-000118","Outdoor unit installed at wrong orientation. Drainage blocked. Technician confirmed faulty installation but blaming us. Third time raising this complaint.","2024-12-14 17:46:00","Social Media","English","CUST-96585","Maintenance Manager","Patna","Bihar","Light Commercial","Cassette 42UFS","Credit Card","No","Not Requested","Shadowfax","2","Re-opened","15","2","No","1","Laptop","3.2.1","3"
"CMP-2025-000119","Refrigerant pipes run visibly through office wall without proper ducting. Installation is ugly and not as agreed. Under warranty. Do not charge us.","2023-04-29 09:50:00","Dealer","Hinglish","CUST-74106","HVAC Contractor","Kolkata","West Bengal","Refrigeration","Condensing Unit CR-5HP","RTGS","No","Not Requested","Carrier Own Fleet","3","Re-opened","8","48","No","1","Desktop","4.0.0","2"
"CMP-2025-000120","The compressor unit started vibrating heavily last evening. We had to shut it down manually. Need urgent repair.","2024-02-01 16:26:00","Social Media","Hindi","CUST-72236","Bank Branch","Bhopal","Madhya Pradesh","Refrigeration","Inverter Condensing Unit ICU-5","Debit Card","No","Not Requested","Blue Dart","1","Resolved","12","336","No","2","iPhone","4.0.0","1"
"CMP-2023-000121","Unit delivered with dents on the casing. Outer packaging also damaged. Looks like it was mishandled during transit. We have a big client visit next week. Please prioritize.","2024-07-23 12:35:00","Walk-in","English","CUST-78116","Food Processing Unit","Mumbai","Maharashtra","Refrigeration","Modular Cold Room MCR-25","Cheque","No","Not Requested","Delhivery","1","In Progress","1440","6","No","4","iPad","5.1.3","5"
"CMP-2024-000122","Partial refund received but deducted 20% without any explanation. No one is telling me why. I want full refund.","2024-09-25 19:43:00","Dealer","English","CUST-61877","Facility Team","Hubballi","Karnataka","Light Commercial","Cassette 42UFC","Cash","Yes","Rejected","Blue Dart","15","Closed","60","48","No","2","iPad","5.2.1","0"
"CMP-2023-000123","Controller touchscreen unresponsive. Had to manually switch off from breaker. Need replacement. Highly disappointed.","2025-04-23 13:47:00","Service Center","Kannada","CUST-77698","Commercial Building Operator","Chennai","Tamil Nadu","Light Commercial","Cassette 42UFS","NEFT","No","Not Requested","Rivigo","25","Resolved","30","0","Yes","1","iPhone","4.0.0","1"
"CMP-2023-000124","Technician visited, claimed to fix the issue, unit failed again within 6 hours. What kind of service is this? We have a big client visit next week. Please prioritize.","2024-10-12 03:43:00","Email","English","CUST-58819","IT Park","Kota","Rajasthan","Refrigeration","Condensing Unit CR-5HP","Cash","No","Not Requested","Rivigo","20","Pending Customer","20","48","No","1","Desktop","3.1.0","6"
"CMP-2023-000125","The iOS app version 4.2.0 randomly logs me out. Have to re-enter credentials daily. Bug please fix.","2025-03-10 21:00:00","Service Center","English","CUST-94852","Retail Store","Kota","Rajasthan","Commercial","Fan Coil Unit FCU-400","NEFT","No","Not Requested","Amazon Logistics","10","Pending Parts","180","120","No","4","iPhone","5.0.0","3"
"CMP-2025-000126","Heat rejection from outdoor units is excessive. Adjacent areas are getting very hot. Ventilation design issue or unit fault? 😡 Very frustrated.","2023-11-02 21:06:00","Service Center","English","CUST-54077","HVAC Contractor","Tirupur","Tamil Nadu","Air Purifiers","Air One AO-100","NEFT","No","Not Requested","XpressBees","12","Escalated","15","0","No","3","Android Phone","2.9.8","6"
"CMP-2025-000127","Unit consuming 40% more power than rated. Energy meter data shared with your team. No action taken. Highly disappointed.","2023-12-18 23:45:00","Web Portal","Hindi","CUST-80075","IT Park","Tiruchirappalli","Tamil Nadu","Air Purifiers","OptiClean OC-400","NEFT","No","Not Requested","XpressBees","2","Resolved","60","6","No","2","Windows Tablet","4.1.2","2"
"CMP-2023-000128","Electricity bill doubled after installation of new Carrier unit. Star rating says 5-star but consumption is huge. 😡 Very frustrated.","2024-04-19 03:30:00","Email","Hindi","CUST-86490","Bank Branch","Guwahati","Assam","Commercial","Controls EcoAdvance","UPI","No","Not Requested","DTDC","25","Closed","240","2","No","2","iPhone","4.0.0","4"
"CMP-2024-000129","I am a loyal Carrier customer since 2015. Never faced such repeated breakdowns. Something is wrong with this new model batch.","2023-01-05 14:17:00","Web Portal","Kannada","CUST-32099","Bank Branch","Ranchi","Jharkhand","Light Commercial","Floor Standing 42NQ","Debit Card","No","Not Requested","Shadowfax","30","Pending Parts","180","240","No","1","Android Phone","3.1.0","2"
"CMP-2023-000130","Cold room temperature fluctuating between -2C and +8C. We store frozen products. This is a serious food safety risk. 😡 Very frustrated.","2023-05-13 03:24:00","Social Media","Hinglish","CUST-50123","Retail Store","Hyderabad","Telangana","Commercial","Chiller 30XW-V","NEFT","No","Not Requested","Rivigo","1","Pending Customer","240","72","No","4","Laptop","4.2.0","1"
"CMP-2023-000131","Due to cold room failure, Rs 8 lakh worth of vegetables spoiled overnight. Who will compensate? Unit is under AMC.","2024-01-11 22:41:00","Email","English","CUST-93928","HVAC Contractor","Bhubaneswar","Odisha","Commercial","Air Handler AHU-3000","Debit Card","No","Not Requested","Blue Dart","0","In Progress","240","336","No","2","Tablet","4.1.2","0"
"CMP-2025-000132","i-Vu controller shows error 'Communication Lost' since last night. Unable to control any zone from central panel.","2024-03-04 03:32:00","Chat Support","English","CUST-47054","Hotel","Ahmedabad","Gujarat","Refrigeration","Condensing Unit CR-10HP","Purchase Order","No","Not Requested","Amazon Logistics","1","Escalated","120","168","No","4","iPhone","3.1.0","2"
"CMP-2024-000133","Our factory expansion was delayed because Carrier could not install the HVAC on time. We are losing lakhs daily. Where is the accountability?","2023-04-03 16:04:00","Phone","English","CUST-94454","Restaurant Owner","Amritsar","Punjab","Air Purifiers","Air One AO-100","Cash","Yes","Pending","Delhivery","0","Closed","120","72","No","2","Windows Tablet","3.2.1","0"
"CMP-2023-000134","System not cooling at all. Temperature showing 32C inside. Very hot. Please help urgently. Will share on social media if no action.","2023-07-07 03:25:00","Dealer","English","CUST-45629","Cold Storage Operator","Hubballi","Karnataka","Refrigeration","Screw Compressor Rack SR-20","Net Banking","Yes","Approved","Blue Dart","3","In Progress","240","720","No","5","Windows Tablet","5.0.0","1"
"CMP-2025-000135","Temperature in storage went to 12C during night without any alarm. Dairy products spoiled. Need investigation.","2023-03-06 08:41:00","Walk-in","English","CUST-98857","Mall Operator","Bhubaneswar","Odisha","Light Commercial","Carrier VRF X Power 40VYX","EMI","No","Not Requested","Shadowfax","1","Pending Parts","10","36","No","5","Windows Tablet","2.8.5","6"
"CMP-2023-000136","Waiting for spare parts for 35 days. Technician has identified fault. Parts stuck in warehouse apparently. No timeline given. Will share on social media if no action.","2023-09-04 10:17:00","Email","Hinglish","CUST-39190","Educational Institution","Madurai","Tamil Nadu","Refrigeration","Screw Compressor Rack SR-20","UPI","Yes","Processed","Mahindra Logistics","0","In Progress","240","504","No","4","Android Phone","5.0.0","0"
"CMP-2023-000137","Because of your equipment failure, our restaurant had to shut for 2 days. Loss of business and spoiled inventory. This is unacceptable. Need resolution within 24 hours.","2024-07-29 06:41:00","SMS","English","CUST-54676","Commercial Building Operator","Chennai","Tamil Nadu","Light Commercial","Floor Standing 42NQ","RTGS","No","Not Requested","Shadowfax","0","Pending Customer","15","336","Yes","2","iPad","2.8.5","2"
"CMP-2023-000138","Power factor of the unit is poor. Our electrical load increased significantly after Carrier system was installed.","2025-04-21 22:47:00","Dealer","English","CUST-43330","Data Centre","Nagpur","Maharashtra","Light Commercial","Cassette 42UFS","Cheque","No","Not Requested","Mahindra Logistics","5","Pending Customer","12","240","Yes","5","Android Phone","5.0.0","1"
"CMP-2025-000139","Third breakdown this year. We have CCTV footage of the same issue recurring. Requesting senior engineer visit and root cause analysis. Under warranty. Do not charge us.","2024-06-04 05:44:00","Chat Support","English","CUST-26827","Hotel","Faridabad","Haryana","Air Purifiers","OptiClean OC-400","Cheque","No","Not Requested","Shadowfax","7","Closed","180","96","No","1","iPad","3.3.5","1"
"CMP-2024-000140","I was promised callback in 2 hours. No call came. This has happened twice. Zero accountability. 😡 Very frustrated.","2024-12-04 11:58:00","SMS","English","CUST-95208","Retail Store","Howrah","West Bengal","Air Purifiers","OptiClean OC-800","Debit Card","Yes","Under Review","Mahindra Logistics","30","Closed","240","240","No","1","Tablet","3.2.1","0"
"CMP-2024-000141","BMS controller not responding to commands. Manual override also not working. Entire floor temperature uncontrolled. 😡 Very frustrated.","2023-07-28 17:02:00","Walk-in","English","CUST-23432","Data Centre","Mysuru","Karnataka","Light Commercial","Floor Standing 42CF","UPI","No","Not Requested","Amazon Logistics","0","Pending Parts","180","240","No","4","Tablet","3.1.0","0"
"CMP-2025-000142","Refund approved by your team on email. Bank account details submitted. Still no transfer after 3 weeks. Please check. Highly disappointed.","2023-10-29 14:11:00","SMS","English","CUST-34507","Retail Store","Gurugram","Haryana","Commercial","Heat Pump 30RQV","Credit Card","No","Not Requested","Amazon Logistics","2","Closed","15","12","Yes","4","Android Phone","4.2.0","1"
"CMP-2025-000143","BMS controller not responding to commands. Manual override also not working. Entire floor temperature uncontrolled. Complaint ID from last time: 25909479","2023-03-16 22:20:00","Social Media","English","CUST-34100","Mall Operator","Hyderabad","Telangana","Light Commercial","Floor Standing 42CF","EMI","No","Not Requested","FedEx","0","Pending Customer","30","24","No","4","Desktop","4.2.0","3"
"CMP-2023-000144","Nobody from service team is responding. Emails bouncing. Phone numbers not working. Is Carrier shutting down? Escalating to consumer forum if not resolved by tomorrow.","2023-02-10 21:56:00","Walk-in","English","CUST-24860","Cold Storage Operator","Visakhapatnam","Andhra Pradesh","Air Purifiers","Klarwind KW-500","EMI","Yes","Under Review","Rivigo","0","Re-opened","8","72","No","3","Desktop","5.1.3","0"
"CMP-2023-000145","The iOS app version 4.2.0 randomly logs me out. Have to re-enter credentials daily. Bug please fix. Highly disappointed.","2024-07-04 22:56:00","Dealer","Hindi","CUST-19452","Hospital","Delhi","Delhi","Refrigeration","Supermarket Ref SMR-Island","RTGS","Yes","Pending","DTDC","0","Resolved","60","48","Yes","1","Tablet","4.0.0","2"
"CMP-2024-000146","Because of your equipment failure, our restaurant had to shut for 2 days. Loss of business and spoiled inventory. This is unacceptable.","2025-02-13 23:37:00","Email","Hindi","CUST-19514","Commercial Building Operator","Howrah","West Bengal","Commercial","Chiller 30XW-V","NEFT","No","Not Requested","DTDC","12","Re-opened","180","168","No","1","Laptop","3.3.5","2"
"CMP-2023-000147","Controller mein kuch bhi set karo, unit apna mann se kaam karta hai. Kya issue hai?","2023-05-07 01:00:00","Chat Support","Hinglish","CUST-61653","Educational Institution","Jabalpur","Madhya Pradesh","Commercial","Chiller 30XW-V","UPI","No","Not Requested","Carrier Own Fleet","5","Pending Parts","5","0","No","2","iPhone","4.0.0","2"
"CMP-2023-000148","Condensate drain is blocked. Water overflowing inside the unit and dropping on floor. Health hazard. This is absolutely ridiculous!!!","2023-04-11 06:46:00","Chat Support","Hinglish","CUST-53365","Commercial Building Operator","Jaipur","Rajasthan","Light Commercial","Cassette 42UFS","NEFT","No","Not Requested","DTDC","5","Pending Customer","360","336","No","1","Windows Tablet","4.1.2","1"
"CMP-2025-000149","Same fault code keeps returning every 3-4 weeks. Error E07. Capacitor changed, still same. Something else is the root cause. This is absolutely ridiculous!!!","2024-01-04 04:43:00","Walk-in","Hinglish","CUST-70666","Food Processing Unit","Ludhiana","Punjab","Air Purifiers","Air One AO-200","EMI","Yes","Approved","XpressBees","0","Closed","240","8","Yes","3","Desktop","5.2.1","0"
"CMP-2025-000150","Smell of refrigerant inside the machine room. Possible gas leak. Evacuation precaution taken. Please send certified technician. This is absolutely ridiculous!!!","2024-07-10 17:30:00","SMS","Kannada","CUST-29481","Commercial Building Operator","Meerut","Uttar Pradesh","Light Commercial","Carrier VRF X Power 38VYX","Net Banking","No","Not Requested","Rivigo","1","In Progress","180","120","Yes","1","Windows Tablet","4.0.0","1"
"CMP-2025-000151","Scheduling feature on the controller stopped working after firmware update. Timings are not being followed. Escalating to consumer forum if not resolved by tomorrow.","2025-02-18 15:14:00","Phone","English","CUST-58422","Restaurant Owner","Bengaluru","Karnataka","Light Commercial","Carrier VRF X Power 40VYX","Cheque","No","Not Requested","Mahindra Logistics","0","Open","5","96","Yes","3","Windows Tablet","4.1.2","2"
"CMP-2025-000152","Capacitor replaced 3 weeks ago. Failed again. Is this a genuine Carrier part or counterfeit? Demanding certificate of authenticity. Escalating to consumer forum if not resolved by tomorrow.","2024-06-12 12:22:00","Walk-in","Hinglish","CUST-73191","Data Centre","Mumbai","Maharashtra","Light Commercial","Floor Standing 42NQ","Net Banking","No","Not Requested","DTDC","1","Closed","25","8","No","2","Desktop","2.9.8","0"
"CMP-2025-000153","Called for emergency service. Was told technician will come in 4 hours. Waited 11 hours. No show. Third time raising this complaint.","2023-01-23 07:02:00","WhatsApp","Hinglish","CUST-87640","Retail Store","Jaipur","Rajasthan","Commercial","Fan Coil Unit FCU-200","Credit Card","No","Not Requested","Amazon Logistics","3","Pending Parts","2880","720","No","1","Windows Tablet","5.2.1","3"
"CMP-2023-000154","Our factory expansion was delayed because Carrier could not install the HVAC on time. We are losing lakhs daily. Where is the accountability? Please resolve on priority.","2024-09-30 21:32:00","Mobile App","English","CUST-99861","Facility Team","Amritsar","Punjab","Commercial","Fan Coil Unit FCU-400","Cheque","No","Not Requested","Delhivery","1","Open","25","0","No","3","Windows Tablet","4.3.1","1"
"CMP-2025-000155","Condensate drain is blocked. Water overflowing inside the unit and dropping on floor. Health hazard. Under warranty. Do not charge us.","2024-11-06 04:57:00","Chat Support","Hinglish","CUST-10157","Pharma Company","Ghaziabad","Uttar Pradesh","Refrigeration","Inverter Condensing Unit ICU-10","Credit Card","No","Not Requested","Rivigo","30","Escalated","60","504","No","1","Desktop","2.9.8","0"
"CMP-2024-000156","Controller touchscreen unresponsive. Had to manually switch off from breaker. Need replacement. Highly disappointed.","2023-01-06 22:47:00","Email","Hinglish","CUST-78490","Hotel","Ghaziabad","Uttar Pradesh","Commercial","Heat Pump 30RQV","UPI","No","Not Requested","Carrier Own Fleet","30","Pending Customer","12","8","No","5","Desktop","4.1.2","2"
"CMP-2024-000157","Same fault code keeps returning every 3-4 weeks. Error E07. Capacitor changed, still same. Something else is the root cause. Please resolve on priority.","2024-01-15 17:35:00","Service Center","English","CUST-50193","Bank Branch","Ludhiana","Punjab","Refrigeration","Supermarket Ref SMR-Island","Net Banking","No","Not Requested","DTDC","7","Re-opened","60","168","No","2","iPhone","5.1.3","6"
"CMP-2024-000158","Waiting for spare parts for 35 days. Technician has identified fault. Parts stuck in warehouse apparently. No timeline given.","2023-03-07 08:14:00","Walk-in","English","CUST-89826","Warehouse Operator","Noida","Uttar Pradesh","Refrigeration","Screw Compressor Rack SR-20","Purchase Order","No","Not Requested","Rivigo","12","Open","30","12","No","2","Laptop","3.1.0","1"
"CMP-2025-000159","Unit goes into protection mode due to high discharge temperature. Error E12 visible on panel. Ambient temp is 42C but unit is rated for 50C.","2024-01-04 07:41:00","Email","English","CUST-21382","HVAC Contractor","Bhubaneswar","Odisha","Refrigeration","Inverter Condensing Unit ICU-10","Cheque","No","Not Requested","Shadowfax","5","Open","20","168","Yes","1","Tablet","4.1.2","2"
"CMP-2025-000160","Evaporator icing up completely within 6 hours. Has to be manually defrosted. Happened every day this week. This is absolutely ridiculous!!!","2023-06-29 13:32:00","Phone","Hinglish","CUST-19487","Mall Operator","Kochi","Kerala","Air Purifiers","Klarwind KW-500","EMI","Yes","Under Review","Shadowfax","10","Re-opened","180","720","No","3","iPad","4.2.0","1"
"CMP-2025-000161","AMC contact number is always busy. Emails are not replied. How are we supposed to raise service requests? Will share on social media if no action.","2024-02-27 11:33:00","Social Media","English","CUST-44517","Restaurant Owner","Kochi","Kerala","Commercial","Heat Pump 30RQV","RTGS","Yes","Under Review","Delhivery","0","Pending Customer","120","24","Yes","4","iPhone","5.2.1","1"
"CMP-2024-000162","We paid full amount in advance for installation. 3 weeks passed, no installation team. This is beyond frustrating.","2025-03-08 03:07:00","Phone","Hindi","CUST-96956","IT Park","Guwahati","Assam","Commercial","Controls i-Vu Open","Credit Card","No","Not Requested","Carrier Own Fleet","15","Re-opened","1440","48","No","2","iPad","5.1.3","2"
"CMP-2024-000163","5th visit by technician. Same issue. Either the team is incompetent or they are hiding a design defect. I want a senior engineer. Need resolution within 24 hours.","2023-12-22 12:55:00","SMS","Kannada","CUST-32911","Food Processing Unit","Pune","Maharashtra","Refrigeration","Inverter Condensing Unit ICU-10","Credit Card","Yes","Partially Processed","Ekart","25","In Progress","90","120","Yes","4","iPhone","5.1.3","2"
"CMP-2023-000164","Partial refund received but deducted 20% without any explanation. No one is telling me why. I want full refund. Complaint ID from last time: 95527636","2024-01-09 12:17:00","Service Center","English","CUST-84895","Hospital","Jodhpur","Rajasthan","Light Commercial","Cassette 42UFS","NEFT","No","Not Requested","Rivigo","30","Pending Parts","25","8","No","2","Laptop","3.1.0","1"
"CMP-2024-000165","Warranty claim rejected citing 'improper installation'. But installation was done by your own authorized dealer. Who is responsible?","2024-02-12 03:44:00","WhatsApp","English","CUST-38241","HVAC Contractor","Navi Mumbai","Maharashtra","Commercial","Controls EcoAdvance","RTGS","Yes","Rejected","Carrier Own Fleet","2","Closed","120","1","No","2","Desktop","2.8.5","1"
"CMP-2025-000166","Third breakdown this year. We have CCTV footage of the same issue recurring. Requesting senior engineer visit and root cause analysis. We have a big client visit next week. Please prioritize.","2024-09-20 09:29:00","SMS","English","CUST-31964","Facility Team","Rajkot","Gujarat","Refrigeration","Modular Cold Room MCR-25","Debit Card","No","Not Requested","Carrier Own Fleet","7","Pending Customer","90","24","No","4","Tablet","2.8.5","6"
"CMP-2024-000167","Emergency call under AMC. Was told 'our team will come today'. No one came. Called again next day. Same promise. Third day still waiting. Escalating to consumer forum if not resolved by tomorrow.","2024-11-08 08:47:00","Phone","English","CUST-31877","Cold Storage Operator","Ahmedabad","Gujarat","Commercial","Air Handler AHU-5000","Cash","No","Not Requested","Blue Dart","0","Pending Parts","480","4","Yes","4","Tablet","3.3.5","0"
"CMP-2025-000168","Temperature in storage went to 12C during night without any alarm. Dairy products spoiled. Need investigation.","2023-02-05 21:22:00","Walk-in","Hinglish","CUST-71235","Educational Institution","Coimbatore","Tamil Nadu","Refrigeration","Condensing Unit CR-5HP","EMI","No","Not Requested","Shadowfax","0","Pending Parts","480","24","No","4","Desktop","4.2.0","0"
"CMP-2025-000169","5th visit by technician. Same issue. Either the team is incompetent or they are hiding a design defect. I want a senior engineer.","2023-01-01 16:52:00","WhatsApp","English","CUST-47586","IT Park","Chandigarh","Punjab","Commercial","Controls EcoAdvance","Cash","Yes","Pending","FedEx","12","Escalated","60","1","Yes","5","iPhone","4.3.1","2"
"CMP-2024-000170","Freezer unit stopped working last night. Fish stock worth Rs 3 lakh completely spoiled. Carrier will be held responsible. Need resolution within 24 hours.","2025-02-21 19:51:00","SMS","English","CUST-47313","Educational Institution","Coimbatore","Tamil Nadu","Refrigeration","Condensing Unit CR-10HP","Debit Card","No","Not Requested","Delhivery","12","In Progress","5","336","Yes","1","Desktop","5.2.1","0"
"CMP-2023-000171","Electricity bill doubled after installation of new Carrier unit. Star rating says 5-star but consumption is huge.","2025-01-02 14:46:00","Email","English","CUST-21822","Hospital","Mumbai","Maharashtra","Refrigeration","Condensing Unit CR-10HP","RTGS","No","Not Requested","Amazon Logistics","0","Pending Customer","300","168","No","1","Desktop","3.2.1","1"
"CMP-2023-000172","Partial refund received but deducted 20% without any explanation. No one is telling me why. I want full refund.","2025-02-25 22:15:00","Dealer","Kannada","CUST-68059","Restaurant Owner","Gurugram","Haryana","Commercial","Fan Coil Unit FCU-400","Cash","No","Not Requested","DTDC","1","Escalated","360","168","No","4","Desktop","3.3.5","0"
"CMP-2025-000173","Waiting for spare parts for 35 days. Technician has identified fault. Parts stuck in warehouse apparently. No timeline given. Escalating to consumer forum if not resolved by tomorrow.","2024-10-10 13:20:00","Email","English","CUST-46188","Bank Branch","Pune","Maharashtra","Refrigeration","Condensing Unit CR-10HP","Credit Card","Yes","Under Review","Mahindra Logistics","2","Pending Customer","30","4","No","2","Laptop","3.2.1","4"
"CMP-2025-000174","Compressor making very loud knocking sound since morning. Afraid it might fail completely. Please send technician. Complaint ID from last time: 52812735","2025-04-04 14:46:00","Web Portal","English","CUST-59514","Commercial Building Operator","Noida","Uttar Pradesh","Light Commercial","Carrier VRF X Power 38VYX","Credit Card","No","Not Requested","Mahindra Logistics","2","Closed","720","168","No","3","Tablet","3.3.5","2"
"CMP-2024-000175","High electricity consumption despite energy saving mode being on. Something is wrong with the inverter control. 😡 Very frustrated.","2025-04-19 08:34:00","Walk-in","English","CUST-10094","Mall Operator","Faridabad","Haryana","Light Commercial","Cassette 42UFC","Purchase Order","Yes","Under Review","Ekart","15","In Progress","10","0","No","1","iPhone","5.1.3","0"
"CMP-2025-000176","EcoAdvance controller crashing randomly. Display goes blank. Restarts after 10-15 mins. Very disruptive for our hotel operations.","2023-05-13 05:55:00","Email","English","CUST-24031","IT Park","Nagpur","Maharashtra","Commercial","Air Handler AHU-3000","Purchase Order","No","Not Requested","FedEx","0","Closed","8","120","No","1","Windows Tablet","3.2.1","0"
"CMP-2023-000177","Indoor unit is not level. Water not draining properly because of tilt. Poor workmanship. This is absolutely ridiculous!!!","2024-06-25 01:46:00","Phone","English","CUST-20215","Industrial Facility","Ghaziabad","Uttar Pradesh","Commercial","Air Handler AHU-5000","UPI","No","Not Requested","FedEx","5","Escalated","480","72","No","5","Windows Tablet","3.3.5","2"
"CMP-2025-000178","Spare part availability is very poor for older models. Our unit is only 4 years old and parts are already out of stock?? We have a big client visit next week. Please prioritize.","2024-05-31 10:42:00","WhatsApp","Hinglish","CUST-88632","Food Processing Unit","Ludhiana","Punjab","Air Purifiers","OptiClean OC-400","RTGS","Yes","Processed","XpressBees","30","Pending Customer","2880","36","Yes","4","iPhone","4.3.1","2"
"CMP-2025-000179","You cancelled my order but refund not yet processed. It has been 18 days. UPI payment should be instant. What is happening? Need resolution within 24 hours.","2023-05-19 09:00:00","Mobile App","English","CUST-38157","Facility Team","Delhi","Delhi","Air Purifiers","OptiClean OC-400","EMI","No","Not Requested","Shadowfax","2","In Progress","8","336","No","2","iPhone","4.1.2","5"
"CMP-2025-000180","Technician was very rude on phone. We are a paying customer. This behavior is not acceptable. Will share on social media if no action.","2025-03-22 15:11:00","Service Center","Hindi","CUST-85527","Hotel","Kota","Rajasthan","Air Purifiers","Klarwind KW-500","Purchase Order","No","Not Requested","DTDC","0","Pending Customer","120","240","No","2","iPad","4.0.0","0"
"CMP-2025-000181","Indoor unit is not level. Water not draining properly because of tilt. Poor workmanship. Will share on social media if no action.","2024-05-29 22:14:00","WhatsApp","English","CUST-98294","Cold Storage Operator","Aurangabad","Maharashtra","Commercial","Fan Coil Unit FCU-400","Cheque","Yes","Processed","Delhivery","2","Pending Customer","10","504","Yes","1","Tablet","4.3.1","2"
"CMP-2023-000182","Because of your equipment failure, our restaurant had to shut for 2 days. Loss of business and spoiled inventory. This is unacceptable. Highly disappointed.","2024-07-28 19:47:00","Social Media","English","CUST-41760","Office Admin","Coimbatore","Tamil Nadu","Refrigeration","Inverter Condensing Unit ICU-10","Purchase Order","Yes","Pending","XpressBees","30","Pending Parts","120","120","No","4","Desktop","2.9.8","0"
"CMP-2024-000183","The app freezes on the scheduling screen. Cannot set timings remotely anymore. Very inconvenient. Complaint ID from last time: 97927033","2023-06-09 23:54:00","Phone","English","CUST-17148","Restaurant Owner","Guwahati","Assam","Light Commercial","Carrier VRF X Power 38VYX","Credit Card","Yes","Partially Processed","DTDC","12","Re-opened","360","1","No","3","Windows Tablet","5.1.3","1"
"CMP-2023-000184","PCB board ordered. Was told 7-10 days delivery. Today is day 21. No update from anyone.","2023-09-19 05:03:00","Mobile App","English","CUST-90997","HVAC Contractor","Chennai","Tamil Nadu","Refrigeration","Supermarket Ref SMR-MultiDeck","Credit Card","Yes","Processed","XpressBees","10","Pending Customer","240","6","Yes","4","iPad","2.8.5","6"
"CMP-2023-000185","Due to cold room failure, Rs 8 lakh worth of vegetables spoiled overnight. Who will compensate? Unit is under AMC. Please don't just close the ticket without solving the issue.","2024-07-28 22:01:00","Email","English","CUST-79391","Maintenance Manager","Agra","Uttar Pradesh","Refrigeration","Screw Compressor Rack SR-20","Net Banking","Yes","Rejected","XpressBees","20","Pending Customer","5","72","No","3","Desktop","3.1.0","2"
"CMP-2024-000186","Bhai ek baar thanda karta hai fir garam. On-off on-off. Compressor issue lagta hai. Please check karo. Need resolution within 24 hours.","2024-11-25 19:55:00","SMS","Hindi","CUST-39809","Pharma Company","Bhopal","Madhya Pradesh","Light Commercial","Floor Standing 42CF","NEFT","No","Not Requested","Carrier Own Fleet","0","Resolved","25","24","No","5","Tablet","2.8.5","1"
"CMP-2023-000187","Our cold room compressor is producing abnormal high-pitched squealing. Running but worrying about failure.","2023-07-08 10:53:00","WhatsApp","Tamil","CUST-13864","Facility Team","Rajkot","Gujarat","Refrigeration","Inverter Condensing Unit ICU-5","Cash","No","Not Requested","XpressBees","10","Resolved","30","24","Yes","2","iPhone","3.1.0","2"
"CMP-2025-000188","Third breakdown this year. We have CCTV footage of the same issue recurring. Requesting senior engineer visit and root cause analysis.","2024-05-29 19:30:00","SMS","English","CUST-34114","Cold Storage Operator","Allahabad","Uttar Pradesh","Refrigeration","Condensing Unit CR-5HP","Net Banking","No","Not Requested","Ekart","0","Pending Parts","30","1","No","2","iPhone","5.2.1","1"
"CMP-2023-000189","AC gas leaking. Technician came 10 days ago and topped up. Same problem again. Are they not fixing root cause??","2024-09-14 23:52:00","Dealer","Tamil","CUST-51012","Cold Storage Operator","Guwahati","Assam","Commercial","Controls i-Vu Open","Debit Card","No","Not Requested","Mahindra Logistics","0","Escalated","480","0","No","1","Tablet","4.3.1","0"
"CMP-2025-000190","Compressor failed completely. Unit is under warranty. Require immediate replacement not repair. Do not waste my time. 😡 Very frustrated.","2024-09-19 01:44:00","Social Media","English","CUST-70762","Food Processing Unit","Kolkata","West Bengal","Commercial","Fan Coil Unit FCU-200","Purchase Order","No","Not Requested","Rivigo","2","Pending Parts","240","96","No","1","iPhone","5.0.0","1"
"CMP-2024-000191","R410A leak suspected. Cooling efficiency dropped suddenly and compressor running continuously. Please send someone today. Need resolution within 24 hours.","2024-12-25 12:46:00","Social Media","Hinglish","CUST-30958","Cold Storage Operator","Jabalpur","Madhya Pradesh","Refrigeration","Modular Cold Room MCR-10","Net Banking","Yes","Under Review","XpressBees","2","Resolved","240","8","No","1","Laptop","4.1.2","3"
"CMP-2025-000192","Emergency call under AMC. Was told 'our team will come today'. No one came. Called again next day. Same promise. Third day still waiting. Please don't just close the ticket without solving the issue.","2024-05-24 15:34:00","Email","Hinglish","CUST-74679","Restaurant Owner","Indore","Madhya Pradesh","Refrigeration","Screw Compressor Rack SR-50","Cheque","No","Not Requested","DTDC","0","Escalated","720","48","Yes","4","iPad","4.0.0","0"
"CMP-2023-000193","BMS controller not responding to commands. Manual override also not working. Entire floor temperature uncontrolled.","2023-02-20 03:26:00","WhatsApp","English","CUST-98092","Maintenance Manager","Guwahati","Assam","Light Commercial","Floor Standing 42NQ","Purchase Order","Yes","Pending","DTDC","12","Pending Customer","120","168","No","1","iPad","4.3.1","2"
"CMP-2023-000194","Ghar mein rat ko bahut awaaz aati hai outdoor unit se. Neend nahi aa rahi. Koi solution hai? Highly disappointed.","2024-09-18 01:06:00","Chat Support","Tamil","CUST-92441","Mall Operator","Kolkata","West Bengal","Refrigeration","Supermarket Ref SMR-Island","Purchase Order","No","Not Requested","Amazon Logistics","30","Pending Customer","45","0","Yes","1","Desktop","3.3.5","0"
"CMP-2025-000195","Indoor unit is not level. Water not draining properly because of tilt. Poor workmanship.","2024-04-21 20:50:00","Phone","Telugu","CUST-37175","Data Centre","Rajkot","Gujarat","Refrigeration","Modular Cold Room MCR-10","RTGS","Yes","Under Review","XpressBees","5","Open","5","24","No","4","Desktop","3.2.1","3"
"CMP-2024-000196","Heat rejection from outdoor units is excessive. Adjacent areas are getting very hot. Ventilation design issue or unit fault?","2023-06-29 06:21:00","Walk-in","Hindi","CUST-72797","IT Park","Bengaluru","Karnataka","Light Commercial","Floor Standing 42NQ","Net Banking","No","Not Requested","Mahindra Logistics","2","Pending Customer","300","240","No","1","iPad","5.1.3","3"
"CMP-2025-000197","Current draw is 18A against rated 12A. Motor or capacitor issue suspected. Please send service team. This is absolutely ridiculous!!!","2023-02-01 10:24:00","SMS","Hinglish","CUST-31753","Bank Branch","Kota","Rajasthan","Refrigeration","Condensing Unit CR-5HP","Purchase Order","Yes","Rejected","Carrier Own Fleet","0","Closed","240","4","No","3","Desktop","5.0.0","3"
"CMP-2023-000198","Unit goes into protection mode due to high discharge temperature. Error E12 visible on panel. Ambient temp is 42C but unit is rated for 50C.","2025-03-29 15:57:00","Social Media","English","CUST-34931","Facility Team","Navi Mumbai","Maharashtra","Air Purifiers","Air One AO-100","Net Banking","Yes","Under Review","XpressBees","2","Escalated","20","2","No","1","Windows Tablet","5.1.3","0"
"CMP-2023-000199","The outdoor unit is making a horrible grinding noise especially at night. Neighbours are complaining.","2024-08-14 09:40:00","Web Portal","English","CUST-36287","Industrial Facility","Kochi","Kerala","Air Purifiers","OptiClean OC-400","RTGS","No","Not Requested","XpressBees","1","Closed","15","12","No","2","Android Phone","2.9.8","2"
"CMP-2025-000200","Condensate drain is blocked. Water overflowing inside the unit and dropping on floor. Health hazard. Escalating to consumer forum if not resolved by tomorrow.","2023-06-25 02:19:00","Chat Support","English","CUST-80854","Food Processing Unit","Chennai","Tamil Nadu","Light Commercial","Cassette 42UFC","Cash","No","Not Requested","Blue Dart","1","Pending Parts","8","4","No","1","iPhone","5.2.1","1"
"CMP-2025-000201","Evaporator icing up completely within 6 hours. Has to be manually defrosted. Happened every day this week. Please don't just close the ticket without solving the issue.","2023-04-10 14:19:00","SMS","Hindi","CUST-71000","IT Park","Thane","Maharashtra","Light Commercial","Ducted 40MAQ","Purchase Order","Yes","Rejected","FedEx","3","Pending Customer","60","96","No","2","Android Phone","3.2.1","0"
"CMP-2023-000202","Cold room not reaching setpoint of -18C. Best we get is -12C. Compressor running 100% time. Possible refrigerant undercharge.","2024-02-20 22:50:00","Phone","English","CUST-82895","Office Admin","Patna","Bihar","Refrigeration","Screw Compressor Rack SR-20","Purchase Order","No","Not Requested","Ekart","7","Resolved","360","168","Yes","4","iPhone","5.2.1","0"
"CMP-2024-000203","Same fault code keeps returning every 3-4 weeks. Error E07. Capacitor changed, still same. Something else is the root cause. Please don't just close the ticket without solving the issue.","2023-11-30 17:06:00","Service Center","English","CUST-50374","Cold Storage Operator","Hyderabad","Telangana","Commercial","Heat Pump 30RQV","RTGS","No","Not Requested","XpressBees","0","In Progress","25","8","Yes","1","iPad","3.3.5","1"
"CMP-2024-000204","PCB board ordered. Was told 7-10 days delivery. Today is day 21. No update from anyone. 😡 Very frustrated.","2024-03-21 22:58:00","Walk-in","English","CUST-86379","Supermarket","Guwahati","Assam","Refrigeration","Condensing Unit CR-5HP","NEFT","Yes","Rejected","Rivigo","0","Open","15","0","No","5","Android Phone","4.1.2","0"
"CMP-2023-000205","Delivered product has manufacturing defects. Fins are bent. Gas service port cap missing. Clearly quality check was not done. Highly disappointed.","2024-11-09 05:30:00","WhatsApp","English","CUST-82800","Cold Storage Operator","Nashik","Maharashtra","Refrigeration","Condensing Unit CR-5HP","NEFT","No","Not Requested","Delhivery","2","Open","10","24","Yes","2","Windows Tablet","5.0.0","0"
"CMP-2023-000206","AC gas leaking. Technician came 10 days ago and topped up. Same problem again. Are they not fixing root cause?? Third time raising this complaint.","2024-07-19 14:24:00","Walk-in","English","CUST-34352","Pharma Company","Kota","Rajasthan","Commercial","Controls EcoAdvance","UPI","No","Not Requested","Rivigo","10","Pending Parts","720","720","No","1","Android Phone","2.9.8","0"
"CMP-2025-000207","Cold room temperature fluctuating between -2C and +8C. We store frozen products. This is a serious food safety risk.","2024-06-19 19:05:00","Web Portal","Hinglish","CUST-92662","Office Admin","Mysuru","Karnataka","Air Purifiers","OptiClean OC-400","Credit Card","Yes","Under Review","Blue Dart","0","Re-opened","480","504","Yes","4","Laptop","4.2.0","3"
"CMP-2024-000208","Carrier mobile app crashes every time I try to view energy reports. Android 13, latest app version.","2024-11-03 09:51:00","Chat Support","English","CUST-47593","IT Park","Kolkata","West Bengal","Light Commercial","Cassette 42UFS","NEFT","Yes","Approved","Shadowfax","10","Closed","240","48","Yes","2","Tablet","3.3.5","1"
"CMP-2025-000209","Emergency call under AMC. Was told 'our team will come today'. No one came. Called again next day. Same promise. Third day still waiting.","2023-05-29 19:59:00","WhatsApp","Hinglish","CUST-64125","Cold Storage Operator","Bhopal","Madhya Pradesh","Refrigeration","Supermarket Ref SMR-Island","Net Banking","No","Not Requested","Shadowfax","20","Open","5","48","No","2","Android Phone","3.3.5","1"
"CMP-2024-000210","Compressor failure within 18 months. Manufacturer warranty should cover this. Do not send me to dealer. Carrier must take responsibility. Need resolution within 24 hours.","2024-03-21 00:18:00","Service Center","English","CUST-98931","Facility Team","Ghaziabad","Uttar Pradesh","Commercial","Air Handler AHU-5000","EMI","No","Not Requested","Carrier Own Fleet","30","Closed","90","48","No","2","Desktop","2.8.5","6"
"CMP-2024-000211","Technician suggested we buy a new unit. But this unit is only 14 months old!! Under warranty. Will escalate legally if needed.","2023-03-11 00:26:00","Phone","Hinglish","CUST-23619","Food Processing Unit","Ludhiana","Punjab","Light Commercial","Carrier VRF X Power 38VYX","NEFT","No","Not Requested","Blue Dart","0","In Progress","8","48","No","3","Tablet","2.8.5","0"
"CMP-2025-000212","Water dripping from the indoor unit directly onto our workstations. Urgent issue. Data could be damaged. 😡 Very frustrated.","2024-04-23 21:59:00","Phone","Hindi","CUST-69433","HVAC Contractor","Bhubaneswar","Odisha","Refrigeration","Supermarket Ref SMR-Island","RTGS","Yes","Approved","DTDC","10","Open","180","168","No","1","Desktop","4.1.2","1"
"CMP-2024-000213","Gas leakage from the indoor unit. There is an oily stain near copper pipe joints. Very concerning. Third time raising this complaint.","2023-08-12 19:41:00","Phone","English","CUST-43947","Hotel","Bengaluru","Karnataka","Commercial","Air Handler AHU-5000","Purchase Order","No","Not Requested","Amazon Logistics","0","Open","360","8","No","1","Android Phone","2.8.5","6"
"CMP-2024-000214","Controller mein kuch bhi set karo, unit apna mann se kaam karta hai. Kya issue hai? We have a big client visit next week. Please prioritize.","2025-01-15 02:34:00","Web Portal","English","CUST-60387","IT Park","Pune","Maharashtra","Air Purifiers","Air One AO-100","NEFT","No","Not Requested","Blue Dart","0","Pending Customer","720","96","Yes","1","iPad","4.1.2","1"
"CMP-2023-000215","Waiting for spare parts for 35 days. Technician has identified fault. Parts stuck in warehouse apparently. No timeline given. Please don't just close the ticket without solving the issue.","2025-01-22 06:08:00","Email","English","CUST-13324","Bank Branch","Bhopal","Madhya Pradesh","Refrigeration","Screw Compressor Rack SR-20","Debit Card","No","Not Requested","XpressBees","12","Re-opened","720","336","Yes","1","Desktop","3.1.0","4"
"CMP-2025-000216","Compressor seized. Cold room temperature rising. We have Rs 15 lakh worth of pharmaceutical stock inside. URGENT.","2023-02-07 23:09:00","Service Center","Hindi","CUST-12498","IT Park","Guwahati","Assam","Commercial","Fan Coil Unit FCU-400","Net Banking","Yes","Approved","XpressBees","0","Closed","120","6","No","1","iPhone","2.9.8","0"
"CMP-2023-000217","Water leak from ceiling mounted cassette unit. Staining the false ceiling and dripping on expensive equipment below. Will share on social media if no action.","2023-05-04 21:36:00","Social Media","English","CUST-52151","Industrial Facility","Ranchi","Jharkhand","Commercial","Fan Coil Unit FCU-200","RTGS","Yes","Pending","Amazon Logistics","2","Pending Parts","20","168","No","4","iPhone","5.0.0","2"
"CMP-2025-000218","The compressor unit started vibrating heavily last evening. We had to shut it down manually. Need urgent repair.","2023-07-03 02:45:00","SMS","Hinglish","CUST-47189","Pharma Company","Hubballi","Karnataka","Refrigeration","Supermarket Ref SMR-Island","Net Banking","No","Not Requested","Delhivery","10","Re-opened","240","36","No","1","Windows Tablet","3.1.0","1"
"CMP-2025-000219","Product registered on your portal. Warranty active. But system is still asking us to pay for repair. Frustrated with this process.","2024-06-26 03:39:00","Walk-in","Kannada","CUST-80742","Mall Operator","Thane","Maharashtra","Refrigeration","Supermarket Ref SMR-MultiDeck","UPI","Yes","Pending","Ekart","1","Resolved","10","504","No","2","iPhone","2.8.5","0"
"CMP-2023-000220","Electrical connections were left exposed during installation. Safety hazard. Had to call an electrician to fix.","2025-01-28 01:59:00","Social Media","English","CUST-30715","Supermarket","Allahabad","Uttar Pradesh","Commercial","Air Handler AHU-5000","UPI","No","Not Requested","Mahindra Logistics","15","Pending Parts","25","72","No","3","iPad","3.2.1","4"
"CMP-2023-000221","Condensate drain is blocked. Water overflowing inside the unit and dropping on floor. Health hazard.","2024-03-22 04:13:00","Chat Support","English","CUST-33338","Cold Storage Operator","Nashik","Maharashtra","Light Commercial","Floor Standing 42NQ","UPI","No","Not Requested","Carrier Own Fleet","10","Escalated","90","8","Yes","5","Android Phone","4.1.2","1"
"CMP-2023-000222","AMC coverage says parts are included but technician is asking us to pay for capacitor. Conflict with contract terms. Please resolve on priority.","2024-08-14 17:54:00","Web Portal","English","CUST-63961","Mall Operator","Allahabad","Uttar Pradesh","Light Commercial","Floor Standing 42NQ","Cash","Yes","Pending","FedEx","7","Escalated","90","240","Yes","3","Tablet","3.3.5","0"
"CMP-2024-000223","Compressor making very loud knocking sound since morning. Afraid it might fail completely. Please send technician. Please don't just close the ticket without solving the issue.","2024-05-22 07:05:00","Social Media","Telugu","CUST-11628","Pharma Company","Indore","Madhya Pradesh","Light Commercial","Carrier VRF X Power 40VYX","NEFT","No","Not Requested","XpressBees","0","Open","360","72","No","2","Windows Tablet","5.0.0","0"
"CMP-2024-000224","AMC renewal done but service schedule not shared. Who is my assigned service engineer? No one tells me. Need resolution within 24 hours.","2023-02-03 09:27:00","Mobile App","Hindi","CUST-90281","Educational Institution","Jodhpur","Rajasthan","Light Commercial","Cassette 42UFS","Purchase Order","Yes","Partially Processed","Blue Dart","1","Pending Customer","8","6","No","5","Laptop","2.9.8","0"
"CMP-2024-000225","Defrost cycle seems to be running too long. Temperature rises to +5C during defrost. Products are thawing partially.","2024-10-26 15:47:00","Chat Support","Hindi","CUST-37498","Restaurant Owner","Vadodara","Gujarat","Air Purifiers","Air One AO-100","EMI","No","Not Requested","FedEx","10","Open","10","120","No","1","Laptop","5.1.3","0"
"CMP-2023-000226","Product registered on your portal. Warranty active. But system is still asking us to pay for repair. Frustrated with this process.","2023-03-24 12:57:00","WhatsApp","English","CUST-20085","Hotel","Surat","Gujarat","Air Purifiers","Klarwind KW-500","Net Banking","No","Not Requested","Delhivery","5","Open","60","240","No","4","iPhone","5.0.0","5"
"CMP-2024-000227","AMC contract signed 6 months ago. Only one service visit done so far. Quarterly service is not happening as promised. Will share on social media if no action.","2024-11-02 20:50:00","Walk-in","Hinglish","CUST-87772","Mall Operator","Jabalpur","Madhya Pradesh","Refrigeration","Screw Compressor Rack SR-50","NEFT","No","Not Requested","Delhivery","12","Resolved","60","48","No","2","Desktop","4.1.2","0"
"CMP-2023-000228","Evaporator icing up completely within 6 hours. Has to be manually defrosted. Happened every day this week.","2023-06-15 07:07:00","Email","English","CUST-85304","Hospital","Aurangabad","Maharashtra","Air Purifiers","Air One AO-100","Net Banking","No","Not Requested","Rivigo","0","Pending Customer","120","8","No","1","Tablet","3.3.5","2"
"CMP-2024-000229","Water dripping from the indoor unit directly onto our workstations. Urgent issue. Data could be damaged. Need resolution within 24 hours.","2023-12-06 20:45:00","Mobile App","Hinglish","CUST-47988","Bank Branch","Tiruchirappalli","Tamil Nadu","Light Commercial","Floor Standing 42NQ","RTGS","No","Not Requested","DTDC","0","Open","15","72","Yes","2","Desktop","3.1.0","6"
"CMP-2025-000230","Called for emergency service. Was told technician will come in 4 hours. Waited 11 hours. No show. Escalating to consumer forum if not resolved by tomorrow.","2025-03-11 08:12:00","Email","English","CUST-80570","Food Processing Unit","Mysuru","Karnataka","Commercial","Controls i-Vu Open","Cheque","No","Not Requested","Mahindra Logistics","15","Open","10","120","No","2","Windows Tablet","4.3.1","5"
"CMP-2024-000231","Cold room temperature fluctuating between -2C and +8C. We store frozen products. This is a serious food safety risk. Please don't just close the ticket without solving the issue.","2025-01-29 13:51:00","Service Center","English","CUST-31468","Pharma Company","Noida","Uttar Pradesh","Refrigeration","Condensing Unit CR-5HP","Purchase Order","No","Not Requested","DTDC","2","Escalated","60","504","No","3","Desktop","3.2.1","6"
"CMP-2023-000232","No cooling. Hotel guests are complaining loudly. This is peak summer season. You are ruining our reputation. Fix this NOW. Please resolve on priority.","2024-01-26 09:35:00","Service Center","English","CUST-49582","Bank Branch","Patna","Bihar","Refrigeration","Evaporator Unit EU-3000","Cash","No","Not Requested","Blue Dart","0","Resolved","45","72","No","2","Android Phone","2.8.5","3"
"CMP-2024-000233","App update 5.1.3 broke everything. Before update all features worked fine. Please rollback or fix. Under warranty. Do not charge us.","2024-08-02 13:55:00","Mobile App","Hindi","CUST-99903","IT Park","Hubballi","Karnataka","Commercial","Chiller AquaEdge 19DV","EMI","No","Not Requested","Shadowfax","0","Closed","20","720","Yes","2","Desktop","5.0.0","1"
"CMP-2024-000234","Carrier mobile app crashes every time I try to view energy reports. Android 13, latest app version.","2024-06-10 06:49:00","SMS","English","CUST-22387","Data Centre","Ranchi","Jharkhand","Light Commercial","Carrier VRF X Power 40VYX","RTGS","No","Not Requested","Amazon Logistics","10","Pending Customer","12","0","Yes","5","iPad","3.3.5","0"
"CMP-2023-000235","Unit goes into protection mode due to high discharge temperature. Error E12 visible on panel. Ambient temp is 42C but unit is rated for 50C. Need resolution within 24 hours.","2023-08-15 06:50:00","Social Media","Hinglish","CUST-78898","Educational Institution","Vijayawada","Andhra Pradesh","Commercial","Heat Pump 30RQV","Cash","Yes","Pending","Delhivery","0","Re-opened","120","72","No","5","iPhone","5.0.0","0"
"CMP-2024-000236","App pe temperature change karte hain toh unit nahi sunta. 5 minute baad update hota hai. Itni delay kyun?","2023-08-03 04:05:00","Dealer","Hindi","CUST-24643","Office Admin","Delhi","Delhi","Refrigeration","Screw Compressor Rack SR-20","Credit Card","No","Not Requested","DTDC","0","Open","360","6","No","1","Android Phone","4.1.2","0"
"CMP-2023-000237","The drain pan is overflowing. Unit installed 6 months ago and this is the 3rd time this is happening. Poor installation quality suspected. This is absolutely ridiculous!!!","2024-08-16 11:22:00","WhatsApp","Hinglish","CUST-90341","Restaurant Owner","Howrah","West Bengal","Commercial","Air Handler AHU-5000","Purchase Order","Yes","Under Review","Ekart","5","Closed","20","0","Yes","2","iPhone","5.1.3","0"
"CMP-2024-000238","Recurring issue since installation. Always cooling problem. 4 visits, 4 temporary fixes. We want permanent solution or replacement. Escalating to consumer forum if not resolved by tomorrow.","2024-02-22 03:48:00","Walk-in","English","CUST-71066","Hotel","Ghaziabad","Uttar Pradesh","Light Commercial","Floor Standing 42NQ","RTGS","No","Not Requested","Amazon Logistics","2","Open","10","96","No","2","Laptop","4.1.2","1"
"CMP-2025-000239","Our cold room compressor is producing abnormal high-pitched squealing. Running but worrying about failure. Under warranty. Do not charge us.","2024-11-26 11:11:00","Email","Hindi","CUST-74441","Hotel","Meerut","Uttar Pradesh","Refrigeration","Evaporator Unit EU-3000","Debit Card","Yes","Approved","FedEx","25","In Progress","20","12","Yes","5","iPhone","4.2.0","1"
"CMP-2025-000240","Due to cold room failure, Rs 8 lakh worth of vegetables spoiled overnight. Who will compensate? Unit is under AMC. Complaint ID from last time: 36749946","2024-05-02 21:38:00","Dealer","Hinglish","CUST-77032","HVAC Contractor","Lucknow","Uttar Pradesh","Refrigeration","Modular Cold Room MCR-25","Debit Card","Yes","Processed","Mahindra Logistics","7","Resolved","5","6","No","1","iPad","3.2.1","0"
"CMP-2025-000241","System not cooling at all. Temperature showing 32C inside. Very hot. Please help urgently.","2024-11-07 16:49:00","Service Center","English","CUST-36467","Maintenance Manager","Tiruchirappalli","Tamil Nadu","Refrigeration","Screw Compressor Rack SR-50","EMI","Yes","Under Review","Carrier Own Fleet","2","Open","30","2","No","2","Laptop","5.0.0","4"
"CMP-2024-000242","AMC coverage says parts are included but technician is asking us to pay for capacitor. Conflict with contract terms.","2023-11-16 22:24:00","Service Center","Kannada","CUST-24336","Bank Branch","Mysuru","Karnataka","Refrigeration","Supermarket Ref SMR-MultiDeck","EMI","No","Not Requested","Rivigo","0","Re-opened","720","12","Yes","1","Laptop","4.1.2","0"
"CMP-2025-000243","Temperature in storage went to 12C during night without any alarm. Dairy products spoiled. Need investigation. Complaint ID from last time: 45009025","2025-04-08 23:37:00","Email","Kannada","CUST-91940","Facility Team","Faridabad","Haryana","Commercial","Heat Pump 30RQV","RTGS","Yes","Processed","Carrier Own Fleet","0","Escalated","30","36","No","4","Tablet","3.2.1","0"
"CMP-2024-000244","Pani tapat raha hai AC se. Below mein customer seating area hai. Please immediately send someone. Need resolution within 24 hours.","2024-03-07 08:01:00","Service Center","Hinglish","CUST-12914","Facility Team","Faridabad","Haryana","Refrigeration","Inverter Condensing Unit ICU-10","Purchase Order","Yes","Processed","DTDC","5","Pending Customer","360","0","No","4","iPhone","2.9.8","3"
"CMP-2024-000245","Wrong model delivered. Ordered 5HP condensing unit, received 3HP. This is a basic error. We have a big client visit next week. Please prioritize.","2025-04-03 07:39:00","Phone","Tamil","CUST-85784","Hotel","Raipur","Chhattisgarh","Air Purifiers","Air One AO-100","Debit Card","No","Not Requested","Rivigo","0","Pending Parts","25","120","No","1","Windows Tablet","4.1.2","0"
"CMP-2024-000246","Delivered product has manufacturing defects. Fins are bent. Gas service port cap missing. Clearly quality check was not done. Please don't just close the ticket without solving the issue.","2024-11-18 17:11:00","Email","Hindi","CUST-77662","Retail Store","Jodhpur","Rajasthan","Refrigeration","Condensing Unit CR-10HP","Cash","Yes","Partially Processed","Rivigo","30","Open","480","24","No","1","iPhone","4.0.0","1"
"CMP-2025-000247","Ghar mein rat ko bahut awaaz aati hai outdoor unit se. Neend nahi aa rahi. Koi solution hai? This is absolutely ridiculous!!!","2024-12-04 19:15:00","Dealer","English","CUST-24884","Hospital","Nagpur","Maharashtra","Commercial","Fan Coil Unit FCU-400","NEFT","No","Not Requested","Mahindra Logistics","2","Pending Parts","240","24","Yes","3","iPhone","4.1.2","1"
"CMP-2023-000248","You cancelled my order but refund not yet processed. It has been 18 days. UPI payment should be instant. What is happening? 😡 Very frustrated.","2023-03-07 13:57:00","Walk-in","Hindi","CUST-96170","Office Admin","Meerut","Uttar Pradesh","Light Commercial","Ducted 40RUQ","Debit Card","No","Not Requested","Rivigo","1","Closed","360","4","No","1","Android Phone","4.2.0","4"
"CMP-2025-000249","Freezer unit stopped working last night. Fish stock worth Rs 3 lakh completely spoiled. Carrier will be held responsible. Third time raising this complaint.","2023-09-18 18:03:00","Service Center","Hinglish","CUST-59113","Hotel","Vadodara","Gujarat","Refrigeration","Screw Compressor Rack SR-50","UPI","Yes","Approved","Carrier Own Fleet","0","Pending Customer","120","72","Yes","1","Android Phone","5.2.1","0"
"CMP-2025-000250","Service engineer came without tools. Wasted our time. Came again next day with wrong parts. Still not fixed. We have a big client visit next week. Please prioritize.","2023-01-09 12:59:00","Mobile App","English","CUST-21829","Restaurant Owner","Patna","Bihar","Light Commercial","Ducted 40MAQ","Cash","No","Not Requested","Carrier Own Fleet","30","Open","45","4","No","2","Laptop","5.2.1","0"
"CMP-2024-000251","Unit delivered with dents on the casing. Outer packaging also damaged. Looks like it was mishandled during transit. Will share on social media if no action.","2024-04-09 22:01:00","Email","Hindi","CUST-94094","Retail Store","Tirupur","Tamil Nadu","Refrigeration","Supermarket Ref SMR-MultiDeck","Net Banking","Yes","Processed","Ekart","12","Pending Customer","1440","4","Yes","2","iPhone","5.1.3","1"
"CMP-2025-000252","Delivery delayed by 12 days. Installation could not happen. Our inauguration date missed. Carrier responsible. Highly disappointed.","2023-03-28 13:23:00","WhatsApp","English","CUST-59456","Bank Branch","Thane","Maharashtra","Commercial","Air Handler AHU-3000","EMI","No","Not Requested","Shadowfax","7","In Progress","300","24","No","2","Android Phone","4.3.1","0"
"CMP-2025-000253","Refund approved by your team on email. Bank account details submitted. Still no transfer after 3 weeks. Please check. Please don't just close the ticket without solving the issue.","2025-04-27 21:31:00","Phone","English","CUST-36626","Industrial Facility","Coimbatore","Tamil Nadu","Air Purifiers","OptiClean OC-800","Cash","No","Not Requested","Delhivery","30","Escalated","2880","24","No","4","Windows Tablet","2.8.5","1"
"CMP-2024-000254","App update 5.1.3 broke everything. Before update all features worked fine. Please rollback or fix. Complaint ID from last time: 20443973","2024-08-19 21:41:00","Service Center","English","CUST-11352","IT Park","Jaipur","Rajasthan","Air Purifiers","OptiClean OC-800","Cheque","No","Not Requested","Ekart","25","Pending Parts","20","48","No","1","Android Phone","5.1.3","0"
"CMP-2023-000255","Unit consuming 40% more power than rated. Energy meter data shared with your team. No action taken. We have a big client visit next week. Please prioritize.","2023-11-06 12:42:00","Walk-in","English","CUST-83342","Warehouse Operator","Raipur","Chhattisgarh","Light Commercial","Carrier VRF X Power 38VYX","Net Banking","No","Not Requested","Mahindra Logistics","15","Re-opened","15","4","No","3","Laptop","3.3.5","2"
"CMP-2023-000256","Electricity bill doubled after installation of new Carrier unit. Star rating says 5-star but consumption is huge. This is absolutely ridiculous!!!","2024-06-13 10:27:00","WhatsApp","English","CUST-74392","Hospital","Jabalpur","Madhya Pradesh","Refrigeration","Modular Cold Room MCR-10","UPI","No","Not Requested","Blue Dart","7","Resolved","8","504","No","2","Windows Tablet","5.0.0","0"
"CMP-2023-000257","Unit failed 13 months after purchase. You are saying warranty expired. But issue started within warranty period and was reported. Records available.","2023-12-24 02:13:00","Mobile App","English","CUST-32058","Mall Operator","Coimbatore","Tamil Nadu","Light Commercial","Cassette 42UFC","EMI","No","Not Requested","Delhivery","30","In Progress","30","504","No","2","Desktop","3.1.0","3"
"CMP-2025-000258","Water leak from ceiling mounted cassette unit. Staining the false ceiling and dripping on expensive equipment below. Under warranty. Do not charge us.","2024-04-09 20:17:00","Chat Support","Hindi","CUST-10760","Facility Team","Bengaluru","Karnataka","Refrigeration","Inverter Condensing Unit ICU-10","Purchase Order","No","Not Requested","Ekart","0","Closed","90","2","No","1","Tablet","2.9.8","6"
"CMP-2023-000259","Temperature in storage went to 12C during night without any alarm. Dairy products spoiled. Need investigation. We have a big client visit next week. Please prioritize.","2023-10-19 20:48:00","SMS","English","CUST-25807","Maintenance Manager","Allahabad","Uttar Pradesh","Refrigeration","Supermarket Ref SMR-Island","NEFT","No","Not Requested","Shadowfax","2","Pending Customer","10","6","No","5","Tablet","4.0.0","0"
"CMP-2024-000260","Because of your equipment failure, our restaurant had to shut for 2 days. Loss of business and spoiled inventory. This is unacceptable. Please resolve on priority.","2024-03-20 20:27:00","Phone","English","CUST-77284","Facility Team","Amritsar","Punjab","Light Commercial","Ducted 40MAQ","Cash","No","Not Requested","XpressBees","1","In Progress","60","336","No","1","iPad","5.0.0","3"
"CMP-2023-000261","Controller mein kuch bhi set karo, unit apna mann se kaam karta hai. Kya issue hai?","2023-02-16 16:06:00","Social Media","English","CUST-64135","Hotel","Amritsar","Punjab","Air Purifiers","Air One AO-100","NEFT","No","Not Requested","DTDC","1","Open","12","72","No","2","iPad","3.3.5","6"
"CMP-2023-000262","Gas leakage from the indoor unit. There is an oily stain near copper pipe joints. Very concerning. Please resolve on priority.","2023-08-05 05:05:00","Chat Support","English","CUST-98265","Hotel","Varanasi","Uttar Pradesh","Commercial","Air Handler AHU-3000","Cheque","Yes","Pending","Delhivery","0","Re-opened","15","168","No","1","Windows Tablet","5.0.0","3"
"CMP-2025-000263","Support team gave me wrong information. Said parts available, technician confirmed they are not. Someone is lying.","2024-12-13 06:54:00","Email","English","CUST-73060","Hospital","Madurai","Tamil Nadu","Light Commercial","Floor Standing 42CF","EMI","No","Not Requested","DTDC","12","Re-opened","15","504","No","1","Android Phone","3.3.5","1"
"CMP-2025-000264","AMC coverage says parts are included but technician is asking us to pay for capacitor. Conflict with contract terms. We have a big client visit next week. Please prioritize.","2023-02-22 10:00:00","Phone","Hindi","CUST-66595","Pharma Company","Allahabad","Uttar Pradesh","Air Purifiers","Klarwind KW-500","Cash","No","Not Requested","Mahindra Logistics","1","Re-opened","30","168","Yes","3","Android Phone","4.3.1","4"
"CMP-2025-000265","R410A leak suspected. Cooling efficiency dropped suddenly and compressor running continuously. Please send someone today.","2023-06-15 09:46:00","Web Portal","Hinglish","CUST-55068","Food Processing Unit","Thane","Maharashtra","Light Commercial","Carrier VRF X Power 40VYX","Purchase Order","No","Not Requested","XpressBees","0","Resolved","60","168","No","2","iPad","2.8.5","5"
"CMP-2024-000266","Login OTP not coming. Tried 3 times. Customer care line is always busy. App is useless. Under warranty. Do not charge us.","2023-04-14 13:31:00","Mobile App","English","CUST-37450","Educational Institution","Chennai","Tamil Nadu","Commercial","Chiller AquaEdge 19DV","NEFT","Yes","Partially Processed","Delhivery","3","Open","60","4","No","2","Android Phone","2.9.8","2"
"CMP-2023-000267","Capacitor replaced 3 weeks ago. Failed again. Is this a genuine Carrier part or counterfeit? Demanding certificate of authenticity. Need resolution within 24 hours.","2024-09-10 21:06:00","Email","English","CUST-69917","Hotel","Ahmedabad","Gujarat","Commercial","Controls i-Vu Open","Credit Card","No","Not Requested","DTDC","3","In Progress","240","24","No","2","Windows Tablet","4.1.2","1"
"CMP-2025-000268","Unit failed 13 months after purchase. You are saying warranty expired. But issue started within warranty period and was reported. Records available.","2023-09-09 15:21:00","Mobile App","Hinglish","CUST-32447","Office Admin","Coimbatore","Tamil Nadu","Air Purifiers","OptiClean OC-800","Cheque","Yes","Partially Processed","XpressBees","7","Resolved","30","0","No","3","iPhone","4.3.1","0"
"CMP-2024-000269","AMC contact number is always busy. Emails are not replied. How are we supposed to raise service requests? Will share on social media if no action.","2023-11-19 12:49:00","WhatsApp","English","CUST-18056","Cold Storage Operator","Ranchi","Jharkhand","Commercial","Fan Coil Unit FCU-200","Purchase Order","Yes","Partially Processed","XpressBees","1","Closed","240","168","No","4","iPad","4.1.2","4"
"CMP-2024-000270","Cooling performance dropped drastically. Was giving 18C earlier, now barely reaching 26C even at full blast. Something is wrong. Please don't just close the ticket without solving the issue.","2024-12-15 11:56:00","SMS","English","CUST-35859","Maintenance Manager","Kolkata","West Bengal","Commercial","Controls i-Vu Open","RTGS","No","Not Requested","Delhivery","1","Closed","25","4","Yes","4","Desktop","5.1.3","4"
"CMP-2025-000271","Carrier mobile app crashes every time I try to view energy reports. Android 13, latest app version.","2025-01-19 01:53:00","Walk-in","English","CUST-92180","Mall Operator","Ludhiana","Punjab","Commercial","Air Handler AHU-3000","Debit Card","No","Not Requested","Amazon Logistics","0","Re-opened","90","36","No","5","Tablet","5.2.1","2"
"CMP-2025-000272","Service engineer came without tools. Wasted our time. Came again next day with wrong parts. Still not fixed. Will share on social media if no action.","2024-06-12 18:12:00","Walk-in","English","CUST-22843","Hospital","Vijayawada","Andhra Pradesh","Refrigeration","Screw Compressor Rack SR-20","Debit Card","Yes","Pending","FedEx","2","Re-opened","25","336","Yes","5","Windows Tablet","5.1.3","6"
"CMP-2025-000273","Spare part availability is very poor for older models. Our unit is only 4 years old and parts are already out of stock??","2024-06-01 04:31:00","Service Center","English","CUST-77264","Mall Operator","Pune","Maharashtra","Light Commercial","Floor Standing 42NQ","Cash","Yes","Partially Processed","Delhivery","2","Pending Customer","12","48","No","2","Android Phone","3.2.1","5"
"CMP-2025-000274","The outdoor unit is making a horrible grinding noise especially at night. Neighbours are complaining. Under warranty. Do not charge us.","2023-01-29 04:09:00","Chat Support","English","CUST-16376","Maintenance Manager","Kochi","Kerala","Light Commercial","Ducted 40MAQ","Cash","Yes","Pending","Rivigo","20","In Progress","240","2","No","2","Tablet","4.1.2","1"
"CMP-2024-000275","Because of your equipment failure, our restaurant had to shut for 2 days. Loss of business and spoiled inventory. This is unacceptable. Will share on social media if no action.","2023-04-02 19:42:00","Chat Support","English","CUST-60755","Restaurant Owner","Meerut","Uttar Pradesh","Air Purifiers","OptiClean OC-400","Credit Card","No","Not Requested","Mahindra Logistics","10","In Progress","240","12","No","1","Tablet","2.8.5","3"
"CMP-2025-000276","Pipe insulation not done properly. Condensation forming on pipes and dripping. Basic installation mistake. Need resolution within 24 hours.","2023-07-13 15:32:00","Email","English","CUST-96278","Educational Institution","Kanpur","Uttar Pradesh","Commercial","Chiller 30XW-V","UPI","No","Not Requested","Shadowfax","0","In Progress","60","0","Yes","4","Laptop","2.9.8","0"
"CMP-2024-000277","AC chalta hai lekin thanda nahi karta bilkul bhi. Service wale bol rahe hain gas bharo, lekin pehle bhi 2 mahine mein bhara tha. Kya yahi quality hai Carrier ki?","2023-04-28 03:34:00","WhatsApp","English","CUST-28878","Retail Store","Visakhapatnam","Andhra Pradesh","Commercial","Fan Coil Unit FCU-200","NEFT","No","Not Requested","XpressBees","3","Open","2880","96","No","1","Windows Tablet","3.1.0","3"
"CMP-2024-000278","Pani tapat raha hai AC se. Below mein customer seating area hai. Please immediately send someone. Escalating to consumer forum if not resolved by tomorrow.","2025-02-09 19:37:00","Web Portal","Hinglish","CUST-76666","Mall Operator","Faridabad","Haryana","Commercial","Chiller 30XW-V","Credit Card","Yes","Processed","Rivigo","30","In Progress","360","1","No","3","Android Phone","4.1.2","2"
"CMP-2025-000279","Condensate drain is blocked. Water overflowing inside the unit and dropping on floor. Health hazard. Highly disappointed.","2025-03-12 04:23:00","Social Media","English","CUST-42133","Educational Institution","Varanasi","Uttar Pradesh","Refrigeration","Modular Cold Room MCR-10","Credit Card","No","Not Requested","Shadowfax","12","Resolved","5","2","No","4","Tablet","4.1.2","6"
"CMP-2024-000280","Outdoor unit installed at wrong orientation. Drainage blocked. Technician confirmed faulty installation but blaming us. 😡 Very frustrated.","2023-04-02 12:44:00","Phone","English","CUST-82938","HVAC Contractor","Varanasi","Uttar Pradesh","Light Commercial","Carrier VRF X Power 40VYX","RTGS","No","Not Requested","Amazon Logistics","0","Closed","30","72","No","4","iPhone","5.0.0","4"
"CMP-2023-000281","Controller mein kuch bhi set karo, unit apna mann se kaam karta hai. Kya issue hai? Under warranty. Do not charge us.","2025-02-19 12:34:00","Phone","Hindi","CUST-95362","Office Admin","Chandigarh","Punjab","Commercial","Controls EcoAdvance","Debit Card","Yes","Processed","Shadowfax","20","Pending Parts","20","168","Yes","2","Laptop","4.2.0","1"
"CMP-2024-000282","Our central AC unit stopped working last night. We are a 24x7 operations center and this is causing massive disruption. Escalate please. Escalating to consumer forum if not resolved by tomorrow.","2024-05-20 11:02:00","Mobile App","Hinglish","CUST-89433","Industrial Facility","Mumbai","Maharashtra","Light Commercial","Floor Standing 42CF","Debit Card","Yes","Under Review","Rivigo","0","Resolved","720","24","No","5","Windows Tablet","2.8.5","1"
"CMP-2023-000283","Recurring issue since installation. Always cooling problem. 4 visits, 4 temporary fixes. We want permanent solution or replacement.","2024-12-10 21:34:00","Chat Support","English","CUST-99218","Educational Institution","Amritsar","Punjab","Commercial","Heat Pump 30RQV","Credit Card","Yes","Processed","FedEx","10","In Progress","10","0","No","2","Desktop","5.1.3","0"
"CMP-2025-000284","Technician visited, claimed to fix the issue, unit failed again within 6 hours. What kind of service is this? Will share on social media if no action.","2023-03-25 18:51:00","Email","Telugu","CUST-39573","Pharma Company","Hyderabad","Telangana","Light Commercial","Ducted 40RUQ","Net Banking","Yes","Rejected","DTDC","1","Open","360","240","No","1","Tablet","2.8.5","4"
"CMP-2024-000285","Technician visited, claimed to fix the issue, unit failed again within 6 hours. What kind of service is this? Please don't just close the ticket without solving the issue.","2025-02-21 03:40:00","Service Center","Hinglish","CUST-26361","Office Admin","Chennai","Tamil Nadu","Commercial","Heat Pump 30RQV","RTGS","No","Not Requested","DTDC","2","Open","60","336","Yes","4","Tablet","2.8.5","0"
"CMP-2023-000286","Water dripping from the indoor unit directly onto our workstations. Urgent issue. Data could be damaged. Escalating to consumer forum if not resolved by tomorrow.","2024-09-05 21:39:00","Email","English","CUST-60321","Food Processing Unit","Varanasi","Uttar Pradesh","Commercial","Chiller AquaEdge 19DV","Credit Card","No","Not Requested","Rivigo","15","Escalated","12","6","Yes","1","Windows Tablet","3.2.1","1"
"CMP-2025-000287","Controller mein kuch bhi set karo, unit apna mann se kaam karta hai. Kya issue hai? Escalating to consumer forum if not resolved by tomorrow.","2023-05-21 01:03:00","WhatsApp","English","CUST-86614","Pharma Company","Howrah","West Bengal","Air Purifiers","Air One AO-100","Purchase Order","No","Not Requested","Delhivery","2","Re-opened","60","48","No","4","Desktop","3.1.0","0"
"CMP-2025-000288","BMS controller not responding to commands. Manual override also not working. Entire floor temperature uncontrolled. Highly disappointed.","2025-03-15 02:21:00","Web Portal","Hindi","CUST-72354","Food Processing Unit","Kota","Rajasthan","Air Purifiers","OptiClean OC-400","Purchase Order","Yes","Under Review","Amazon Logistics","30","Pending Customer","20","6","No","1","Laptop","4.0.0","0"
"CMP-2025-000289","Technician suggested we buy a new unit. But this unit is only 14 months old!! Under warranty. Will escalate legally if needed. Highly disappointed.","2024-02-14 05:52:00","Email","English","CUST-11296","Office Admin","Ludhiana","Punjab","Commercial","Controls i-Vu Open","Debit Card","No","Not Requested","Amazon Logistics","0","Escalated","5","720","No","5","Android Phone","3.1.0","1"
"CMP-2023-000290","Vibration from the compressor unit is shaking the entire wall. Noise level measured at 78 dB. Far above spec.","2023-06-30 08:58:00","Phone","English","CUST-98795","Hospital","Faridabad","Haryana","Commercial","Chiller AquaEdge 19DV","UPI","Yes","Processed","Ekart","20","Pending Customer","10","12","Yes","1","Laptop","5.2.1","0"
"CMP-2023-000291","i-Vu controller shows error 'Communication Lost' since last night. Unable to control any zone from central panel. Escalating to consumer forum if not resolved by tomorrow.","2023-02-17 19:37:00","Web Portal","Hinglish","CUST-48559","Hospital","Vadodara","Gujarat","Light Commercial","Cassette 42UFC","NEFT","No","Not Requested","Rivigo","0","Escalated","20","4","No","2","iPad","2.8.5","0"
"CMP-2023-000292","Unit goes into protection mode due to high discharge temperature. Error E12 visible on panel. Ambient temp is 42C but unit is rated for 50C. Need resolution within 24 hours.","2024-12-12 15:45:00","Service Center","Hinglish","CUST-45171","Bank Branch","Meerut","Uttar Pradesh","Commercial","Fan Coil Unit FCU-400","UPI","No","Not Requested","Mahindra Logistics","7","Pending Parts","25","72","No","1","Tablet","3.3.5","5"
"CMP-2024-000293","Waiting for spare parts for 35 days. Technician has identified fault. Parts stuck in warehouse apparently. No timeline given.","2024-04-21 16:39:00","Walk-in","English","CUST-69133","Food Processing Unit","Varanasi","Uttar Pradesh","Refrigeration","Inverter Condensing Unit ICU-10","Cash","Yes","Rejected","FedEx","0","Resolved","300","36","No","1","Desktop","3.2.1","3"
"CMP-2025-000294","Heat rejection from outdoor units is excessive. Adjacent areas are getting very hot. Ventilation design issue or unit fault? Highly disappointed.","2023-12-08 06:43:00","Walk-in","English","CUST-49677","HVAC Contractor","Nagpur","Maharashtra","Light Commercial","Carrier VRF X Power 38VYX","Credit Card","Yes","Rejected","Carrier Own Fleet","25","Pending Parts","120","720","No","1","Laptop","2.8.5","0"
"CMP-2023-000295","Freezer unit stopped working last night. Fish stock worth Rs 3 lakh completely spoiled. Carrier will be held responsible. Please don't just close the ticket without solving the issue.","2023-12-15 02:20:00","Web Portal","English","CUST-64747","Industrial Facility","Aurangabad","Maharashtra","Refrigeration","Evaporator Unit EU-3000","Credit Card","Yes","Approved","Shadowfax","2","Closed","20","1","No","5","Desktop","4.0.0","0"
"CMP-2024-000296","Temperature in storage went to 12C during night without any alarm. Dairy products spoiled. Need investigation. We have a big client visit next week. Please prioritize.","2024-01-26 06:25:00","Phone","Hinglish","CUST-60650","Industrial Facility","Navi Mumbai","Maharashtra","Commercial","Chiller AquaEdge 19DV","Purchase Order","No","Not Requested","XpressBees","12","In Progress","20","6","No","4","iPhone","3.1.0","0"
"CMP-2023-000297","App is not connecting to my unit. Shows 'Device Offline' even though unit is running. WiFi is strong. Please don't just close the ticket without solving the issue.","2023-02-28 11:33:00","Email","English","CUST-52830","Pharma Company","Meerut","Uttar Pradesh","Light Commercial","Cassette 42UFS","Net Banking","No","Not Requested","FedEx","0","In Progress","180","24","No","3","Desktop","4.3.1","0"
"CMP-2023-000298","Nobody from service team is responding. Emails bouncing. Phone numbers not working. Is Carrier shutting down?","2024-04-01 02:52:00","Dealer","Hinglish","CUST-42353","Mall Operator","Agra","Uttar Pradesh","Refrigeration","Screw Compressor Rack SR-50","Cash","No","Not Requested","Blue Dart","0","Closed","5","336","No","4","Laptop","2.9.8","1"
"CMP-2024-000299","Technician was very rude on phone. We are a paying customer. This behavior is not acceptable.","2023-09-03 05:17:00","SMS","Hinglish","CUST-48258","Office Admin","Hubballi","Karnataka","Light Commercial","Floor Standing 42NQ","Cheque","No","Not Requested","DTDC","20","In Progress","30","6","Yes","4","Laptop","5.0.0","1"
"CMP-2024-000300","Installation scheduled 4 times. Cancelled 4 times by Carrier. We are a hospital. Patients are suffering. Please treat this as highest priority. Highly disappointed.","2024-02-11 01:00:00","Mobile App","English","CUST-27888","Facility Team","Tiruchirappalli","Tamil Nadu","Refrigeration","Screw Compressor Rack SR-50","Cash","Yes","Pending","Rivigo","7","Re-opened","15","504","No","4","iPad","3.3.5","1"
"CMP-2023-000301","Your customer care puts me on hold for 20+ minutes and then disconnects. This has happened 5 times now. This is absolutely ridiculous!!!","2023-06-07 14:22:00","WhatsApp","English","CUST-14514","Educational Institution","Indore","Madhya Pradesh","Refrigeration","Supermarket Ref SMR-Island","Credit Card","No","Not Requested","Rivigo","1","Pending Parts","15","72","No","1","Tablet","3.1.0","0"
"CMP-2024-000302","We paid full amount in advance for installation. 3 weeks passed, no installation team. This is beyond frustrating. Will share on social media if no action.","2025-04-20 06:43:00","SMS","English","CUST-38910","Hotel","Tiruchirappalli","Tamil Nadu","Light Commercial","Ducted 40MAQ","Credit Card","No","Not Requested","Rivigo","1","Pending Customer","90","0","No","3","Tablet","4.0.0","2"
"CMP-2024-000303","Unit delivered with dents on the casing. Outer packaging also damaged. Looks like it was mishandled during transit. Will share on social media if no action.","2023-01-13 12:13:00","Service Center","English","CUST-18652","HVAC Contractor","Madurai","Tamil Nadu","Air Purifiers","Klarwind KW-500","Debit Card","No","Not Requested","FedEx","12","Re-opened","12","168","Yes","5","iPhone","4.1.2","0"
"CMP-2025-000304","High electricity consumption despite energy saving mode being on. Something is wrong with the inverter control. Please don't just close the ticket without solving the issue.","2024-01-27 16:40:00","Web Portal","Hinglish","CUST-87000","Supermarket","Thane","Maharashtra","Commercial","Air Handler AHU-5000","NEFT","No","Not Requested","FedEx","7","In Progress","8","8","No","2","Desktop","4.0.0","1"
"CMP-2024-000305","Installation was scheduled for 3rd May. Today is 12th May. No one has come. No call. No update. Is this how Carrier treats commercial customers? Need resolution within 24 hours.","2025-03-21 13:41:00","Mobile App","Telugu","CUST-13105","Restaurant Owner","Noida","Uttar Pradesh","Air Purifiers","Air One AO-100","UPI","No","Not Requested","Rivigo","0","Escalated","60","72","No","3","Tablet","4.3.1","0"
"CMP-2024-000306","App update 5.1.3 broke everything. Before update all features worked fine. Please rollback or fix.","2023-04-04 05:37:00","Social Media","English","CUST-40973","Mall Operator","Kolkata","West Bengal","Refrigeration","Supermarket Ref SMR-Island","Cash","Yes","Approved","Ekart","7","Pending Parts","20","48","No","4","Desktop","2.9.8","1"
"CMP-2025-000307","Installation team came, looked at the site, and left saying they need special equipment. No one has returned since. 10 days now. Third time raising this complaint.","2024-06-01 19:47:00","Dealer","Kannada","CUST-30431","IT Park","Delhi","Delhi","Refrigeration","Screw Compressor Rack SR-20","Debit Card","Yes","Under Review","Rivigo","2","Resolved","45","168","No","4","Laptop","4.1.2","6"
"CMP-2025-000308","Chat support is completely useless. Gives only scripted responses. Cannot escalate from chat. Very bad experience.","2024-05-27 23:46:00","Walk-in","Hinglish","CUST-63025","Pharma Company","Meerut","Uttar Pradesh","Air Purifiers","Air One AO-200","Cash","Yes","Partially Processed","Shadowfax","0","Pending Parts","8","6","No","5","iPhone","4.0.0","0"
"CMP-2024-000309","Temperature probe giving wrong readings. Actual temp -5C but display shows -20C. How can we trust this system?","2025-04-12 11:40:00","SMS","English","CUST-97251","Hospital","Visakhapatnam","Andhra Pradesh","Refrigeration","Supermarket Ref SMR-MultiDeck","Net Banking","Yes","Approved","Shadowfax","3","Open","12","4","No","1","Laptop","5.2.1","0"
"CMP-2025-000310","Our factory expansion was delayed because Carrier could not install the HVAC on time. We are losing lakhs daily. Where is the accountability? 😡 Very frustrated.","2025-01-21 13:48:00","Phone","English","CUST-93385","Bank Branch","Bhubaneswar","Odisha","Air Purifiers","Klarwind KW-300","NEFT","No","Not Requested","Ekart","25","Closed","5","12","No","2","Android Phone","3.2.1","0"
"CMP-2025-000311","Unit delivered without accessories. Remote, drain pipes, all missing. Had to chase dealer for 1 week. Highly disappointed.","2024-05-13 05:32:00","Phone","English","CUST-84329","Industrial Facility","Kanpur","Uttar Pradesh","Light Commercial","Cassette 42UFC","Net Banking","No","Not Requested","Amazon Logistics","30","Re-opened","5","48","Yes","2","Android Phone","4.1.2","0"
"CMP-2024-000312","Pani tapat raha hai AC se. Below mein customer seating area hai. Please immediately send someone.","2023-03-04 08:48:00","Email","Hindi","CUST-86342","Warehouse Operator","Ahmedabad","Gujarat","Light Commercial","Cassette 42UFC","Cheque","No","Not Requested","Rivigo","10","Re-opened","360","96","Yes","2","Desktop","4.2.0","4"
"CMP-2024-000313","Service engineer came without tools. Wasted our time. Came again next day with wrong parts. Still not fixed. Please don't just close the ticket without solving the issue.","2024-12-16 12:46:00","WhatsApp","English","CUST-88893","Hotel","Ghaziabad","Uttar Pradesh","Air Purifiers","OptiClean OC-800","UPI","Yes","Processed","Shadowfax","0","Pending Parts","10","24","Yes","4","Android Phone","2.8.5","5"
"CMP-2023-000314","High electricity consumption despite energy saving mode being on. Something is wrong with the inverter control. Under warranty. Do not charge us.","2024-11-05 22:57:00","Phone","Tamil","CUST-60444","Maintenance Manager","Kota","Rajasthan","Light Commercial","Ducted 40MAQ","EMI","No","Not Requested","Rivigo","0","Resolved","360","4","No","4","iPad","5.0.0","1"
"CMP-2024-000315","Water leak from ceiling mounted cassette unit. Staining the false ceiling and dripping on expensive equipment below.","2023-06-14 10:57:00","Dealer","Kannada","CUST-46747","Restaurant Owner","Noida","Uttar Pradesh","Air Purifiers","OptiClean OC-800","Cash","No","Not Requested","DTDC","2","Re-opened","10","168","No","3","Tablet","2.9.8","0"
"CMP-2025-000316","High electricity consumption despite energy saving mode being on. Something is wrong with the inverter control.","2023-04-25 02:21:00","Chat Support","English","CUST-25218","Bank Branch","Nashik","Maharashtra","Light Commercial","Carrier VRF X Power 40VYX","Cheque","No","Not Requested","Blue Dart","12","Open","1440","0","No","1","Laptop","4.2.0","5"
"CMP-2025-000317","EcoAdvance controller crashing randomly. Display goes blank. Restarts after 10-15 mins. Very disruptive for our hotel operations. Will share on social media if no action.","2023-05-29 09:53:00","Web Portal","Hinglish","CUST-99126","Food Processing Unit","Lucknow","Uttar Pradesh","Air Purifiers","Klarwind KW-300","Credit Card","No","Not Requested","Carrier Own Fleet","12","In Progress","45","168","Yes","2","Windows Tablet","4.0.0","0"
"CMP-2024-000318","Due to cold room failure, Rs 8 lakh worth of vegetables spoiled overnight. Who will compensate? Unit is under AMC. 😡 Very frustrated.","2025-04-14 21:58:00","WhatsApp","English","CUST-81819","Cold Storage Operator","Agra","Uttar Pradesh","Refrigeration","Supermarket Ref SMR-MultiDeck","Cash","Yes","Processed","FedEx","0","Closed","60","168","No","4","Laptop","3.2.1","1"
"CMP-2024-000319","This is the 6th breakdown in 8 months. Every time technician comes, 'fixes' it, and within 2 weeks same problem returns. ENOUGH.","2023-08-03 06:51:00","Web Portal","Telugu","CUST-95359","Supermarket","Nashik","Maharashtra","Commercial","Fan Coil Unit FCU-200","Cheque","No","Not Requested","XpressBees","3","Open","12","120","No","2","Android Phone","3.2.1","0"
"CMP-2025-000320","Current draw is 18A against rated 12A. Motor or capacitor issue suspected. Please send service team. Under warranty. Do not charge us.","2023-11-06 22:38:00","WhatsApp","Hindi","CUST-59200","Office Admin","Bhubaneswar","Odisha","Refrigeration","Supermarket Ref SMR-MultiDeck","Cheque","Yes","Partially Processed","XpressBees","0","Pending Customer","5","6","Yes","1","Android Phone","5.0.0","0"
"CMP-2023-000321","Cooling inconsistent since installation 3 months ago. Raised ticket twice before. Still same issue. Under warranty. Do not charge us.","2024-10-22 22:27:00","Mobile App","Hinglish","CUST-26414","Hotel","Vadodara","Gujarat","Commercial","Controls i-Vu Open","Net Banking","No","Not Requested","Blue Dart","25","Re-opened","10","0","No","5","Tablet","5.2.1","0"
"CMP-2023-000322","Condensate drain is blocked. Water overflowing inside the unit and dropping on floor. Health hazard.","2024-08-11 06:41:00","WhatsApp","English","CUST-83727","HVAC Contractor","Ranchi","Jharkhand","Commercial","Air Handler AHU-5000","Debit Card","No","Not Requested","Amazon Logistics","20","Resolved","240","72","Yes","3","Desktop","3.1.0","0"
"CMP-2024-000323","Spare part availability is very poor for older models. Our unit is only 4 years old and parts are already out of stock?? Need resolution within 24 hours.","2023-08-03 22:06:00","SMS","English","CUST-41077","Warehouse Operator","Nagpur","Maharashtra","Light Commercial","Carrier VRF X Power 38VYX","UPI","No","Not Requested","Shadowfax","2","Escalated","1440","120","No","2","Windows Tablet","2.9.8","0"
"CMP-2023-000324","PCB board ordered. Was told 7-10 days delivery. Today is day 21. No update from anyone.","2024-07-02 06:04:00","SMS","Tamil","CUST-45310","Industrial Facility","Vijayawada","Andhra Pradesh","Air Purifiers","OptiClean OC-400","EMI","No","Not Requested","Delhivery","30","Resolved","90","240","No","1","Tablet","4.0.0","0"
"CMP-2024-000325","The drain pan is overflowing. Unit installed 6 months ago and this is the 3rd time this is happening. Poor installation quality suspected. This is absolutely ridiculous!!!","2023-05-30 07:17:00","Email","English","CUST-59434","Restaurant Owner","Faridabad","Haryana","Commercial","Air Handler AHU-5000","Net Banking","No","Not Requested","Amazon Logistics","0","In Progress","480","120","No","5","iPad","4.1.2","2"
"CMP-2024-000326","Your customer care puts me on hold for 20+ minutes and then disconnects. This has happened 5 times now. We have a big client visit next week. Please prioritize.","2024-05-03 18:08:00","Mobile App","English","CUST-77314","Hospital","Tiruchirappalli","Tamil Nadu","Light Commercial","Ducted 40MAQ","Cheque","No","Not Requested","Amazon Logistics","0","Pending Customer","15","36","No","1","Laptop","5.2.1","1"
"CMP-2023-000327","Emergency call under AMC. Was told 'our team will come today'. No one came. Called again next day. Same promise. Third day still waiting.","2023-11-09 13:49:00","Walk-in","English","CUST-93188","Office Admin","Hyderabad","Telangana","Light Commercial","Cassette 42UFS","Net Banking","No","Not Requested","Blue Dart","0","Closed","720","504","No","1","Laptop","2.8.5","0"
"CMP-2025-000328","Scheduling feature on the controller stopped working after firmware update. Timings are not being followed.","2025-01-01 13:44:00","Social Media","Telugu","CUST-55227","Restaurant Owner","Gurugram","Haryana","Commercial","Controls EcoAdvance","Net Banking","No","Not Requested","Rivigo","7","Resolved","10","120","No","2","Tablet","4.2.0","0"
"CMP-2024-000329","Warranty document says 5 years comprehensive. Your service team is claiming 1 year. Please clarify and honour the warranty. 😡 Very frustrated.","2024-05-09 09:16:00","Web Portal","English","CUST-92729","Bank Branch","Meerut","Uttar Pradesh","Light Commercial","Carrier VRF X Power 38VYX","EMI","Yes","Processed","Shadowfax","0","Open","120","1","Yes","1","Desktop","4.1.2","5"
"CMP-2023-000330","AC chalta hai lekin thanda nahi karta bilkul bhi. Service wale bol rahe hain gas bharo, lekin pehle bhi 2 mahine mein bhara tha. Kya yahi quality hai Carrier ki?","2024-06-25 16:57:00","WhatsApp","English","CUST-26232","IT Park","Mumbai","Maharashtra","Light Commercial","Carrier VRF X Power 38VYX","UPI","No","Not Requested","FedEx","20","Closed","120","240","No","4","iPad","4.1.2","0"
"CMP-2024-000331","AMC renewal done but service schedule not shared. Who is my assigned service engineer? No one tells me. 😡 Very frustrated.","2023-02-11 04:25:00","Dealer","Telugu","CUST-53412","Warehouse Operator","Surat","Gujarat","Light Commercial","Floor Standing 42NQ","NEFT","Yes","Processed","Mahindra Logistics","2","Re-opened","60","72","No","2","Desktop","4.3.1","0"
"CMP-2025-000332","Freezer unit stopped working last night. Fish stock worth Rs 3 lakh completely spoiled. Carrier will be held responsible. Escalating to consumer forum if not resolved by tomorrow.","2023-02-23 21:53:00","Walk-in","English","CUST-88261","Supermarket","Varanasi","Uttar Pradesh","Refrigeration","Inverter Condensing Unit ICU-5","NEFT","No","Not Requested","DTDC","30","Escalated","2880","8","No","3","iPhone","4.0.0","2"
"CMP-2023-000333","Refund pending since 3 weeks. Very disappointing experience. Will not recommend Carrier to anyone. Highly disappointed.","2024-08-28 20:40:00","WhatsApp","English","CUST-25789","Hospital","Meerut","Uttar Pradesh","Commercial","Chiller 30XW-V","UPI","No","Not Requested","FedEx","0","Escalated","10","2","No","2","Tablet","4.1.2","2"
"CMP-2023-000334","High electricity consumption despite energy saving mode being on. Something is wrong with the inverter control. Complaint ID from last time: 70860414","2023-10-15 11:45:00","Dealer","English","CUST-51922","Warehouse Operator","Kanpur","Uttar Pradesh","Commercial","Air Handler AHU-3000","Credit Card","No","Not Requested","Carrier Own Fleet","5","Closed","360","48","Yes","2","Laptop","3.3.5","2"
"CMP-2024-000335","Evaporator icing up completely within 6 hours. Has to be manually defrosted. Happened every day this week. Complaint ID from last time: 41108255","2025-01-30 18:33:00","Chat Support","English","CUST-41228","HVAC Contractor","Indore","Madhya Pradesh","Refrigeration","Modular Cold Room MCR-25","Debit Card","No","Not Requested","XpressBees","1","Open","1440","24","No","3","iPhone","5.2.1","1"
"CMP-2023-000336","Yaar gas toh phir se leak ho gayi. Teen mahine mein teesri baar. Yeh kab tak chalega?","2023-07-16 13:35:00","Mobile App","Kannada","CUST-83445","Commercial Building Operator","Nashik","Maharashtra","Refrigeration","Supermarket Ref SMR-MultiDeck","Debit Card","No","Not Requested","DTDC","0","Pending Parts","480","0","No","1","iPhone","2.9.8","2"
"CMP-2025-000337","Controller touchscreen unresponsive. Had to manually switch off from breaker. Need replacement.","2023-06-19 14:48:00","Social Media","English","CUST-83727","Cold Storage Operator","Meerut","Uttar Pradesh","Air Purifiers","Klarwind KW-300","Net Banking","Yes","Approved","Shadowfax","5","Open","60","0","No","3","Windows Tablet","5.2.1","0"
"CMP-2024-000338","Vibration from the compressor unit is shaking the entire wall. Noise level measured at 78 dB. Far above spec. Escalating to consumer forum if not resolved by tomorrow.","2023-10-26 01:40:00","WhatsApp","English","CUST-27428","HVAC Contractor","Chennai","Tamil Nadu","Light Commercial","Ducted 40RUQ","EMI","Yes","Pending","XpressBees","20","Pending Customer","90","4","No","4","Desktop","5.2.1","1"
"CMP-2024-000339","Support team gave me wrong information. Said parts available, technician confirmed they are not. Someone is lying.","2024-07-04 21:55:00","Chat Support","English","CUST-60067","HVAC Contractor","Tirupur","Tamil Nadu","Light Commercial","Floor Standing 42NQ","UPI","Yes","Rejected","Ekart","25","Resolved","300","36","No","2","Desktop","3.3.5","0"
"CMP-2023-000340","Warranty claim rejected citing 'improper installation'. But installation was done by your own authorized dealer. Who is responsible?","2023-11-14 05:56:00","WhatsApp","English","CUST-89668","Industrial Facility","Hyderabad","Telangana","Light Commercial","Cassette 42UFS","Cheque","No","Not Requested","Mahindra Logistics","25","In Progress","20","0","No","1","Tablet","3.2.1","6"
"CMP-2024-000341","Cooling has been erratic since last 4 days. Some zones are ice cold, others are like a furnace. Have called support 3 times but no resolution.","2025-03-22 00:50:00","Phone","Hinglish","CUST-54353","Office Admin","Nagpur","Maharashtra","Light Commercial","Floor Standing 42NQ","Purchase Order","No","Not Requested","Delhivery","12","Pending Customer","360","8","No","1","Tablet","5.2.1","2"
"CMP-2025-000342","Waiting for spare parts for 35 days. Technician has identified fault. Parts stuck in warehouse apparently. No timeline given.","2023-01-02 07:01:00","Web Portal","English","CUST-60512","Hospital","Ludhiana","Punjab","Air Purifiers","Klarwind KW-300","Cheque","No","Not Requested","DTDC","0","Resolved","12","36","Yes","4","Desktop","3.2.1","4"
"CMP-2023-000343","Cold room temperature fluctuating between -2C and +8C. We store frozen products. This is a serious food safety risk. Please resolve on priority.","2024-11-26 13:09:00","SMS","Hindi","CUST-49526","Data Centre","Kochi","Kerala","Air Purifiers","Klarwind KW-500","NEFT","No","Not Requested","XpressBees","20","Closed","60","168","No","1","iPad","3.1.0","1"
"CMP-2025-000344","Controller touchscreen unresponsive. Had to manually switch off from breaker. Need replacement. This is absolutely ridiculous!!!","2023-05-29 02:20:00","WhatsApp","English","CUST-60465","Commercial Building Operator","Vadodara","Gujarat","Refrigeration","Screw Compressor Rack SR-20","Cash","No","Not Requested","FedEx","15","Resolved","60","24","No","1","Laptop","5.1.3","0"
"CMP-2025-000345","Spare part availability is very poor for older models. Our unit is only 4 years old and parts are already out of stock?? Escalating to consumer forum if not resolved by tomorrow.","2024-12-20 02:15:00","Walk-in","English","CUST-36644","Supermarket","Nashik","Maharashtra","Refrigeration","Condensing Unit CR-5HP","Debit Card","Yes","Rejected","Carrier Own Fleet","2","Closed","300","8","No","4","Laptop","4.0.0","1"
"CMP-2023-000346","The compressor unit started vibrating heavily last evening. We had to shut it down manually. Need urgent repair.","2024-05-03 19:55:00","WhatsApp","English","CUST-29252","Commercial Building Operator","Lucknow","Uttar Pradesh","Commercial","Fan Coil Unit FCU-400","Debit Card","Yes","Under Review","FedEx","2","Resolved","360","8","No","3","Windows Tablet","4.1.2","0"
"CMP-2024-000347","High electricity consumption despite energy saving mode being on. Something is wrong with the inverter control. Need resolution within 24 hours.","2023-06-14 00:25:00","Dealer","Hindi","CUST-69545","Educational Institution","Vijayawada","Andhra Pradesh","Air Purifiers","OptiClean OC-400","EMI","Yes","Partially Processed","Ekart","30","Resolved","45","4","Yes","1","iPhone","5.2.1","1"
"CMP-2024-000348","Your customer care puts me on hold for 20+ minutes and then disconnects. This has happened 5 times now. Will share on social media if no action.","2024-10-30 20:25:00","Dealer","English","CUST-17165","Commercial Building Operator","Madurai","Tamil Nadu","Refrigeration","Condensing Unit CR-10HP","NEFT","Yes","Pending","DTDC","20","Pending Customer","5","36","No","2","Tablet","3.2.1","0"
"CMP-2023-000349","Your customer care puts me on hold for 20+ minutes and then disconnects. This has happened 5 times now.","2024-07-31 15:02:00","Email","English","CUST-22217","Maintenance Manager","Mumbai","Maharashtra","Air Purifiers","Air One AO-100","Cheque","No","Not Requested","Ekart","15","Pending Parts","20","120","No","2","Desktop","4.3.1","0"
"CMP-2023-000350","Outdoor unit is extremely hot to touch. Fan seems to be running slowly. Is this a condenser issue?","2024-11-29 14:05:00","SMS","English","CUST-40352","Industrial Facility","Mysuru","Karnataka","Light Commercial","Ducted 40MAQ","EMI","No","Not Requested","Shadowfax","1","Pending Customer","300","8","No","4","Desktop","2.9.8","0"
"CMP-2023-000351","Freezer unit stopped working last night. Fish stock worth Rs 3 lakh completely spoiled. Carrier will be held responsible.","2023-05-27 09:35:00","Phone","Hinglish","CUST-22335","Food Processing Unit","Vadodara","Gujarat","Light Commercial","Carrier VRF X Power 38VYX","Net Banking","Yes","Rejected","Shadowfax","20","Pending Customer","10","4","No","1","Desktop","5.0.0","2"
"CMP-2024-000352","Outdoor unit installed at wrong orientation. Drainage blocked. Technician confirmed faulty installation but blaming us.","2024-03-27 11:32:00","Chat Support","English","CUST-58979","Office Admin","Mysuru","Karnataka","Refrigeration","Evaporator Unit EU-3000","Cash","Yes","Partially Processed","Blue Dart","0","Escalated","15","0","Yes","2","iPad","3.2.1","3"
"CMP-2024-000353","Login OTP not coming. Tried 3 times. Customer care line is always busy. App is useless. Please don't just close the ticket without solving the issue.","2024-10-19 17:57:00","Service Center","English","CUST-21248","Retail Store","Noida","Uttar Pradesh","Commercial","Heat Pump 30RQV","Cheque","No","Not Requested","FedEx","15","In Progress","90","96","Yes","2","iPhone","5.2.1","0"
"CMP-2023-000354","Partial refund received but deducted 20% without any explanation. No one is telling me why. I want full refund.","2024-09-07 12:03:00","Walk-in","English","CUST-72050","Industrial Facility","Chennai","Tamil Nadu","Light Commercial","Cassette 42UFC","Cheque","Yes","Rejected","XpressBees","3","In Progress","15","4","No","1","Android Phone","4.1.2","1"
"CMP-2024-000355","Outdoor unit is extremely hot to touch. Fan seems to be running slowly. Is this a condenser issue? Highly disappointed.","2023-12-24 13:30:00","Service Center","Hinglish","CUST-31061","Pharma Company","Ludhiana","Punjab","Refrigeration","Modular Cold Room MCR-10","EMI","No","Not Requested","Ekart","0","Resolved","90","72","No","4","Android Phone","3.3.5","1"
"CMP-2023-000356","Compressor failure within 18 months. Manufacturer warranty should cover this. Do not send me to dealer. Carrier must take responsibility.","2023-02-07 06:47:00","Web Portal","English","CUST-81576","Retail Store","Kota","Rajasthan","Refrigeration","Condensing Unit CR-10HP","RTGS","No","Not Requested","Ekart","0","Pending Customer","120","120","Yes","4","Desktop","5.1.3","0"
"CMP-2025-000357","Warranty document says 5 years comprehensive. Your service team is claiming 1 year. Please clarify and honour the warranty.","2023-06-30 14:27:00","Walk-in","English","CUST-82450","Data Centre","Surat","Gujarat","Refrigeration","Screw Compressor Rack SR-20","NEFT","No","Not Requested","XpressBees","30","Closed","15","48","No","2","Android Phone","3.2.1","0"
"CMP-2025-000358","Cooling inconsistent since installation 3 months ago. Raised ticket twice before. Still same issue.","2024-11-14 09:54:00","Dealer","English","CUST-39213","Food Processing Unit","Jabalpur","Madhya Pradesh","Refrigeration","Modular Cold Room MCR-25","UPI","No","Not Requested","DTDC","20","Re-opened","240","24","No","1","Android Phone","4.2.0","2"
"CMP-2025-000359","Strange whistling sound from indoor unit. Happens when set below 22C. Very irritating during meetings.","2023-06-07 11:53:00","Social Media","Telugu","CUST-88636","Facility Team","Agra","Uttar Pradesh","Light Commercial","Floor Standing 42CF","UPI","No","Not Requested","FedEx","5","Pending Parts","120","2","No","5","Laptop","3.3.5","6"
"CMP-2025-000360","App update 5.1.3 broke everything. Before update all features worked fine. Please rollback or fix.","2024-10-08 18:50:00","Dealer","Kannada","CUST-92223","HVAC Contractor","Jabalpur","Madhya Pradesh","Light Commercial","Carrier VRF X Power 40VYX","UPI","Yes","Pending","Blue Dart","30","Open","5","720","No","1","Tablet","5.2.1","2"
"CMP-2023-000361","I am a loyal Carrier customer since 2015. Never faced such repeated breakdowns. Something is wrong with this new model batch. Highly disappointed.","2024-07-02 07:46:00","Dealer","Kannada","CUST-44141","Warehouse Operator","Coimbatore","Tamil Nadu","Commercial","Fan Coil Unit FCU-200","Credit Card","No","Not Requested","Shadowfax","1","In Progress","300","48","Yes","2","iPhone","4.1.2","2"
"CMP-2023-000362","Smell of refrigerant inside the machine room. Possible gas leak. Evacuation precaution taken. Please send certified technician.","2024-05-13 20:04:00","Web Portal","Hindi","CUST-65038","Cold Storage Operator","Vadodara","Gujarat","Refrigeration","Condensing Unit CR-5HP","Net Banking","Yes","Pending","Delhivery","0","In Progress","90","120","No","1","Tablet","5.1.3","0"
"CMP-2023-000363","Heat rejection from outdoor units is excessive. Adjacent areas are getting very hot. Ventilation design issue or unit fault? Need resolution within 24 hours.","2025-02-18 04:13:00","Walk-in","English","CUST-38437","Supermarket","Vadodara","Gujarat","Light Commercial","Ducted 40RUQ","Debit Card","No","Not Requested","Delhivery","10","Closed","360","24","Yes","5","Windows Tablet","5.1.3","3"
"CMP-2024-000364","Warranty document says 5 years comprehensive. Your service team is claiming 1 year. Please clarify and honour the warranty.","2024-08-20 18:19:00","WhatsApp","English","CUST-73941","Pharma Company","Aurangabad","Maharashtra","Refrigeration","Evaporator Unit EU-5000","NEFT","Yes","Under Review","DTDC","25","Pending Parts","25","720","No","5","Windows Tablet","3.2.1","1"
"CMP-2023-000365","Compressor overheating alarm triggered 4 times today. Auto shutdown occurring every 2 hours. Entire cold storage at risk.","2023-07-04 10:27:00","WhatsApp","English","CUST-42154","Office Admin","Indore","Madhya Pradesh","Air Purifiers","Air One AO-100","Net Banking","Yes","Pending","Blue Dart","15","Open","15","96","No","1","Tablet","4.2.0","2"
"CMP-2025-000366","Gas leakage from the indoor unit. There is an oily stain near copper pipe joints. Very concerning.","2024-08-10 20:26:00","SMS","Telugu","CUST-67043","Facility Team","Vadodara","Gujarat","Light Commercial","Ducted 40RUQ","Credit Card","No","Not Requested","Mahindra Logistics","0","Closed","240","6","Yes","1","iPhone","2.9.8","4"
"CMP-2025-000367","Freezer unit stopped working last night. Fish stock worth Rs 3 lakh completely spoiled. Carrier will be held responsible.","2024-02-17 01:57:00","Social Media","Hinglish","CUST-15127","Facility Team","Madurai","Tamil Nadu","Commercial","Air Handler AHU-5000","Cash","Yes","Processed","Amazon Logistics","10","Pending Customer","30","120","No","1","Tablet","4.2.0","0"
"CMP-2025-000368","Compressor seized. Cold room temperature rising. We have Rs 15 lakh worth of pharmaceutical stock inside. URGENT. Escalating to consumer forum if not resolved by tomorrow.","2023-02-18 00:08:00","Phone","English","CUST-67105","Restaurant Owner","Surat","Gujarat","Commercial","Fan Coil Unit FCU-400","RTGS","No","Not Requested","Blue Dart","0","Closed","60","2","Yes","1","Desktop","3.2.1","2"
"CMP-2024-000369","Support agent was dismissive and rude. Did not let me complete my complaint. Terrible customer experience. Will share on social media if no action.","2023-06-01 18:56:00","Dealer","Hindi","CUST-68560","Hotel","Ghaziabad","Uttar Pradesh","Light Commercial","Floor Standing 42NQ","Cash","Yes","Rejected","Mahindra Logistics","7","In Progress","45","72","No","1","Desktop","5.1.3","2"
"CMP-2025-000370","Commissioning not done properly. Unit was just switched on and technician left. No testing, no parameter setting. Please don't just close the ticket without solving the issue.","2025-04-18 12:12:00","Service Center","English","CUST-54623","Industrial Facility","Raipur","Chhattisgarh","Air Purifiers","Air One AO-100","Cash","No","Not Requested","Delhivery","1","In Progress","15","36","No","1","Laptop","2.9.8","0"
"CMP-2023-000371","Freezer unit stopped working last night. Fish stock worth Rs 3 lakh completely spoiled. Carrier will be held responsible. Please don't just close the ticket without solving the issue.","2023-04-20 23:07:00","Web Portal","English","CUST-70404","Retail Store","Coimbatore","Tamil Nadu","Commercial","Controls EcoAdvance","EMI","No","Not Requested","Carrier Own Fleet","10","In Progress","720","4","No","2","iPhone","3.3.5","6"
"CMP-2025-000372","Unit delivered without accessories. Remote, drain pipes, all missing. Had to chase dealer for 1 week. Third time raising this complaint.","2023-07-18 09:12:00","Dealer","English","CUST-87863","HVAC Contractor","Ghaziabad","Uttar Pradesh","Refrigeration","Evaporator Unit EU-3000","Cheque","Yes","Partially Processed","Blue Dart","7","In Progress","30","6","Yes","1","Tablet","4.1.2","2"
"CMP-2023-000373","Waiting for spare parts for 35 days. Technician has identified fault. Parts stuck in warehouse apparently. No timeline given. This is absolutely ridiculous!!!","2024-05-22 06:10:00","Web Portal","English","CUST-93479","Maintenance Manager","Vijayawada","Andhra Pradesh","Air Purifiers","OptiClean OC-800","Credit Card","Yes","Approved","Rivigo","0","Closed","240","168","No","2","Desktop","2.8.5","0"
"CMP-2023-000374","The app freezes on the scheduling screen. Cannot set timings remotely anymore. Very inconvenient. This is absolutely ridiculous!!!","2023-03-20 05:43:00","Email","Hinglish","CUST-56156","IT Park","Raipur","Chhattisgarh","Commercial","Controls EcoAdvance","UPI","No","Not Requested","DTDC","0","Open","1440","72","No","3","Tablet","5.1.3","1"
"CMP-2023-000375","Water dripping from the indoor unit directly onto our workstations. Urgent issue. Data could be damaged. This is absolutely ridiculous!!!","2024-01-09 14:00:00","Walk-in","English","CUST-53743","Mall Operator","Bhubaneswar","Odisha","Refrigeration","Modular Cold Room MCR-25","NEFT","No","Not Requested","Rivigo","0","Resolved","240","36","No","2","Desktop","5.0.0","0"
"CMP-2023-000376","I am a loyal Carrier customer since 2015. Never faced such repeated breakdowns. Something is wrong with this new model batch. Please don't just close the ticket without solving the issue.","2024-06-23 05:16:00","SMS","English","CUST-53410","Cold Storage Operator","Raipur","Chhattisgarh","Refrigeration","Inverter Condensing Unit ICU-5","NEFT","No","Not Requested","Blue Dart","1","Pending Customer","120","48","Yes","2","iPad","5.0.0","5"
"CMP-2024-000377","Water dripping from the indoor unit directly onto our workstations. Urgent issue. Data could be damaged. Please resolve on priority.","2023-11-07 15:18:00","Phone","English","CUST-12043","Food Processing Unit","Bengaluru","Karnataka","Light Commercial","Carrier VRF X Power 38VYX","Purchase Order","Yes","Pending","Mahindra Logistics","12","Open","240","120","No","1","Android Phone","4.1.2","1"
"CMP-2024-000378","Rattling noise from FCU started after technician visited. Did they tighten something wrongly?","2023-10-25 07:02:00","Service Center","English","CUST-42601","Cold Storage Operator","Varanasi","Uttar Pradesh","Refrigeration","Modular Cold Room MCR-25","NEFT","Yes","Under Review","Amazon Logistics","3","Pending Parts","10","96","No","5","iPhone","2.8.5","1"
"CMP-2024-000379","Scheduling feature on the controller stopped working after firmware update. Timings are not being followed. Please resolve on priority.","2024-01-20 13:06:00","WhatsApp","Hinglish","CUST-67920","Facility Team","Howrah","West Bengal","Air Purifiers","Air One AO-200","RTGS","No","Not Requested","Mahindra Logistics","30","Pending Parts","300","1","Yes","1","iPad","4.3.1","0"
"CMP-2023-000380","Support team gave me wrong information. Said parts available, technician confirmed they are not. Someone is lying. 😡 Very frustrated.","2023-02-24 12:08:00","Dealer","Hindi","CUST-10780","Food Processing Unit","Ranchi","Jharkhand","Refrigeration","Modular Cold Room MCR-10","Debit Card","Yes","Rejected","XpressBees","1","Pending Customer","2880","6","No","4","Tablet","5.0.0","4"
"CMP-2023-000381","The drain pan is overflowing. Unit installed 6 months ago and this is the 3rd time this is happening. Poor installation quality suspected. Escalating to consumer forum if not resolved by tomorrow.","2024-11-22 20:54:00","WhatsApp","English","CUST-92344","Maintenance Manager","Noida","Uttar Pradesh","Commercial","Controls EcoAdvance","Purchase Order","No","Not Requested","Ekart","1","In Progress","5","8","Yes","2","Tablet","3.2.1","2"
"CMP-2023-000382","Water leak from ceiling mounted cassette unit. Staining the false ceiling and dripping on expensive equipment below. Under warranty. Do not charge us.","2023-07-08 07:53:00","Social Media","English","CUST-90315","Food Processing Unit","Tiruchirappalli","Tamil Nadu","Commercial","Heat Pump 30RQV","Net Banking","No","Not Requested","Blue Dart","3","Resolved","120","72","No","2","Tablet","5.2.1","2"
"CMP-2023-000383","Warranty document says 5 years comprehensive. Your service team is claiming 1 year. Please clarify and honour the warranty. We have a big client visit next week. Please prioritize.","2024-12-15 03:29:00","Dealer","English","CUST-29420","Supermarket","Kochi","Kerala","Refrigeration","Modular Cold Room MCR-25","Purchase Order","No","Not Requested","Blue Dart","12","Open","5","24","No","1","Laptop","3.1.0","5"
"CMP-2023-000384","AMC coverage says parts are included but technician is asking us to pay for capacitor. Conflict with contract terms. Need resolution within 24 hours.","2024-02-04 16:04:00","WhatsApp","Hindi","CUST-29844","Commercial Building Operator","Madurai","Tamil Nadu","Air Purifiers","Air One AO-200","Net Banking","Yes","Partially Processed","Amazon Logistics","25","In Progress","120","24","No","1","Laptop","2.9.8","1"
"CMP-2025-000385","Heat rejection from outdoor units is excessive. Adjacent areas are getting very hot. Ventilation design issue or unit fault? We have a big client visit next week. Please prioritize.","2023-03-11 01:01:00","WhatsApp","English","CUST-22653","Hotel","Allahabad","Uttar Pradesh","Refrigeration","Inverter Condensing Unit ICU-10","UPI","No","Not Requested","Ekart","1","Resolved","20","168","No","2","Android Phone","3.1.0","2"
"CMP-2023-000386","Compressor trip ho raha hai bar bar. Error code E05 aa raha hai display mein. Kya karna chahiye? We have a big client visit next week. Please prioritize.","2023-05-17 20:36:00","Social Media","English","CUST-35653","HVAC Contractor","Allahabad","Uttar Pradesh","Refrigeration","Supermarket Ref SMR-MultiDeck","NEFT","No","Not Requested","Ekart","3","Pending Parts","120","0","No","3","Android Phone","2.9.8","0"
"CMP-2025-000387","Condensate drain is blocked. Water overflowing inside the unit and dropping on floor. Health hazard. Will share on social media if no action.","2023-07-09 21:46:00","SMS","Hinglish","CUST-75034","Industrial Facility","Indore","Madhya Pradesh","Refrigeration","Evaporator Unit EU-3000","RTGS","Yes","Under Review","Rivigo","2","In Progress","300","240","No","1","iPad","3.2.1","0"
"CMP-2023-000388","Unit goes into protection mode due to high discharge temperature. Error E12 visible on panel. Ambient temp is 42C but unit is rated for 50C.","2023-08-18 09:59:00","Mobile App","English","CUST-56911","Office Admin","Surat","Gujarat","Air Purifiers","Klarwind KW-500","EMI","No","Not Requested","Ekart","1","Closed","180","48","Yes","4","Windows Tablet","3.2.1","0"
"CMP-2024-000389","Pipe insulation not done properly. Condensation forming on pipes and dripping. Basic installation mistake. Highly disappointed.","2024-07-14 23:21:00","SMS","English","CUST-40882","IT Park","Hyderabad","Telangana","Commercial","Chiller AquaEdge 19DV","Debit Card","No","Not Requested","Shadowfax","0","Re-opened","15","48","No","1","Android Phone","3.1.0","0"
"CMP-2025-000390","Technician suggested we buy a new unit. But this unit is only 14 months old!! Under warranty. Will escalate legally if needed. Highly disappointed.","2024-07-01 19:55:00","Dealer","Hindi","CUST-99600","Supermarket","Jabalpur","Madhya Pradesh","Refrigeration","Modular Cold Room MCR-10","Cheque","No","Not Requested","Delhivery","30","Pending Parts","720","8","Yes","1","Android Phone","2.9.8","5"
"CMP-2024-000391","Installation team came, looked at the site, and left saying they need special equipment. No one has returned since. 10 days now. Third time raising this complaint.","2025-02-04 17:36:00","Email","English","CUST-42757","Warehouse Operator","Hyderabad","Telangana","Commercial","Fan Coil Unit FCU-200","Cash","No","Not Requested","Amazon Logistics","0","Pending Customer","120","48","No","3","Desktop","3.3.5","6"
"CMP-2024-000392","Water dripping from the indoor unit directly onto our workstations. Urgent issue. Data could be damaged. 😡 Very frustrated.","2024-01-11 17:18:00","SMS","English","CUST-79054","HVAC Contractor","Vadodara","Gujarat","Commercial","Air Handler AHU-3000","RTGS","No","Not Requested","Shadowfax","0","Closed","10","24","No","3","iPhone","4.1.2","2"
"CMP-2023-000393","Pani tapat raha hai AC se. Below mein customer seating area hai. Please immediately send someone.","2023-10-04 08:37:00","Dealer","English","CUST-21074","Warehouse Operator","Coimbatore","Tamil Nadu","Refrigeration","Screw Compressor Rack SR-50","Credit Card","No","Not Requested","FedEx","0","Open","30","24","No","2","Windows Tablet","4.3.1","2"
"CMP-2023-000394","The outdoor unit is making a horrible grinding noise especially at night. Neighbours are complaining.","2023-12-16 23:53:00","Chat Support","English","CUST-66039","Warehouse Operator","Ahmedabad","Gujarat","Refrigeration","Supermarket Ref SMR-Island","NEFT","No","Not Requested","Mahindra Logistics","30","Closed","20","168","No","3","iPhone","3.1.0","2"
"CMP-2025-000395","Requested refund on 3rd April. Today is 14th May. Still no credit to my account. Nobody is answering properly. This is absolutely ridiculous!!!","2024-01-06 08:42:00","Mobile App","Hindi","CUST-89691","Supermarket","Pune","Maharashtra","Air Purifiers","OptiClean OC-400","RTGS","Yes","Approved","Mahindra Logistics","0","Open","300","1","No","1","Desktop","5.0.0","2"
"CMP-2023-000396","Unit delivered with dents on the casing. Outer packaging also damaged. Looks like it was mishandled during transit. Please resolve on priority.","2023-09-22 08:16:00","Service Center","English","CUST-39808","Retail Store","Lucknow","Uttar Pradesh","Commercial","Fan Coil Unit FCU-400","Debit Card","No","Not Requested","Blue Dart","3","Re-opened","1440","96","Yes","4","Windows Tablet","4.0.0","0"
"CMP-2025-000397","You cancelled my order but refund not yet processed. It has been 18 days. UPI payment should be instant. What is happening?","2024-06-03 14:07:00","Social Media","English","CUST-41061","Industrial Facility","Vadodara","Gujarat","Air Purifiers","OptiClean OC-800","Cheque","Yes","Partially Processed","FedEx","12","Resolved","5","96","Yes","5","Desktop","4.3.1","5"
"CMP-2024-000398","Rattling noise from FCU started after technician visited. Did they tighten something wrongly?","2024-09-15 06:51:00","Walk-in","Hinglish","CUST-76608","Bank Branch","Vijayawada","Andhra Pradesh","Air Purifiers","Klarwind KW-300","Cheque","No","Not Requested","Blue Dart","2","Pending Parts","30","24","Yes","1","iPhone","2.9.8","0"
"CMP-2025-000399","Refrigerant pipes run visibly through office wall without proper ducting. Installation is ugly and not as agreed. Need resolution within 24 hours.","2024-03-27 10:17:00","Web Portal","Hinglish","CUST-48412","Restaurant Owner","Agra","Uttar Pradesh","Light Commercial","Carrier VRF X Power 40VYX","UPI","No","Not Requested","Carrier Own Fleet","1","Escalated","300","240","No","1","Desktop","5.1.3","0"
"CMP-2023-000400","Supermarket display cases temperature alarm triggering 3-4 times per day. Staff constantly resetting. Major issue. Escalating to consumer forum if not resolved by tomorrow.","2025-03-06 13:43:00","Chat Support","Hindi","CUST-28106","Data Centre","Visakhapatnam","Andhra Pradesh","Air Purifiers","Air One AO-100","RTGS","Yes","Pending","FedEx","30","Resolved","1440","504","No","3","iPhone","5.0.0","0"
"CMP-2023-000401","Water leak from ceiling mounted cassette unit. Staining the false ceiling and dripping on expensive equipment below. Please resolve on priority.","2023-03-16 04:32:00","Social Media","English","CUST-65359","Commercial Building Operator","Jaipur","Rajasthan","Refrigeration","Supermarket Ref SMR-Island","EMI","No","Not Requested","Amazon Logistics","1","Pending Customer","120","96","Yes","1","Tablet","3.2.1","0"
"CMP-2023-000402","Cold room not reaching setpoint of -18C. Best we get is -12C. Compressor running 100% time. Possible refrigerant undercharge. Need resolution within 24 hours.","2023-03-27 04:57:00","Email","Hinglish","CUST-87732","Commercial Building Operator","Mysuru","Karnataka","Refrigeration","Screw Compressor Rack SR-20","RTGS","No","Not Requested","Delhivery","1","Closed","30","6","No","4","Laptop","4.2.0","0"
"CMP-2025-000403","Heat rejection from outdoor units is excessive. Adjacent areas are getting very hot. Ventilation design issue or unit fault?","2023-02-12 23:56:00","Web Portal","English","CUST-78044","HVAC Contractor","Jodhpur","Rajasthan","Air Purifiers","Klarwind KW-500","RTGS","Yes","Approved","DTDC","12","Closed","360","336","No","2","Desktop","4.1.2","0"
"CMP-2023-000404","Refund approved by your team on email. Bank account details submitted. Still no transfer after 3 weeks. Please check. Highly disappointed.","2023-01-07 15:53:00","Email","English","CUST-36626","Maintenance Manager","Jodhpur","Rajasthan","Refrigeration","Supermarket Ref SMR-Island","Cash","No","Not Requested","Delhivery","0","Closed","12","168","No","2","Laptop","4.3.1","0"
"CMP-2024-000405","AC gas leaking. Technician came 10 days ago and topped up. Same problem again. Are they not fixing root cause?? Need resolution within 24 hours.","2023-12-10 08:29:00","SMS","Telugu","CUST-77219","Office Admin","Vijayawada","Andhra Pradesh","Air Purifiers","Klarwind KW-500","Cheque","Yes","Partially Processed","Rivigo","15","Escalated","120","0","No","1","Windows Tablet","2.8.5","0"
"CMP-2023-000406","EcoAdvance controller crashing randomly. Display goes blank. Restarts after 10-15 mins. Very disruptive for our hotel operations. Under warranty. Do not charge us.","2023-10-17 04:12:00","SMS","English","CUST-77673","Industrial Facility","Mumbai","Maharashtra","Refrigeration","Modular Cold Room MCR-25","Cash","No","Not Requested","Shadowfax","5","Resolved","8","240","No","4","Tablet","4.3.1","2"
"CMP-2025-000407","Cold room not reaching setpoint of -18C. Best we get is -12C. Compressor running 100% time. Possible refrigerant undercharge. Complaint ID from last time: 82434776","2024-07-10 15:18:00","Phone","English","CUST-24728","Maintenance Manager","Rajkot","Gujarat","Refrigeration","Inverter Condensing Unit ICU-10","UPI","No","Not Requested","FedEx","1","Resolved","300","96","No","2","Desktop","5.2.1","6"
"CMP-2025-000408","Scheduling feature on the controller stopped working after firmware update. Timings are not being followed. Highly disappointed.","2025-03-12 13:03:00","Social Media","Kannada","CUST-52361","HVAC Contractor","Mysuru","Karnataka","Air Purifiers","Air One AO-200","Cheque","No","Not Requested","FedEx","25","Closed","8","48","No","3","Desktop","2.8.5","0"
"CMP-2024-000409","AMC coverage says parts are included but technician is asking us to pay for capacitor. Conflict with contract terms. Will share on social media if no action.","2023-05-13 19:34:00","Email","Tamil","CUST-12767","Cold Storage Operator","Kolkata","West Bengal","Air Purifiers","Air One AO-100","EMI","Yes","Partially Processed","Blue Dart","1","Escalated","120","0","No","2","iPad","5.1.3","6"
"CMP-2025-000410","Service engineer came without tools. Wasted our time. Came again next day with wrong parts. Still not fixed.","2023-01-21 16:06:00","Social Media","English","CUST-73556","Warehouse Operator","Surat","Gujarat","Air Purifiers","Air One AO-100","Credit Card","No","Not Requested","XpressBees","7","Open","45","6","No","1","Windows Tablet","4.3.1","1"
"CMP-2025-000411","Requested refund on 3rd April. Today is 14th May. Still no credit to my account. Nobody is answering properly.","2023-04-08 23:37:00","Dealer","English","CUST-89389","Maintenance Manager","Vadodara","Gujarat","Refrigeration","Evaporator Unit EU-3000","Credit Card","Yes","Rejected","Mahindra Logistics","5","In Progress","45","24","Yes","2","Laptop","4.1.2","0"
"CMP-2023-000412","Called for emergency service. Was told technician will come in 4 hours. Waited 11 hours. No show.","2024-05-23 23:25:00","Walk-in","Kannada","CUST-81641","Hotel","Aurangabad","Maharashtra","Light Commercial","Cassette 42UFC","Cheque","No","Not Requested","Mahindra Logistics","20","Re-opened","1440","6","No","4","Desktop","3.3.5","0"
"CMP-2023-000413","Capacitor replaced 3 weeks ago. Failed again. Is this a genuine Carrier part or counterfeit? Demanding certificate of authenticity. Under warranty. Do not charge us.","2024-06-19 23:53:00","Chat Support","Kannada","CUST-40465","Warehouse Operator","Bhubaneswar","Odisha","Refrigeration","Inverter Condensing Unit ICU-5","Cheque","Yes","Partially Processed","Carrier Own Fleet","2","Open","90","168","Yes","1","Laptop","3.1.0","2"
"CMP-2025-000414","Installation scheduled 4 times. Cancelled 4 times by Carrier. We are a hospital. Patients are suffering. Please treat this as highest priority. Need resolution within 24 hours.","2024-07-22 23:46:00","Phone","English","CUST-65797","Office Admin","Faridabad","Haryana","Light Commercial","Cassette 42UFC","Net Banking","No","Not Requested","DTDC","3","Escalated","300","6","Yes","2","Laptop","3.3.5","0"
"CMP-2024-000415","Controller mein kuch bhi set karo, unit apna mann se kaam karta hai. Kya issue hai? This is absolutely ridiculous!!!","2024-06-19 10:39:00","Walk-in","Hinglish","CUST-95225","Retail Store","Lucknow","Uttar Pradesh","Air Purifiers","OptiClean OC-400","UPI","No","Not Requested","Carrier Own Fleet","1","Closed","360","336","No","4","Windows Tablet","5.2.1","1"
"CMP-2023-000416","Heat rejection from outdoor units is excessive. Adjacent areas are getting very hot. Ventilation design issue or unit fault?","2023-11-16 22:12:00","Web Portal","Hindi","CUST-22300","Educational Institution","Amritsar","Punjab","Air Purifiers","Klarwind KW-500","Credit Card","No","Not Requested","Mahindra Logistics","3","In Progress","120","24","Yes","3","Desktop","2.8.5","0"
"CMP-2023-000417","You cancelled my order but refund not yet processed. It has been 18 days. UPI payment should be instant. What is happening? Highly disappointed.","2023-03-21 18:09:00","Phone","Tamil","CUST-38369","HVAC Contractor","Kanpur","Uttar Pradesh","Air Purifiers","OptiClean OC-400","Debit Card","No","Not Requested","Rivigo","25","Pending Customer","1440","720","Yes","4","iPad","5.2.1","0"
"CMP-2023-000418","Carrier mobile app crashes every time I try to view energy reports. Android 13, latest app version.","2023-11-28 02:57:00","Email","English","CUST-77070","Food Processing Unit","Varanasi","Uttar Pradesh","Refrigeration","Inverter Condensing Unit ICU-10","NEFT","No","Not Requested","DTDC","7","Pending Parts","180","168","No","2","Desktop","4.1.2","0"
"CMP-2024-000419","Outdoor unit is extremely hot to touch. Fan seems to be running slowly. Is this a condenser issue? Under warranty. Do not charge us.","2024-12-12 08:43:00","Phone","Hinglish","CUST-67070","Commercial Building Operator","Kanpur","Uttar Pradesh","Commercial","Chiller AquaEdge 19DV","Cash","No","Not Requested","Carrier Own Fleet","30","Escalated","2880","0","No","1","Desktop","3.3.5","0"
"CMP-2023-000420","Emergency call under AMC. Was told 'our team will come today'. No one came. Called again next day. Same promise. Third day still waiting. This is absolutely ridiculous!!!","2024-05-29 00:38:00","Mobile App","English","CUST-94832","HVAC Contractor","Madurai","Tamil Nadu","Refrigeration","Screw Compressor Rack SR-20","Credit Card","No","Not Requested","Amazon Logistics","10","Open","1440","1","No","2","Tablet","2.8.5","1"
"CMP-2024-000421","App update 5.1.3 broke everything. Before update all features worked fine. Please rollback or fix.","2023-03-26 13:53:00","Phone","English","CUST-68114","Warehouse Operator","Vadodara","Gujarat","Commercial","Controls i-Vu Open","NEFT","No","Not Requested","XpressBees","0","Pending Customer","120","72","No","4","Windows Tablet","3.3.5","5"
"CMP-2025-000422","No cooling. Hotel guests are complaining loudly. This is peak summer season. You are ruining our reputation. Fix this NOW. Please resolve on priority.","2024-03-30 01:17:00","Chat Support","English","CUST-76252","Pharma Company","Kanpur","Uttar Pradesh","Commercial","Chiller 30XW-V","NEFT","No","Not Requested","Carrier Own Fleet","1","Pending Customer","300","720","No","1","Tablet","5.0.0","0"
"CMP-2023-000423","AC gas leaking. Technician came 10 days ago and topped up. Same problem again. Are they not fixing root cause?? Complaint ID from last time: 12590203","2024-04-16 02:56:00","Web Portal","English","CUST-99245","Industrial Facility","Gurugram","Haryana","Light Commercial","Carrier VRF X Power 38VYX","Credit Card","No","Not Requested","Amazon Logistics","3","Closed","15","720","No","2","iPhone","4.0.0","2"
"CMP-2023-000424","The app freezes on the scheduling screen. Cannot set timings remotely anymore. Very inconvenient. Complaint ID from last time: 47417595","2025-03-01 20:33:00","Service Center","Hindi","CUST-32344","Warehouse Operator","Raipur","Chhattisgarh","Refrigeration","Condensing Unit CR-5HP","EMI","No","Not Requested","Ekart","30","Pending Customer","5","72","No","4","iPhone","4.2.0","0"
"CMP-2025-000425","Requested refund on 3rd April. Today is 14th May. Still no credit to my account. Nobody is answering properly. Need resolution within 24 hours.","2024-11-05 20:11:00","Service Center","English","CUST-71242","Bank Branch","Vadodara","Gujarat","Air Purifiers","OptiClean OC-400","Cheque","No","Not Requested","Shadowfax","0","Pending Customer","15","6","No","5","iPad","3.1.0","1"
"CMP-2024-000426","Compressor failure within 18 months. Manufacturer warranty should cover this. Do not send me to dealer. Carrier must take responsibility. Please resolve on priority.","2025-02-09 00:28:00","Chat Support","English","CUST-87801","Bank Branch","Hubballi","Karnataka","Refrigeration","Supermarket Ref SMR-Island","Cheque","No","Not Requested","Ekart","10","Pending Customer","2880","96","No","1","Desktop","3.1.0","2"
"CMP-2025-000427","Water leak from ceiling mounted cassette unit. Staining the false ceiling and dripping on expensive equipment below. Please resolve on priority.","2023-11-04 19:44:00","Social Media","English","CUST-84447","Hospital","Jaipur","Rajasthan","Air Purifiers","Klarwind KW-500","Debit Card","Yes","Approved","Carrier Own Fleet","0","Pending Parts","20","336","Yes","2","iPhone","3.3.5","3"
"CMP-2024-000428","AC gas leaking. Technician came 10 days ago and topped up. Same problem again. Are they not fixing root cause??","2024-05-03 05:22:00","Phone","Hinglish","CUST-82067","Cold Storage Operator","Hubballi","Karnataka","Light Commercial","Floor Standing 42NQ","Cheque","No","Not Requested","Ekart","1","Pending Parts","15","96","No","2","Laptop","4.2.0","3"
"CMP-2025-000429","Unit delivered without accessories. Remote, drain pipes, all missing. Had to chase dealer for 1 week. Please resolve on priority.","2025-02-25 07:23:00","Walk-in","English","CUST-75726","Supermarket","Guwahati","Assam","Refrigeration","Modular Cold Room MCR-25","UPI","No","Not Requested","Mahindra Logistics","5","Open","25","72","No","1","Desktop","4.3.1","1"
"CMP-2024-000430","Controller touchscreen unresponsive. Had to manually switch off from breaker. Need replacement. We have a big client visit next week. Please prioritize.","2024-11-29 16:53:00","Phone","English","CUST-20831","Commercial Building Operator","Mysuru","Karnataka","Commercial","Heat Pump 30RQV","Credit Card","No","Not Requested","Carrier Own Fleet","2","Pending Parts","10","336","Yes","2","Windows Tablet","2.8.5","6"
"CMP-2024-000431","Compressor overheating alarm triggered 4 times today. Auto shutdown occurring every 2 hours. Entire cold storage at risk. Will share on social media if no action.","2024-07-01 11:07:00","WhatsApp","English","CUST-79692","Cold Storage Operator","Mysuru","Karnataka","Commercial","Fan Coil Unit FCU-200","Credit Card","Yes","Partially Processed","Shadowfax","10","Escalated","480","48","No","1","Laptop","3.1.0","1"
"CMP-2024-000432","Compressor trip ho raha hai bar bar. Error code E05 aa raha hai display mein. Kya karna chahiye? Will share on social media if no action.","2024-11-22 09:49:00","Email","Hinglish","CUST-45027","Retail Store","Kochi","Kerala","Air Purifiers","Air One AO-200","Credit Card","No","Not Requested","Carrier Own Fleet","12","Open","2880","6","No","1","Tablet","5.2.1","6"
"CMP-2023-000433","Carrier mobile app crashes every time I try to view energy reports. Android 13, latest app version. Please don't just close the ticket without solving the issue.","2024-12-06 19:15:00","Social Media","Hinglish","CUST-70085","Warehouse Operator","Hyderabad","Telangana","Air Purifiers","Air One AO-100","Credit Card","No","Not Requested","Shadowfax","1","Pending Parts","480","4","No","4","Laptop","4.3.1","0"
"CMP-2023-000434","Refund pending since 3 weeks. Very disappointing experience. Will not recommend Carrier to anyone. Need resolution within 24 hours.","2024-07-06 07:44:00","Email","English","CUST-85148","IT Park","Indore","Madhya Pradesh","Refrigeration","Inverter Condensing Unit ICU-5","Net Banking","Yes","Under Review","XpressBees","0","Pending Parts","20","72","No","4","Android Phone","4.3.1","1"
"CMP-2023-000435","Delivered product has manufacturing defects. Fins are bent. Gas service port cap missing. Clearly quality check was not done. Escalating to consumer forum if not resolved by tomorrow.","2023-01-19 22:20:00","Web Portal","English","CUST-90135","Maintenance Manager","Noida","Uttar Pradesh","Refrigeration","Evaporator Unit EU-5000","Cheque","No","Not Requested","Shadowfax","15","Pending Parts","360","0","Yes","4","Desktop","4.2.0","5"
"CMP-2024-000436","Scheduling feature on the controller stopped working after firmware update. Timings are not being followed.","2024-10-08 15:35:00","Walk-in","English","CUST-37204","Mall Operator","Nashik","Maharashtra","Air Purifiers","Air One AO-100","RTGS","No","Not Requested","XpressBees","0","Open","15","48","Yes","2","Tablet","4.2.0","0"
"CMP-2024-000437","Cooling performance dropped drastically. Was giving 18C earlier, now barely reaching 26C even at full blast. Something is wrong.","2023-04-10 12:13:00","Web Portal","English","CUST-84808","Maintenance Manager","Kanpur","Uttar Pradesh","Light Commercial","Floor Standing 42CF","EMI","No","Not Requested","Carrier Own Fleet","5","Pending Parts","2880","48","No","5","Windows Tablet","3.2.1","4"
"CMP-2025-000438","Spare part availability is very poor for older models. Our unit is only 4 years old and parts are already out of stock?? We have a big client visit next week. Please prioritize.","2023-10-23 00:34:00","Walk-in","Kannada","CUST-70820","Retail Store","Mysuru","Karnataka","Commercial","Heat Pump 30RQV","Purchase Order","No","Not Requested","FedEx","30","Pending Parts","25","24","Yes","1","iPhone","3.3.5","0"
"CMP-2023-000439","Nobody from service team is responding. Emails bouncing. Phone numbers not working. Is Carrier shutting down?","2024-01-15 00:47:00","Chat Support","Hindi","CUST-61031","Educational Institution","Howrah","West Bengal","Light Commercial","Ducted 40MAQ","Cash","Yes","Partially Processed","Ekart","3","Re-opened","15","24","No","2","Desktop","3.2.1","0"
"CMP-2023-000440","I am a loyal Carrier customer since 2015. Never faced such repeated breakdowns. Something is wrong with this new model batch.","2025-04-02 19:53:00","Walk-in","English","CUST-42094","Food Processing Unit","Noida","Uttar Pradesh","Commercial","Air Handler AHU-3000","Credit Card","No","Not Requested","XpressBees","30","Re-opened","240","168","Yes","2","Desktop","5.2.1","2"
"CMP-2023-000441","I was promised callback in 2 hours. No call came. This has happened twice. Zero accountability. Complaint ID from last time: 80770460","2024-02-14 22:59:00","Social Media","Hindi","CUST-95148","Food Processing Unit","Varanasi","Uttar Pradesh","Commercial","Air Handler AHU-5000","Net Banking","Yes","Under Review","DTDC","3","Pending Customer","240","72","No","2","iPhone","5.0.0","1"
"CMP-2024-000442","Pani tapat raha hai AC se. Below mein customer seating area hai. Please immediately send someone. Will share on social media if no action.","2025-03-17 14:44:00","Mobile App","Hinglish","CUST-46083","Data Centre","Bengaluru","Karnataka","Light Commercial","Ducted 40MAQ","EMI","Yes","Pending","Ekart","20","Pending Customer","15","72","No","2","Tablet","2.8.5","3"
"CMP-2024-000443","Emergency call under AMC. Was told 'our team will come today'. No one came. Called again next day. Same promise. Third day still waiting.","2023-08-05 18:19:00","WhatsApp","Hinglish","CUST-11581","HVAC Contractor","Nashik","Maharashtra","Refrigeration","Screw Compressor Rack SR-50","Purchase Order","No","Not Requested","Carrier Own Fleet","2","Pending Customer","480","120","No","2","Windows Tablet","3.3.5","0"
"CMP-2024-000444","App update 5.1.3 broke everything. Before update all features worked fine. Please rollback or fix.","2023-10-12 19:49:00","Phone","Hindi","CUST-35813","Commercial Building Operator","Allahabad","Uttar Pradesh","Refrigeration","Evaporator Unit EU-5000","Credit Card","No","Not Requested","Rivigo","7","Escalated","120","72","Yes","1","Windows Tablet","3.2.1","4"
"CMP-2025-000445","R410A leak suspected. Cooling efficiency dropped suddenly and compressor running continuously. Please send someone today. Escalating to consumer forum if not resolved by tomorrow.","2023-09-08 08:51:00","WhatsApp","Hindi","CUST-95302","Restaurant Owner","Thane","Maharashtra","Refrigeration","Condensing Unit CR-5HP","Credit Card","No","Not Requested","Amazon Logistics","2","Closed","10","24","No","1","iPhone","5.1.3","3"
"CMP-2023-000446","We paid full amount in advance for installation. 3 weeks passed, no installation team. This is beyond frustrating. Will share on social media if no action.","2025-03-19 20:04:00","Web Portal","Hinglish","CUST-25257","Food Processing Unit","Kolkata","West Bengal","Refrigeration","Condensing Unit CR-10HP","Debit Card","No","Not Requested","Shadowfax","5","Re-opened","60","720","Yes","5","Laptop","3.2.1","1"
"CMP-2025-000447","Installation scheduled 4 times. Cancelled 4 times by Carrier. We are a hospital. Patients are suffering. Please treat this as highest priority. Please resolve on priority.","2023-12-03 16:30:00","Social Media","English","CUST-94578","Maintenance Manager","Visakhapatnam","Andhra Pradesh","Light Commercial","Carrier VRF X Power 40VYX","NEFT","No","Not Requested","Rivigo","1","Closed","5","336","Yes","2","Laptop","3.1.0","4"
"CMP-2025-000448","Warranty document says 5 years comprehensive. Your service team is claiming 1 year. Please clarify and honour the warranty. Please resolve on priority.","2023-07-18 03:48:00","Web Portal","English","CUST-50265","Mall Operator","Patna","Bihar","Air Purifiers","OptiClean OC-400","Cash","Yes","Partially Processed","Amazon Logistics","5","Resolved","90","12","No","1","iPad","3.3.5","1"
"CMP-2025-000449","The app freezes on the scheduling screen. Cannot set timings remotely anymore. Very inconvenient. 😡 Very frustrated.","2024-01-15 04:19:00","Walk-in","Tamil","CUST-56390","Facility Team","Aurangabad","Maharashtra","Air Purifiers","Air One AO-200","Purchase Order","No","Not Requested","FedEx","0","Pending Parts","8","240","No","2","Laptop","4.1.2","0"
"CMP-2025-000450","We paid full amount in advance for installation. 3 weeks passed, no installation team. This is beyond frustrating. Highly disappointed.","2025-03-27 06:39:00","Social Media","English","CUST-45908","Hotel","Hyderabad","Telangana","Light Commercial","Ducted 40MAQ","RTGS","No","Not Requested","Mahindra Logistics","0","Open","30","72","No","2","iPhone","4.1.2","6"
"CMP-2023-000451","Water dripping from the indoor unit directly onto our workstations. Urgent issue. Data could be damaged.","2025-02-06 02:20:00","Dealer","English","CUST-29715","Bank Branch","Patna","Bihar","Light Commercial","Cassette 42UFS","Cash","No","Not Requested","Carrier Own Fleet","2","Closed","720","0","No","4","Windows Tablet","3.1.0","1"
"CMP-2023-000452","Power factor of the unit is poor. Our electrical load increased significantly after Carrier system was installed. Will share on social media if no action.","2023-07-23 21:45:00","Mobile App","English","CUST-89117","Supermarket","Jaipur","Rajasthan","Commercial","Heat Pump 30RQV","Cheque","No","Not Requested","Mahindra Logistics","0","Open","480","120","Yes","5","Laptop","3.1.0","0"
"CMP-2024-000453","Spare part availability is very poor for older models. Our unit is only 4 years old and parts are already out of stock??","2024-06-28 05:51:00","Social Media","English","CUST-85225","Food Processing Unit","Guwahati","Assam","Light Commercial","Cassette 42UFS","Cheque","Yes","Processed","Mahindra Logistics","2","Pending Customer","10","12","No","5","Desktop","5.0.0","0"
"CMP-2025-000454","Unit delivered with dents on the casing. Outer packaging also damaged. Looks like it was mishandled during transit. Escalating to consumer forum if not resolved by tomorrow.","2023-11-27 13:09:00","Mobile App","English","CUST-86595","Facility Team","Chandigarh","Punjab","Refrigeration","Supermarket Ref SMR-MultiDeck","UPI","No","Not Requested","Carrier Own Fleet","2","Escalated","30","8","No","4","iPhone","3.2.1","0"
"CMP-2025-000455","Support agent was dismissive and rude. Did not let me complete my complaint. Terrible customer experience. Highly disappointed.","2023-07-26 09:10:00","Dealer","English","CUST-40537","Industrial Facility","Bhubaneswar","Odisha","Air Purifiers","Klarwind KW-500","Net Banking","No","Not Requested","DTDC","25","Open","300","24","No","1","Laptop","5.0.0","6"
"CMP-2023-000456","Our factory expansion was delayed because Carrier could not install the HVAC on time. We are losing lakhs daily. Where is the accountability? Please resolve on priority.","2025-02-13 06:07:00","Service Center","Telugu","CUST-89278","Commercial Building Operator","Gurugram","Haryana","Air Purifiers","Air One AO-200","UPI","No","Not Requested","DTDC","1","Pending Customer","360","48","Yes","2","Laptop","3.1.0","0"
"CMP-2024-000457","Indoor unit delivered but outdoor unit still not received after 3 weeks. How do you expect us to use half a system?","2024-10-28 20:51:00","Dealer","Hinglish","CUST-12077","HVAC Contractor","Noida","Uttar Pradesh","Air Purifiers","Klarwind KW-500","Net Banking","No","Not Requested","Delhivery","0","Resolved","480","8","No","2","iPad","3.1.0","0"
"CMP-2025-000458","Installation team came, looked at the site, and left saying they need special equipment. No one has returned since. 10 days now.","2025-01-29 21:11:00","Walk-in","English","CUST-31282","Supermarket","Allahabad","Uttar Pradesh","Light Commercial","Carrier VRF X Power 38VYX","Cheque","No","Not Requested","Carrier Own Fleet","10","Pending Customer","5","1","No","1","Laptop","3.1.0","1"
"CMP-2024-000459","Compressor seized. Cold room temperature rising. We have Rs 15 lakh worth of pharmaceutical stock inside. URGENT.","2024-03-05 02:07:00","Service Center","English","CUST-64404","Educational Institution","Aurangabad","Maharashtra","Light Commercial","Cassette 42UFC","NEFT","No","Not Requested","Mahindra Logistics","10","Resolved","90","72","Yes","5","Tablet","2.8.5","0"
"CMP-2024-000460","Product registered on your portal. Warranty active. But system is still asking us to pay for repair. Frustrated with this process.","2025-01-04 12:18:00","Chat Support","English","CUST-42739","Restaurant Owner","Visakhapatnam","Andhra Pradesh","Light Commercial","Carrier VRF X Power 38VYX","RTGS","No","Not Requested","Mahindra Logistics","1","Closed","30","8","No","2","Desktop","2.8.5","1"
"CMP-2025-000461","Compressor seized. Cold room temperature rising. We have Rs 15 lakh worth of pharmaceutical stock inside. URGENT. We have a big client visit next week. Please prioritize.","2023-11-27 00:36:00","Service Center","Hinglish","CUST-55075","Industrial Facility","Tirupur","Tamil Nadu","Refrigeration","Screw Compressor Rack SR-50","UPI","No","Not Requested","Shadowfax","10","Re-opened","12","48","No","3","Desktop","4.2.0","1"
"CMP-2024-000462","High electricity consumption despite energy saving mode being on. Something is wrong with the inverter control. Third time raising this complaint.","2024-10-19 00:34:00","WhatsApp","English","CUST-39769","Food Processing Unit","Pune","Maharashtra","Commercial","Controls i-Vu Open","NEFT","No","Not Requested","Carrier Own Fleet","12","Re-opened","240","0","Yes","3","iPhone","4.3.1","0"
"CMP-2023-000463","Controller mein kuch bhi set karo, unit apna mann se kaam karta hai. Kya issue hai? Need resolution within 24 hours.","2024-06-21 01:51:00","Social Media","English","CUST-80707","Restaurant Owner","Hubballi","Karnataka","Light Commercial","Carrier VRF X Power 40VYX","Net Banking","Yes","Partially Processed","Delhivery","7","Resolved","720","48","No","3","Desktop","3.1.0","6"
"CMP-2024-000464","Because of your equipment failure, our restaurant had to shut for 2 days. Loss of business and spoiled inventory. This is unacceptable. 😡 Very frustrated.","2023-08-02 23:39:00","Chat Support","English","CUST-17762","Pharma Company","Jaipur","Rajasthan","Light Commercial","Floor Standing 42NQ","Net Banking","No","Not Requested","FedEx","3","Pending Parts","180","720","No","3","iPad","4.2.0","0"
"CMP-2023-000465","Refund approved by your team on email. Bank account details submitted. Still no transfer after 3 weeks. Please check. Will share on social media if no action.","2023-01-12 20:07:00","Social Media","English","CUST-78713","Hotel","Bhubaneswar","Odisha","Refrigeration","Condensing Unit CR-10HP","Cash","Yes","Pending","Rivigo","0","Resolved","10","96","No","1","Laptop","4.1.2","0"
"CMP-2025-000466","AMC coverage says parts are included but technician is asking us to pay for capacitor. Conflict with contract terms. Complaint ID from last time: 92743811","2023-09-05 21:31:00","Dealer","English","CUST-17425","Hotel","Bhubaneswar","Odisha","Air Purifiers","OptiClean OC-800","NEFT","Yes","Partially Processed","Rivigo","15","Pending Parts","10","48","No","1","Android Phone","3.2.1","0"
"CMP-2023-000467","I am a loyal Carrier customer since 2015. Never faced such repeated breakdowns. Something is wrong with this new model batch. We have a big client visit next week. Please prioritize.","2024-09-13 16:55:00","SMS","English","CUST-15518","Data Centre","Ahmedabad","Gujarat","Commercial","Air Handler AHU-5000","Debit Card","No","Not Requested","Carrier Own Fleet","30","Pending Parts","15","2","No","1","iPad","5.0.0","0"
"CMP-2023-000468","Because of your equipment failure, our restaurant had to shut for 2 days. Loss of business and spoiled inventory. This is unacceptable. Third time raising this complaint.","2025-04-01 00:46:00","Service Center","English","CUST-57000","Commercial Building Operator","Ludhiana","Punjab","Light Commercial","Carrier VRF X Power 38VYX","Cash","Yes","Rejected","Mahindra Logistics","10","Resolved","25","0","No","4","Windows Tablet","4.2.0","6"
"CMP-2024-000469","The iOS app version 4.2.0 randomly logs me out. Have to re-enter credentials daily. Bug please fix. 😡 Very frustrated.","2023-04-14 23:05:00","SMS","English","CUST-51015","Data Centre","Allahabad","Uttar Pradesh","Light Commercial","Floor Standing 42CF","UPI","Yes","Partially Processed","Mahindra Logistics","20","Pending Customer","60","336","No","2","iPhone","4.2.0","0"
"CMP-2023-000470","Installation scheduled 4 times. Cancelled 4 times by Carrier. We are a hospital. Patients are suffering. Please treat this as highest priority.","2023-07-23 02:05:00","Chat Support","Hindi","CUST-63036","HVAC Contractor","Lucknow","Uttar Pradesh","Air Purifiers","OptiClean OC-400","RTGS","No","Not Requested","Delhivery","25","In Progress","240","72","Yes","5","Android Phone","4.2.0","2"
"CMP-2024-000471","Compressor failed completely. Unit is under warranty. Require immediate replacement not repair. Do not waste my time. Escalating to consumer forum if not resolved by tomorrow.","2024-03-26 20:51:00","Web Portal","English","CUST-11627","Maintenance Manager","Bhopal","Madhya Pradesh","Commercial","Controls EcoAdvance","Cash","No","Not Requested","Rivigo","2","Escalated","240","12","No","3","Tablet","4.3.1","6"
"CMP-2025-000472","Refund pending since 3 weeks. Very disappointing experience. Will not recommend Carrier to anyone. Complaint ID from last time: 54655358","2023-03-20 22:08:00","Walk-in","Hindi","CUST-42361","Educational Institution","Raipur","Chhattisgarh","Light Commercial","Cassette 42UFS","EMI","No","Not Requested","Mahindra Logistics","2","Pending Customer","12","48","No","5","Windows Tablet","5.2.1","2"
"CMP-2023-000473","Emergency call under AMC. Was told 'our team will come today'. No one came. Called again next day. Same promise. Third day still waiting.","2023-06-25 00:35:00","Service Center","Hinglish","CUST-95233","Warehouse Operator","Ludhiana","Punjab","Refrigeration","Supermarket Ref SMR-Island","Net Banking","Yes","Partially Processed","Carrier Own Fleet","0","Closed","1440","48","No","1","Windows Tablet","2.9.8","0"
"CMP-2024-000474","Scheduling feature on the controller stopped working after firmware update. Timings are not being followed. Need resolution within 24 hours.","2024-02-21 04:49:00","Social Media","Hindi","CUST-86922","Facility Team","Mumbai","Maharashtra","Commercial","Chiller AquaEdge 19DV","Purchase Order","Yes","Pending","Shadowfax","0","Pending Parts","20","12","No","3","iPhone","2.9.8","1"
"CMP-2023-000475","The FCU in server room has stopped maintaining temperature. Server temps rising. Critical situation - please escalate immediately. We have a big client visit next week. Please prioritize.","2024-12-14 15:08:00","Walk-in","English","CUST-22564","Maintenance Manager","Ludhiana","Punjab","Light Commercial","Floor Standing 42CF","NEFT","No","Not Requested","DTDC","3","Closed","180","24","No","5","Windows Tablet","2.8.5","0"
"CMP-2024-000476","AMC contract signed 6 months ago. Only one service visit done so far. Quarterly service is not happening as promised.","2023-06-22 00:33:00","Email","English","CUST-52842","Cold Storage Operator","Patna","Bihar","Commercial","Chiller AquaEdge 19DV","Debit Card","No","Not Requested","Ekart","0","Resolved","720","24","No","2","iPad","2.8.5","1"
"CMP-2025-000477","Temperature probe giving wrong readings. Actual temp -5C but display shows -20C. How can we trust this system?","2024-07-04 03:51:00","Mobile App","English","CUST-24126","Commercial Building Operator","Mysuru","Karnataka","Light Commercial","Ducted 40MAQ","Debit Card","No","Not Requested","Ekart","2","Pending Customer","300","72","Yes","1","iPad","5.0.0","0"
"CMP-2025-000478","Waiting for spare parts for 35 days. Technician has identified fault. Parts stuck in warehouse apparently. No timeline given.","2024-01-02 01:58:00","Service Center","Hindi","CUST-87481","Hotel","Ghaziabad","Uttar Pradesh","Commercial","Chiller AquaEdge 19DV","EMI","No","Not Requested","Shadowfax","2","Pending Parts","30","0","No","3","Desktop","4.2.0","1"
"CMP-2024-000479","Installation team came, looked at the site, and left saying they need special equipment. No one has returned since. 10 days now.","2023-11-26 17:30:00","Chat Support","English","CUST-50094","IT Park","Bhubaneswar","Odisha","Air Purifiers","OptiClean OC-800","Credit Card","No","Not Requested","Blue Dart","5","In Progress","60","720","No","5","Tablet","3.3.5","4"
"CMP-2025-000480","Compressor making very loud knocking sound since morning. Afraid it might fail completely. Please send technician. Need resolution within 24 hours.","2024-06-20 05:32:00","Walk-in","Hindi","CUST-15861","Industrial Facility","Ahmedabad","Gujarat","Refrigeration","Condensing Unit CR-5HP","UPI","No","Not Requested","Carrier Own Fleet","0","Escalated","360","24","Yes","1","Android Phone","3.1.0","6"
"CMP-2023-000481","Pani tapat raha hai AC se. Below mein customer seating area hai. Please immediately send someone.","2023-06-09 04:38:00","Web Portal","Hinglish","CUST-97625","HVAC Contractor","Varanasi","Uttar Pradesh","Air Purifiers","Klarwind KW-300","NEFT","No","Not Requested","Blue Dart","30","Pending Parts","180","48","No","3","iPad","5.0.0","2"
"CMP-2025-000482","No cooling. Hotel guests are complaining loudly. This is peak summer season. You are ruining our reputation. Fix this NOW. Under warranty. Do not charge us.","2023-03-10 05:34:00","Walk-in","English","CUST-43619","Cold Storage Operator","Kochi","Kerala","Air Purifiers","Air One AO-100","Purchase Order","Yes","Pending","DTDC","25","Escalated","10","0","No","2","iPhone","3.3.5","0"
"CMP-2023-000483","Warranty document says 5 years comprehensive. Your service team is claiming 1 year. Please clarify and honour the warranty. Escalating to consumer forum if not resolved by tomorrow.","2024-03-22 19:23:00","Service Center","Telugu","CUST-28711","Food Processing Unit","Kota","Rajasthan","Commercial","Controls i-Vu Open","UPI","No","Not Requested","Carrier Own Fleet","0","Open","15","96","No","4","iPhone","4.2.0","1"
"CMP-2023-000484","Pipe insulation not done properly. Condensation forming on pipes and dripping. Basic installation mistake. Highly disappointed.","2023-12-10 21:46:00","Service Center","English","CUST-67741","Office Admin","Bhopal","Madhya Pradesh","Air Purifiers","OptiClean OC-400","Net Banking","No","Not Requested","Rivigo","15","Open","12","72","Yes","2","Tablet","5.1.3","0"
"CMP-2025-000485","App pe temperature change karte hain toh unit nahi sunta. 5 minute baad update hota hai. Itni delay kyun?","2024-07-30 01:52:00","Dealer","Kannada","CUST-84311","Hotel","Thane","Maharashtra","Commercial","Controls i-Vu Open","Debit Card","Yes","Partially Processed","Mahindra Logistics","25","Closed","10","48","No","1","Windows Tablet","4.0.0","0"
"CMP-2025-000486","You cancelled my order but refund not yet processed. It has been 18 days. UPI payment should be instant. What is happening? 😡 Very frustrated.","2024-10-14 23:11:00","Dealer","English","CUST-31013","Commercial Building Operator","Gurugram","Haryana","Commercial","Heat Pump 30RQV","NEFT","No","Not Requested","Blue Dart","0","Pending Parts","15","0","No","3","Laptop","3.3.5","5"
"CMP-2023-000487","Because of your equipment failure, our restaurant had to shut for 2 days. Loss of business and spoiled inventory. This is unacceptable. Will share on social media if no action.","2024-11-12 12:08:00","Social Media","English","CUST-42244","Industrial Facility","Vijayawada","Andhra Pradesh","Light Commercial","Ducted 40RUQ","Purchase Order","Yes","Processed","Rivigo","30","Pending Customer","5","72","No","1","iPhone","5.0.0","0"
"CMP-2025-000488","Indoor unit is not level. Water not draining properly because of tilt. Poor workmanship. Please resolve on priority.","2024-11-06 12:59:00","Social Media","English","CUST-33634","Food Processing Unit","Delhi","Delhi","Light Commercial","Floor Standing 42CF","Purchase Order","No","Not Requested","Delhivery","10","Resolved","5","168","Yes","3","iPhone","4.3.1","4"
"CMP-2024-000489","5th visit by technician. Same issue. Either the team is incompetent or they are hiding a design defect. I want a senior engineer.","2023-03-29 00:00:00","Email","English","CUST-21789","Facility Team","Ludhiana","Punjab","Light Commercial","Ducted 40MAQ","UPI","Yes","Pending","Carrier Own Fleet","15","Re-opened","360","96","No","2","Desktop","4.1.2","0"
"CMP-2025-000490","App is not connecting to my unit. Shows 'Device Offline' even though unit is running. WiFi is strong. Under warranty. Do not charge us.","2024-12-17 08:44:00","Web Portal","English","CUST-97014","Hospital","Aurangabad","Maharashtra","Commercial","Air Handler AHU-3000","Net Banking","No","Not Requested","Mahindra Logistics","25","Re-opened","20","1","Yes","5","Laptop","2.9.8","1"
"CMP-2024-000491","The FCU in server room has stopped maintaining temperature. Server temps rising. Critical situation - please escalate immediately. 😡 Very frustrated.","2024-11-24 12:58:00","WhatsApp","English","CUST-97674","Industrial Facility","Tirupur","Tamil Nadu","Air Purifiers","Air One AO-100","Debit Card","Yes","Under Review","Mahindra Logistics","0","Pending Parts","20","120","No","4","iPhone","5.1.3","2"
"CMP-2025-000492","The FCU in server room has stopped maintaining temperature. Server temps rising. Critical situation - please escalate immediately. Will share on social media if no action.","2023-02-11 08:47:00","SMS","English","CUST-96430","Office Admin","Agra","Uttar Pradesh","Commercial","Fan Coil Unit FCU-200","Purchase Order","Yes","Partially Processed","Shadowfax","0","Closed","180","24","No","1","Laptop","3.1.0","2"
"CMP-2025-000493","Temperature in storage went to 12C during night without any alarm. Dairy products spoiled. Need investigation. Highly disappointed.","2024-05-15 09:17:00","Phone","English","CUST-98055","Office Admin","Tiruchirappalli","Tamil Nadu","Air Purifiers","OptiClean OC-400","Debit Card","Yes","Approved","DTDC","7","In Progress","20","120","Yes","2","Tablet","4.0.0","0"
"CMP-2023-000494","The unit completely stopped cooling from yesterday afternoon. We have 40+ staff sitting in 38 degree heat. This is completely unacceptable for a premium brand like Carrier. Please send someone immediately.","2023-02-27 22:08:00","Web Portal","Telugu","CUST-20637","Retail Store","Kolkata","West Bengal","Commercial","Air Handler AHU-3000","Cheque","No","Not Requested","Ekart","5","Open","15","4","No","4","Windows Tablet","5.1.3","1"
"CMP-2024-000495","Our factory expansion was delayed because Carrier could not install the HVAC on time. We are losing lakhs daily. Where is the accountability? Need resolution within 24 hours.","2023-01-07 02:11:00","Web Portal","English","CUST-28860","Educational Institution","Jodhpur","Rajasthan","Light Commercial","Cassette 42UFS","Debit Card","No","Not Requested","Delhivery","15","Escalated","20","168","No","5","Desktop","2.9.8","0"
"CMP-2025-000496","Electrical connections were left exposed during installation. Safety hazard. Had to call an electrician to fix. 😡 Very frustrated.","2025-02-11 05:04:00","Email","English","CUST-74739","Commercial Building Operator","Noida","Uttar Pradesh","Commercial","Heat Pump 30RQV","Debit Card","No","Not Requested","Mahindra Logistics","0","In Progress","90","720","No","5","Windows Tablet","2.8.5","0"
"CMP-2025-000497","Refund pending since 3 weeks. Very disappointing experience. Will not recommend Carrier to anyone. Will share on social media if no action.","2024-07-13 23:12:00","Web Portal","Hinglish","CUST-32354","Warehouse Operator","Hubballi","Karnataka","Air Purifiers","Air One AO-200","Cash","No","Not Requested","Carrier Own Fleet","25","Re-opened","240","336","No","2","iPhone","5.2.1","6"
"CMP-2024-000498","System not cooling at all. Temperature showing 32C inside. Very hot. Please help urgently.","2024-08-30 05:13:00","Phone","English","CUST-61287","IT Park","Lucknow","Uttar Pradesh","Air Purifiers","Air One AO-100","UPI","Yes","Processed","FedEx","3","Closed","120","0","No","3","iPhone","5.0.0","0"
"CMP-2024-000499","Wrong model delivered. Ordered 5HP condensing unit, received 3HP. This is a basic error. 😡 Very frustrated.","2023-05-25 07:33:00","Service Center","English","CUST-64571","IT Park","Mumbai","Maharashtra","Air Purifiers","OptiClean OC-800","Net Banking","Yes","Partially Processed","Amazon Logistics","30","In Progress","2880","8","Yes","4","Desktop","5.2.1","5"
"CMP-2025-000500","Controller touchscreen unresponsive. Had to manually switch off from breaker. Need replacement. Highly disappointed.","2023-12-01 22:14:00","Walk-in","Hindi","CUST-72414","HVAC Contractor","Jabalpur","Madhya Pradesh","Air Purifiers","OptiClean OC-400","RTGS","No","Not Requested","Ekart","2","Pending Customer","60","24","Yes","3","Windows Tablet","2.9.8","2"
"CMP-2023-000501","Product registered on your portal. Warranty active. But system is still asking us to pay for repair. Frustrated with this process. Will share on social media if no action.","2023-03-25 16:31:00","Service Center","Hinglish","CUST-44866","Office Admin","Aurangabad","Maharashtra","Refrigeration","Condensing Unit CR-10HP","NEFT","No","Not Requested","Delhivery","20","Open","360","36","No","1","Desktop","4.2.0","0"
"CMP-2025-000502","Controller touchscreen unresponsive. Had to manually switch off from breaker. Need replacement.","2023-10-30 23:03:00","Web Portal","Hinglish","CUST-76077","Maintenance Manager","Bhopal","Madhya Pradesh","Refrigeration","Screw Compressor Rack SR-20","Credit Card","Yes","Rejected","Ekart","2","Closed","5","1","No","2","Android Phone","4.2.0","1"
"CMP-2023-000503","AMC coverage says parts are included but technician is asking us to pay for capacitor. Conflict with contract terms. This is absolutely ridiculous!!!","2023-07-22 22:38:00","Service Center","English","CUST-31351","Bank Branch","Jaipur","Rajasthan","Air Purifiers","Klarwind KW-500","Debit Card","Yes","Rejected","Rivigo","0","Pending Customer","15","96","No","1","Tablet","3.1.0","0"
"CMP-2025-000504","High electricity consumption despite energy saving mode being on. Something is wrong with the inverter control.","2024-06-07 01:46:00","WhatsApp","Hinglish","CUST-18372","Office Admin","Jaipur","Rajasthan","Light Commercial","Cassette 42UFS","EMI","No","Not Requested","Ekart","0","Pending Customer","120","96","Yes","2","Desktop","3.2.1","0"
"CMP-2024-000505","Waiting for spare parts for 35 days. Technician has identified fault. Parts stuck in warehouse apparently. No timeline given. Please resolve on priority.","2023-04-29 08:14:00","Web Portal","English","CUST-94509","Educational Institution","Delhi","Delhi","Commercial","Fan Coil Unit FCU-400","Cash","Yes","Pending","Ekart","7","Resolved","240","8","Yes","4","Desktop","4.3.1","6"
"CMP-2023-000506","Unit goes into protection mode due to high discharge temperature. Error E12 visible on panel. Ambient temp is 42C but unit is rated for 50C.","2023-08-02 07:37:00","Service Center","English","CUST-55794","Office Admin","Raipur","Chhattisgarh","Air Purifiers","OptiClean OC-400","Net Banking","No","Not Requested","Ekart","2","Open","5","48","No","4","Tablet","4.2.0","0"
"CMP-2024-000507","The iOS app version 4.2.0 randomly logs me out. Have to re-enter credentials daily. Bug please fix.","2024-10-28 09:28:00","Email","English","CUST-89084","Mall Operator","Bhubaneswar","Odisha","Refrigeration","Condensing Unit CR-10HP","Net Banking","Yes","Pending","FedEx","1","Escalated","25","720","No","4","iPad","5.2.1","1"
"CMP-2025-000508","Strange whistling sound from indoor unit. Happens when set below 22C. Very irritating during meetings. 😡 Very frustrated.","2023-01-13 06:53:00","WhatsApp","English","CUST-37047","IT Park","Noida","Uttar Pradesh","Refrigeration","Supermarket Ref SMR-Island","RTGS","No","Not Requested","FedEx","3","Re-opened","360","0","Yes","4","iPad","2.8.5","2"
"CMP-2023-000509","Your customer care puts me on hold for 20+ minutes and then disconnects. This has happened 5 times now. Please don't just close the ticket without solving the issue.","2024-01-26 23:36:00","WhatsApp","English","CUST-17017","Commercial Building Operator","Indore","Madhya Pradesh","Light Commercial","Floor Standing 42CF","RTGS","Yes","Rejected","FedEx","0","Closed","30","2","Yes","4","iPhone","4.1.2","1"
"CMP-2023-000510","Water dripping from the indoor unit directly onto our workstations. Urgent issue. Data could be damaged. This is absolutely ridiculous!!!","2023-10-04 00:44:00","Chat Support","Hinglish","CUST-18294","Hospital","Indore","Madhya Pradesh","Commercial","Heat Pump 30RQV","Cheque","Yes","Pending","Mahindra Logistics","30","Re-opened","240","12","Yes","5","Android Phone","2.8.5","0"
"CMP-2024-000511","Our cold room compressor is producing abnormal high-pitched squealing. Running but worrying about failure.","2024-10-27 01:55:00","Chat Support","English","CUST-83261","IT Park","Thane","Maharashtra","Commercial","Chiller 30XW-V","RTGS","Yes","Under Review","Carrier Own Fleet","0","Re-opened","720","12","No","5","Windows Tablet","5.1.3","2"
"CMP-2023-000512","Power factor of the unit is poor. Our electrical load increased significantly after Carrier system was installed.","2025-04-13 21:48:00","Service Center","Hindi","CUST-81076","Pharma Company","Nashik","Maharashtra","Refrigeration","Modular Cold Room MCR-25","Purchase Order","Yes","Approved","Carrier Own Fleet","20","Re-opened","300","0","No","2","Android Phone","4.2.0","0"
"CMP-2025-000513","EcoAdvance controller crashing randomly. Display goes blank. Restarts after 10-15 mins. Very disruptive for our hotel operations. Third time raising this complaint.","2023-04-25 16:34:00","Email","Hinglish","CUST-23607","Bank Branch","Mumbai","Maharashtra","Air Purifiers","OptiClean OC-400","Net Banking","No","Not Requested","Ekart","15","Re-opened","12","96","No","5","Tablet","4.3.1","0"
"CMP-2025-000514","Freezer unit stopped working last night. Fish stock worth Rs 3 lakh completely spoiled. Carrier will be held responsible.","2025-03-23 16:51:00","Phone","Hinglish","CUST-28920","Office Admin","Hubballi","Karnataka","Air Purifiers","Klarwind KW-300","Cheque","Yes","Approved","Rivigo","1","Escalated","5","1","Yes","4","Android Phone","4.0.0","1"
"CMP-2025-000515","Smell of refrigerant inside the machine room. Possible gas leak. Evacuation precaution taken. Please send certified technician. 😡 Very frustrated.","2023-12-18 12:23:00","Web Portal","English","CUST-66167","Data Centre","Raipur","Chhattisgarh","Refrigeration","Supermarket Ref SMR-MultiDeck","Purchase Order","No","Not Requested","Blue Dart","0","Open","360","96","No","1","Desktop","5.2.1","0"
"CMP-2024-000516","Waiting for spare parts for 35 days. Technician has identified fault. Parts stuck in warehouse apparently. No timeline given. Under warranty. Do not charge us.","2025-02-16 02:30:00","Mobile App","Hinglish","CUST-22065","Office Admin","Bhopal","Madhya Pradesh","Commercial","Controls EcoAdvance","Cheque","No","Not Requested","Carrier Own Fleet","7","Re-opened","8","96","No","4","iPad","5.2.1","1"
"CMP-2023-000517","Chat support is completely useless. Gives only scripted responses. Cannot escalate from chat. Very bad experience. Need resolution within 24 hours.","2023-07-05 14:17:00","Chat Support","English","CUST-80210","Warehouse Operator","Visakhapatnam","Andhra Pradesh","Commercial","Controls i-Vu Open","Cash","No","Not Requested","Mahindra Logistics","12","Resolved","8","72","Yes","4","Laptop","3.2.1","1"
"CMP-2023-000518","Our factory expansion was delayed because Carrier could not install the HVAC on time. We are losing lakhs daily. Where is the accountability? Please resolve on priority.","2023-08-17 10:55:00","SMS","Hinglish","CUST-74664","Restaurant Owner","Vijayawada","Andhra Pradesh","Refrigeration","Supermarket Ref SMR-Island","Debit Card","Yes","Approved","Delhivery","2","Open","300","504","No","2","Android Phone","5.2.1","0"
"CMP-2025-000519","Supermarket display cases temperature alarm triggering 3-4 times per day. Staff constantly resetting. Major issue. Third time raising this complaint.","2023-03-10 02:05:00","Mobile App","Hindi","CUST-56876","IT Park","Meerut","Uttar Pradesh","Light Commercial","Ducted 40MAQ","Debit Card","Yes","Approved","DTDC","3","Escalated","300","72","Yes","5","Tablet","4.1.2","0"
"CMP-2023-000520","Login OTP not coming. Tried 3 times. Customer care line is always busy. App is useless.","2025-02-03 22:25:00","Email","English","CUST-17863","Mall Operator","Mumbai","Maharashtra","Commercial","Controls i-Vu Open","NEFT","No","Not Requested","Rivigo","0","Closed","60","8","No","3","iPad","5.0.0","1"
"CMP-2023-000521","Warranty document says 5 years comprehensive. Your service team is claiming 1 year. Please clarify and honour the warranty.","2024-11-14 04:54:00","Social Media","English","CUST-18912","IT Park","Howrah","West Bengal","Commercial","Fan Coil Unit FCU-200","UPI","No","Not Requested","FedEx","20","Escalated","120","48","No","1","iPad","4.3.1","0"
"CMP-2024-000522","Due to cold room failure, Rs 8 lakh worth of vegetables spoiled overnight. Who will compensate? Unit is under AMC. Need resolution within 24 hours.","2024-02-21 20:55:00","SMS","English","CUST-41632","Data Centre","Ghaziabad","Uttar Pradesh","Air Purifiers","Air One AO-200","Debit Card","No","Not Requested","Shadowfax","0","Pending Parts","10","0","Yes","2","iPad","2.8.5","0"
"CMP-2024-000523","Partial refund received but deducted 20% without any explanation. No one is telling me why. I want full refund. Under warranty. Do not charge us.","2024-06-07 15:24:00","Chat Support","Hindi","CUST-83424","Data Centre","Kota","Rajasthan","Light Commercial","Floor Standing 42NQ","RTGS","Yes","Partially Processed","Mahindra Logistics","15","In Progress","45","24","No","4","iPad","4.1.2","0"
"CMP-2023-000524","Power factor of the unit is poor. Our electrical load increased significantly after Carrier system was installed. Third time raising this complaint.","2023-10-13 08:38:00","Dealer","Hindi","CUST-96391","Industrial Facility","Bhubaneswar","Odisha","Light Commercial","Carrier VRF X Power 38VYX","UPI","No","Not Requested","XpressBees","20","Pending Customer","25","336","Yes","3","iPhone","3.2.1","3"
"CMP-2025-000525","Technician was very rude on phone. We are a paying customer. This behavior is not acceptable. This is absolutely ridiculous!!!","2024-08-04 14:34:00","Walk-in","English","CUST-43387","Data Centre","Hyderabad","Telangana","Air Purifiers","Klarwind KW-500","Cheque","No","Not Requested","FedEx","0","In Progress","25","48","No","1","Tablet","2.9.8","2"
"CMP-2025-000526","I am a loyal Carrier customer since 2015. Never faced such repeated breakdowns. Something is wrong with this new model batch. Third time raising this complaint.","2024-02-01 10:07:00","WhatsApp","English","CUST-26110","Commercial Building Operator","Ranchi","Jharkhand","Commercial","Air Handler AHU-3000","Debit Card","Yes","Pending","Rivigo","2","Closed","15","6","No","2","iPhone","3.1.0","0"
"CMP-2023-000527","Pani tapat raha hai AC se. Below mein customer seating area hai. Please immediately send someone. This is absolutely ridiculous!!!","2024-07-19 11:53:00","Web Portal","English","CUST-13008","Educational Institution","Raipur","Chhattisgarh","Air Purifiers","Klarwind KW-300","Net Banking","No","Not Requested","Ekart","2","Open","20","4","Yes","1","Desktop","5.0.0","0"
"CMP-2023-000528","5th visit by technician. Same issue. Either the team is incompetent or they are hiding a design defect. I want a senior engineer. This is absolutely ridiculous!!!","2023-04-20 00:15:00","SMS","English","CUST-67041","Bank Branch","Kota","Rajasthan","Refrigeration","Screw Compressor Rack SR-50","UPI","No","Not Requested","DTDC","0","Pending Parts","15","336","No","2","Windows Tablet","4.3.1","6"
"CMP-2023-000529","PCB board ordered. Was told 7-10 days delivery. Today is day 21. No update from anyone. Need resolution within 24 hours.","2024-09-22 12:53:00","Service Center","Hinglish","CUST-36931","Commercial Building Operator","Lucknow","Uttar Pradesh","Commercial","Heat Pump 30RQV","Net Banking","No","Not Requested","Ekart","5","Pending Customer","120","168","No","3","Windows Tablet","4.1.2","2"
"CMP-2024-000530","Chat support is completely useless. Gives only scripted responses. Cannot escalate from chat. Very bad experience. Complaint ID from last time: 09317069","2024-01-04 12:01:00","Service Center","English","CUST-68369","Pharma Company","Kolkata","West Bengal","Refrigeration","Inverter Condensing Unit ICU-5","RTGS","No","Not Requested","Amazon Logistics","20","Closed","360","12","No","3","iPad","2.9.8","0"
"CMP-2025-000531","Outdoor unit is extremely hot to touch. Fan seems to be running slowly. Is this a condenser issue?","2023-09-14 02:33:00","Mobile App","English","CUST-29533","Maintenance Manager","Lucknow","Uttar Pradesh","Refrigeration","Inverter Condensing Unit ICU-5","Net Banking","No","Not Requested","FedEx","12","Resolved","480","4","No","1","Tablet","3.1.0","1"
"CMP-2024-000532","Spare part availability is very poor for older models. Our unit is only 4 years old and parts are already out of stock??","2023-10-03 05:34:00","Phone","Kannada","CUST-70625","Educational Institution","Ranchi","Jharkhand","Air Purifiers","OptiClean OC-800","Net Banking","No","Not Requested","Rivigo","3","Escalated","60","1","No","2","iPad","4.1.2","0"
"CMP-2023-000533","Heat rejection from outdoor units is excessive. Adjacent areas are getting very hot. Ventilation design issue or unit fault? Escalating to consumer forum if not resolved by tomorrow.","2024-09-15 11:36:00","Mobile App","English","CUST-42216","Food Processing Unit","Kanpur","Uttar Pradesh","Commercial","Fan Coil Unit FCU-400","Net Banking","No","Not Requested","Shadowfax","0","In Progress","180","8","Yes","4","Laptop","5.1.3","0"
"CMP-2025-000534","Because of your equipment failure, our restaurant had to shut for 2 days. Loss of business and spoiled inventory. This is unacceptable. Need resolution within 24 hours.","2024-02-22 05:32:00","Service Center","English","CUST-14773","Industrial Facility","Hyderabad","Telangana","Air Purifiers","Air One AO-100","Debit Card","No","Not Requested","FedEx","25","Pending Parts","60","120","Yes","4","Laptop","4.0.0","0"
"CMP-2023-000535","Delivered product has manufacturing defects. Fins are bent. Gas service port cap missing. Clearly quality check was not done.","2023-08-21 14:16:00","Service Center","English","CUST-71125","Food Processing Unit","Nashik","Maharashtra","Light Commercial","Floor Standing 42NQ","Net Banking","No","Not Requested","Blue Dart","7","Resolved","5","6","No","5","Android Phone","4.2.0","1"
"CMP-2024-000536","Indoor unit is not level. Water not draining properly because of tilt. Poor workmanship. Under warranty. Do not charge us.","2023-03-11 11:21:00","Web Portal","English","CUST-76416","Retail Store","Mumbai","Maharashtra","Commercial","Fan Coil Unit FCU-200","EMI","Yes","Pending","Blue Dart","1","Escalated","5","0","No","1","Laptop","4.3.1","4"
"CMP-2025-000537","Emergency call under AMC. Was told 'our team will come today'. No one came. Called again next day. Same promise. Third day still waiting. Please don't just close the ticket without solving the issue.","2025-02-15 15:27:00","Social Media","English","CUST-97335","Educational Institution","Noida","Uttar Pradesh","Commercial","Fan Coil Unit FCU-200","Cheque","Yes","Partially Processed","Mahindra Logistics","10","Resolved","15","24","Yes","1","Laptop","4.1.2","6"
"CMP-2023-000538","Compressor making very loud knocking sound since morning. Afraid it might fail completely. Please send technician.","2024-03-13 17:36:00","Mobile App","English","CUST-10074","Office Admin","Surat","Gujarat","Commercial","Chiller 30XW-V","Cash","Yes","Approved","Mahindra Logistics","3","Re-opened","12","4","No","1","iPad","4.2.0","5"
"CMP-2024-000539","Refund rejected saying 'product opened'. But your own technician opened it during inspection! This is fraud. This is absolutely ridiculous!!!","2025-04-05 19:49:00","Web Portal","English","CUST-12913","Pharma Company","Navi Mumbai","Maharashtra","Air Purifiers","Air One AO-100","EMI","Yes","Processed","FedEx","0","Closed","60","48","Yes","2","Tablet","4.0.0","2"
"CMP-2023-000540","AMC renewal done but service schedule not shared. Who is my assigned service engineer? No one tells me. Will share on social media if no action.","2023-11-03 02:15:00","WhatsApp","Hinglish","CUST-73068","Office Admin","Bhubaneswar","Odisha","Air Purifiers","Klarwind KW-500","Cheque","No","Not Requested","FedEx","2","Pending Parts","360","1","No","5","Android Phone","4.1.2","2"
"CMP-2024-000541","Warranty document says 5 years comprehensive. Your service team is claiming 1 year. Please clarify and honour the warranty. Please resolve on priority.","2023-12-11 05:38:00","Walk-in","Hinglish","CUST-59394","Office Admin","Ahmedabad","Gujarat","Commercial","Air Handler AHU-5000","Credit Card","No","Not Requested","Rivigo","30","Re-opened","10","168","No","2","Android Phone","3.1.0","0"
"CMP-2023-000542","The compressor unit started vibrating heavily last evening. We had to shut it down manually. Need urgent repair. Will share on social media if no action.","2023-04-13 01:37:00","Phone","English","CUST-90525","Supermarket","Nagpur","Maharashtra","Light Commercial","Floor Standing 42CF","Cash","Yes","Rejected","Shadowfax","12","In Progress","120","48","No","2","Android Phone","5.0.0","2"
"CMP-2023-000543","Commissioning not done properly. Unit was just switched on and technician left. No testing, no parameter setting. Will share on social media if no action.","2024-11-11 05:44:00","Service Center","English","CUST-57022","Mall Operator","Patna","Bihar","Air Purifiers","OptiClean OC-800","Cheque","No","Not Requested","Ekart","12","Pending Customer","25","36","No","2","Windows Tablet","3.3.5","0"
"CMP-2023-000544","Compressor trip ho raha hai bar bar. Error code E05 aa raha hai display mein. Kya karna chahiye? Will share on social media if no action.","2024-08-16 07:45:00","Service Center","English","CUST-63723","Hotel","Madurai","Tamil Nadu","Air Purifiers","OptiClean OC-800","UPI","No","Not Requested","XpressBees","0","Pending Customer","20","168","No","5","Android Phone","3.1.0","0"
"CMP-2024-000545","Freezer unit stopped working last night. Fish stock worth Rs 3 lakh completely spoiled. Carrier will be held responsible. Will share on social media if no action.","2025-02-08 18:55:00","WhatsApp","English","CUST-31519","HVAC Contractor","Rajkot","Gujarat","Commercial","Controls EcoAdvance","RTGS","No","Not Requested","Blue Dart","2","Escalated","480","48","No","4","iPhone","5.2.1","1"
"CMP-2024-000546","Compressor making very loud knocking sound since morning. Afraid it might fail completely. Please send technician. Need resolution within 24 hours.","2023-07-26 06:09:00","Walk-in","Hindi","CUST-96332","Mall Operator","Coimbatore","Tamil Nadu","Refrigeration","Evaporator Unit EU-3000","Purchase Order","No","Not Requested","Shadowfax","5","Pending Parts","30","2","No","5","Tablet","4.1.2","2"
"CMP-2024-000547","Compressor overheating alarm triggered 4 times today. Auto shutdown occurring every 2 hours. Entire cold storage at risk. Escalating to consumer forum if not resolved by tomorrow.","2023-11-19 18:14:00","Service Center","English","CUST-49358","Warehouse Operator","Thane","Maharashtra","Air Purifiers","Air One AO-200","NEFT","Yes","Under Review","Ekart","0","Escalated","120","336","No","1","Android Phone","4.3.1","0"
"CMP-2023-000548","Refund rejected saying 'product opened'. But your own technician opened it during inspection! This is fraud. Highly disappointed.","2024-06-30 21:35:00","Mobile App","Kannada","CUST-25187","Restaurant Owner","Faridabad","Haryana","Air Purifiers","Klarwind KW-300","EMI","No","Not Requested","Ekart","0","Pending Parts","10","96","No","3","Laptop","3.1.0","0"
"CMP-2023-000549","Refund approved by your team on email. Bank account details submitted. Still no transfer after 3 weeks. Please check.","2025-02-22 09:19:00","Social Media","Hindi","CUST-81916","Office Admin","Hyderabad","Telangana","Light Commercial","Cassette 42UFS","Credit Card","No","Not Requested","DTDC","10","Resolved","12","336","No","2","Tablet","5.1.3","1"
"CMP-2025-000550","Water leak from ceiling mounted cassette unit. Staining the false ceiling and dripping on expensive equipment below. Highly disappointed.","2024-07-12 08:46:00","Email","Hinglish","CUST-21327","Office Admin","Surat","Gujarat","Light Commercial","Carrier VRF X Power 40VYX","Net Banking","No","Not Requested","Rivigo","5","Re-opened","30","24","No","1","Desktop","4.3.1","0"
"CMP-2023-000551","Unit goes into protection mode due to high discharge temperature. Error E12 visible on panel. Ambient temp is 42C but unit is rated for 50C. Under warranty. Do not charge us.","2024-07-24 14:24:00","Walk-in","Hindi","CUST-58348","Industrial Facility","Bengaluru","Karnataka","Commercial","Controls EcoAdvance","UPI","Yes","Under Review","Carrier Own Fleet","0","Pending Customer","5","96","No","1","Desktop","5.0.0","0"
"CMP-2023-000552","The drain pan is overflowing. Unit installed 6 months ago and this is the 3rd time this is happening. Poor installation quality suspected. Will share on social media if no action.","2023-05-03 19:51:00","Email","Hindi","CUST-51558","Restaurant Owner","Patna","Bihar","Refrigeration","Inverter Condensing Unit ICU-5","Credit Card","Yes","Pending","Amazon Logistics","2","Closed","120","168","No","4","Desktop","4.3.1","0"
"CMP-2025-000553","Cold room temperature fluctuating between -2C and +8C. We store frozen products. This is a serious food safety risk. Please resolve on priority.","2024-12-29 02:55:00","WhatsApp","Hinglish","CUST-89024","Data Centre","Ahmedabad","Gujarat","Air Purifiers","Klarwind KW-500","Debit Card","Yes","Rejected","Carrier Own Fleet","1","Resolved","1440","24","Yes","1","iPhone","3.1.0","2"
"CMP-2024-000554","Waiting for spare parts for 35 days. Technician has identified fault. Parts stuck in warehouse apparently. No timeline given.","2023-11-16 13:05:00","SMS","English","CUST-45264","Warehouse Operator","Jaipur","Rajasthan","Commercial","Air Handler AHU-5000","Purchase Order","Yes","Pending","Mahindra Logistics","0","Re-opened","60","120","No","4","Android Phone","4.1.2","1"
"CMP-2025-000555","Capacitor replaced 3 weeks ago. Failed again. Is this a genuine Carrier part or counterfeit? Demanding certificate of authenticity. Highly disappointed.","2025-01-16 22:08:00","WhatsApp","Telugu","CUST-99449","Mall Operator","Bhopal","Madhya Pradesh","Refrigeration","Modular Cold Room MCR-10","EMI","Yes","Under Review","Ekart","0","Escalated","8","240","No","1","Windows Tablet","4.3.1","1"
"CMP-2025-000556","Strange whistling sound from indoor unit. Happens when set below 22C. Very irritating during meetings.","2024-12-24 13:16:00","SMS","Hinglish","CUST-75231","Supermarket","Pune","Maharashtra","Refrigeration","Evaporator Unit EU-5000","UPI","No","Not Requested","Amazon Logistics","2","Resolved","120","24","Yes","2","Windows Tablet","4.0.0","1"
"CMP-2025-000557","Compressor failed completely. Unit is under warranty. Require immediate replacement not repair. Do not waste my time.","2024-10-29 06:45:00","Phone","Hindi","CUST-11803","Pharma Company","Ahmedabad","Gujarat","Air Purifiers","Klarwind KW-300","Cash","No","Not Requested","Delhivery","1","Pending Customer","90","240","No","3","Windows Tablet","4.1.2","1"
"CMP-2025-000558","We paid full amount in advance for installation. 3 weeks passed, no installation team. This is beyond frustrating. Third time raising this complaint.","2023-02-20 08:00:00","Dealer","English","CUST-30788","Warehouse Operator","Chennai","Tamil Nadu","Refrigeration","Evaporator Unit EU-3000","NEFT","No","Not Requested","FedEx","1","Closed","15","72","No","2","Laptop","3.1.0","0"
"CMP-2025-000559","Yaar gas toh phir se leak ho gayi. Teen mahine mein teesri baar. Yeh kab tak chalega? We have a big client visit next week. Please prioritize.","2023-10-04 05:30:00","Web Portal","English","CUST-27496","Supermarket","Bhubaneswar","Odisha","Light Commercial","Floor Standing 42NQ","Cheque","No","Not Requested","Rivigo","1","Resolved","12","48","No","5","Tablet","4.1.2","0"
"CMP-2024-000560","Unit goes into protection mode due to high discharge temperature. Error E12 visible on panel. Ambient temp is 42C but unit is rated for 50C. Escalating to consumer forum if not resolved by tomorrow.","2025-02-14 21:59:00","Social Media","Hinglish","CUST-85289","Mall Operator","Kanpur","Uttar Pradesh","Refrigeration","Evaporator Unit EU-3000","Credit Card","No","Not Requested","Blue Dart","15","Pending Parts","1440","96","Yes","2","iPhone","3.3.5","0"
"CMP-2025-000561","Our cold room compressor is producing abnormal high-pitched squealing. Running but worrying about failure. Complaint ID from last time: 64493699","2023-04-09 12:30:00","Chat Support","English","CUST-42097","Facility Team","Bengaluru","Karnataka","Air Purifiers","Air One AO-100","Cash","No","Not Requested","Rivigo","15","Re-opened","30","240","Yes","1","Windows Tablet","3.2.1","0"
"CMP-2025-000562","i-Vu controller shows error 'Communication Lost' since last night. Unable to control any zone from central panel. Please don't just close the ticket without solving the issue.","2025-01-05 04:14:00","Web Portal","English","CUST-58611","Hotel","Bengaluru","Karnataka","Air Purifiers","Klarwind KW-500","Purchase Order","No","Not Requested","DTDC","10","Re-opened","25","4","No","3","Tablet","3.2.1","0"
"CMP-2024-000563","Nobody from service team is responding. Emails bouncing. Phone numbers not working. Is Carrier shutting down? Highly disappointed.","2025-03-25 13:56:00","Walk-in","English","CUST-21627","Mall Operator","Raipur","Chhattisgarh","Light Commercial","Carrier VRF X Power 38VYX","Credit Card","No","Not Requested","Carrier Own Fleet","20","Re-opened","720","168","No","1","Windows Tablet","3.2.1","0"
"CMP-2025-000564","Refund approved by your team on email. Bank account details submitted. Still no transfer after 3 weeks. Please check.","2023-10-30 14:03:00","SMS","English","CUST-39573","Data Centre","Jaipur","Rajasthan","Commercial","Air Handler AHU-5000","UPI","Yes","Partially Processed","Amazon Logistics","30","Resolved","15","4","No","2","Laptop","4.3.1","0"
"CMP-2023-000565","Cold room temperature fluctuating between -2C and +8C. We store frozen products. This is a serious food safety risk.","2024-03-01 03:27:00","Web Portal","Hindi","CUST-31782","HVAC Contractor","Vijayawada","Andhra Pradesh","Air Purifiers","Air One AO-200","Net Banking","No","Not Requested","Rivigo","5","Re-opened","240","12","Yes","1","Desktop","4.2.0","2"
"CMP-2025-000566","Installation was scheduled for 3rd May. Today is 12th May. No one has come. No call. No update. Is this how Carrier treats commercial customers?","2025-03-26 22:08:00","Email","English","CUST-79932","Hotel","Jabalpur","Madhya Pradesh","Refrigeration","Screw Compressor Rack SR-20","Purchase Order","No","Not Requested","Delhivery","0","Resolved","720","36","No","2","iPhone","3.1.0","0"
"CMP-2025-000567","Waiting for spare parts for 35 days. Technician has identified fault. Parts stuck in warehouse apparently. No timeline given. This is absolutely ridiculous!!!","2023-09-25 10:35:00","WhatsApp","English","CUST-15769","Pharma Company","Allahabad","Uttar Pradesh","Light Commercial","Ducted 40MAQ","UPI","No","Not Requested","XpressBees","0","Resolved","2880","336","Yes","2","Windows Tablet","2.8.5","2"
"CMP-2023-000568","High electricity consumption despite energy saving mode being on. Something is wrong with the inverter control.","2023-03-27 10:10:00","SMS","Hinglish","CUST-20625","Office Admin","Hubballi","Karnataka","Light Commercial","Floor Standing 42NQ","Debit Card","No","Not Requested","Rivigo","20","Open","60","24","No","1","Android Phone","5.2.1","1"
"CMP-2024-000569","High electricity consumption despite energy saving mode being on. Something is wrong with the inverter control.","2024-09-06 21:36:00","Social Media","Hinglish","CUST-47641","IT Park","Ghaziabad","Uttar Pradesh","Commercial","Fan Coil Unit FCU-200","Net Banking","Yes","Under Review","Shadowfax","0","Pending Customer","180","504","Yes","3","Laptop","5.0.0","0"
"CMP-2023-000570","Your customer care puts me on hold for 20+ minutes and then disconnects. This has happened 5 times now. Need resolution within 24 hours.","2023-10-09 16:09:00","Dealer","English","CUST-83793","Hotel","Bhopal","Madhya Pradesh","Refrigeration","Condensing Unit CR-5HP","NEFT","No","Not Requested","Ekart","15","Pending Customer","10","2","No","4","iPad","3.3.5","6"
"CMP-2025-000571","Compressor making very loud knocking sound since morning. Afraid it might fail completely. Please send technician. Please don't just close the ticket without solving the issue.","2024-09-24 11:50:00","Email","Kannada","CUST-91841","Mall Operator","Kanpur","Uttar Pradesh","Light Commercial","Cassette 42UFS","Credit Card","Yes","Pending","DTDC","25","Closed","120","0","Yes","4","Tablet","5.2.1","0"
"CMP-2024-000572","Commissioning not done properly. Unit was just switched on and technician left. No testing, no parameter setting. We have a big client visit next week. Please prioritize.","2025-01-05 06:33:00","SMS","English","CUST-62390","HVAC Contractor","Bhopal","Madhya Pradesh","Light Commercial","Cassette 42UFS","Net Banking","No","Not Requested","FedEx","12","Resolved","480","720","No","4","Laptop","4.1.2","1"
"CMP-2023-000573","Called for emergency service. Was told technician will come in 4 hours. Waited 11 hours. No show.","2024-04-18 01:52:00","Dealer","English","CUST-92789","Cold Storage Operator","Surat","Gujarat","Air Purifiers","Air One AO-100","NEFT","Yes","Approved","FedEx","7","Pending Customer","90","0","No","2","Desktop","4.0.0","0"
"CMP-2025-000574","Gas leakage from the indoor unit. There is an oily stain near copper pipe joints. Very concerning. Need resolution within 24 hours.","2023-01-24 07:46:00","Phone","English","CUST-41646","Educational Institution","Hubballi","Karnataka","Light Commercial","Carrier VRF X Power 38VYX","RTGS","No","Not Requested","Delhivery","0","Open","10","168","No","1","Desktop","2.8.5","0"
"CMP-2024-000575","Technician was very rude on phone. We are a paying customer. This behavior is not acceptable.","2024-02-09 23:14:00","WhatsApp","English","CUST-21804","Hotel","Vijayawada","Andhra Pradesh","Refrigeration","Evaporator Unit EU-3000","Cash","No","Not Requested","DTDC","2","Open","2880","24","No","5","Android Phone","2.8.5","1"
"CMP-2024-000576","We paid full amount in advance for installation. 3 weeks passed, no installation team. This is beyond frustrating. Need resolution within 24 hours.","2024-05-23 10:24:00","Phone","English","CUST-75625","Pharma Company","Bhubaneswar","Odisha","Commercial","Air Handler AHU-3000","Net Banking","No","Not Requested","Blue Dart","0","In Progress","90","240","Yes","4","iPhone","2.9.8","0"
"CMP-2023-000577","Technician suggested we buy a new unit. But this unit is only 14 months old!! Under warranty. Will escalate legally if needed. Third time raising this complaint.","2023-01-04 19:43:00","Web Portal","English","CUST-58222","Data Centre","Ludhiana","Punjab","Light Commercial","Cassette 42UFC","Debit Card","Yes","Under Review","DTDC","1","Closed","12","0","No","3","iPhone","4.3.1","0"
"CMP-2024-000578","Electricity bill doubled after installation of new Carrier unit. Star rating says 5-star but consumption is huge. Need resolution within 24 hours.","2023-06-01 02:15:00","Service Center","English","CUST-53934","Facility Team","Rajkot","Gujarat","Commercial","Air Handler AHU-5000","NEFT","Yes","Partially Processed","Amazon Logistics","2","Pending Parts","20","2","No","5","Windows Tablet","3.1.0","4"
"CMP-2023-000579","Warranty document says 5 years comprehensive. Your service team is claiming 1 year. Please clarify and honour the warranty.","2023-02-13 06:55:00","Email","Hinglish","CUST-36631","Commercial Building Operator","Faridabad","Haryana","Refrigeration","Evaporator Unit EU-5000","Debit Card","Yes","Processed","Delhivery","0","In Progress","90","24","Yes","2","iPad","4.0.0","2"
"CMP-2024-000580","Cold room temperature fluctuating between -2C and +8C. We store frozen products. This is a serious food safety risk. Under warranty. Do not charge us.","2024-03-10 17:41:00","WhatsApp","Hinglish","CUST-37637","Mall Operator","Visakhapatnam","Andhra Pradesh","Air Purifiers","OptiClean OC-800","Credit Card","Yes","Approved","Amazon Logistics","2","Open","60","0","No","3","Desktop","4.1.2","2"
"CMP-2024-000581","Capacitor replaced 3 weeks ago. Failed again. Is this a genuine Carrier part or counterfeit? Demanding certificate of authenticity.","2024-11-14 11:28:00","Email","Hinglish","CUST-16224","Mall Operator","Nashik","Maharashtra","Commercial","Chiller 30XW-V","NEFT","No","Not Requested","Delhivery","0","Re-opened","45","720","No","2","Laptop","2.9.8","0"
"CMP-2025-000582","I am a loyal Carrier customer since 2015. Never faced such repeated breakdowns. Something is wrong with this new model batch.","2024-07-02 11:37:00","Dealer","Hindi","CUST-84548","Restaurant Owner","Lucknow","Uttar Pradesh","Air Purifiers","OptiClean OC-400","Debit Card","Yes","Pending","Rivigo","12","Escalated","20","24","Yes","2","iPad","4.0.0","3"
"CMP-2023-000583","Indoor unit delivered but outdoor unit still not received after 3 weeks. How do you expect us to use half a system?","2024-02-12 20:07:00","Service Center","Kannada","CUST-64749","Supermarket","Madurai","Tamil Nadu","Refrigeration","Condensing Unit CR-5HP","UPI","Yes","Under Review","Ekart","1","Escalated","90","72","No","1","Desktop","2.8.5","2"
"CMP-2025-000584","Controller mein kuch bhi set karo, unit apna mann se kaam karta hai. Kya issue hai? Third time raising this complaint.","2023-12-16 00:35:00","WhatsApp","English","CUST-87399","Commercial Building Operator","Chandigarh","Punjab","Light Commercial","Floor Standing 42CF","NEFT","Yes","Under Review","FedEx","25","Pending Customer","240","24","Yes","3","Android Phone","5.1.3","0"
"CMP-2024-000585","Condensate drain is blocked. Water overflowing inside the unit and dropping on floor. Health hazard. This is absolutely ridiculous!!!","2024-02-13 17:09:00","Web Portal","Hinglish","CUST-50729","Mall Operator","Coimbatore","Tamil Nadu","Commercial","Air Handler AHU-3000","Net Banking","No","Not Requested","Ekart","0","Open","10","0","No","1","Laptop","4.3.1","0"
"CMP-2023-000586","Water leak from ceiling mounted cassette unit. Staining the false ceiling and dripping on expensive equipment below.","2023-03-09 12:33:00","Email","Hinglish","CUST-94972","HVAC Contractor","Kolkata","West Bengal","Air Purifiers","OptiClean OC-800","Purchase Order","Yes","Partially Processed","Carrier Own Fleet","0","Re-opened","240","12","No","3","iPhone","2.9.8","1"
"CMP-2025-000587","Delivered product has manufacturing defects. Fins are bent. Gas service port cap missing. Clearly quality check was not done. Please don't just close the ticket without solving the issue.","2024-03-29 19:18:00","Dealer","English","CUST-17626","Food Processing Unit","Jaipur","Rajasthan","Refrigeration","Screw Compressor Rack SR-20","Net Banking","No","Not Requested","Delhivery","20","Open","720","4","No","2","Windows Tablet","2.8.5","0"
"CMP-2024-000588","The compressor unit started vibrating heavily last evening. We had to shut it down manually. Need urgent repair. This is absolutely ridiculous!!!","2023-03-10 06:12:00","Web Portal","English","CUST-40423","Office Admin","Jaipur","Rajasthan","Air Purifiers","Air One AO-100","Net Banking","No","Not Requested","Carrier Own Fleet","25","In Progress","300","0","Yes","1","Android Phone","4.0.0","1"
"CMP-2025-000589","Water dripping from the indoor unit directly onto our workstations. Urgent issue. Data could be damaged. Need resolution within 24 hours.","2024-11-16 10:08:00","Service Center","Hinglish","CUST-81580","Bank Branch","Ludhiana","Punjab","Refrigeration","Modular Cold Room MCR-25","UPI","No","Not Requested","Mahindra Logistics","0","Closed","60","48","Yes","1","Windows Tablet","3.3.5","4"
"CMP-2023-000590","Scheduling feature on the controller stopped working after firmware update. Timings are not being followed. Escalating to consumer forum if not resolved by tomorrow.","2024-04-07 06:43:00","Mobile App","English","CUST-62213","IT Park","Chandigarh","Punjab","Commercial","Fan Coil Unit FCU-200","Cash","No","Not Requested","Mahindra Logistics","1","Resolved","20","4","Yes","2","Windows Tablet","3.2.1","0"
"CMP-2025-000591","Capacitor replaced 3 weeks ago. Failed again. Is this a genuine Carrier part or counterfeit? Demanding certificate of authenticity. Will share on social media if no action.","2025-01-22 15:50:00","SMS","Hinglish","CUST-67400","Restaurant Owner","Ranchi","Jharkhand","Refrigeration","Condensing Unit CR-10HP","EMI","No","Not Requested","DTDC","1","Resolved","720","72","No","2","Android Phone","4.2.0","2"
"CMP-2025-000592","AMC contract signed 6 months ago. Only one service visit done so far. Quarterly service is not happening as promised.","2024-02-17 15:15:00","Dealer","Hinglish","CUST-29207","Supermarket","Nashik","Maharashtra","Commercial","Heat Pump 30RQV","EMI","No","Not Requested","DTDC","3","Resolved","30","24","No","4","Windows Tablet","3.3.5","0"
"CMP-2024-000593","Cold room temperature fluctuating between -2C and +8C. We store frozen products. This is a serious food safety risk.","2024-06-19 20:49:00","WhatsApp","English","CUST-84792","Hospital","Vadodara","Gujarat","Refrigeration","Screw Compressor Rack SR-50","Purchase Order","Yes","Under Review","Shadowfax","2","Closed","30","240","Yes","1","Tablet","4.1.2","2"
"CMP-2023-000594","App is not connecting to my unit. Shows 'Device Offline' even though unit is running. WiFi is strong. This is absolutely ridiculous!!!","2024-06-03 09:41:00","WhatsApp","English","CUST-89376","Facility Team","Gurugram","Haryana","Commercial","Air Handler AHU-5000","NEFT","Yes","Processed","XpressBees","2","Re-opened","60","2","No","1","Android Phone","4.2.0","1"
"CMP-2023-000595","Spare part availability is very poor for older models. Our unit is only 4 years old and parts are already out of stock?? Please don't just close the ticket without solving the issue.","2023-10-09 12:49:00","Phone","Hinglish","CUST-18320","Food Processing Unit","Allahabad","Uttar Pradesh","Refrigeration","Screw Compressor Rack SR-20","EMI","No","Not Requested","Shadowfax","30","Re-opened","15","8","No","2","Desktop","5.1.3","1"
"CMP-2024-000596","There is a clear rattling from the compressor section. Technician visited and said 'nothing serious' but noise is getting worse daily.","2024-11-10 11:48:00","Dealer","English","CUST-91204","Facility Team","Mysuru","Karnataka","Refrigeration","Evaporator Unit EU-5000","Credit Card","Yes","Partially Processed","DTDC","3","Closed","720","12","No","4","iPad","4.2.0","2"
"CMP-2024-000597","Login OTP not coming. Tried 3 times. Customer care line is always busy. App is useless. 😡 Very frustrated.","2023-07-10 20:15:00","SMS","English","CUST-99591","Educational Institution","Gurugram","Haryana","Air Purifiers","Air One AO-200","UPI","No","Not Requested","Rivigo","1","Pending Customer","180","12","No","1","Windows Tablet","2.8.5","4"
"CMP-2023-000598","PCB board ordered. Was told 7-10 days delivery. Today is day 21. No update from anyone. Escalating to consumer forum if not resolved by tomorrow.","2024-12-12 07:21:00","Social Media","Hinglish","CUST-99972","Commercial Building Operator","Ahmedabad","Gujarat","Light Commercial","Cassette 42UFS","EMI","No","Not Requested","FedEx","20","Pending Customer","5","24","No","3","Desktop","4.3.1","2"
"CMP-2024-000599","Cooling inconsistent since installation 3 months ago. Raised ticket twice before. Still same issue.","2024-11-22 16:52:00","Chat Support","English","CUST-24836","IT Park","Kota","Rajasthan","Refrigeration","Condensing Unit CR-5HP","Credit Card","No","Not Requested","Rivigo","15","Escalated","45","2","Yes","5","iPhone","4.3.1","3"
"CMP-2023-000600","Power factor of the unit is poor. Our electrical load increased significantly after Carrier system was installed. Complaint ID from last time: 71553132","2024-09-26 06:52:00","Dealer","Hinglish","CUST-78750","Hotel","Bhopal","Madhya Pradesh","Refrigeration","Screw Compressor Rack SR-50","RTGS","Yes","Pending","Shadowfax","10","Resolved","15","24","No","2","Desktop","3.2.1","0"
"CMP-2024-000601","App update 5.1.3 broke everything. Before update all features worked fine. Please rollback or fix.","2024-09-11 23:53:00","WhatsApp","Telugu","CUST-72654","Supermarket","Coimbatore","Tamil Nadu","Air Purifiers","Klarwind KW-300","UPI","No","Not Requested","Rivigo","2","Pending Customer","180","12","No","4","Tablet","4.3.1","0"
"CMP-2023-000602","Current draw is 18A against rated 12A. Motor or capacitor issue suspected. Please send service team.","2024-05-19 22:21:00","Social Media","English","CUST-97728","HVAC Contractor","Chandigarh","Punjab","Air Purifiers","OptiClean OC-800","Purchase Order","No","Not Requested","Carrier Own Fleet","15","Closed","20","0","No","4","Tablet","3.2.1","0"
"CMP-2025-000603","Delivery delayed by 12 days. Installation could not happen. Our inauguration date missed. Carrier responsible. Escalating to consumer forum if not resolved by tomorrow.","2024-08-23 20:56:00","Web Portal","English","CUST-40988","Hospital","Madurai","Tamil Nadu","Commercial","Chiller AquaEdge 19DV","RTGS","Yes","Approved","Blue Dart","15","Pending Customer","360","2","Yes","3","Windows Tablet","2.8.5","0"
"CMP-2025-000604","App pe temperature change karte hain toh unit nahi sunta. 5 minute baad update hota hai. Itni delay kyun? We have a big client visit next week. Please prioritize.","2024-08-23 19:45:00","Service Center","English","CUST-75481","Restaurant Owner","Varanasi","Uttar Pradesh","Refrigeration","Supermarket Ref SMR-MultiDeck","Cash","No","Not Requested","Amazon Logistics","30","Resolved","20","1","No","5","iPad","5.1.3","1"
"CMP-2024-000605","Vibration from the compressor unit is shaking the entire wall. Noise level measured at 78 dB. Far above spec.","2023-05-10 06:38:00","WhatsApp","Hindi","CUST-10928","Maintenance Manager","Guwahati","Assam","Commercial","Air Handler AHU-3000","Cheque","No","Not Requested","Blue Dart","0","Escalated","240","48","No","2","iPhone","5.2.1","2"
"CMP-2024-000606","Cold room temperature fluctuating between -2C and +8C. We store frozen products. This is a serious food safety risk. Please resolve on priority.","2023-12-25 15:29:00","Walk-in","English","CUST-57603","Educational Institution","Tirupur","Tamil Nadu","Air Purifiers","Air One AO-200","Net Banking","No","Not Requested","Delhivery","0","Pending Customer","15","48","Yes","3","iPad","2.8.5","1"
"CMP-2024-000607","Capacitor replaced 3 weeks ago. Failed again. Is this a genuine Carrier part or counterfeit? Demanding certificate of authenticity. Please resolve on priority.","2023-03-06 14:43:00","Web Portal","English","CUST-68051","Industrial Facility","Jodhpur","Rajasthan","Light Commercial","Cassette 42UFC","RTGS","No","Not Requested","Delhivery","2","Escalated","20","240","No","2","Windows Tablet","4.3.1","4"
"CMP-2025-000608","This is the 6th breakdown in 8 months. Every time technician comes, 'fixes' it, and within 2 weeks same problem returns. ENOUGH. Complaint ID from last time: 43882325","2024-12-20 07:50:00","Chat Support","Hinglish","CUST-36632","Facility Team","Jabalpur","Madhya Pradesh","Air Purifiers","Air One AO-100","Cheque","Yes","Processed","XpressBees","0","Re-opened","30","12","No","1","Desktop","4.0.0","0"
"CMP-2025-000609","Power factor of the unit is poor. Our electrical load increased significantly after Carrier system was installed. Please don't just close the ticket without solving the issue.","2023-01-03 05:36:00","WhatsApp","English","CUST-19159","Retail Store","Chennai","Tamil Nadu","Air Purifiers","Klarwind KW-300","Purchase Order","No","Not Requested","Rivigo","0","In Progress","25","504","No","4","iPhone","2.9.8","2"
"CMP-2025-000610","Technician was very rude on phone. We are a paying customer. This behavior is not acceptable. Highly disappointed.","2023-06-27 01:56:00","Email","English","CUST-82641","IT Park","Kota","Rajasthan","Refrigeration","Evaporator Unit EU-3000","EMI","No","Not Requested","Shadowfax","0","Pending Customer","10","24","No","5","Windows Tablet","5.1.3","5"
"CMP-2023-000611","Technician suggested we buy a new unit. But this unit is only 14 months old!! Under warranty. Will escalate legally if needed. Escalating to consumer forum if not resolved by tomorrow.","2024-02-02 20:05:00","Chat Support","Hinglish","CUST-52039","Hotel","Amritsar","Punjab","Commercial","Chiller AquaEdge 19DV","Net Banking","No","Not Requested","Shadowfax","0","Open","30","8","No","5","iPhone","5.2.1","5"
"CMP-2025-000612","Cooling has been erratic since last 4 days. Some zones are ice cold, others are like a furnace. Have called support 3 times but no resolution. Highly disappointed.","2023-01-06 18:26:00","Service Center","English","CUST-37579","Bank Branch","Allahabad","Uttar Pradesh","Commercial","Air Handler AHU-5000","Net Banking","No","Not Requested","Blue Dart","2","Resolved","12","24","No","2","iPad","2.8.5","1"
"CMP-2024-000613","AMC renewal done but service schedule not shared. Who is my assigned service engineer? No one tells me.","2023-05-13 05:02:00","Phone","Hinglish","CUST-14183","Food Processing Unit","Jaipur","Rajasthan","Air Purifiers","OptiClean OC-800","EMI","No","Not Requested","Ekart","5","Escalated","8","72","Yes","3","Laptop","4.3.1","4"
"CMP-2023-000614","Waiting for spare parts for 35 days. Technician has identified fault. Parts stuck in warehouse apparently. No timeline given.","2023-04-03 09:01:00","Social Media","Hindi","CUST-61745","Mall Operator","Jaipur","Rajasthan","Air Purifiers","Klarwind KW-500","Purchase Order","No","Not Requested","Carrier Own Fleet","2","Resolved","2880","72","No","2","Android Phone","2.9.8","1"
"CMP-2025-000615","Evaporator icing up completely within 6 hours. Has to be manually defrosted. Happened every day this week. Under warranty. Do not charge us.","2025-04-23 00:49:00","Phone","English","CUST-69471","Hotel","Lucknow","Uttar Pradesh","Air Purifiers","Klarwind KW-300","Cheque","Yes","Under Review","Carrier Own Fleet","2","Pending Customer","180","72","No","2","iPhone","3.1.0","2"
"CMP-2023-000616","BMS controller not responding to commands. Manual override also not working. Entire floor temperature uncontrolled. Under warranty. Do not charge us.","2023-08-25 17:31:00","Mobile App","English","CUST-31804","Data Centre","Guwahati","Assam","Commercial","Controls EcoAdvance","Debit Card","No","Not Requested","FedEx","0","Pending Parts","30","8","No","4","Tablet","2.8.5","0"
"CMP-2024-000617","Power factor of the unit is poor. Our electrical load increased significantly after Carrier system was installed.","2024-09-22 11:58:00","Dealer","Hinglish","CUST-83980","Food Processing Unit","Nashik","Maharashtra","Refrigeration","Inverter Condensing Unit ICU-5","Purchase Order","Yes","Rejected","Mahindra Logistics","20","Pending Customer","60","240","No","2","iPhone","4.1.2","0"
"CMP-2023-000618","Controller touchscreen unresponsive. Had to manually switch off from breaker. Need replacement. Need resolution within 24 hours.","2023-05-06 01:13:00","Email","Telugu","CUST-64076","Educational Institution","Thane","Maharashtra","Commercial","Controls EcoAdvance","Cheque","Yes","Pending","Mahindra Logistics","3","Pending Parts","480","2","Yes","1","Tablet","3.2.1","5"
"CMP-2024-000619","Condensate drain is blocked. Water overflowing inside the unit and dropping on floor. Health hazard. Need resolution within 24 hours.","2023-02-13 13:28:00","Phone","English","CUST-17062","Food Processing Unit","Vijayawada","Andhra Pradesh","Light Commercial","Carrier VRF X Power 40VYX","Debit Card","Yes","Rejected","Carrier Own Fleet","1","Closed","360","72","No","1","iPhone","3.2.1","1"
"CMP-2023-000620","Cooling inconsistent since installation 3 months ago. Raised ticket twice before. Still same issue. Third time raising this complaint.","2024-09-02 08:31:00","Email","English","CUST-25793","Educational Institution","Mumbai","Maharashtra","Air Purifiers","Klarwind KW-300","UPI","No","Not Requested","FedEx","3","Re-opened","45","240","No","2","iPad","3.3.5","0"
"CMP-2024-000621","This is the 6th breakdown in 8 months. Every time technician comes, 'fixes' it, and within 2 weeks same problem returns. ENOUGH. We have a big client visit next week. Please prioritize.","2024-02-29 13:06:00","Mobile App","English","CUST-92160","Bank Branch","Delhi","Delhi","Commercial","Air Handler AHU-5000","Credit Card","No","Not Requested","Shadowfax","0","Re-opened","12","48","Yes","1","Windows Tablet","2.8.5","2"
"CMP-2025-000622","Jo technician aaya tha usse unit ke baare mein kuch pata hi nahi tha. Puri unit khol ke dekha, phir band kar gaya bina fix kiye.","2023-11-21 05:02:00","Mobile App","Hinglish","CUST-89803","Mall Operator","Bengaluru","Karnataka","Air Purifiers","OptiClean OC-800","Purchase Order","No","Not Requested","FedEx","1","Re-opened","5","36","No","1","iPhone","5.0.0","1"
"CMP-2025-000623","Water leak from ceiling mounted cassette unit. Staining the false ceiling and dripping on expensive equipment below.","2023-08-10 15:18:00","Email","Hinglish","CUST-72900","Bank Branch","Coimbatore","Tamil Nadu","Light Commercial","Ducted 40RUQ","Net Banking","Yes","Processed","Delhivery","5","Closed","1440","720","Yes","1","Laptop","3.1.0","0"
"CMP-2025-000624","Refund approved by your team on email. Bank account details submitted. Still no transfer after 3 weeks. Please check. Please resolve on priority.","2023-04-19 02:26:00","Email","English","CUST-96606","Supermarket","Tirupur","Tamil Nadu","Air Purifiers","Klarwind KW-500","EMI","Yes","Approved","Carrier Own Fleet","1","Re-opened","15","6","Yes","1","Android Phone","5.2.1","2"
"CMP-2025-000625","Refrigerant pipes run visibly through office wall without proper ducting. Installation is ugly and not as agreed.","2023-06-14 03:28:00","Walk-in","Hinglish","CUST-77258","Restaurant Owner","Jodhpur","Rajasthan","Refrigeration","Evaporator Unit EU-3000","RTGS","No","Not Requested","Blue Dart","2","Resolved","8","1","No","4","Android Phone","4.3.1","0"
"CMP-2024-000626","Unit failed 13 months after purchase. You are saying warranty expired. But issue started within warranty period and was reported. Records available.","2025-02-21 20:42:00","Phone","English","CUST-76964","IT Park","Mysuru","Karnataka","Air Purifiers","Klarwind KW-300","Purchase Order","No","Not Requested","FedEx","2","Resolved","300","168","Yes","2","Windows Tablet","2.8.5","0"
"CMP-2024-000627","There is a clear rattling from the compressor section. Technician visited and said 'nothing serious' but noise is getting worse daily. Third time raising this complaint.","2023-02-15 15:57:00","Social Media","Hindi","CUST-42520","Retail Store","Allahabad","Uttar Pradesh","Air Purifiers","OptiClean OC-800","EMI","No","Not Requested","Ekart","15","Pending Parts","120","6","No","1","Tablet","2.8.5","6"
"CMP-2023-000628","Our cold room compressor is producing abnormal high-pitched squealing. Running but worrying about failure. Escalating to consumer forum if not resolved by tomorrow.","2025-01-07 08:59:00","Chat Support","English","CUST-13358","HVAC Contractor","Aurangabad","Maharashtra","Air Purifiers","Klarwind KW-300","Debit Card","No","Not Requested","Blue Dart","2","Pending Customer","12","168","No","2","Desktop","2.9.8","2"
"CMP-2025-000629","Delivery delayed by 12 days. Installation could not happen. Our inauguration date missed. Carrier responsible. We have a big client visit next week. Please prioritize.","2024-06-29 22:32:00","Web Portal","Hinglish","CUST-15385","Pharma Company","Jaipur","Rajasthan","Air Purifiers","Air One AO-200","Cash","No","Not Requested","Rivigo","0","In Progress","240","1","Yes","1","Android Phone","4.1.2","0"
"CMP-2023-000630","The drain pan is overflowing. Unit installed 6 months ago and this is the 3rd time this is happening. Poor installation quality suspected. Highly disappointed.","2024-05-01 23:26:00","Email","English","CUST-34455","Restaurant Owner","Bengaluru","Karnataka","Air Purifiers","Air One AO-100","EMI","No","Not Requested","DTDC","25","Pending Customer","30","168","Yes","2","Desktop","4.1.2","3"
"CMP-2024-000631","Controller touchscreen unresponsive. Had to manually switch off from breaker. Need replacement. This is absolutely ridiculous!!!","2023-01-29 18:26:00","Dealer","English","CUST-71609","IT Park","Gurugram","Haryana","Commercial","Controls i-Vu Open","Net Banking","No","Not Requested","Amazon Logistics","2","Open","720","0","No","1","iPad","4.3.1","1"
"CMP-2025-000632","BMS controller not responding to commands. Manual override also not working. Entire floor temperature uncontrolled. Will share on social media if no action.","2024-09-29 05:58:00","Dealer","Hindi","CUST-59352","HVAC Contractor","Chandigarh","Punjab","Refrigeration","Evaporator Unit EU-5000","EMI","No","Not Requested","Ekart","25","Re-opened","60","0","No","5","Desktop","5.2.1","0"
"CMP-2024-000633","Current draw is 18A against rated 12A. Motor or capacitor issue suspected. Please send service team. Please resolve on priority.","2023-03-01 21:49:00","Service Center","English","CUST-42295","Cold Storage Operator","Hubballi","Karnataka","Commercial","Chiller AquaEdge 19DV","Debit Card","Yes","Processed","DTDC","30","Open","30","48","Yes","4","iPad","4.3.1","1"
"CMP-2024-000634","Unit consuming 40% more power than rated. Energy meter data shared with your team. No action taken.","2024-01-24 15:00:00","Email","English","CUST-87872","Bank Branch","Patna","Bihar","Light Commercial","Carrier VRF X Power 38VYX","EMI","No","Not Requested","Amazon Logistics","3","Open","60","168","No","4","iPad","5.2.1","2"
"CMP-2025-000635","Indoor unit delivered but outdoor unit still not received after 3 weeks. How do you expect us to use half a system? 😡 Very frustrated.","2023-11-19 13:55:00","Walk-in","Hinglish","CUST-68077","Facility Team","Chandigarh","Punjab","Commercial","Controls EcoAdvance","NEFT","Yes","Approved","Ekart","1","Open","240","8","No","5","Desktop","4.3.1","6"
"CMP-2023-000636","Outdoor unit installed at wrong orientation. Drainage blocked. Technician confirmed faulty installation but blaming us. Complaint ID from last time: 65401659","2023-08-23 01:00:00","SMS","English","CUST-31006","Retail Store","Pune","Maharashtra","Light Commercial","Ducted 40MAQ","NEFT","No","Not Requested","Mahindra Logistics","30","Re-opened","15","72","No","4","Laptop","3.3.5","4"
"CMP-2025-000637","Gas leakage from the indoor unit. There is an oily stain near copper pipe joints. Very concerning. Need resolution within 24 hours.","2025-04-14 08:34:00","Social Media","Hindi","CUST-60888","Warehouse Operator","Mumbai","Maharashtra","Commercial","Air Handler AHU-5000","Cash","No","Not Requested","Rivigo","25","Re-opened","15","504","Yes","2","iPhone","3.2.1","1"
"CMP-2025-000638","Support team gave me wrong information. Said parts available, technician confirmed they are not. Someone is lying. Third time raising this complaint.","2023-03-19 04:46:00","Phone","English","CUST-17008","Industrial Facility","Ghaziabad","Uttar Pradesh","Air Purifiers","Klarwind KW-300","Cash","Yes","Approved","FedEx","20","Pending Parts","240","0","Yes","1","Tablet","4.2.0","1"
"CMP-2024-000639","Refund rejected saying 'product opened'. But your own technician opened it during inspection! This is fraud. This is absolutely ridiculous!!!","2024-01-06 08:03:00","Email","Hindi","CUST-66260","HVAC Contractor","Patna","Bihar","Air Purifiers","Air One AO-100","Cash","Yes","Partially Processed","Delhivery","5","In Progress","12","8","No","2","Windows Tablet","5.0.0","3"
"CMP-2025-000640","Support agent was dismissive and rude. Did not let me complete my complaint. Terrible customer experience. 😡 Very frustrated.","2024-10-22 20:43:00","WhatsApp","Hinglish","CUST-32245","Supermarket","Nagpur","Maharashtra","Refrigeration","Supermarket Ref SMR-MultiDeck","Net Banking","Yes","Processed","Carrier Own Fleet","0","Open","60","4","Yes","1","iPhone","3.1.0","2"
"CMP-2024-000641","Outdoor unit installed at wrong orientation. Drainage blocked. Technician confirmed faulty installation but blaming us. This is absolutely ridiculous!!!","2024-10-01 07:21:00","Web Portal","English","CUST-11548","Warehouse Operator","Hubballi","Karnataka","Commercial","Controls i-Vu Open","Debit Card","No","Not Requested","FedEx","0","Re-opened","480","72","Yes","1","iPad","4.3.1","5"
"CMP-2023-000642","You cancelled my order but refund not yet processed. It has been 18 days. UPI payment should be instant. What is happening? Complaint ID from last time: 45446083","2024-12-05 02:30:00","Chat Support","Hinglish","CUST-38500","Food Processing Unit","Vijayawada","Andhra Pradesh","Commercial","Air Handler AHU-3000","RTGS","No","Not Requested","XpressBees","1","Resolved","720","336","Yes","3","Windows Tablet","4.1.2","2"
"CMP-2025-000643","Because of your equipment failure, our restaurant had to shut for 2 days. Loss of business and spoiled inventory. This is unacceptable. Under warranty. Do not charge us.","2024-08-15 22:08:00","Service Center","English","CUST-45945","Food Processing Unit","Mysuru","Karnataka","Light Commercial","Carrier VRF X Power 38VYX","Cheque","No","Not Requested","Blue Dart","0","Pending Parts","15","48","No","4","iPhone","4.0.0","2"
"CMP-2025-000644","Jo technician aaya tha usse unit ke baare mein kuch pata hi nahi tha. Puri unit khol ke dekha, phir band kar gaya bina fix kiye.","2024-10-23 21:35:00","Service Center","English","CUST-61366","Retail Store","Jodhpur","Rajasthan","Light Commercial","Ducted 40MAQ","EMI","No","Not Requested","Blue Dart","2","Escalated","20","8","Yes","1","iPad","3.2.1","0"
"CMP-2023-000645","Technician was very rude on phone. We are a paying customer. This behavior is not acceptable.","2023-02-16 00:32:00","SMS","Hinglish","CUST-98011","Educational Institution","Mysuru","Karnataka","Refrigeration","Supermarket Ref SMR-Island","Cheque","Yes","Pending","Rivigo","0","Closed","25","120","No","1","Desktop","3.1.0","2"
"CMP-2025-000646","Strange whistling sound from indoor unit. Happens when set below 22C. Very irritating during meetings.","2023-07-19 10:19:00","Dealer","Hinglish","CUST-51470","Hotel","Bengaluru","Karnataka","Commercial","Fan Coil Unit FCU-400","Credit Card","No","Not Requested","FedEx","3","Open","120","48","No","5","Laptop","5.0.0","0"
"CMP-2024-000647","The unit completely stopped cooling from yesterday afternoon. We have 40+ staff sitting in 38 degree heat. This is completely unacceptable for a premium brand like Carrier. Please send someone immediately. We have a big client visit next week. Please prioritize.","2024-01-15 09:55:00","Phone","Tamil","CUST-21835","Restaurant Owner","Kochi","Kerala","Commercial","Controls EcoAdvance","EMI","Yes","Pending","FedEx","10","Re-opened","8","0","Yes","1","Desktop","5.1.3","1"
"CMP-2024-000648","Unit delivered without accessories. Remote, drain pipes, all missing. Had to chase dealer for 1 week. We have a big client visit next week. Please prioritize.","2023-06-13 12:38:00","Service Center","English","CUST-79200","Restaurant Owner","Chandigarh","Punjab","Refrigeration","Evaporator Unit EU-3000","EMI","No","Not Requested","XpressBees","1","Re-opened","480","72","No","2","iPad","2.9.8","0"
"CMP-2024-000649","AC chalta hai lekin thanda nahi karta bilkul bhi. Service wale bol rahe hain gas bharo, lekin pehle bhi 2 mahine mein bhara tha. Kya yahi quality hai Carrier ki? We have a big client visit next week. Please prioritize.","2023-01-24 22:38:00","Web Portal","English","CUST-12919","Office Admin","Jaipur","Rajasthan","Refrigeration","Supermarket Ref SMR-Island","RTGS","No","Not Requested","XpressBees","1","Resolved","180","1","No","1","Tablet","3.1.0","5"
"CMP-2023-000650","Gas leakage from the indoor unit. There is an oily stain near copper pipe joints. Very concerning. 😡 Very frustrated.","2024-12-24 02:42:00","WhatsApp","Hinglish","CUST-48901","Cold Storage Operator","Kota","Rajasthan","Light Commercial","Cassette 42UFS","Debit Card","No","Not Requested","XpressBees","2","Resolved","45","4","Yes","5","Laptop","3.3.5","0"
"CMP-2024-000651","App is not connecting to my unit. Shows 'Device Offline' even though unit is running. WiFi is strong.","2025-04-10 22:56:00","Mobile App","Tamil","CUST-58030","HVAC Contractor","Jaipur","Rajasthan","Commercial","Controls i-Vu Open","RTGS","No","Not Requested","Amazon Logistics","20","Re-opened","120","2","No","2","iPad","5.1.3","1"
"CMP-2023-000652","Recurring issue since installation. Always cooling problem. 4 visits, 4 temporary fixes. We want permanent solution or replacement. We have a big client visit next week. Please prioritize.","2023-08-13 22:57:00","Walk-in","English","CUST-46059","Warehouse Operator","Amritsar","Punjab","Light Commercial","Ducted 40RUQ","Net Banking","Yes","Processed","Delhivery","1","Resolved","720","48","No","4","Android Phone","3.1.0","0"
"CMP-2024-000653","Heat rejection from outdoor units is excessive. Adjacent areas are getting very hot. Ventilation design issue or unit fault? Third time raising this complaint.","2023-03-16 12:59:00","Social Media","Kannada","CUST-58908","Supermarket","Navi Mumbai","Maharashtra","Commercial","Air Handler AHU-3000","RTGS","No","Not Requested","XpressBees","0","In Progress","12","720","No","1","Tablet","3.3.5","1"
"CMP-2023-000654","R410A leak suspected. Cooling efficiency dropped suddenly and compressor running continuously. Please send someone today.","2023-07-24 01:02:00","Service Center","English","CUST-66385","Bank Branch","Vadodara","Gujarat","Commercial","Air Handler AHU-3000","Cash","Yes","Partially Processed","XpressBees","0","Closed","720","168","No","4","iPhone","2.8.5","1"
"CMP-2025-000655","Unit goes into protection mode due to high discharge temperature. Error E12 visible on panel. Ambient temp is 42C but unit is rated for 50C. This is absolutely ridiculous!!!","2023-10-13 15:49:00","Phone","English","CUST-21546","Data Centre","Noida","Uttar Pradesh","Light Commercial","Floor Standing 42NQ","UPI","Yes","Under Review","DTDC","5","In Progress","8","48","No","1","iPhone","4.2.0","2"
"CMP-2025-000656","Chat support is completely useless. Gives only scripted responses. Cannot escalate from chat. Very bad experience. This is absolutely ridiculous!!!","2024-06-20 07:21:00","WhatsApp","English","CUST-79460","Warehouse Operator","Meerut","Uttar Pradesh","Air Purifiers","OptiClean OC-400","Cheque","Yes","Partially Processed","FedEx","0","Escalated","1440","0","No","4","Desktop","5.1.3","0"
"CMP-2023-000657","PCB board ordered. Was told 7-10 days delivery. Today is day 21. No update from anyone.","2023-12-05 10:03:00","Service Center","English","CUST-46267","Warehouse Operator","Meerut","Uttar Pradesh","Air Purifiers","Air One AO-200","Purchase Order","Yes","Rejected","DTDC","20","Pending Parts","20","24","Yes","2","Windows Tablet","3.1.0","0"
"CMP-2025-000658","Power factor of the unit is poor. Our electrical load increased significantly after Carrier system was installed.","2023-03-27 03:29:00","Social Media","English","CUST-22419","Data Centre","Mysuru","Karnataka","Commercial","Fan Coil Unit FCU-200","RTGS","Yes","Partially Processed","Mahindra Logistics","25","Open","10","168","No","2","Windows Tablet","3.1.0","6"
"CMP-2025-000659","Support team gave me wrong information. Said parts available, technician confirmed they are not. Someone is lying. Please resolve on priority.","2024-03-24 10:50:00","Chat Support","English","CUST-17801","Supermarket","Surat","Gujarat","Refrigeration","Supermarket Ref SMR-Island","Credit Card","Yes","Rejected","DTDC","15","Escalated","240","12","No","5","Desktop","5.0.0","4"
"CMP-2023-000660","Emergency call under AMC. Was told 'our team will come today'. No one came. Called again next day. Same promise. Third day still waiting.","2023-12-29 22:47:00","Chat Support","Hindi","CUST-57992","Supermarket","Thane","Maharashtra","Commercial","Air Handler AHU-3000","Credit Card","No","Not Requested","Amazon Logistics","5","Closed","30","1","No","5","Android Phone","3.1.0","2"
"CMP-2024-000661","BMS controller not responding to commands. Manual override also not working. Entire floor temperature uncontrolled. 😡 Very frustrated.","2024-10-03 19:58:00","Phone","English","CUST-95713","Facility Team","Guwahati","Assam","Light Commercial","Carrier VRF X Power 40VYX","RTGS","No","Not Requested","Carrier Own Fleet","15","Resolved","8","120","No","1","Android Phone","3.1.0","0"
"CMP-2024-000662","Third breakdown this year. We have CCTV footage of the same issue recurring. Requesting senior engineer visit and root cause analysis. We have a big client visit next week. Please prioritize.","2025-01-04 14:30:00","Mobile App","English","CUST-41671","IT Park","Howrah","West Bengal","Air Purifiers","OptiClean OC-800","Net Banking","No","Not Requested","Ekart","5","Closed","60","720","No","5","iPad","4.0.0","0"
"CMP-2023-000663","Because of your equipment failure, our restaurant had to shut for 2 days. Loss of business and spoiled inventory. This is unacceptable. Complaint ID from last time: 76255032","2025-04-28 00:04:00","Service Center","English","CUST-59739","Facility Team","Visakhapatnam","Andhra Pradesh","Light Commercial","Floor Standing 42CF","Net Banking","Yes","Pending","Mahindra Logistics","2","Closed","20","720","Yes","2","Windows Tablet","2.9.8","1"
"CMP-2023-000664","Service engineer came without tools. Wasted our time. Came again next day with wrong parts. Still not fixed.","2023-12-31 07:00:00","SMS","Kannada","CUST-80911","Educational Institution","Rajkot","Gujarat","Air Purifiers","Klarwind KW-300","Credit Card","No","Not Requested","DTDC","0","Pending Parts","180","336","No","2","Tablet","3.1.0","3"
"CMP-2025-000665","High electricity consumption despite energy saving mode being on. Something is wrong with the inverter control.","2023-06-25 18:47:00","Chat Support","Kannada","CUST-65508","Maintenance Manager","Surat","Gujarat","Refrigeration","Modular Cold Room MCR-10","UPI","No","Not Requested","FedEx","3","Open","15","8","No","5","Desktop","5.1.3","1"
"CMP-2023-000666","Partial refund received but deducted 20% without any explanation. No one is telling me why. I want full refund. Complaint ID from last time: 70920711","2023-06-15 07:45:00","Social Media","English","CUST-33715","Industrial Facility","Varanasi","Uttar Pradesh","Light Commercial","Cassette 42UFS","Purchase Order","No","Not Requested","XpressBees","3","In Progress","120","0","No","2","Tablet","2.9.8","0"
"CMP-2025-000667","AC chalta hai lekin thanda nahi karta bilkul bhi. Service wale bol rahe hain gas bharo, lekin pehle bhi 2 mahine mein bhara tha. Kya yahi quality hai Carrier ki? Complaint ID from last time: 91611863","2023-12-07 17:35:00","Phone","Tamil","CUST-87141","Facility Team","Jodhpur","Rajasthan","Refrigeration","Supermarket Ref SMR-Island","Cash","No","Not Requested","DTDC","25","Open","15","2","No","4","iPhone","5.0.0","2"
"CMP-2025-000668","Support agent was dismissive and rude. Did not let me complete my complaint. Terrible customer experience. Under warranty. Do not charge us.","2023-06-26 16:17:00","Walk-in","English","CUST-17001","Hotel","Howrah","West Bengal","Light Commercial","Ducted 40MAQ","Cash","No","Not Requested","Blue Dart","0","Resolved","720","24","Yes","4","Tablet","3.3.5","2"
"CMP-2023-000669","BMS controller not responding to commands. Manual override also not working. Entire floor temperature uncontrolled. Need resolution within 24 hours.","2025-02-04 03:04:00","Dealer","English","CUST-85664","Data Centre","Vijayawada","Andhra Pradesh","Light Commercial","Cassette 42UFC","Net Banking","No","Not Requested","XpressBees","0","Resolved","8","24","No","1","Desktop","5.2.1","1"
"CMP-2023-000670","i-Vu controller shows error 'Communication Lost' since last night. Unable to control any zone from central panel.","2025-03-06 04:32:00","Phone","English","CUST-53970","Warehouse Operator","Rajkot","Gujarat","Air Purifiers","Air One AO-200","UPI","Yes","Partially Processed","Blue Dart","20","Escalated","120","336","No","1","Desktop","4.3.1","0"
"CMP-2025-000671","Capacitor replaced 3 weeks ago. Failed again. Is this a genuine Carrier part or counterfeit? Demanding certificate of authenticity. Under warranty. Do not charge us.","2023-11-02 12:55:00","Chat Support","English","CUST-30856","Bank Branch","Gurugram","Haryana","Light Commercial","Cassette 42UFS","Credit Card","Yes","Approved","Rivigo","10","In Progress","2880","168","No","2","iPhone","2.9.8","0"
"CMP-2023-000672","Water leak from ceiling mounted cassette unit. Staining the false ceiling and dripping on expensive equipment below. Third time raising this complaint.","2024-02-07 14:48:00","Email","English","CUST-40653","Cold Storage Operator","Lucknow","Uttar Pradesh","Commercial","Controls i-Vu Open","Cheque","Yes","Rejected","Blue Dart","12","Closed","30","48","No","1","Laptop","4.3.1","6"
"CMP-2023-000673","Rattling noise from FCU started after technician visited. Did they tighten something wrongly? We have a big client visit next week. Please prioritize.","2023-06-21 14:12:00","WhatsApp","English","CUST-60507","Hospital","Varanasi","Uttar Pradesh","Commercial","Air Handler AHU-5000","NEFT","No","Not Requested","Amazon Logistics","5","Pending Parts","10","8","No","4","Windows Tablet","5.1.3","4"
"CMP-2024-000674","BMS controller not responding to commands. Manual override also not working. Entire floor temperature uncontrolled. Third time raising this complaint.","2023-06-01 20:15:00","Mobile App","Tamil","CUST-21093","Data Centre","Jodhpur","Rajasthan","Refrigeration","Inverter Condensing Unit ICU-5","UPI","No","Not Requested","Rivigo","15","Escalated","15","72","No","2","Desktop","2.8.5","0"
"CMP-2024-000675","Capacitor replaced 3 weeks ago. Failed again. Is this a genuine Carrier part or counterfeit? Demanding certificate of authenticity. Complaint ID from last time: 33430311","2024-11-15 16:31:00","Dealer","English","CUST-59002","HVAC Contractor","Nashik","Maharashtra","Refrigeration","Supermarket Ref SMR-Island","Cheque","No","Not Requested","Shadowfax","10","Re-opened","90","336","No","5","Windows Tablet","5.2.1","2"
"CMP-2025-000676","Electrical connections were left exposed during installation. Safety hazard. Had to call an electrician to fix. We have a big client visit next week. Please prioritize.","2024-01-31 23:38:00","Social Media","English","CUST-18333","Pharma Company","Indore","Madhya Pradesh","Air Purifiers","Klarwind KW-300","Debit Card","No","Not Requested","Carrier Own Fleet","12","Pending Customer","5","0","No","1","Tablet","4.2.0","3"
"CMP-2025-000677","R410A leak suspected. Cooling efficiency dropped suddenly and compressor running continuously. Please send someone today. We have a big client visit next week. Please prioritize.","2023-11-06 14:11:00","Phone","English","CUST-11775","Food Processing Unit","Coimbatore","Tamil Nadu","Light Commercial","Ducted 40RUQ","RTGS","No","Not Requested","Shadowfax","1","Closed","20","168","Yes","4","Android Phone","2.8.5","2"
"CMP-2025-000678","Capacitor replaced 3 weeks ago. Failed again. Is this a genuine Carrier part or counterfeit? Demanding certificate of authenticity.","2024-04-08 18:26:00","Web Portal","Hindi","CUST-70017","Restaurant Owner","Ahmedabad","Gujarat","Commercial","Air Handler AHU-3000","EMI","No","Not Requested","XpressBees","1","Re-opened","480","120","No","2","Android Phone","3.2.1","5"
"CMP-2025-000679","Spare part availability is very poor for older models. Our unit is only 4 years old and parts are already out of stock?? Please resolve on priority.","2024-03-19 16:51:00","Service Center","English","CUST-45003","IT Park","Chennai","Tamil Nadu","Commercial","Controls EcoAdvance","UPI","No","Not Requested","Delhivery","0","Pending Parts","60","96","No","2","iPhone","5.0.0","1"
"CMP-2024-000680","EcoAdvance controller crashing randomly. Display goes blank. Restarts after 10-15 mins. Very disruptive for our hotel operations.","2023-10-13 01:41:00","Email","Kannada","CUST-92483","Commercial Building Operator","Lucknow","Uttar Pradesh","Refrigeration","Evaporator Unit EU-3000","Debit Card","Yes","Rejected","Carrier Own Fleet","1","Open","8","1","No","2","iPad","2.8.5","1"
"CMP-2025-000681","BMS controller not responding to commands. Manual override also not working. Entire floor temperature uncontrolled. 😡 Very frustrated.","2023-08-21 18:44:00","Phone","Kannada","CUST-38523","Cold Storage Operator","Ghaziabad","Uttar Pradesh","Commercial","Controls EcoAdvance","Net Banking","Yes","Approved","DTDC","5","Pending Parts","2880","120","No","2","Tablet","4.3.1","1"
"CMP-2025-000682","Cooling inconsistent since installation 3 months ago. Raised ticket twice before. Still same issue. Complaint ID from last time: 29735259","2025-04-27 21:43:00","Web Portal","English","CUST-29445","Retail Store","Lucknow","Uttar Pradesh","Refrigeration","Condensing Unit CR-10HP","Purchase Order","No","Not Requested","Rivigo","3","Open","60","120","No","2","Windows Tablet","5.2.1","2"
"CMP-2024-000683","Technician was very rude on phone. We are a paying customer. This behavior is not acceptable. We have a big client visit next week. Please prioritize.","2023-04-04 01:35:00","Service Center","English","CUST-77036","Retail Store","Faridabad","Haryana","Refrigeration","Modular Cold Room MCR-25","EMI","No","Not Requested","Ekart","25","Open","12","1","No","2","iPhone","4.3.1","0"
"CMP-2024-000684","Refrigerant pipes run visibly through office wall without proper ducting. Installation is ugly and not as agreed. This is absolutely ridiculous!!!","2025-03-09 12:30:00","Web Portal","English","CUST-68014","HVAC Contractor","Jaipur","Rajasthan","Light Commercial","Ducted 40RUQ","UPI","No","Not Requested","Delhivery","2","Resolved","15","0","Yes","2","iPad","2.9.8","3"
"CMP-2024-000685","Controller touchscreen unresponsive. Had to manually switch off from breaker. Need replacement. We have a big client visit next week. Please prioritize.","2023-07-07 19:21:00","Web Portal","English","CUST-95994","Warehouse Operator","Faridabad","Haryana","Light Commercial","Floor Standing 42NQ","UPI","Yes","Partially Processed","DTDC","2","Open","45","168","No","2","Desktop","3.2.1","2"
"CMP-2023-000686","Compressor failure within 18 months. Manufacturer warranty should cover this. Do not send me to dealer. Carrier must take responsibility.","2023-08-14 12:11:00","Dealer","Hindi","CUST-17514","Mall Operator","Kochi","Kerala","Refrigeration","Condensing Unit CR-10HP","Purchase Order","No","Not Requested","Mahindra Logistics","20","Pending Parts","10","96","No","4","iPad","5.0.0","0"
"CMP-2024-000687","Power factor of the unit is poor. Our electrical load increased significantly after Carrier system was installed.","2023-03-21 18:49:00","SMS","English","CUST-53246","Pharma Company","Coimbatore","Tamil Nadu","Commercial","Air Handler AHU-5000","Purchase Order","No","Not Requested","FedEx","5","Pending Customer","300","0","No","5","iPad","3.3.5","0"
"CMP-2024-000688","System not cooling at all. Temperature showing 32C inside. Very hot. Please help urgently. Under warranty. Do not charge us.","2023-04-09 04:46:00","SMS","English","CUST-29617","Maintenance Manager","Hyderabad","Telangana","Light Commercial","Ducted 40RUQ","Cheque","No","Not Requested","FedEx","0","Re-opened","180","2","Yes","3","Laptop","4.0.0","0"
"CMP-2023-000689","Indoor unit delivered but outdoor unit still not received after 3 weeks. How do you expect us to use half a system?","2024-04-16 10:44:00","Chat Support","Hinglish","CUST-80092","Data Centre","Navi Mumbai","Maharashtra","Refrigeration","Inverter Condensing Unit ICU-10","UPI","No","Not Requested","Ekart","12","Escalated","12","48","Yes","1","Desktop","4.1.2","1"
"CMP-2023-000690","Heat rejection from outdoor units is excessive. Adjacent areas are getting very hot. Ventilation design issue or unit fault?","2024-08-23 02:22:00","Email","Kannada","CUST-55757","IT Park","Faridabad","Haryana","Air Purifiers","Air One AO-100","Purchase Order","No","Not Requested","Mahindra Logistics","12","Re-opened","5","168","Yes","1","iPhone","4.3.1","2"
"CMP-2024-000691","Temperature in storage went to 12C during night without any alarm. Dairy products spoiled. Need investigation. Please don't just close the ticket without solving the issue.","2023-11-13 02:26:00","Web Portal","English","CUST-55555","Pharma Company","Hubballi","Karnataka","Commercial","Chiller 30XW-V","RTGS","Yes","Pending","FedEx","7","Pending Customer","90","168","No","2","iPhone","3.1.0","6"
"CMP-2024-000692","I am a loyal Carrier customer since 2015. Never faced such repeated breakdowns. Something is wrong with this new model batch.","2024-08-05 22:24:00","Web Portal","English","CUST-36986","Warehouse Operator","Hubballi","Karnataka","Air Purifiers","OptiClean OC-400","Cash","No","Not Requested","Blue Dart","3","Pending Customer","120","6","No","3","iPhone","5.0.0","0"
"CMP-2025-000693","Our factory expansion was delayed because Carrier could not install the HVAC on time. We are losing lakhs daily. Where is the accountability? Will share on social media if no action.","2024-09-18 12:22:00","Mobile App","English","CUST-96174","Pharma Company","Bhopal","Madhya Pradesh","Air Purifiers","Air One AO-100","NEFT","Yes","Partially Processed","Ekart","12","Closed","60","4","No","4","Tablet","3.2.1","6"
"CMP-2025-000694","Nobody from service team is responding. Emails bouncing. Phone numbers not working. Is Carrier shutting down? Escalating to consumer forum if not resolved by tomorrow.","2024-08-11 08:56:00","Dealer","English","CUST-12251","Mall Operator","Ranchi","Jharkhand","Light Commercial","Ducted 40MAQ","UPI","Yes","Under Review","Carrier Own Fleet","1","Pending Parts","15","48","No","2","Windows Tablet","4.0.0","2"
"CMP-2025-000695","Heat rejection from outdoor units is excessive. Adjacent areas are getting very hot. Ventilation design issue or unit fault?","2023-03-04 22:11:00","Phone","Hinglish","CUST-15682","IT Park","Vadodara","Gujarat","Air Purifiers","OptiClean OC-400","RTGS","No","Not Requested","Amazon Logistics","30","Pending Customer","90","504","No","5","iPhone","3.3.5","0"
"CMP-2023-000696","The unit completely stopped cooling from yesterday afternoon. We have 40+ staff sitting in 38 degree heat. This is completely unacceptable for a premium brand like Carrier. Please send someone immediately. Escalating to consumer forum if not resolved by tomorrow.","2024-08-03 01:52:00","Email","English","CUST-56631","Hotel","Jaipur","Rajasthan","Commercial","Fan Coil Unit FCU-400","Cash","Yes","Processed","Carrier Own Fleet","1","Pending Parts","25","96","Yes","4","Windows Tablet","2.8.5","0"
"CMP-2023-000697","Spare part availability is very poor for older models. Our unit is only 4 years old and parts are already out of stock?? 😡 Very frustrated.","2023-07-13 08:44:00","Walk-in","English","CUST-60841","Restaurant Owner","Kolkata","West Bengal","Commercial","Fan Coil Unit FCU-400","EMI","No","Not Requested","Carrier Own Fleet","0","Escalated","60","12","No","2","iPhone","2.8.5","1"
"CMP-2023-000698","Technician was very rude on phone. We are a paying customer. This behavior is not acceptable.","2023-11-05 07:42:00","Service Center","Tamil","CUST-85949","Pharma Company","Howrah","West Bengal","Refrigeration","Evaporator Unit EU-3000","Credit Card","Yes","Under Review","XpressBees","15","Resolved","1440","48","No","5","Android Phone","3.3.5","0"
"CMP-2025-000699","Warranty document says 5 years comprehensive. Your service team is claiming 1 year. Please clarify and honour the warranty. Will share on social media if no action.","2023-03-01 04:14:00","Social Media","English","CUST-16151","Retail Store","Surat","Gujarat","Air Purifiers","Air One AO-200","Cheque","Yes","Approved","Mahindra Logistics","15","Resolved","25","24","No","3","iPhone","2.9.8","2"
"CMP-2023-000700","BMS controller not responding to commands. Manual override also not working. Entire floor temperature uncontrolled. Escalating to consumer forum if not resolved by tomorrow.","2023-01-23 07:12:00","Mobile App","English","CUST-71400","Food Processing Unit","Hyderabad","Telangana","Commercial","Heat Pump 30RQV","Cash","Yes","Pending","Mahindra Logistics","30","Resolved","30","504","Yes","1","Desktop","4.2.0","2"
"CMP-2025-000701","The compressor unit started vibrating heavily last evening. We had to shut it down manually. Need urgent repair. This is absolutely ridiculous!!!","2025-04-15 15:10:00","Web Portal","English","CUST-38414","HVAC Contractor","Vijayawada","Andhra Pradesh","Light Commercial","Cassette 42UFC","Net Banking","No","Not Requested","Amazon Logistics","0","In Progress","60","720","No","1","Android Phone","5.0.0","1"
"CMP-2023-000702","Controller touchscreen unresponsive. Had to manually switch off from breaker. Need replacement.","2024-05-02 20:40:00","Service Center","English","CUST-44137","Pharma Company","Ahmedabad","Gujarat","Light Commercial","Carrier VRF X Power 38VYX","Credit Card","No","Not Requested","Carrier Own Fleet","2","Escalated","720","336","No","2","Windows Tablet","3.3.5","4"
"CMP-2025-000703","AC gas leaking. Technician came 10 days ago and topped up. Same problem again. Are they not fixing root cause?? 😡 Very frustrated.","2024-12-30 08:58:00","Social Media","Tamil","CUST-29324","Restaurant Owner","Allahabad","Uttar Pradesh","Light Commercial","Ducted 40RUQ","Cash","No","Not Requested","DTDC","3","In Progress","15","4","Yes","1","Android Phone","5.1.3","1"
"CMP-2025-000704","Compressor failed completely. Unit is under warranty. Require immediate replacement not repair. Do not waste my time. Under warranty. Do not charge us.","2023-10-26 22:02:00","SMS","English","CUST-88415","Hospital","Ludhiana","Punjab","Commercial","Chiller 30XW-V","RTGS","No","Not Requested","Shadowfax","15","In Progress","360","6","No","2","iPhone","5.0.0","6"
"CMP-2025-000705","Refund approved by your team on email. Bank account details submitted. Still no transfer after 3 weeks. Please check.","2023-05-28 03:24:00","WhatsApp","English","CUST-99014","Facility Team","Mysuru","Karnataka","Air Purifiers","OptiClean OC-400","Cheque","No","Not Requested","Ekart","0","Escalated","25","72","No","4","Laptop","3.1.0","3"
"CMP-2025-000706","Unit goes into protection mode due to high discharge temperature. Error E12 visible on panel. Ambient temp is 42C but unit is rated for 50C. Please resolve on priority.","2023-01-11 11:39:00","SMS","English","CUST-76517","Commercial Building Operator","Hyderabad","Telangana","Air Purifiers","Klarwind KW-300","Cash","No","Not Requested","Amazon Logistics","3","Pending Parts","240","24","No","3","iPhone","2.9.8","4"
"CMP-2024-000707","Service engineer came without tools. Wasted our time. Came again next day with wrong parts. Still not fixed.","2023-01-18 13:05:00","Dealer","English","CUST-81137","Office Admin","Lucknow","Uttar Pradesh","Light Commercial","Cassette 42UFC","RTGS","No","Not Requested","Delhivery","2","Closed","12","4","No","2","iPhone","3.1.0","1"
"CMP-2025-000708","Power factor of the unit is poor. Our electrical load increased significantly after Carrier system was installed. Please resolve on priority.","2025-04-26 19:46:00","Mobile App","Hindi","CUST-33577","Warehouse Operator","Varanasi","Uttar Pradesh","Refrigeration","Modular Cold Room MCR-25","RTGS","No","Not Requested","Amazon Logistics","1","Open","5","72","Yes","4","Android Phone","4.0.0","1"
"CMP-2025-000709","Condensate drain is blocked. Water overflowing inside the unit and dropping on floor. Health hazard.","2025-04-18 20:05:00","WhatsApp","English","CUST-22368","Retail Store","Hyderabad","Telangana","Air Purifiers","OptiClean OC-800","NEFT","No","Not Requested","XpressBees","1","Pending Customer","720","8","No","2","Tablet","4.3.1","2"
"CMP-2024-000710","Temperature in storage went to 12C during night without any alarm. Dairy products spoiled. Need investigation.","2024-02-03 09:19:00","WhatsApp","Hindi","CUST-10125","Warehouse Operator","Faridabad","Haryana","Light Commercial","Floor Standing 42NQ","Cash","No","Not Requested","Rivigo","0","Escalated","120","96","Yes","4","iPad","5.2.1","6"
"CMP-2025-000711","Temperature in storage went to 12C during night without any alarm. Dairy products spoiled. Need investigation. Please resolve on priority.","2023-04-25 19:09:00","Dealer","English","CUST-33467","Office Admin","Nagpur","Maharashtra","Light Commercial","Cassette 42UFC","NEFT","No","Not Requested","DTDC","0","Closed","20","48","No","4","iPhone","3.2.1","3"
"CMP-2025-000712","Product registered on your portal. Warranty active. But system is still asking us to pay for repair. Frustrated with this process. This is absolutely ridiculous!!!","2024-08-12 22:33:00","Phone","Hindi","CUST-31087","Mall Operator","Hubballi","Karnataka","Light Commercial","Cassette 42UFS","EMI","Yes","Pending","Ekart","30","Pending Parts","240","1","No","2","Windows Tablet","3.1.0","0"
"CMP-2023-000713","Defrost cycle seems to be running too long. Temperature rises to +5C during defrost. Products are thawing partially.","2023-11-26 20:02:00","Walk-in","English","CUST-45409","Restaurant Owner","Ghaziabad","Uttar Pradesh","Light Commercial","Cassette 42UFC","RTGS","No","Not Requested","Delhivery","30","Resolved","10","720","No","1","Android Phone","3.1.0","1"
"CMP-2024-000714","Spare part availability is very poor for older models. Our unit is only 4 years old and parts are already out of stock?? Need resolution within 24 hours.","2024-09-16 12:43:00","Web Portal","English","CUST-73393","Pharma Company","Gurugram","Haryana","Commercial","Controls i-Vu Open","RTGS","No","Not Requested","DTDC","2","Pending Parts","20","168","No","2","iPhone","4.3.1","2"
"CMP-2024-000715","Water dripping from the indoor unit directly onto our workstations. Urgent issue. Data could be damaged.","2023-04-12 21:34:00","Social Media","Tamil","CUST-39334","Commercial Building Operator","Kanpur","Uttar Pradesh","Refrigeration","Supermarket Ref SMR-Island","Purchase Order","No","Not Requested","DTDC","1","Re-opened","90","168","No","1","Laptop","5.0.0","0"
"CMP-2024-000716","Water dripping from the indoor unit directly onto our workstations. Urgent issue. Data could be damaged. This is absolutely ridiculous!!!","2023-09-11 02:39:00","WhatsApp","English","CUST-89521","Food Processing Unit","Rajkot","Gujarat","Commercial","Controls EcoAdvance","EMI","No","Not Requested","DTDC","20","Pending Parts","1440","0","No","3","Tablet","5.2.1","3"
"CMP-2024-000717","Warranty claim rejected citing 'improper installation'. But installation was done by your own authorized dealer. Who is responsible? Please resolve on priority.","2024-09-18 11:36:00","Phone","English","CUST-52424","Food Processing Unit","Indore","Madhya Pradesh","Air Purifiers","OptiClean OC-400","EMI","No","Not Requested","Shadowfax","3","Pending Customer","90","36","Yes","4","Windows Tablet","4.3.1","0"
"CMP-2024-000718","Vibration from the compressor unit is shaking the entire wall. Noise level measured at 78 dB. Far above spec. Third time raising this complaint.","2024-03-09 18:19:00","Phone","Kannada","CUST-67392","Bank Branch","Guwahati","Assam","Refrigeration","Screw Compressor Rack SR-50","Credit Card","No","Not Requested","Blue Dart","2","Re-opened","60","72","No","2","Desktop","5.1.3","5"
"CMP-2025-000719","Support agent was dismissive and rude. Did not let me complete my complaint. Terrible customer experience. Need resolution within 24 hours.","2023-11-06 03:26:00","Service Center","English","CUST-47876","Food Processing Unit","Ghaziabad","Uttar Pradesh","Air Purifiers","Klarwind KW-300","Cheque","No","Not Requested","Shadowfax","2","In Progress","180","72","No","5","Tablet","3.1.0","2"
"CMP-2024-000720","Electricity bill doubled after installation of new Carrier unit. Star rating says 5-star but consumption is huge.","2023-06-17 12:08:00","Service Center","English","CUST-61997","Cold Storage Operator","Kochi","Kerala","Commercial","Air Handler AHU-3000","EMI","No","Not Requested","Amazon Logistics","2","Closed","120","0","Yes","3","Android Phone","5.1.3","2"
"CMP-2025-000721","Capacitor replaced 3 weeks ago. Failed again. Is this a genuine Carrier part or counterfeit? Demanding certificate of authenticity. Under warranty. Do not charge us.","2023-09-26 23:06:00","Social Media","English","CUST-64525","Restaurant Owner","Mumbai","Maharashtra","Light Commercial","Floor Standing 42NQ","RTGS","Yes","Pending","Blue Dart","5","Open","10","120","No","1","iPad","2.8.5","6"
"CMP-2023-000722","Third breakdown this year. We have CCTV footage of the same issue recurring. Requesting senior engineer visit and root cause analysis. This is absolutely ridiculous!!!","2025-02-24 18:12:00","Service Center","Hinglish","CUST-97158","Maintenance Manager","Varanasi","Uttar Pradesh","Refrigeration","Evaporator Unit EU-5000","Credit Card","No","Not Requested","Mahindra Logistics","0","In Progress","480","504","No","2","Windows Tablet","3.1.0","0"
"CMP-2023-000723","Outdoor unit installed at wrong orientation. Drainage blocked. Technician confirmed faulty installation but blaming us. This is absolutely ridiculous!!!","2023-05-15 19:38:00","Email","English","CUST-73432","HVAC Contractor","Tiruchirappalli","Tamil Nadu","Air Purifiers","Air One AO-200","EMI","No","Not Requested","Carrier Own Fleet","3","Closed","8","168","No","2","Android Phone","4.2.0","5"
"CMP-2025-000724","Chat support is completely useless. Gives only scripted responses. Cannot escalate from chat. Very bad experience.","2023-12-06 07:13:00","SMS","Hindi","CUST-96495","Maintenance Manager","Aurangabad","Maharashtra","Commercial","Chiller 30XW-V","Cash","Yes","Processed","FedEx","12","Closed","10","96","No","1","iPhone","2.9.8","0"
"CMP-2024-000725","Carrier mobile app crashes every time I try to view energy reports. Android 13, latest app version. 😡 Very frustrated.","2023-12-08 23:22:00","Web Portal","English","CUST-31787","Data Centre","Chennai","Tamil Nadu","Commercial","Fan Coil Unit FCU-400","Cheque","No","Not Requested","XpressBees","3","In Progress","240","4","No","2","iPhone","2.8.5","1"
"CMP-2025-000726","AMC coverage says parts are included but technician is asking us to pay for capacitor. Conflict with contract terms. Will share on social media if no action.","2024-12-30 21:20:00","Social Media","English","CUST-32409","Retail Store","Raipur","Chhattisgarh","Air Purifiers","Klarwind KW-300","RTGS","No","Not Requested","Carrier Own Fleet","1","Pending Parts","12","0","No","2","Desktop","2.9.8","0"
"CMP-2024-000727","Smell of refrigerant inside the machine room. Possible gas leak. Evacuation precaution taken. Please send certified technician. This is absolutely ridiculous!!!","2024-04-03 14:19:00","Mobile App","Hinglish","CUST-40188","Commercial Building Operator","Tirupur","Tamil Nadu","Light Commercial","Carrier VRF X Power 40VYX","Net Banking","Yes","Processed","Rivigo","12","In Progress","120","336","Yes","5","Tablet","4.1.2","1"
"CMP-2023-000728","You cancelled my order but refund not yet processed. It has been 18 days. UPI payment should be instant. What is happening?","2023-08-16 06:07:00","Social Media","English","CUST-65218","Office Admin","Hyderabad","Telangana","Light Commercial","Ducted 40RUQ","EMI","No","Not Requested","Delhivery","30","Open","480","504","Yes","4","iPhone","5.1.3","0"
"CMP-2024-000729","App update 5.1.3 broke everything. Before update all features worked fine. Please rollback or fix. Will share on social media if no action.","2024-12-01 02:20:00","WhatsApp","English","CUST-68349","Maintenance Manager","Rajkot","Gujarat","Air Purifiers","OptiClean OC-800","UPI","Yes","Partially Processed","Ekart","0","Open","12","0","Yes","2","Desktop","4.3.1","0"
"CMP-2023-000730","Strange whistling sound from indoor unit. Happens when set below 22C. Very irritating during meetings. We have a big client visit next week. Please prioritize.","2024-08-25 02:19:00","Web Portal","English","CUST-61911","Hospital","Raipur","Chhattisgarh","Air Purifiers","Air One AO-200","Cheque","Yes","Rejected","Blue Dart","0","Open","12","2","Yes","1","Tablet","4.2.0","0"
"CMP-2023-000731","This is the 6th breakdown in 8 months. Every time technician comes, 'fixes' it, and within 2 weeks same problem returns. ENOUGH. Third time raising this complaint.","2024-11-10 16:18:00","Mobile App","English","CUST-95269","Maintenance Manager","Faridabad","Haryana","Air Purifiers","OptiClean OC-800","EMI","No","Not Requested","Amazon Logistics","0","Pending Customer","300","12","Yes","5","iPad","5.0.0","4"
"CMP-2025-000732","Same fault code keeps returning every 3-4 weeks. Error E07. Capacitor changed, still same. Something else is the root cause.","2024-03-27 23:37:00","Service Center","Tamil","CUST-80623","Data Centre","Tiruchirappalli","Tamil Nadu","Commercial","Fan Coil Unit FCU-200","NEFT","No","Not Requested","Rivigo","5","Re-opened","10","336","Yes","4","iPad","2.9.8","0"
"CMP-2024-000733","You cancelled my order but refund not yet processed. It has been 18 days. UPI payment should be instant. What is happening? Need resolution within 24 hours.","2023-04-18 02:11:00","Web Portal","Hindi","CUST-13890","Industrial Facility","Ghaziabad","Uttar Pradesh","Air Purifiers","Air One AO-200","EMI","Yes","Pending","Shadowfax","7","Re-opened","120","0","Yes","4","Desktop","2.9.8","0"
"CMP-2023-000734","I was promised callback in 2 hours. No call came. This has happened twice. Zero accountability. Will share on social media if no action.","2023-06-01 17:55:00","Dealer","English","CUST-86703","Industrial Facility","Thane","Maharashtra","Air Purifiers","Klarwind KW-500","RTGS","No","Not Requested","Rivigo","2","Open","30","336","No","1","iPad","2.8.5","4"
"CMP-2023-000735","Controller mein kuch bhi set karo, unit apna mann se kaam karta hai. Kya issue hai?","2023-09-12 17:08:00","Chat Support","Hinglish","CUST-50288","Hospital","Madurai","Tamil Nadu","Air Purifiers","Air One AO-100","Debit Card","No","Not Requested","FedEx","0","Open","15","0","No","4","iPad","3.2.1","0"
"CMP-2025-000736","Water dripping from the indoor unit directly onto our workstations. Urgent issue. Data could be damaged. We have a big client visit next week. Please prioritize.","2023-03-13 10:59:00","Social Media","Hinglish","CUST-36953","Cold Storage Operator","Ranchi","Jharkhand","Refrigeration","Condensing Unit CR-5HP","Cash","Yes","Approved","Carrier Own Fleet","1","Pending Parts","1440","36","No","5","iPhone","2.9.8","0"
"CMP-2025-000737","AC chalta hai lekin thanda nahi karta bilkul bhi. Service wale bol rahe hain gas bharo, lekin pehle bhi 2 mahine mein bhara tha. Kya yahi quality hai Carrier ki?","2024-10-28 10:55:00","Dealer","English","CUST-41379","Bank Branch","Allahabad","Uttar Pradesh","Light Commercial","Carrier VRF X Power 40VYX","RTGS","Yes","Pending","FedEx","12","Escalated","180","72","Yes","1","Windows Tablet","3.3.5","0"
"CMP-2023-000738","Warranty document says 5 years comprehensive. Your service team is claiming 1 year. Please clarify and honour the warranty. Third time raising this complaint.","2023-01-05 10:58:00","Web Portal","English","CUST-33211","Mall Operator","Kolkata","West Bengal","Refrigeration","Inverter Condensing Unit ICU-5","NEFT","Yes","Partially Processed","XpressBees","30","In Progress","8","6","Yes","1","Desktop","2.8.5","1"
"CMP-2024-000739","PCB board ordered. Was told 7-10 days delivery. Today is day 21. No update from anyone.","2023-05-19 15:13:00","Email","English","CUST-28705","IT Park","Rajkot","Gujarat","Light Commercial","Floor Standing 42CF","Net Banking","No","Not Requested","DTDC","10","Closed","10","48","No","2","Tablet","2.9.8","2"
"CMP-2025-000740","Unit consuming 40% more power than rated. Energy meter data shared with your team. No action taken. This is absolutely ridiculous!!!","2024-12-12 21:55:00","Chat Support","Hindi","CUST-10471","Bank Branch","Kanpur","Uttar Pradesh","Light Commercial","Carrier VRF X Power 38VYX","Purchase Order","No","Not Requested","Mahindra Logistics","10","Pending Customer","30","120","Yes","3","iPad","4.2.0","2"
"CMP-2025-000741","AMC renewal done but service schedule not shared. Who is my assigned service engineer? No one tells me.","2025-03-18 03:48:00","Dealer","English","CUST-14602","Industrial Facility","Patna","Bihar","Light Commercial","Cassette 42UFS","EMI","No","Not Requested","Ekart","2","Re-opened","300","24","No","5","Tablet","4.0.0","2"
"CMP-2023-000742","Temperature in storage went to 12C during night without any alarm. Dairy products spoiled. Need investigation.","2024-09-29 03:22:00","Web Portal","Hinglish","CUST-93481","Pharma Company","Delhi","Delhi","Light Commercial","Ducted 40MAQ","Cheque","No","Not Requested","Carrier Own Fleet","10","Resolved","8","48","Yes","2","iPad","4.0.0","0"
"CMP-2025-000743","There is a clear rattling from the compressor section. Technician visited and said 'nothing serious' but noise is getting worse daily.","2024-12-25 22:31:00","Chat Support","Tamil","CUST-45666","Hotel","Jodhpur","Rajasthan","Light Commercial","Ducted 40MAQ","NEFT","Yes","Approved","Rivigo","0","Open","2880","504","No","1","Desktop","3.2.1","1"
"CMP-2023-000744","Refund rejected saying 'product opened'. But your own technician opened it during inspection! This is fraud. Third time raising this complaint.","2023-07-29 05:11:00","Walk-in","English","CUST-75012","Maintenance Manager","Lucknow","Uttar Pradesh","Light Commercial","Carrier VRF X Power 38VYX","Credit Card","Yes","Partially Processed","XpressBees","5","Resolved","240","6","Yes","4","iPad","2.9.8","0"
"CMP-2023-000745","Installation team came, looked at the site, and left saying they need special equipment. No one has returned since. 10 days now.","2023-06-02 17:25:00","Service Center","Hindi","CUST-95563","Retail Store","Chennai","Tamil Nadu","Light Commercial","Cassette 42UFC","Credit Card","No","Not Requested","Carrier Own Fleet","7","Pending Parts","60","240","No","2","Android Phone","2.9.8","5"
"CMP-2023-000746","Unit delivered without accessories. Remote, drain pipes, all missing. Had to chase dealer for 1 week.","2023-03-03 03:31:00","Web Portal","English","CUST-53717","Bank Branch","Mumbai","Maharashtra","Commercial","Controls EcoAdvance","UPI","No","Not Requested","Mahindra Logistics","0","Escalated","30","2","No","1","iPhone","3.3.5","0"
"CMP-2023-000747","Installation scheduled 4 times. Cancelled 4 times by Carrier. We are a hospital. Patients are suffering. Please treat this as highest priority.","2023-07-10 03:01:00","Mobile App","English","CUST-46612","Pharma Company","Pune","Maharashtra","Refrigeration","Modular Cold Room MCR-25","Purchase Order","No","Not Requested","Rivigo","0","Re-opened","120","1","No","4","Desktop","4.0.0","0"
"CMP-2023-000748","i-Vu controller shows error 'Communication Lost' since last night. Unable to control any zone from central panel.","2023-05-28 10:11:00","Web Portal","Hinglish","CUST-45373","Office Admin","Lucknow","Uttar Pradesh","Commercial","Chiller 30XW-V","NEFT","No","Not Requested","Mahindra Logistics","0","Resolved","180","48","Yes","3","Windows Tablet","3.3.5","0"
"CMP-2025-000749","Electrical connections were left exposed during installation. Safety hazard. Had to call an electrician to fix. 😡 Very frustrated.","2025-01-07 17:01:00","SMS","English","CUST-45435","Commercial Building Operator","Hubballi","Karnataka","Air Purifiers","OptiClean OC-400","EMI","Yes","Pending","FedEx","0","Resolved","12","6","Yes","2","Desktop","5.1.3","0"
"CMP-2023-000750","Unit delivered without accessories. Remote, drain pipes, all missing. Had to chase dealer for 1 week. Third time raising this complaint.","2025-03-21 16:43:00","Dealer","English","CUST-38035","Food Processing Unit","Faridabad","Haryana","Commercial","Air Handler AHU-3000","EMI","No","Not Requested","Amazon Logistics","12","Re-opened","45","1","Yes","3","Laptop","2.8.5","2"
"CMP-2023-000751","This is the 6th breakdown in 8 months. Every time technician comes, 'fixes' it, and within 2 weeks same problem returns. ENOUGH. Third time raising this complaint.","2023-11-04 01:03:00","Dealer","Hinglish","CUST-79348","Industrial Facility","Meerut","Uttar Pradesh","Light Commercial","Ducted 40RUQ","RTGS","No","Not Requested","Amazon Logistics","2","Closed","480","240","No","1","Android Phone","5.1.3","1"
"CMP-2023-000752","Jo technician aaya tha usse unit ke baare mein kuch pata hi nahi tha. Puri unit khol ke dekha, phir band kar gaya bina fix kiye. Please resolve on priority.","2023-03-09 05:12:00","Service Center","Hindi","CUST-29449","Supermarket","Ludhiana","Punjab","Air Purifiers","Klarwind KW-500","UPI","No","Not Requested","Blue Dart","0","Open","5","0","Yes","1","iPhone","4.1.2","6"
"CMP-2024-000753","Jo technician aaya tha usse unit ke baare mein kuch pata hi nahi tha. Puri unit khol ke dekha, phir band kar gaya bina fix kiye.","2023-05-05 08:07:00","Dealer","English","CUST-13033","Bank Branch","Kolkata","West Bengal","Refrigeration","Evaporator Unit EU-5000","Net Banking","No","Not Requested","Delhivery","0","Escalated","300","720","No","4","iPad","2.9.8","1"
"CMP-2025-000754","Your customer care puts me on hold for 20+ minutes and then disconnects. This has happened 5 times now. Third time raising this complaint.","2024-05-06 08:24:00","Web Portal","English","CUST-16640","Supermarket","Kota","Rajasthan","Air Purifiers","OptiClean OC-800","UPI","No","Not Requested","FedEx","1","In Progress","20","36","No","1","Android Phone","5.1.3","0"
"CMP-2024-000755","Yaar gas toh phir se leak ho gayi. Teen mahine mein teesri baar. Yeh kab tak chalega?","2023-01-19 06:40:00","Mobile App","Hindi","CUST-11577","Office Admin","Nashik","Maharashtra","Light Commercial","Carrier VRF X Power 40VYX","UPI","Yes","Processed","FedEx","0","Re-opened","90","168","Yes","1","Tablet","4.1.2","3"
"CMP-2025-000756","Partial refund received but deducted 20% without any explanation. No one is telling me why. I want full refund. This is absolutely ridiculous!!!","2024-10-21 23:01:00","WhatsApp","Tamil","CUST-80657","Office Admin","Hubballi","Karnataka","Light Commercial","Ducted 40MAQ","UPI","No","Not Requested","Mahindra Logistics","12","Open","15","168","No","1","Tablet","4.2.0","0"
"CMP-2023-000757","Compressor failure within 18 months. Manufacturer warranty should cover this. Do not send me to dealer. Carrier must take responsibility. Please resolve on priority.","2023-08-16 11:29:00","Email","English","CUST-48621","Office Admin","Surat","Gujarat","Commercial","Controls i-Vu Open","Net Banking","No","Not Requested","Carrier Own Fleet","1","In Progress","10","240","Yes","2","iPad","2.8.5","4"
"CMP-2024-000758","This is the 6th breakdown in 8 months. Every time technician comes, 'fixes' it, and within 2 weeks same problem returns. ENOUGH. Escalating to consumer forum if not resolved by tomorrow.","2023-02-26 08:27:00","Dealer","English","CUST-17049","Office Admin","Jaipur","Rajasthan","Light Commercial","Ducted 40MAQ","Cash","Yes","Pending","DTDC","3","Escalated","15","720","No","2","Android Phone","4.2.0","0"
"CMP-2023-000759","Cooling performance dropped drastically. Was giving 18C earlier, now barely reaching 26C even at full blast. Something is wrong. This is absolutely ridiculous!!!","2023-11-16 12:46:00","Email","English","CUST-95864","Retail Store","Lucknow","Uttar Pradesh","Refrigeration","Screw Compressor Rack SR-20","UPI","No","Not Requested","Amazon Logistics","25","Open","12","48","Yes","4","iPhone","3.1.0","5"
"CMP-2024-000760","Outdoor unit installed at wrong orientation. Drainage blocked. Technician confirmed faulty installation but blaming us.","2024-05-17 13:34:00","WhatsApp","English","CUST-51661","Hotel","Gurugram","Haryana","Light Commercial","Floor Standing 42NQ","Net Banking","No","Not Requested","Mahindra Logistics","0","Pending Parts","240","240","No","1","Desktop","5.2.1","6"
"CMP-2023-000761","Controller touchscreen unresponsive. Had to manually switch off from breaker. Need replacement. 😡 Very frustrated.","2024-04-29 14:53:00","Phone","Hindi","CUST-30924","Bank Branch","Chennai","Tamil Nadu","Light Commercial","Carrier VRF X Power 40VYX","Credit Card","Yes","Processed","DTDC","1","Closed","480","720","No","4","iPhone","3.3.5","2"
"CMP-2024-000762","Refund approved by your team on email. Bank account details submitted. Still no transfer after 3 weeks. Please check.","2023-03-30 10:50:00","SMS","English","CUST-43132","Data Centre","Gurugram","Haryana","Air Purifiers","Klarwind KW-300","RTGS","Yes","Under Review","Delhivery","0","Pending Parts","10","168","No","4","Windows Tablet","3.2.1","0"
"CMP-2023-000763","Chat support is completely useless. Gives only scripted responses. Cannot escalate from chat. Very bad experience.","2024-11-15 13:14:00","Mobile App","English","CUST-54218","Bank Branch","Kochi","Kerala","Light Commercial","Cassette 42UFS","EMI","No","Not Requested","Amazon Logistics","30","Open","180","168","No","1","Desktop","3.2.1","0"
"CMP-2023-000764","Carrier mobile app crashes every time I try to view energy reports. Android 13, latest app version.","2023-05-02 22:25:00","Email","English","CUST-90124","Mall Operator","Varanasi","Uttar Pradesh","Commercial","Fan Coil Unit FCU-400","Cash","No","Not Requested","DTDC","1","Pending Parts","8","2","No","2","Android Phone","5.2.1","1"
"CMP-2023-000765","Chat support is completely useless. Gives only scripted responses. Cannot escalate from chat. Very bad experience.","2023-01-14 06:19:00","Service Center","English","CUST-41549","Hotel","Ranchi","Jharkhand","Refrigeration","Supermarket Ref SMR-Island","Debit Card","No","Not Requested","Mahindra Logistics","2","Pending Parts","8","6","No","1","iPhone","4.2.0","0"
"CMP-2025-000766","Unit goes into protection mode due to high discharge temperature. Error E12 visible on panel. Ambient temp is 42C but unit is rated for 50C.","2023-03-20 06:28:00","Walk-in","English","CUST-54262","Mall Operator","Surat","Gujarat","Commercial","Air Handler AHU-3000","Cash","No","Not Requested","Rivigo","1","Re-opened","480","1","No","2","iPad","5.0.0","0"
"CMP-2025-000767","Called for emergency service. Was told technician will come in 4 hours. Waited 11 hours. No show. Under warranty. Do not charge us.","2023-06-08 04:57:00","Web Portal","Hindi","CUST-88082","Bank Branch","Tirupur","Tamil Nadu","Refrigeration","Inverter Condensing Unit ICU-5","Cash","No","Not Requested","DTDC","2","Escalated","360","96","No","3","Android Phone","5.0.0","0"
"CMP-2025-000768","Water dripping from the indoor unit directly onto our workstations. Urgent issue. Data could be damaged. Need resolution within 24 hours.","2023-02-02 00:10:00","SMS","English","CUST-97704","Maintenance Manager","Nagpur","Maharashtra","Light Commercial","Ducted 40RUQ","Cheque","No","Not Requested","Delhivery","1","Pending Parts","1440","2","No","1","Tablet","2.8.5","6"
"CMP-2025-000769","Cold room not reaching setpoint of -18C. Best we get is -12C. Compressor running 100% time. Possible refrigerant undercharge. Third time raising this complaint.","2024-09-26 22:07:00","Web Portal","Hinglish","CUST-57798","Hospital","Kolkata","West Bengal","Air Purifiers","Klarwind KW-500","Debit Card","No","Not Requested","Amazon Logistics","2","Pending Parts","10","1","No","1","iPhone","4.0.0","5"
"CMP-2023-000770","Refrigerant pipes run visibly through office wall without proper ducting. Installation is ugly and not as agreed.","2023-10-23 17:54:00","Mobile App","Hinglish","CUST-18645","Restaurant Owner","Delhi","Delhi","Commercial","Chiller 30XW-V","Debit Card","No","Not Requested","FedEx","0","Open","90","36","Yes","2","Android Phone","4.2.0","0"
"CMP-2024-000771","Compressor failure within 18 months. Manufacturer warranty should cover this. Do not send me to dealer. Carrier must take responsibility. Escalating to consumer forum if not resolved by tomorrow.","2023-11-14 17:05:00","Phone","English","CUST-52710","Supermarket","Pune","Maharashtra","Air Purifiers","Air One AO-200","Cheque","Yes","Approved","Mahindra Logistics","1","Pending Parts","240","6","No","2","iPhone","5.1.3","4"
"CMP-2024-000772","Condensate drain is blocked. Water overflowing inside the unit and dropping on floor. Health hazard. Complaint ID from last time: 81775123","2025-02-22 18:31:00","Social Media","English","CUST-54743","Commercial Building Operator","Visakhapatnam","Andhra Pradesh","Light Commercial","Floor Standing 42CF","Credit Card","No","Not Requested","Shadowfax","0","Resolved","30","168","Yes","2","Desktop","4.1.2","0"
"CMP-2025-000773","Evaporator icing up completely within 6 hours. Has to be manually defrosted. Happened every day this week.","2023-01-28 14:13:00","Email","Hinglish","CUST-70797","Hotel","Nashik","Maharashtra","Refrigeration","Inverter Condensing Unit ICU-5","Cash","No","Not Requested","XpressBees","7","Re-opened","10","2","No","2","Laptop","4.2.0","3"
"CMP-2023-000774","Outdoor unit is extremely hot to touch. Fan seems to be running slowly. Is this a condenser issue? Please resolve on priority.","2024-01-28 01:10:00","Chat Support","English","CUST-53559","HVAC Contractor","Bhubaneswar","Odisha","Refrigeration","Supermarket Ref SMR-MultiDeck","EMI","No","Not Requested","Delhivery","0","Resolved","720","0","No","4","Android Phone","5.0.0","0"
"CMP-2024-000775","Refund approved by your team on email. Bank account details submitted. Still no transfer after 3 weeks. Please check. Will share on social media if no action.","2023-08-02 23:35:00","Dealer","Hinglish","CUST-64731","Hospital","Ludhiana","Punjab","Light Commercial","Ducted 40RUQ","EMI","No","Not Requested","Rivigo","0","Open","240","72","No","1","iPad","4.1.2","0"
"CMP-2025-000776","Freezer unit stopped working last night. Fish stock worth Rs 3 lakh completely spoiled. Carrier will be held responsible.","2024-12-04 16:53:00","Chat Support","Kannada","CUST-28977","IT Park","Nagpur","Maharashtra","Refrigeration","Supermarket Ref SMR-Island","Debit Card","Yes","Under Review","Mahindra Logistics","30","Closed","30","1","No","3","Windows Tablet","2.8.5","4"
"CMP-2024-000777","AMC contract signed 6 months ago. Only one service visit done so far. Quarterly service is not happening as promised. Please resolve on priority.","2024-03-22 02:37:00","Email","English","CUST-79070","HVAC Contractor","Lucknow","Uttar Pradesh","Light Commercial","Floor Standing 42NQ","UPI","No","Not Requested","Delhivery","0","Escalated","20","2","No","2","iPhone","2.8.5","1"
"CMP-2024-000778","Water dripping from the indoor unit directly onto our workstations. Urgent issue. Data could be damaged.","2024-03-09 05:03:00","Mobile App","English","CUST-90843","Educational Institution","Nashik","Maharashtra","Commercial","Chiller 30XW-V","NEFT","No","Not Requested","FedEx","2","Escalated","8","120","No","2","iPad","4.3.1","0"
"CMP-2023-000779","Recurring issue since installation. Always cooling problem. 4 visits, 4 temporary fixes. We want permanent solution or replacement. This is absolutely ridiculous!!!","2023-07-08 21:25:00","Mobile App","Hinglish","CUST-20149","Warehouse Operator","Varanasi","Uttar Pradesh","Commercial","Air Handler AHU-5000","Cash","No","Not Requested","Blue Dart","5","In Progress","180","24","No","1","Desktop","2.8.5","0"
"CMP-2023-000780","Rattling noise from FCU started after technician visited. Did they tighten something wrongly? We have a big client visit next week. Please prioritize.","2024-08-14 07:54:00","Phone","English","CUST-30959","Bank Branch","Coimbatore","Tamil Nadu","Refrigeration","Screw Compressor Rack SR-20","UPI","No","Not Requested","Blue Dart","2","Escalated","1440","2","No","1","iPad","4.2.0","2"
"CMP-2023-000781","The app freezes on the scheduling screen. Cannot set timings remotely anymore. Very inconvenient. Escalating to consumer forum if not resolved by tomorrow.","2023-05-11 14:44:00","WhatsApp","Kannada","CUST-74652","Retail Store","Chandigarh","Punjab","Commercial","Fan Coil Unit FCU-200","Purchase Order","Yes","Processed","Ekart","20","Open","60","720","No","2","Android Phone","3.3.5","0"
"CMP-2025-000782","Indoor unit delivered but outdoor unit still not received after 3 weeks. How do you expect us to use half a system? Highly disappointed.","2024-08-25 15:16:00","Chat Support","Telugu","CUST-92129","Bank Branch","Nashik","Maharashtra","Commercial","Controls EcoAdvance","Credit Card","No","Not Requested","Rivigo","30","Closed","120","1","No","2","Desktop","4.3.1","0"
"CMP-2023-000783","Compressor making very loud knocking sound since morning. Afraid it might fail completely. Please send technician. Complaint ID from last time: 19290221","2025-03-06 09:56:00","Web Portal","Hinglish","CUST-14269","HVAC Contractor","Visakhapatnam","Andhra Pradesh","Commercial","Fan Coil Unit FCU-400","Net Banking","No","Not Requested","Carrier Own Fleet","5","Escalated","25","12","Yes","2","iPhone","4.2.0","0"
"CMP-2023-000784","Controller touchscreen unresponsive. Had to manually switch off from breaker. Need replacement. Will share on social media if no action.","2025-03-26 22:43:00","Email","English","CUST-63060","Bank Branch","Howrah","West Bengal","Air Purifiers","OptiClean OC-800","UPI","No","Not Requested","Ekart","7","Escalated","20","72","No","3","Laptop","3.3.5","0"
"CMP-2023-000785","Bhai ek baar thanda karta hai fir garam. On-off on-off. Compressor issue lagta hai. Please check karo. This is absolutely ridiculous!!!","2023-04-03 05:56:00","Chat Support","English","CUST-68239","Facility Team","Ranchi","Jharkhand","Refrigeration","Inverter Condensing Unit ICU-10","Purchase Order","No","Not Requested","Shadowfax","2","Open","12","8","No","2","Laptop","4.0.0","0"
"CMP-2024-000786","Emergency call under AMC. Was told 'our team will come today'. No one came. Called again next day. Same promise. Third day still waiting. This is absolutely ridiculous!!!","2024-10-18 02:36:00","Web Portal","English","CUST-54813","Data Centre","Ahmedabad","Gujarat","Light Commercial","Ducted 40MAQ","Cheque","No","Not Requested","DTDC","7","In Progress","360","120","No","1","iPhone","4.3.1","2"
"CMP-2024-000787","Unit consuming 40% more power than rated. Energy meter data shared with your team. No action taken. Third time raising this complaint.","2023-05-04 14:51:00","Web Portal","English","CUST-10591","Bank Branch","Raipur","Chhattisgarh","Light Commercial","Carrier VRF X Power 38VYX","RTGS","No","Not Requested","Amazon Logistics","0","Escalated","20","168","Yes","1","Desktop","5.2.1","2"
"CMP-2024-000788","Cold room temperature fluctuating between -2C and +8C. We store frozen products. This is a serious food safety risk. 😡 Very frustrated.","2023-09-01 21:53:00","Email","Hinglish","CUST-67883","IT Park","Raipur","Chhattisgarh","Refrigeration","Supermarket Ref SMR-MultiDeck","Net Banking","Yes","Processed","Shadowfax","2","Pending Customer","15","48","No","2","iPhone","3.2.1","0"
"CMP-2025-000789","Technician suggested we buy a new unit. But this unit is only 14 months old!! Under warranty. Will escalate legally if needed. Under warranty. Do not charge us.","2024-05-19 01:27:00","Service Center","Hindi","CUST-60096","Bank Branch","Nagpur","Maharashtra","Light Commercial","Ducted 40RUQ","Net Banking","No","Not Requested","Shadowfax","2","Pending Parts","120","6","No","1","Android Phone","3.3.5","4"
"CMP-2024-000790","PCB board ordered. Was told 7-10 days delivery. Today is day 21. No update from anyone. Need resolution within 24 hours.","2023-07-16 23:34:00","WhatsApp","Kannada","CUST-52026","Pharma Company","Vijayawada","Andhra Pradesh","Refrigeration","Condensing Unit CR-5HP","Cheque","No","Not Requested","Blue Dart","1","Closed","180","504","No","5","iPad","3.3.5","5"
"CMP-2024-000791","Installation team came, looked at the site, and left saying they need special equipment. No one has returned since. 10 days now. Please resolve on priority.","2023-12-25 00:48:00","Phone","Hinglish","CUST-34032","Commercial Building Operator","Noida","Uttar Pradesh","Refrigeration","Condensing Unit CR-5HP","NEFT","No","Not Requested","Delhivery","2","Pending Parts","25","720","No","4","iPhone","2.8.5","0"
"CMP-2023-000792","The iOS app version 4.2.0 randomly logs me out. Have to re-enter credentials daily. Bug please fix.","2025-03-17 00:38:00","SMS","English","CUST-61697","Retail Store","Hubballi","Karnataka","Refrigeration","Modular Cold Room MCR-10","Net Banking","No","Not Requested","FedEx","0","Closed","120","96","No","1","Tablet","4.2.0","0"
"CMP-2023-000793","Carrier mobile app crashes every time I try to view energy reports. Android 13, latest app version.","2024-08-11 07:15:00","Walk-in","Kannada","CUST-36318","Educational Institution","Guwahati","Assam","Light Commercial","Ducted 40MAQ","Net Banking","Yes","Processed","DTDC","0","Escalated","180","1","No","1","Laptop","3.1.0","0"
"CMP-2023-000794","AMC coverage says parts are included but technician is asking us to pay for capacitor. Conflict with contract terms. Under warranty. Do not charge us.","2024-03-22 04:25:00","Mobile App","English","CUST-78907","Commercial Building Operator","Mumbai","Maharashtra","Commercial","Chiller AquaEdge 19DV","UPI","No","Not Requested","Delhivery","5","Closed","240","4","No","2","Windows Tablet","3.3.5","2"
"CMP-2025-000795","Condensate drain is blocked. Water overflowing inside the unit and dropping on floor. Health hazard. Third time raising this complaint.","2023-11-03 04:12:00","Phone","English","CUST-55739","HVAC Contractor","Kochi","Kerala","Commercial","Fan Coil Unit FCU-400","Cash","No","Not Requested","Mahindra Logistics","0","Pending Parts","480","120","No","2","iPad","3.1.0","0"
"CMP-2025-000796","Installation team came, looked at the site, and left saying they need special equipment. No one has returned since. 10 days now. Under warranty. Do not charge us.","2023-12-02 10:06:00","Social Media","Hinglish","CUST-67852","Supermarket","Kolkata","West Bengal","Refrigeration","Evaporator Unit EU-5000","Purchase Order","No","Not Requested","Ekart","3","Closed","15","12","Yes","2","Desktop","5.1.3","2"
"CMP-2024-000797","Strange whistling sound from indoor unit. Happens when set below 22C. Very irritating during meetings. Will share on social media if no action.","2025-03-26 06:32:00","Dealer","Hinglish","CUST-43492","Food Processing Unit","Jodhpur","Rajasthan","Commercial","Fan Coil Unit FCU-200","RTGS","Yes","Under Review","Carrier Own Fleet","7","Pending Parts","120","8","No","4","Tablet","3.1.0","2"
"CMP-2025-000798","AMC renewal done but service schedule not shared. Who is my assigned service engineer? No one tells me. Will share on social media if no action.","2023-08-21 16:55:00","Walk-in","Hindi","CUST-51019","IT Park","Gurugram","Haryana","Air Purifiers","Klarwind KW-300","Debit Card","No","Not Requested","Amazon Logistics","7","Pending Customer","30","720","Yes","1","iPad","3.1.0","2"
"CMP-2024-000799","Waiting for spare parts for 35 days. Technician has identified fault. Parts stuck in warehouse apparently. No timeline given. Escalating to consumer forum if not resolved by tomorrow.","2024-04-11 16:58:00","Social Media","English","CUST-46150","Industrial Facility","Amritsar","Punjab","Commercial","Heat Pump 30RQV","Cheque","Yes","Under Review","Mahindra Logistics","20","Pending Parts","45","240","No","1","iPhone","2.8.5","6"
"CMP-2023-000800","Due to cold room failure, Rs 8 lakh worth of vegetables spoiled overnight. Who will compensate? Unit is under AMC.","2023-03-03 04:28:00","Service Center","Hindi","CUST-31880","Bank Branch","Pune","Maharashtra","Commercial","Controls i-Vu Open","NEFT","Yes","Pending","Mahindra Logistics","2","Pending Parts","5","72","No","5","Laptop","4.3.1","0"
"CMP-2024-000801","Compressor failed completely. Unit is under warranty. Require immediate replacement not repair. Do not waste my time.","2024-02-10 15:41:00","Service Center","Hindi","CUST-37654","Supermarket","Meerut","Uttar Pradesh","Refrigeration","Supermarket Ref SMR-Island","Debit Card","No","Not Requested","Delhivery","3","Resolved","240","240","No","2","Tablet","2.8.5","2"
"CMP-2023-000802","Your customer care puts me on hold for 20+ minutes and then disconnects. This has happened 5 times now. Will share on social media if no action.","2024-11-23 19:51:00","Email","English","CUST-71699","Industrial Facility","Jodhpur","Rajasthan","Refrigeration","Condensing Unit CR-10HP","NEFT","No","Not Requested","Delhivery","1","Re-opened","180","1","No","4","iPad","2.8.5","4"
"CMP-2023-000803","Electrical connections were left exposed during installation. Safety hazard. Had to call an electrician to fix. Third time raising this complaint.","2025-02-22 22:48:00","Phone","Hinglish","CUST-62621","Food Processing Unit","Delhi","Delhi","Refrigeration","Screw Compressor Rack SR-20","UPI","No","Not Requested","Blue Dart","0","Pending Parts","30","12","Yes","1","Laptop","4.0.0","1"
"CMP-2025-000804","Your customer care puts me on hold for 20+ minutes and then disconnects. This has happened 5 times now. Will share on social media if no action.","2025-02-26 06:49:00","Web Portal","English","CUST-21853","Food Processing Unit","Gurugram","Haryana","Commercial","Controls i-Vu Open","Cheque","Yes","Under Review","Amazon Logistics","3","Pending Parts","1440","72","No","1","iPhone","5.2.1","2"
"CMP-2025-000805","Technician visited, claimed to fix the issue, unit failed again within 6 hours. What kind of service is this? Third time raising this complaint.","2024-04-05 00:24:00","Chat Support","English","CUST-18324","Data Centre","Agra","Uttar Pradesh","Refrigeration","Condensing Unit CR-10HP","Credit Card","Yes","Rejected","Shadowfax","1","Resolved","45","36","Yes","3","Windows Tablet","4.1.2","2"
"CMP-2023-000806","Controller mein kuch bhi set karo, unit apna mann se kaam karta hai. Kya issue hai? We have a big client visit next week. Please prioritize.","2024-10-11 12:41:00","Mobile App","Hindi","CUST-39070","Hotel","Agra","Uttar Pradesh","Commercial","Air Handler AHU-5000","Cheque","No","Not Requested","Amazon Logistics","2","In Progress","90","1","No","1","iPad","3.1.0","0"
"CMP-2024-000807","The compressor unit started vibrating heavily last evening. We had to shut it down manually. Need urgent repair.","2024-06-14 20:57:00","Phone","English","CUST-30884","Cold Storage Operator","Lucknow","Uttar Pradesh","Light Commercial","Floor Standing 42CF","EMI","No","Not Requested","XpressBees","12","Closed","120","0","No","1","Windows Tablet","3.1.0","1"
"CMP-2023-000808","Heat rejection from outdoor units is excessive. Adjacent areas are getting very hot. Ventilation design issue or unit fault? Third time raising this complaint.","2024-07-06 00:27:00","Chat Support","Hindi","CUST-24723","Data Centre","Faridabad","Haryana","Commercial","Fan Coil Unit FCU-200","Cash","No","Not Requested","FedEx","2","Open","720","2","Yes","2","iPad","3.1.0","2"
"CMP-2025-000809","Water leak from ceiling mounted cassette unit. Staining the false ceiling and dripping on expensive equipment below. Will share on social media if no action.","2025-04-02 19:24:00","SMS","Hindi","CUST-34101","HVAC Contractor","Agra","Uttar Pradesh","Refrigeration","Modular Cold Room MCR-10","Debit Card","No","Not Requested","Blue Dart","12","Resolved","60","12","No","5","iPhone","4.3.1","0"
"CMP-2025-000810","AC gas leaking. Technician came 10 days ago and topped up. Same problem again. Are they not fixing root cause?? Please don't just close the ticket without solving the issue.","2024-02-19 22:03:00","Web Portal","Hinglish","CUST-59377","Food Processing Unit","Mumbai","Maharashtra","Light Commercial","Carrier VRF X Power 38VYX","UPI","No","Not Requested","Carrier Own Fleet","2","Closed","8","120","No","3","Windows Tablet","4.3.1","2"
"CMP-2025-000811","Yaar gas toh phir se leak ho gayi. Teen mahine mein teesri baar. Yeh kab tak chalega?","2023-05-02 11:55:00","Chat Support","English","CUST-75327","Restaurant Owner","Ghaziabad","Uttar Pradesh","Air Purifiers","Air One AO-100","Cheque","No","Not Requested","Delhivery","5","Resolved","30","240","Yes","1","Laptop","5.0.0","0"
"CMP-2024-000812","Rattling noise from FCU started after technician visited. Did they tighten something wrongly?","2025-02-05 01:16:00","WhatsApp","Hinglish","CUST-78738","Cold Storage Operator","Kanpur","Uttar Pradesh","Light Commercial","Floor Standing 42CF","Purchase Order","No","Not Requested","Delhivery","0","Pending Parts","240","168","Yes","1","Tablet","2.9.8","0"
"CMP-2023-000813","Installation team came, looked at the site, and left saying they need special equipment. No one has returned since. 10 days now. Escalating to consumer forum if not resolved by tomorrow.","2023-08-09 10:48:00","Social Media","Telugu","CUST-72581","Cold Storage Operator","Jabalpur","Madhya Pradesh","Refrigeration","Supermarket Ref SMR-Island","Cash","No","Not Requested","Shadowfax","3","Pending Customer","30","240","Yes","4","Android Phone","4.0.0","2"
"CMP-2025-000814","Carrier mobile app crashes every time I try to view energy reports. Android 13, latest app version. Need resolution within 24 hours.","2025-02-02 06:48:00","Chat Support","English","CUST-30284","Hospital","Meerut","Uttar Pradesh","Commercial","Air Handler AHU-3000","Credit Card","Yes","Rejected","Amazon Logistics","0","Re-opened","180","8","No","1","Windows Tablet","5.2.1","0"
"CMP-2024-000815","Commissioning not done properly. Unit was just switched on and technician left. No testing, no parameter setting.","2023-07-29 16:51:00","Chat Support","Hinglish","CUST-52126","Hospital","Tirupur","Tamil Nadu","Refrigeration","Condensing Unit CR-5HP","Credit Card","No","Not Requested","Shadowfax","2","Pending Parts","5","96","No","1","Desktop","3.3.5","1"
"CMP-2024-000816","AC chalta hai lekin thanda nahi karta bilkul bhi. Service wale bol rahe hain gas bharo, lekin pehle bhi 2 mahine mein bhara tha. Kya yahi quality hai Carrier ki?","2024-08-06 15:27:00","Dealer","Hinglish","CUST-23409","Data Centre","Visakhapatnam","Andhra Pradesh","Refrigeration","Condensing Unit CR-5HP","Purchase Order","No","Not Requested","Blue Dart","20","Pending Parts","720","8","Yes","1","Laptop","2.8.5","5"
"CMP-2023-000817","Pipe insulation not done properly. Condensation forming on pipes and dripping. Basic installation mistake. Will share on social media if no action.","2024-05-06 04:48:00","SMS","Tamil","CUST-94142","Maintenance Manager","Mumbai","Maharashtra","Air Purifiers","Klarwind KW-300","NEFT","No","Not Requested","Amazon Logistics","1","Resolved","90","36","Yes","3","Laptop","2.8.5","4"
"CMP-2024-000818","Water dripping from the indoor unit directly onto our workstations. Urgent issue. Data could be damaged. Complaint ID from last time: 07773217","2023-03-05 07:26:00","Phone","Telugu","CUST-85444","Retail Store","Bengaluru","Karnataka","Light Commercial","Carrier VRF X Power 40VYX","Purchase Order","No","Not Requested","Shadowfax","0","Escalated","480","504","No","3","Laptop","3.1.0","1"
"CMP-2024-000819","The iOS app version 4.2.0 randomly logs me out. Have to re-enter credentials daily. Bug please fix. This is absolutely ridiculous!!!","2024-05-20 13:01:00","Service Center","Telugu","CUST-80063","Pharma Company","Jaipur","Rajasthan","Light Commercial","Carrier VRF X Power 40VYX","Debit Card","Yes","Partially Processed","Mahindra Logistics","30","Pending Customer","10","48","Yes","2","Windows Tablet","3.1.0","2"
"CMP-2024-000820","Gas leakage from the indoor unit. There is an oily stain near copper pipe joints. Very concerning. We have a big client visit next week. Please prioritize.","2023-07-17 08:02:00","Chat Support","English","CUST-83183","Commercial Building Operator","Howrah","West Bengal","Commercial","Chiller AquaEdge 19DV","RTGS","No","Not Requested","DTDC","1","Pending Customer","120","336","No","4","Windows Tablet","2.9.8","6"
"CMP-2025-000821","Defrost cycle seems to be running too long. Temperature rises to +5C during defrost. Products are thawing partially. 😡 Very frustrated.","2023-01-12 18:15:00","Email","Tamil","CUST-50826","Facility Team","Patna","Bihar","Commercial","Controls i-Vu Open","NEFT","Yes","Approved","Shadowfax","2","Resolved","20","4","No","4","Android Phone","2.8.5","1"
"CMP-2025-000822","Because of your equipment failure, our restaurant had to shut for 2 days. Loss of business and spoiled inventory. This is unacceptable. This is absolutely ridiculous!!!","2024-10-05 22:47:00","Email","Hindi","CUST-68302","Educational Institution","Chandigarh","Punjab","Commercial","Fan Coil Unit FCU-200","Cheque","Yes","Approved","Shadowfax","15","In Progress","180","72","No","2","Windows Tablet","2.9.8","1"
"CMP-2023-000823","Service engineer came without tools. Wasted our time. Came again next day with wrong parts. Still not fixed. This is absolutely ridiculous!!!","2023-01-22 16:58:00","Social Media","English","CUST-66623","IT Park","Bengaluru","Karnataka","Refrigeration","Modular Cold Room MCR-10","Purchase Order","No","Not Requested","Blue Dart","1","In Progress","720","168","No","4","iPad","4.0.0","0"
"CMP-2023-000824","We paid full amount in advance for installation. 3 weeks passed, no installation team. This is beyond frustrating. Will share on social media if no action.","2024-07-28 01:21:00","WhatsApp","English","CUST-41584","Retail Store","Tiruchirappalli","Tamil Nadu","Commercial","Air Handler AHU-5000","Purchase Order","No","Not Requested","FedEx","0","Closed","300","72","No","2","iPhone","3.1.0","4"
"CMP-2023-000825","Chat support is completely useless. Gives only scripted responses. Cannot escalate from chat. Very bad experience.","2024-06-28 21:57:00","SMS","Kannada","CUST-28033","Industrial Facility","Kolkata","West Bengal","Refrigeration","Modular Cold Room MCR-25","NEFT","No","Not Requested","DTDC","15","Escalated","1440","48","No","2","iPad","4.3.1","0"
"CMP-2023-000826","Wrong model delivered. Ordered 5HP condensing unit, received 3HP. This is a basic error.","2025-02-06 12:04:00","Social Media","English","CUST-12155","Hospital","Nashik","Maharashtra","Refrigeration","Evaporator Unit EU-3000","Cash","Yes","Approved","FedEx","1","Pending Parts","8","96","No","1","Laptop","4.0.0","0"
"CMP-2024-000827","Freezer unit stopped working last night. Fish stock worth Rs 3 lakh completely spoiled. Carrier will be held responsible. This is absolutely ridiculous!!!","2023-01-09 19:34:00","Chat Support","English","CUST-11435","Industrial Facility","Raipur","Chhattisgarh","Commercial","Air Handler AHU-5000","Net Banking","Yes","Partially Processed","Ekart","0","Resolved","120","8","Yes","1","Desktop","4.2.0","1"
"CMP-2025-000828","Our factory expansion was delayed because Carrier could not install the HVAC on time. We are losing lakhs daily. Where is the accountability? Please resolve on priority.","2024-02-06 01:03:00","Chat Support","Tamil","CUST-79919","Pharma Company","Bengaluru","Karnataka","Light Commercial","Floor Standing 42NQ","RTGS","No","Not Requested","Amazon Logistics","15","Closed","60","48","No","5","iPhone","3.1.0","4"
"CMP-2024-000829","PCB board ordered. Was told 7-10 days delivery. Today is day 21. No update from anyone.","2025-01-05 17:38:00","Dealer","English","CUST-92477","Commercial Building Operator","Ghaziabad","Uttar Pradesh","Light Commercial","Carrier VRF X Power 38VYX","NEFT","Yes","Processed","FedEx","3","Resolved","2880","72","No","2","Android Phone","5.0.0","0"
"CMP-2023-000830","High electricity consumption despite energy saving mode being on. Something is wrong with the inverter control. Third time raising this complaint.","2023-02-01 14:00:00","Mobile App","English","CUST-93931","Hospital","Ranchi","Jharkhand","Refrigeration","Screw Compressor Rack SR-20","Credit Card","No","Not Requested","Ekart","20","In Progress","120","0","No","1","Android Phone","4.2.0","1"
"CMP-2025-000831","Cooling has been erratic since last 4 days. Some zones are ice cold, others are like a furnace. Have called support 3 times but no resolution.","2023-12-22 16:28:00","Chat Support","English","CUST-58944","Hospital","Kanpur","Uttar Pradesh","Air Purifiers","Air One AO-100","Debit Card","No","Not Requested","Ekart","15","Closed","300","720","No","1","Windows Tablet","4.3.1","2"
"CMP-2025-000832","Defrost cycle seems to be running too long. Temperature rises to +5C during defrost. Products are thawing partially.","2025-02-15 20:59:00","Social Media","Hindi","CUST-85442","Educational Institution","Meerut","Uttar Pradesh","Refrigeration","Supermarket Ref SMR-Island","NEFT","No","Not Requested","FedEx","5","Pending Parts","90","168","Yes","4","iPhone","4.0.0","4"
"CMP-2025-000833","Chat support is completely useless. Gives only scripted responses. Cannot escalate from chat. Very bad experience.","2025-03-01 05:15:00","Service Center","Hinglish","CUST-21626","Educational Institution","Visakhapatnam","Andhra Pradesh","Light Commercial","Cassette 42UFC","Debit Card","No","Not Requested","Delhivery","3","Open","2880","120","No","2","iPhone","4.0.0","1"
"CMP-2023-000834","I was promised callback in 2 hours. No call came. This has happened twice. Zero accountability.","2023-07-10 17:58:00","WhatsApp","English","CUST-41466","Retail Store","Meerut","Uttar Pradesh","Refrigeration","Screw Compressor Rack SR-20","Purchase Order","No","Not Requested","XpressBees","3","Closed","20","336","No","3","Tablet","5.2.1","1"
"CMP-2023-000835","PCB board ordered. Was told 7-10 days delivery. Today is day 21. No update from anyone. This is absolutely ridiculous!!!","2024-12-06 00:04:00","Dealer","Hinglish","CUST-34759","Restaurant Owner","Ranchi","Jharkhand","Light Commercial","Carrier VRF X Power 38VYX","NEFT","No","Not Requested","Ekart","12","Re-opened","10","4","Yes","5","Tablet","3.3.5","0"
"CMP-2025-000836","Compressor failure within 18 months. Manufacturer warranty should cover this. Do not send me to dealer. Carrier must take responsibility. Please don't just close the ticket without solving the issue.","2023-11-28 13:36:00","Chat Support","Hinglish","CUST-19101","Industrial Facility","Jabalpur","Madhya Pradesh","Light Commercial","Cassette 42UFS","Credit Card","Yes","Partially Processed","FedEx","12","Escalated","25","72","No","2","iPad","4.3.1","1"
"CMP-2023-000837","Warranty document says 5 years comprehensive. Your service team is claiming 1 year. Please clarify and honour the warranty. We have a big client visit next week. Please prioritize.","2024-02-16 09:46:00","Service Center","English","CUST-68058","Supermarket","Indore","Madhya Pradesh","Air Purifiers","Klarwind KW-500","UPI","No","Not Requested","Blue Dart","15","Pending Customer","20","48","Yes","4","iPhone","2.8.5","3"
"CMP-2023-000838","Our screw compressor rack is showing abnormal discharge pressure. Suction is fine. Need expert diagnosis ASAP. Complaint ID from last time: 40274067","2024-06-02 05:27:00","Service Center","English","CUST-28051","Commercial Building Operator","Jodhpur","Rajasthan","Commercial","Heat Pump 30RQV","Net Banking","Yes","Pending","Ekart","25","Escalated","60","0","No","5","Windows Tablet","4.3.1","2"
"CMP-2024-000839","R410A leak suspected. Cooling efficiency dropped suddenly and compressor running continuously. Please send someone today.","2024-06-19 06:37:00","Chat Support","Hindi","CUST-73491","Bank Branch","Chandigarh","Punjab","Air Purifiers","OptiClean OC-400","Debit Card","Yes","Under Review","Rivigo","30","Open","1440","48","No","4","Android Phone","4.1.2","1"
"CMP-2023-000840","Indoor unit delivered but outdoor unit still not received after 3 weeks. How do you expect us to use half a system?","2023-05-14 03:10:00","Social Media","Hinglish","CUST-79948","Office Admin","Tiruchirappalli","Tamil Nadu","Commercial","Chiller AquaEdge 19DV","Purchase Order","Yes","Under Review","Carrier Own Fleet","7","Closed","5","1","No","1","iPhone","2.8.5","1"
"CMP-2024-000841","App is not connecting to my unit. Shows 'Device Offline' even though unit is running. WiFi is strong. Will share on social media if no action.","2024-02-12 22:29:00","Social Media","Hindi","CUST-74447","Office Admin","Howrah","West Bengal","Light Commercial","Ducted 40MAQ","UPI","No","Not Requested","Rivigo","2","Re-opened","8","96","No","4","iPad","4.1.2","0"
"CMP-2024-000842","Outdoor unit is extremely hot to touch. Fan seems to be running slowly. Is this a condenser issue? Please don't just close the ticket without solving the issue.","2025-02-04 18:38:00","Social Media","English","CUST-61303","Supermarket","Ranchi","Jharkhand","Air Purifiers","OptiClean OC-400","Cheque","No","Not Requested","Mahindra Logistics","10","Pending Parts","25","72","Yes","3","Android Phone","2.9.8","1"
"CMP-2023-000843","Our factory expansion was delayed because Carrier could not install the HVAC on time. We are losing lakhs daily. Where is the accountability? We have a big client visit next week. Please prioritize.","2024-02-15 04:00:00","Phone","English","CUST-52290","Commercial Building Operator","Vadodara","Gujarat","Refrigeration","Supermarket Ref SMR-MultiDeck","EMI","No","Not Requested","Amazon Logistics","15","Re-opened","10","0","No","4","Desktop","4.2.0","0"
"CMP-2024-000844","Condensate drain is blocked. Water overflowing inside the unit and dropping on floor. Health hazard. Need resolution within 24 hours.","2024-04-02 10:33:00","Dealer","Hinglish","CUST-27405","Maintenance Manager","Mysuru","Karnataka","Commercial","Chiller AquaEdge 19DV","Debit Card","No","Not Requested","FedEx","20","Closed","90","6","No","2","Desktop","4.1.2","2"
"CMP-2023-000845","Heat rejection from outdoor units is excessive. Adjacent areas are getting very hot. Ventilation design issue or unit fault? Third time raising this complaint.","2024-07-01 13:01:00","Social Media","Kannada","CUST-40589","Facility Team","Navi Mumbai","Maharashtra","Commercial","Air Handler AHU-5000","Cash","Yes","Approved","FedEx","5","Open","2880","72","No","4","iPhone","4.0.0","0"
"CMP-2025-000846","Unit delivered with dents on the casing. Outer packaging also damaged. Looks like it was mishandled during transit.","2024-09-15 08:47:00","Phone","English","CUST-45273","Bank Branch","Mumbai","Maharashtra","Refrigeration","Supermarket Ref SMR-MultiDeck","Debit Card","No","Not Requested","Mahindra Logistics","0","Re-opened","15","48","No","2","Tablet","4.1.2","0"
"CMP-2023-000847","Cold room not reaching setpoint of -18C. Best we get is -12C. Compressor running 100% time. Possible refrigerant undercharge. Highly disappointed.","2023-12-29 12:48:00","Service Center","English","CUST-76773","Supermarket","Jodhpur","Rajasthan","Air Purifiers","Air One AO-200","UPI","No","Not Requested","Amazon Logistics","0","Pending Customer","1440","24","No","4","Android Phone","3.3.5","0"
"CMP-2023-000848","App pe temperature change karte hain toh unit nahi sunta. 5 minute baad update hota hai. Itni delay kyun? Need resolution within 24 hours.","2024-09-06 04:21:00","Social Media","English","CUST-90022","Supermarket","Amritsar","Punjab","Light Commercial","Carrier VRF X Power 38VYX","Net Banking","Yes","Approved","DTDC","0","Re-opened","360","72","Yes","2","Laptop","4.2.0","5"
"CMP-2023-000849","The outdoor unit is making a horrible grinding noise especially at night. Neighbours are complaining. Need resolution within 24 hours.","2025-02-11 23:08:00","Chat Support","English","CUST-94067","Mall Operator","Meerut","Uttar Pradesh","Air Purifiers","Klarwind KW-500","Purchase Order","No","Not Requested","Delhivery","7","Escalated","20","240","Yes","5","Windows Tablet","5.1.3","6"
"CMP-2025-000850","Support agent was dismissive and rude. Did not let me complete my complaint. Terrible customer experience.","2024-03-30 06:44:00","Email","English","CUST-62803","Retail Store","Raipur","Chhattisgarh","Light Commercial","Cassette 42UFS","RTGS","Yes","Under Review","DTDC","0","Resolved","60","8","No","5","iPad","4.2.0","3"
"CMP-2024-000851","Nobody from service team is responding. Emails bouncing. Phone numbers not working. Is Carrier shutting down? Escalating to consumer forum if not resolved by tomorrow.","2024-10-31 15:07:00","Service Center","Hinglish","CUST-75875","Bank Branch","Delhi","Delhi","Light Commercial","Ducted 40MAQ","UPI","No","Not Requested","XpressBees","0","Open","15","240","No","4","iPad","5.2.1","2"
"CMP-2025-000852","Indoor unit is not level. Water not draining properly because of tilt. Poor workmanship.","2024-10-04 14:26:00","Service Center","English","CUST-51140","Industrial Facility","Raipur","Chhattisgarh","Commercial","Controls i-Vu Open","EMI","No","Not Requested","XpressBees","0","Re-opened","20","24","No","3","Android Phone","4.2.0","0"
"CMP-2024-000853","Product registered on your portal. Warranty active. But system is still asking us to pay for repair. Frustrated with this process. Please resolve on priority.","2024-02-19 17:13:00","Social Media","English","CUST-82154","Mall Operator","Aurangabad","Maharashtra","Refrigeration","Condensing Unit CR-10HP","EMI","Yes","Approved","Blue Dart","0","Pending Parts","10","8","No","5","Laptop","2.8.5","0"
"CMP-2023-000854","The drain pan is overflowing. Unit installed 6 months ago and this is the 3rd time this is happening. Poor installation quality suspected. Need resolution within 24 hours.","2024-10-21 12:54:00","SMS","Kannada","CUST-22883","Mall Operator","Bhubaneswar","Odisha","Light Commercial","Cassette 42UFC","Cash","Yes","Processed","FedEx","0","In Progress","8","336","Yes","2","iPhone","5.0.0","1"
"CMP-2025-000855","Capacitor replaced 3 weeks ago. Failed again. Is this a genuine Carrier part or counterfeit? Demanding certificate of authenticity. 😡 Very frustrated.","2024-09-14 14:58:00","Email","English","CUST-51442","Warehouse Operator","Rajkot","Gujarat","Refrigeration","Inverter Condensing Unit ICU-10","Cash","No","Not Requested","Shadowfax","30","Escalated","25","96","No","1","Android Phone","5.0.0","1"
"CMP-2023-000856","Condensate drain is blocked. Water overflowing inside the unit and dropping on floor. Health hazard.","2024-01-02 04:41:00","Phone","Hinglish","CUST-72710","Data Centre","Kota","Rajasthan","Light Commercial","Carrier VRF X Power 38VYX","NEFT","Yes","Pending","Amazon Logistics","20","Escalated","12","4","No","1","Desktop","5.0.0","0"
"CMP-2025-000857","Condensate drain is blocked. Water overflowing inside the unit and dropping on floor. Health hazard. Will share on social media if no action.","2024-10-04 12:52:00","Social Media","Hinglish","CUST-19784","Warehouse Operator","Raipur","Chhattisgarh","Refrigeration","Screw Compressor Rack SR-50","Purchase Order","No","Not Requested","Rivigo","0","Resolved","30","24","No","4","Desktop","4.3.1","0"
"CMP-2024-000858","Partial refund received but deducted 20% without any explanation. No one is telling me why. I want full refund.","2023-03-09 13:13:00","WhatsApp","Hinglish","CUST-51851","IT Park","Indore","Madhya Pradesh","Refrigeration","Evaporator Unit EU-3000","UPI","Yes","Rejected","Shadowfax","0","Pending Customer","300","168","No","1","Windows Tablet","2.8.5","1"
"CMP-2025-000859","AMC renewal done but service schedule not shared. Who is my assigned service engineer? No one tells me.","2023-12-06 17:23:00","SMS","English","CUST-94218","Retail Store","Thane","Maharashtra","Light Commercial","Ducted 40MAQ","NEFT","Yes","Processed","Carrier Own Fleet","0","Pending Customer","5","48","Yes","3","Tablet","4.3.1","6"
"CMP-2023-000860","AMC renewal done but service schedule not shared. Who is my assigned service engineer? No one tells me. Complaint ID from last time: 44674621","2025-01-30 20:36:00","Walk-in","Hinglish","CUST-47150","Office Admin","Tirupur","Tamil Nadu","Refrigeration","Inverter Condensing Unit ICU-5","Purchase Order","Yes","Processed","DTDC","0","Open","90","1","No","2","Android Phone","5.1.3","0"
"CMP-2024-000861","Third breakdown this year. We have CCTV footage of the same issue recurring. Requesting senior engineer visit and root cause analysis.","2024-12-23 18:16:00","Social Media","English","CUST-73812","Food Processing Unit","Kochi","Kerala","Commercial","Fan Coil Unit FCU-200","Purchase Order","No","Not Requested","Delhivery","2","Pending Parts","60","72","No","3","iPhone","3.1.0","1"
"CMP-2024-000862","Electrical connections were left exposed during installation. Safety hazard. Had to call an electrician to fix. Third time raising this complaint.","2024-01-22 14:29:00","Phone","Hinglish","CUST-59486","Pharma Company","Rajkot","Gujarat","Refrigeration","Modular Cold Room MCR-25","Credit Card","No","Not Requested","Carrier Own Fleet","25","Escalated","45","12","No","1","iPhone","3.3.5","1"
"CMP-2025-000863","Service engineer came without tools. Wasted our time. Came again next day with wrong parts. Still not fixed. Escalating to consumer forum if not resolved by tomorrow.","2024-03-07 15:22:00","Chat Support","Telugu","CUST-12116","Hotel","Navi Mumbai","Maharashtra","Refrigeration","Evaporator Unit EU-5000","Debit Card","Yes","Approved","XpressBees","12","Closed","120","168","Yes","4","Desktop","3.1.0","1"
"CMP-2023-000864","5th visit by technician. Same issue. Either the team is incompetent or they are hiding a design defect. I want a senior engineer.","2025-04-08 12:52:00","Email","English","CUST-82035","Cold Storage Operator","Bhopal","Madhya Pradesh","Refrigeration","Condensing Unit CR-5HP","Cheque","No","Not Requested","DTDC","20","Pending Parts","2880","24","No","5","Tablet","3.3.5","1"
"CMP-2024-000865","AMC coverage says parts are included but technician is asking us to pay for capacitor. Conflict with contract terms. Will share on social media if no action.","2023-01-03 05:47:00","Walk-in","English","CUST-18329","Industrial Facility","Coimbatore","Tamil Nadu","Air Purifiers","OptiClean OC-800","NEFT","No","Not Requested","FedEx","0","Resolved","20","0","Yes","3","Tablet","3.1.0","3"
"CMP-2024-000866","Technician was very rude on phone. We are a paying customer. This behavior is not acceptable. 😡 Very frustrated.","2024-08-17 06:09:00","Walk-in","English","CUST-25002","HVAC Contractor","Hubballi","Karnataka","Refrigeration","Evaporator Unit EU-3000","EMI","No","Not Requested","Shadowfax","15","Escalated","10","8","No","1","Desktop","3.1.0","4"
"CMP-2024-000867","Called for emergency service. Was told technician will come in 4 hours. Waited 11 hours. No show. Complaint ID from last time: 76618308","2024-05-29 01:03:00","Phone","Tamil","CUST-80243","IT Park","Bhopal","Madhya Pradesh","Commercial","Chiller 30XW-V","UPI","No","Not Requested","DTDC","15","In Progress","10","48","No","2","Laptop","5.1.3","0"
"CMP-2023-000868","Pipe insulation not done properly. Condensation forming on pipes and dripping. Basic installation mistake. We have a big client visit next week. Please prioritize.","2024-10-08 16:20:00","Dealer","English","CUST-26891","Facility Team","Ranchi","Jharkhand","Refrigeration","Modular Cold Room MCR-10","Cheque","No","Not Requested","Rivigo","0","Resolved","240","240","No","5","Windows Tablet","4.0.0","2"
"CMP-2025-000869","R410A leak suspected. Cooling efficiency dropped suddenly and compressor running continuously. Please send someone today. Highly disappointed.","2023-02-25 05:32:00","Dealer","English","CUST-94807","Facility Team","Hubballi","Karnataka","Commercial","Chiller AquaEdge 19DV","Net Banking","No","Not Requested","Amazon Logistics","1","In Progress","60","8","Yes","1","Laptop","5.0.0","0"
"CMP-2023-000870","Electricity bill doubled after installation of new Carrier unit. Star rating says 5-star but consumption is huge. Third time raising this complaint.","2023-09-13 06:54:00","Social Media","English","CUST-26872","Hospital","Jaipur","Rajasthan","Air Purifiers","Klarwind KW-500","Credit Card","Yes","Approved","Shadowfax","2","Resolved","10","12","Yes","5","Laptop","3.3.5","0"
"CMP-2023-000871","Support agent was dismissive and rude. Did not let me complete my complaint. Terrible customer experience. Escalating to consumer forum if not resolved by tomorrow.","2024-08-12 03:12:00","Web Portal","Hindi","CUST-32847","Commercial Building Operator","Kanpur","Uttar Pradesh","Refrigeration","Modular Cold Room MCR-25","UPI","No","Not Requested","Ekart","10","Pending Customer","120","240","No","4","Desktop","3.3.5","1"
"CMP-2024-000872","Login OTP not coming. Tried 3 times. Customer care line is always busy. App is useless. This is absolutely ridiculous!!!","2024-08-20 16:27:00","Dealer","English","CUST-45077","Retail Store","Gurugram","Haryana","Commercial","Chiller AquaEdge 19DV","UPI","No","Not Requested","Mahindra Logistics","0","Escalated","45","72","Yes","4","Windows Tablet","2.8.5","5"
"CMP-2023-000873","Chat support is completely useless. Gives only scripted responses. Cannot escalate from chat. Very bad experience. Complaint ID from last time: 35615266","2025-04-13 10:36:00","Phone","English","CUST-73953","Cold Storage Operator","Surat","Gujarat","Air Purifiers","Klarwind KW-300","EMI","Yes","Under Review","FedEx","30","Closed","12","48","No","5","iPhone","4.0.0","6"
"CMP-2025-000874","Defrost cycle seems to be running too long. Temperature rises to +5C during defrost. Products are thawing partially. Highly disappointed.","2024-07-28 18:44:00","Dealer","English","CUST-93072","Bank Branch","Jabalpur","Madhya Pradesh","Air Purifiers","OptiClean OC-800","UPI","No","Not Requested","Amazon Logistics","5","Pending Parts","360","720","No","4","Android Phone","4.2.0","0"
"CMP-2023-000875","App pe temperature change karte hain toh unit nahi sunta. 5 minute baad update hota hai. Itni delay kyun? 😡 Very frustrated.","2024-02-25 17:21:00","Social Media","Telugu","CUST-66251","Restaurant Owner","Tiruchirappalli","Tamil Nadu","Commercial","Heat Pump 30RQV","Debit Card","No","Not Requested","Rivigo","2","Closed","1440","504","Yes","3","Tablet","2.9.8","2"
"CMP-2025-000876","Gas leakage from the indoor unit. There is an oily stain near copper pipe joints. Very concerning. Highly disappointed.","2024-12-12 14:05:00","Email","English","CUST-13030","IT Park","Indore","Madhya Pradesh","Refrigeration","Condensing Unit CR-5HP","Cheque","Yes","Processed","Delhivery","0","In Progress","45","0","Yes","2","iPad","5.0.0","2"
"CMP-2025-000877","Bhai ek baar thanda karta hai fir garam. On-off on-off. Compressor issue lagta hai. Please check karo. 😡 Very frustrated.","2024-02-12 06:37:00","Mobile App","Kannada","CUST-67936","Cold Storage Operator","Kanpur","Uttar Pradesh","Air Purifiers","OptiClean OC-800","NEFT","No","Not Requested","Shadowfax","3","Pending Parts","120","168","No","5","iPad","4.3.1","1"
"CMP-2023-000878","Your customer care puts me on hold for 20+ minutes and then disconnects. This has happened 5 times now. This is absolutely ridiculous!!!","2024-06-01 21:05:00","SMS","English","CUST-33792","Pharma Company","Hubballi","Karnataka","Refrigeration","Supermarket Ref SMR-Island","NEFT","No","Not Requested","Mahindra Logistics","0","Pending Parts","300","72","Yes","2","Windows Tablet","5.1.3","2"
"CMP-2023-000879","Unit consuming 40% more power than rated. Energy meter data shared with your team. No action taken.","2023-04-27 12:49:00","Web Portal","Hinglish","CUST-88857","HVAC Contractor","Noida","Uttar Pradesh","Commercial","Air Handler AHU-5000","UPI","No","Not Requested","Ekart","10","Closed","25","504","No","2","iPad","5.0.0","1"
"CMP-2025-000880","Refund rejected saying 'product opened'. But your own technician opened it during inspection! This is fraud.","2024-03-20 15:38:00","Web Portal","English","CUST-19687","HVAC Contractor","Chandigarh","Punjab","Commercial","Air Handler AHU-5000","Cheque","Yes","Rejected","Shadowfax","0","Open","8","72","No","2","Android Phone","3.3.5","0"
"CMP-2025-000881","Indoor unit delivered but outdoor unit still not received after 3 weeks. How do you expect us to use half a system? Escalating to consumer forum if not resolved by tomorrow.","2023-10-26 04:07:00","Web Portal","English","CUST-75790","Facility Team","Patna","Bihar","Air Purifiers","Klarwind KW-300","Credit Card","No","Not Requested","Carrier Own Fleet","5","In Progress","240","2","No","2","Tablet","2.8.5","0"
"CMP-2024-000882","This is the 6th breakdown in 8 months. Every time technician comes, 'fixes' it, and within 2 weeks same problem returns. ENOUGH.","2025-03-20 15:07:00","Web Portal","English","CUST-22813","Bank Branch","Mysuru","Karnataka","Air Purifiers","Klarwind KW-500","Net Banking","Yes","Processed","XpressBees","0","Resolved","480","0","No","1","Desktop","3.2.1","0"
"CMP-2023-000883","Spare part availability is very poor for older models. Our unit is only 4 years old and parts are already out of stock?? Under warranty. Do not charge us.","2024-06-06 11:31:00","Dealer","English","CUST-66190","Industrial Facility","Kota","Rajasthan","Commercial","Fan Coil Unit FCU-400","EMI","Yes","Pending","XpressBees","0","Closed","2880","6","No","1","Android Phone","2.9.8","3"
"CMP-2023-000884","Technician suggested we buy a new unit. But this unit is only 14 months old!! Under warranty. Will escalate legally if needed. Will share on social media if no action.","2023-08-12 10:03:00","Dealer","Hinglish","CUST-96960","Pharma Company","Tiruchirappalli","Tamil Nadu","Light Commercial","Floor Standing 42CF","Debit Card","No","Not Requested","Rivigo","10","Pending Customer","90","12","No","2","iPad","2.8.5","0"
"CMP-2025-000885","The outdoor unit is making a horrible grinding noise especially at night. Neighbours are complaining. This is absolutely ridiculous!!!","2024-06-17 16:58:00","Walk-in","English","CUST-61174","Data Centre","Kochi","Kerala","Light Commercial","Cassette 42UFC","Credit Card","Yes","Pending","Shadowfax","15","Pending Parts","300","120","No","1","iPhone","4.2.0","5"
"CMP-2025-000886","Vibration from the compressor unit is shaking the entire wall. Noise level measured at 78 dB. Far above spec. Complaint ID from last time: 27172662","2024-02-19 11:01:00","Mobile App","English","CUST-11047","IT Park","Delhi","Delhi","Commercial","Air Handler AHU-5000","NEFT","No","Not Requested","Amazon Logistics","1","Escalated","5","168","Yes","2","iPad","3.3.5","2"
"CMP-2023-000887","Unit goes into protection mode due to high discharge temperature. Error E12 visible on panel. Ambient temp is 42C but unit is rated for 50C. This is absolutely ridiculous!!!","2025-04-03 03:31:00","WhatsApp","Hinglish","CUST-28444","Supermarket","Navi Mumbai","Maharashtra","Refrigeration","Condensing Unit CR-5HP","UPI","No","Not Requested","DTDC","1","Pending Customer","240","72","No","2","iPhone","3.3.5","2"
"CMP-2023-000888","App is not connecting to my unit. Shows 'Device Offline' even though unit is running. WiFi is strong.","2024-06-22 06:22:00","Chat Support","Hinglish","CUST-88052","Maintenance Manager","Bengaluru","Karnataka","Commercial","Chiller 30XW-V","Debit Card","Yes","Partially Processed","Rivigo","10","Re-opened","2880","6","No","5","iPad","3.2.1","0"
"CMP-2023-000889","Supermarket display cases temperature alarm triggering 3-4 times per day. Staff constantly resetting. Major issue.","2025-04-25 00:50:00","Dealer","English","CUST-25421","Commercial Building Operator","Allahabad","Uttar Pradesh","Commercial","Controls EcoAdvance","EMI","No","Not Requested","Blue Dart","2","Open","240","4","Yes","4","Android Phone","2.9.8","3"
"CMP-2025-000890","Unit consuming 40% more power than rated. Energy meter data shared with your team. No action taken. 😡 Very frustrated.","2024-04-25 17:26:00","Service Center","English","CUST-92419","Hospital","Jabalpur","Madhya Pradesh","Commercial","Fan Coil Unit FCU-200","Debit Card","No","Not Requested","Rivigo","2","Escalated","5","168","No","5","Laptop","5.1.3","0"
"CMP-2025-000891","Called for emergency service. Was told technician will come in 4 hours. Waited 11 hours. No show. This is absolutely ridiculous!!!","2023-09-03 23:25:00","Chat Support","Hinglish","CUST-11801","Facility Team","Agra","Uttar Pradesh","Air Purifiers","Air One AO-100","Cash","Yes","Under Review","Shadowfax","12","Open","720","48","No","5","Windows Tablet","3.1.0","0"
"CMP-2025-000892","Unit delivered without accessories. Remote, drain pipes, all missing. Had to chase dealer for 1 week.","2024-01-22 02:46:00","Email","English","CUST-53458","Pharma Company","Amritsar","Punjab","Light Commercial","Ducted 40RUQ","Cash","Yes","Rejected","Mahindra Logistics","0","In Progress","180","96","No","1","Laptop","3.2.1","2"
"CMP-2024-000893","Waiting for spare parts for 35 days. Technician has identified fault. Parts stuck in warehouse apparently. No timeline given. Need resolution within 24 hours.","2023-10-15 06:30:00","Dealer","Hinglish","CUST-90449","Retail Store","Tirupur","Tamil Nadu","Refrigeration","Inverter Condensing Unit ICU-5","NEFT","Yes","Processed","Mahindra Logistics","3","Pending Customer","60","1","Yes","4","Windows Tablet","3.3.5","2"
"CMP-2025-000894","Controller touchscreen unresponsive. Had to manually switch off from breaker. Need replacement. Please don't just close the ticket without solving the issue.","2024-12-27 04:19:00","Phone","Tamil","CUST-53384","Facility Team","Bhopal","Madhya Pradesh","Refrigeration","Evaporator Unit EU-5000","Debit Card","Yes","Under Review","Carrier Own Fleet","15","Re-opened","60","720","Yes","1","iPhone","5.0.0","6"
"CMP-2023-000895","The app freezes on the scheduling screen. Cannot set timings remotely anymore. Very inconvenient. Will share on social media if no action.","2024-11-22 19:18:00","Walk-in","English","CUST-39129","Office Admin","Vadodara","Gujarat","Light Commercial","Floor Standing 42CF","UPI","Yes","Rejected","Blue Dart","2","Pending Parts","180","12","No","1","Tablet","3.2.1","1"
"CMP-2023-000896","Water leak from ceiling mounted cassette unit. Staining the false ceiling and dripping on expensive equipment below. Third time raising this complaint.","2024-04-20 17:59:00","WhatsApp","English","CUST-57078","Restaurant Owner","Raipur","Chhattisgarh","Light Commercial","Floor Standing 42CF","Cheque","No","Not Requested","Ekart","0","Open","180","36","No","5","iPad","3.1.0","1"
"CMP-2023-000897","Jo technician aaya tha usse unit ke baare mein kuch pata hi nahi tha. Puri unit khol ke dekha, phir band kar gaya bina fix kiye.","2023-02-16 13:06:00","SMS","Hinglish","CUST-16389","Hotel","Jodhpur","Rajasthan","Light Commercial","Ducted 40RUQ","UPI","Yes","Under Review","Ekart","0","Re-opened","10","48","Yes","1","Android Phone","2.8.5","0"
"CMP-2023-000898","Same fault code keeps returning every 3-4 weeks. Error E07. Capacitor changed, still same. Something else is the root cause. Under warranty. Do not charge us.","2023-03-07 16:47:00","Walk-in","English","CUST-88604","Maintenance Manager","Mumbai","Maharashtra","Refrigeration","Evaporator Unit EU-5000","Purchase Order","No","Not Requested","Ekart","0","Closed","60","120","No","3","iPhone","5.2.1","2"
"CMP-2023-000899","Because of your equipment failure, our restaurant had to shut for 2 days. Loss of business and spoiled inventory. This is unacceptable. 😡 Very frustrated.","2023-09-08 14:00:00","Phone","Hinglish","CUST-48759","Commercial Building Operator","Nagpur","Maharashtra","Commercial","Air Handler AHU-5000","Cash","No","Not Requested","FedEx","30","Pending Parts","90","2","No","2","Windows Tablet","5.0.0","0"
"CMP-2023-000900","BMS controller not responding to commands. Manual override also not working. Entire floor temperature uncontrolled. Third time raising this complaint.","2024-11-09 02:51:00","Chat Support","English","CUST-30431","Hospital","Bhopal","Madhya Pradesh","Commercial","Air Handler AHU-5000","Cheque","No","Not Requested","XpressBees","2","Re-opened","5","168","No","2","Windows Tablet","4.3.1","1"
"CMP-2024-000901","Technician was very rude on phone. We are a paying customer. This behavior is not acceptable.","2023-05-22 12:52:00","SMS","Hinglish","CUST-47287","Mall Operator","Nashik","Maharashtra","Refrigeration","Condensing Unit CR-10HP","Cash","Yes","Pending","Amazon Logistics","2","Closed","25","1","Yes","1","Windows Tablet","4.0.0","1"
"CMP-2024-000902","Jo technician aaya tha usse unit ke baare mein kuch pata hi nahi tha. Puri unit khol ke dekha, phir band kar gaya bina fix kiye. Third time raising this complaint.","2023-12-19 19:42:00","SMS","Hinglish","CUST-59820","Cold Storage Operator","Guwahati","Assam","Light Commercial","Ducted 40MAQ","Cash","No","Not Requested","Amazon Logistics","1","Re-opened","10","0","No","2","Laptop","4.2.0","0"
"CMP-2024-000903","Installation scheduled 4 times. Cancelled 4 times by Carrier. We are a hospital. Patients are suffering. Please treat this as highest priority. Please resolve on priority.","2024-12-18 13:25:00","Mobile App","English","CUST-66502","Food Processing Unit","Thane","Maharashtra","Air Purifiers","Klarwind KW-500","Net Banking","No","Not Requested","Delhivery","10","Pending Customer","120","36","No","3","Laptop","4.2.0","6"
"CMP-2024-000904","Because of your equipment failure, our restaurant had to shut for 2 days. Loss of business and spoiled inventory. This is unacceptable. Please resolve on priority.","2023-06-18 08:52:00","Chat Support","English","CUST-58183","Hotel","Delhi","Delhi","Air Purifiers","Air One AO-200","Net Banking","Yes","Pending","FedEx","2","Pending Parts","90","168","Yes","4","iPad","3.2.1","1"
"CMP-2025-000905","Compressor seized. Cold room temperature rising. We have Rs 15 lakh worth of pharmaceutical stock inside. URGENT.","2024-09-20 14:37:00","Web Portal","English","CUST-99760","HVAC Contractor","Jaipur","Rajasthan","Commercial","Fan Coil Unit FCU-200","Purchase Order","Yes","Rejected","FedEx","20","Open","20","8","No","3","Desktop","5.0.0","1"
"CMP-2025-000906","Cooling performance dropped drastically. Was giving 18C earlier, now barely reaching 26C even at full blast. Something is wrong. 😡 Very frustrated.","2024-12-15 20:03:00","Service Center","English","CUST-36687","Restaurant Owner","Madurai","Tamil Nadu","Light Commercial","Cassette 42UFS","NEFT","No","Not Requested","Rivigo","2","Escalated","25","336","No","2","Windows Tablet","3.1.0","2"
"CMP-2024-000907","Gas leakage from the indoor unit. There is an oily stain near copper pipe joints. Very concerning.","2025-03-13 16:27:00","Web Portal","English","CUST-24788","Office Admin","Jaipur","Rajasthan","Light Commercial","Cassette 42UFC","Credit Card","No","Not Requested","XpressBees","1","Closed","480","48","No","1","iPad","4.1.2","2"
"CMP-2023-000908","We paid full amount in advance for installation. 3 weeks passed, no installation team. This is beyond frustrating. We have a big client visit next week. Please prioritize.","2024-05-25 23:47:00","SMS","English","CUST-37111","Cold Storage Operator","Mumbai","Maharashtra","Air Purifiers","OptiClean OC-800","NEFT","No","Not Requested","Amazon Logistics","30","Resolved","5","0","No","2","Desktop","2.9.8","0"
"CMP-2023-000909","We paid full amount in advance for installation. 3 weeks passed, no installation team. This is beyond frustrating.","2023-03-21 03:57:00","Walk-in","English","CUST-61315","Hotel","Navi Mumbai","Maharashtra","Air Purifiers","OptiClean OC-400","Credit Card","No","Not Requested","Blue Dart","5","Open","60","48","No","1","Android Phone","4.1.2","0"
"CMP-2024-000910","Technician visited, claimed to fix the issue, unit failed again within 6 hours. What kind of service is this? Highly disappointed.","2024-06-18 20:41:00","Phone","English","CUST-77508","Industrial Facility","Navi Mumbai","Maharashtra","Air Purifiers","Air One AO-200","RTGS","Yes","Under Review","Blue Dart","5","Open","2880","24","Yes","2","Laptop","5.1.3","4"
"CMP-2024-000911","Ghar mein rat ko bahut awaaz aati hai outdoor unit se. Neend nahi aa rahi. Koi solution hai?","2023-06-08 14:50:00","SMS","English","CUST-63057","Data Centre","Ghaziabad","Uttar Pradesh","Light Commercial","Floor Standing 42NQ","Debit Card","No","Not Requested","DTDC","1","Pending Customer","480","168","No","3","Laptop","3.2.1","0"
"CMP-2025-000912","I am a loyal Carrier customer since 2015. Never faced such repeated breakdowns. Something is wrong with this new model batch. Third time raising this complaint.","2023-03-09 15:55:00","Email","Tamil","CUST-52054","Supermarket","Agra","Uttar Pradesh","Light Commercial","Carrier VRF X Power 40VYX","UPI","Yes","Rejected","XpressBees","2","In Progress","1440","120","No","4","Laptop","5.2.1","1"
"CMP-2025-000913","Defrost cycle seems to be running too long. Temperature rises to +5C during defrost. Products are thawing partially. Please resolve on priority.","2024-02-02 12:42:00","WhatsApp","English","CUST-71358","IT Park","Agra","Uttar Pradesh","Commercial","Air Handler AHU-5000","RTGS","No","Not Requested","Amazon Logistics","30","Pending Parts","720","504","Yes","3","Android Phone","4.0.0","0"
"CMP-2023-000914","Unit goes into protection mode due to high discharge temperature. Error E12 visible on panel. Ambient temp is 42C but unit is rated for 50C. Escalating to consumer forum if not resolved by tomorrow.","2023-09-19 10:04:00","SMS","English","CUST-18025","Retail Store","Vadodara","Gujarat","Light Commercial","Carrier VRF X Power 40VYX","NEFT","No","Not Requested","DTDC","7","Open","60","0","No","3","Android Phone","5.1.3","0"
"CMP-2023-000915","The FCU in server room has stopped maintaining temperature. Server temps rising. Critical situation - please escalate immediately.","2025-02-17 16:18:00","WhatsApp","English","CUST-26812","IT Park","Madurai","Tamil Nadu","Refrigeration","Condensing Unit CR-10HP","Credit Card","No","Not Requested","Blue Dart","0","Re-opened","10","8","Yes","1","iPad","3.3.5","2"
"CMP-2023-000916","Installation team came, looked at the site, and left saying they need special equipment. No one has returned since. 10 days now.","2025-02-14 19:53:00","Dealer","English","CUST-98847","Bank Branch","Raipur","Chhattisgarh","Refrigeration","Modular Cold Room MCR-25","Cheque","Yes","Partially Processed","Shadowfax","30","Pending Customer","30","168","No","1","Laptop","4.1.2","0"
"CMP-2025-000917","I was promised callback in 2 hours. No call came. This has happened twice. Zero accountability. Complaint ID from last time: 68334400","2023-06-05 05:59:00","Mobile App","English","CUST-98403","Cold Storage Operator","Mysuru","Karnataka","Air Purifiers","Klarwind KW-300","Cash","No","Not Requested","Ekart","3","Resolved","120","4","Yes","1","iPad","4.1.2","2"
"CMP-2025-000918","The FCU in server room has stopped maintaining temperature. Server temps rising. Critical situation - please escalate immediately. Will share on social media if no action.","2024-05-19 20:37:00","Phone","English","CUST-53090","Warehouse Operator","Gurugram","Haryana","Commercial","Air Handler AHU-3000","Debit Card","No","Not Requested","Delhivery","30","Open","5","0","Yes","2","Laptop","4.2.0","2"
"CMP-2025-000919","Installation team came, looked at the site, and left saying they need special equipment. No one has returned since. 10 days now. 😡 Very frustrated.","2024-06-03 16:45:00","Web Portal","English","CUST-74486","Office Admin","Kota","Rajasthan","Light Commercial","Cassette 42UFS","NEFT","No","Not Requested","FedEx","0","In Progress","120","48","No","3","Windows Tablet","5.1.3","0"
"CMP-2025-000920","Temperature in storage went to 12C during night without any alarm. Dairy products spoiled. Need investigation. Third time raising this complaint.","2024-01-09 04:49:00","Social Media","English","CUST-50681","Cold Storage Operator","Chandigarh","Punjab","Air Purifiers","Air One AO-100","Purchase Order","No","Not Requested","Mahindra Logistics","2","Closed","5","2","No","1","Windows Tablet","5.2.1","1"
"CMP-2023-000921","Spare part availability is very poor for older models. Our unit is only 4 years old and parts are already out of stock??","2024-07-26 10:17:00","Web Portal","English","CUST-74947","Hotel","Meerut","Uttar Pradesh","Light Commercial","Cassette 42UFC","UPI","No","Not Requested","Carrier Own Fleet","30","Escalated","180","48","No","3","iPad","3.1.0","0"
"CMP-2023-000922","Compressor making very loud knocking sound since morning. Afraid it might fail completely. Please send technician. Please don't just close the ticket without solving the issue.","2024-06-17 03:46:00","Email","English","CUST-79690","Warehouse Operator","Kanpur","Uttar Pradesh","Light Commercial","Carrier VRF X Power 40VYX","NEFT","Yes","Rejected","Rivigo","3","Open","2880","36","Yes","4","Windows Tablet","4.0.0","1"
"CMP-2024-000923","Unit delivered with dents on the casing. Outer packaging also damaged. Looks like it was mishandled during transit.","2023-05-21 21:40:00","Dealer","Hinglish","CUST-18752","Commercial Building Operator","Ranchi","Jharkhand","Air Purifiers","Air One AO-200","NEFT","No","Not Requested","Blue Dart","20","Escalated","10","4","Yes","5","Windows Tablet","5.1.3","1"
"CMP-2025-000924","Technician visited, claimed to fix the issue, unit failed again within 6 hours. What kind of service is this? 😡 Very frustrated.","2023-05-23 03:35:00","Chat Support","English","CUST-50425","Hospital","Tiruchirappalli","Tamil Nadu","Refrigeration","Evaporator Unit EU-5000","UPI","No","Not Requested","FedEx","20","Open","30","6","No","2","Laptop","5.0.0","0"
"CMP-2025-000925","Warranty document says 5 years comprehensive. Your service team is claiming 1 year. Please clarify and honour the warranty. Need resolution within 24 hours.","2024-11-11 21:22:00","Email","English","CUST-95818","Cold Storage Operator","Bhubaneswar","Odisha","Light Commercial","Floor Standing 42NQ","Cheque","No","Not Requested","Shadowfax","3","Resolved","240","240","No","1","Tablet","5.2.1","0"
"CMP-2023-000926","Recurring issue since installation. Always cooling problem. 4 visits, 4 temporary fixes. We want permanent solution or replacement.","2024-04-19 09:37:00","Chat Support","English","CUST-51679","Bank Branch","Chandigarh","Punjab","Commercial","Fan Coil Unit FCU-200","RTGS","Yes","Under Review","Mahindra Logistics","0","Re-opened","15","240","No","1","iPad","5.0.0","6"
"CMP-2024-000927","Bhai ek baar thanda karta hai fir garam. On-off on-off. Compressor issue lagta hai. Please check karo. 😡 Very frustrated.","2023-05-08 14:06:00","Dealer","English","CUST-73287","Educational Institution","Raipur","Chhattisgarh","Light Commercial","Cassette 42UFS","Net Banking","No","Not Requested","Carrier Own Fleet","25","Pending Customer","60","4","Yes","4","Laptop","3.2.1","0"
"CMP-2024-000928","Unit goes into protection mode due to high discharge temperature. Error E12 visible on panel. Ambient temp is 42C but unit is rated for 50C. This is absolutely ridiculous!!!","2024-08-31 22:40:00","WhatsApp","Hinglish","CUST-68616","Educational Institution","Allahabad","Uttar Pradesh","Air Purifiers","OptiClean OC-800","Cash","Yes","Partially Processed","Ekart","0","Resolved","1440","24","Yes","2","Android Phone","5.2.1","1"
"CMP-2024-000929","Pipe insulation not done properly. Condensation forming on pipes and dripping. Basic installation mistake.","2024-02-16 21:41:00","Chat Support","English","CUST-29560","Retail Store","Surat","Gujarat","Light Commercial","Ducted 40RUQ","Cheque","No","Not Requested","Ekart","1","Open","180","12","Yes","1","iPad","5.0.0","1"
"CMP-2023-000930","Controller touchscreen unresponsive. Had to manually switch off from breaker. Need replacement. Escalating to consumer forum if not resolved by tomorrow.","2024-04-25 23:40:00","Mobile App","English","CUST-52812","IT Park","Hubballi","Karnataka","Commercial","Chiller 30XW-V","NEFT","No","Not Requested","XpressBees","20","Pending Parts","10","504","No","1","Windows Tablet","4.3.1","2"
"CMP-2024-000931","Installation team came, looked at the site, and left saying they need special equipment. No one has returned since. 10 days now. We have a big client visit next week. Please prioritize.","2024-11-02 13:57:00","Social Media","Hinglish","CUST-96856","Pharma Company","Ludhiana","Punjab","Light Commercial","Carrier VRF X Power 38VYX","EMI","No","Not Requested","Amazon Logistics","2","Escalated","10","120","No","4","Laptop","2.8.5","1"
"CMP-2024-000932","Warranty claim rejected citing 'improper installation'. But installation was done by your own authorized dealer. Who is responsible? Please don't just close the ticket without solving the issue.","2024-04-29 11:33:00","Service Center","English","CUST-76570","Data Centre","Kochi","Kerala","Light Commercial","Ducted 40MAQ","Cheque","No","Not Requested","Rivigo","5","Closed","60","36","No","2","Tablet","5.2.1","4"
"CMP-2025-000933","There is a clear rattling from the compressor section. Technician visited and said 'nothing serious' but noise is getting worse daily. This is absolutely ridiculous!!!","2024-02-15 14:10:00","Email","English","CUST-70015","Industrial Facility","Coimbatore","Tamil Nadu","Light Commercial","Ducted 40RUQ","Purchase Order","Yes","Partially Processed","Mahindra Logistics","0","Escalated","20","504","No","5","Desktop","4.1.2","5"
"CMP-2025-000934","Commissioning not done properly. Unit was just switched on and technician left. No testing, no parameter setting. Complaint ID from last time: 03801625","2023-04-23 11:02:00","SMS","English","CUST-93365","Supermarket","Patna","Bihar","Air Purifiers","Klarwind KW-500","Net Banking","No","Not Requested","DTDC","12","Escalated","90","36","Yes","2","Laptop","2.9.8","2"
"CMP-2025-000935","5th visit by technician. Same issue. Either the team is incompetent or they are hiding a design defect. I want a senior engineer.","2023-09-02 21:22:00","Chat Support","English","CUST-46014","Retail Store","Meerut","Uttar Pradesh","Air Purifiers","Klarwind KW-300","Cash","Yes","Approved","Rivigo","30","Pending Parts","20","72","No","2","Windows Tablet","3.1.0","0"
"CMP-2024-000936","Warranty claim rejected citing 'improper installation'. But installation was done by your own authorized dealer. Who is responsible? This is absolutely ridiculous!!!","2024-10-09 13:02:00","Chat Support","Hindi","CUST-20593","Bank Branch","Thane","Maharashtra","Air Purifiers","Klarwind KW-500","Debit Card","No","Not Requested","XpressBees","12","Pending Customer","120","120","No","3","Windows Tablet","5.0.0","0"
"CMP-2024-000937","Scheduling feature on the controller stopped working after firmware update. Timings are not being followed. This is absolutely ridiculous!!!","2024-01-30 03:53:00","WhatsApp","English","CUST-97529","Facility Team","Navi Mumbai","Maharashtra","Air Purifiers","Air One AO-200","Net Banking","No","Not Requested","Amazon Logistics","1","Resolved","30","240","Yes","3","Desktop","5.1.3","0"
"CMP-2025-000938","Indoor unit is not level. Water not draining properly because of tilt. Poor workmanship. Escalating to consumer forum if not resolved by tomorrow.","2023-03-27 19:53:00","Dealer","English","CUST-12644","Restaurant Owner","Guwahati","Assam","Air Purifiers","Klarwind KW-500","Cheque","No","Not Requested","Mahindra Logistics","0","Closed","90","2","No","4","Windows Tablet","2.9.8","2"
"CMP-2023-000939","Controller mein kuch bhi set karo, unit apna mann se kaam karta hai. Kya issue hai? Need resolution within 24 hours.","2024-07-23 16:02:00","Mobile App","Hinglish","CUST-55109","Office Admin","Tiruchirappalli","Tamil Nadu","Air Purifiers","OptiClean OC-800","Net Banking","Yes","Approved","Carrier Own Fleet","7","Pending Parts","60","120","Yes","2","Tablet","3.3.5","2"
"CMP-2023-000940","Service engineer came without tools. Wasted our time. Came again next day with wrong parts. Still not fixed.","2023-04-23 22:21:00","Mobile App","Hinglish","CUST-13182","Maintenance Manager","Tirupur","Tamil Nadu","Air Purifiers","Klarwind KW-300","Debit Card","No","Not Requested","Ekart","12","Escalated","240","48","No","3","iPad","3.2.1","0"
"CMP-2025-000941","Outdoor unit installed at wrong orientation. Drainage blocked. Technician confirmed faulty installation but blaming us.","2024-11-30 18:07:00","SMS","English","CUST-89292","Hospital","Faridabad","Haryana","Air Purifiers","Klarwind KW-500","Cash","No","Not Requested","Delhivery","1","In Progress","120","240","No","1","Android Phone","5.2.1","0"
"CMP-2025-000942","Unit goes into protection mode due to high discharge temperature. Error E12 visible on panel. Ambient temp is 42C but unit is rated for 50C. We have a big client visit next week. Please prioritize.","2024-08-03 02:50:00","Walk-in","English","CUST-38551","Food Processing Unit","Varanasi","Uttar Pradesh","Refrigeration","Modular Cold Room MCR-25","Credit Card","Yes","Approved","Shadowfax","1","Re-opened","360","1","No","4","Desktop","2.9.8","0"
"CMP-2024-000943","Installation was scheduled for 3rd May. Today is 12th May. No one has come. No call. No update. Is this how Carrier treats commercial customers? We have a big client visit next week. Please prioritize.","2025-01-30 16:15:00","Social Media","Hinglish","CUST-82738","Data Centre","Bengaluru","Karnataka","Light Commercial","Carrier VRF X Power 38VYX","RTGS","Yes","Approved","Shadowfax","15","Pending Parts","300","168","Yes","3","Windows Tablet","3.1.0","2"
"CMP-2023-000944","Support agent was dismissive and rude. Did not let me complete my complaint. Terrible customer experience.","2023-09-03 13:34:00","Social Media","English","CUST-15852","Office Admin","Bhopal","Madhya Pradesh","Light Commercial","Floor Standing 42NQ","Net Banking","Yes","Pending","Carrier Own Fleet","1","Escalated","30","48","No","1","Android Phone","5.1.3","3"
"CMP-2023-000945","BMS controller not responding to commands. Manual override also not working. Entire floor temperature uncontrolled.","2025-02-28 17:47:00","Web Portal","Hindi","CUST-20065","Cold Storage Operator","Ghaziabad","Uttar Pradesh","Commercial","Heat Pump 30RQV","UPI","No","Not Requested","Blue Dart","7","In Progress","5","168","No","3","Windows Tablet","4.3.1","0"
"CMP-2024-000946","Heat rejection from outdoor units is excessive. Adjacent areas are getting very hot. Ventilation design issue or unit fault? Complaint ID from last time: 47672000","2023-05-13 02:16:00","Phone","Kannada","CUST-16600","IT Park","Mumbai","Maharashtra","Refrigeration","Modular Cold Room MCR-25","Cheque","No","Not Requested","Amazon Logistics","2","Pending Customer","240","1","No","4","iPad","2.9.8","4"
"CMP-2023-000947","App is not connecting to my unit. Shows 'Device Offline' even though unit is running. WiFi is strong. This is absolutely ridiculous!!!","2025-03-28 20:19:00","Walk-in","English","CUST-57627","Pharma Company","Kota","Rajasthan","Refrigeration","Condensing Unit CR-5HP","Purchase Order","No","Not Requested","Carrier Own Fleet","15","Pending Parts","120","6","Yes","2","Laptop","4.3.1","0"
"CMP-2023-000948","Called for emergency service. Was told technician will come in 4 hours. Waited 11 hours. No show. Complaint ID from last time: 71886263","2024-02-15 03:08:00","Dealer","Kannada","CUST-60027","Food Processing Unit","Chandigarh","Punjab","Light Commercial","Cassette 42UFC","RTGS","Yes","Processed","Ekart","0","In Progress","25","0","No","3","Laptop","5.2.1","3"
"CMP-2023-000949","App pe temperature change karte hain toh unit nahi sunta. 5 minute baad update hota hai. Itni delay kyun? We have a big client visit next week. Please prioritize.","2023-06-30 15:27:00","Web Portal","Tamil","CUST-38627","Supermarket","Kochi","Kerala","Commercial","Air Handler AHU-5000","Cash","No","Not Requested","DTDC","12","Resolved","5","72","Yes","5","iPhone","4.1.2","0"
"CMP-2023-000950","The drain pan is overflowing. Unit installed 6 months ago and this is the 3rd time this is happening. Poor installation quality suspected. This is absolutely ridiculous!!!","2024-02-02 10:24:00","Social Media","Hinglish","CUST-60790","Bank Branch","Howrah","West Bengal","Refrigeration","Modular Cold Room MCR-10","UPI","No","Not Requested","Rivigo","2","Escalated","5","1","No","4","iPhone","5.0.0","2"
"CMP-2024-000951","Technician suggested we buy a new unit. But this unit is only 14 months old!! Under warranty. Will escalate legally if needed. Under warranty. Do not charge us.","2023-03-01 12:21:00","Chat Support","English","CUST-46721","Office Admin","Bengaluru","Karnataka","Air Purifiers","Klarwind KW-500","Cheque","No","Not Requested","XpressBees","2","In Progress","10","0","No","2","iPhone","5.1.3","1"
"CMP-2024-000952","Unit failed 13 months after purchase. You are saying warranty expired. But issue started within warranty period and was reported. Records available. We have a big client visit next week. Please prioritize.","2024-10-29 01:54:00","Service Center","English","CUST-98754","Food Processing Unit","Ghaziabad","Uttar Pradesh","Air Purifiers","OptiClean OC-400","Cash","Yes","Under Review","Shadowfax","0","Open","90","12","No","2","Android Phone","5.0.0","0"
"CMP-2023-000953","Refund rejected saying 'product opened'. But your own technician opened it during inspection! This is fraud.","2023-01-10 13:04:00","Service Center","English","CUST-92816","Facility Team","Rajkot","Gujarat","Light Commercial","Cassette 42UFS","Cheque","No","Not Requested","DTDC","3","Re-opened","120","120","No","2","Windows Tablet","4.3.1","0"
"CMP-2024-000954","Support team gave me wrong information. Said parts available, technician confirmed they are not. Someone is lying. Highly disappointed.","2024-06-22 22:45:00","Chat Support","Hindi","CUST-86121","Bank Branch","Chennai","Tamil Nadu","Refrigeration","Evaporator Unit EU-3000","Net Banking","No","Not Requested","Blue Dart","1","Escalated","5","1","No","1","Laptop","5.0.0","5"
"CMP-2023-000955","Carrier mobile app crashes every time I try to view energy reports. Android 13, latest app version. Need resolution within 24 hours.","2023-12-04 08:37:00","Email","Telugu","CUST-15951","Maintenance Manager","Hubballi","Karnataka","Commercial","Fan Coil Unit FCU-400","Cash","No","Not Requested","Delhivery","20","Closed","120","0","No","4","Tablet","4.0.0","4"
"CMP-2025-000956","Wrong model delivered. Ordered 5HP condensing unit, received 3HP. This is a basic error.","2023-05-29 10:49:00","Walk-in","English","CUST-67402","HVAC Contractor","Hyderabad","Telangana","Light Commercial","Carrier VRF X Power 40VYX","EMI","Yes","Partially Processed","Amazon Logistics","0","Pending Parts","20","6","No","2","Windows Tablet","4.0.0","6"
"CMP-2023-000957","The drain pan is overflowing. Unit installed 6 months ago and this is the 3rd time this is happening. Poor installation quality suspected. Highly disappointed.","2025-01-10 17:16:00","Walk-in","English","CUST-22296","Facility Team","Faridabad","Haryana","Light Commercial","Cassette 42UFC","Purchase Order","No","Not Requested","Blue Dart","0","Pending Parts","480","72","No","4","iPad","2.9.8","0"
"CMP-2025-000958","I am a loyal Carrier customer since 2015. Never faced such repeated breakdowns. Something is wrong with this new model batch. Please resolve on priority.","2024-12-20 03:29:00","Service Center","Hindi","CUST-34665","Facility Team","Madurai","Tamil Nadu","Commercial","Heat Pump 30RQV","Cheque","No","Not Requested","DTDC","0","Escalated","25","48","No","3","Laptop","5.0.0","0"
"CMP-2024-000959","BMS controller not responding to commands. Manual override also not working. Entire floor temperature uncontrolled. Please resolve on priority.","2025-01-22 08:06:00","Chat Support","Hinglish","CUST-40085","Warehouse Operator","Rajkot","Gujarat","Light Commercial","Ducted 40MAQ","UPI","No","Not Requested","Carrier Own Fleet","12","Open","12","0","Yes","4","Desktop","4.1.2","1"
"CMP-2024-000960","PCB board ordered. Was told 7-10 days delivery. Today is day 21. No update from anyone. 😡 Very frustrated.","2024-03-25 13:22:00","Phone","English","CUST-97596","Mall Operator","Varanasi","Uttar Pradesh","Commercial","Chiller AquaEdge 19DV","Cheque","Yes","Pending","Shadowfax","12","In Progress","60","504","No","3","Tablet","5.1.3","0"
"CMP-2023-000961","AMC contract signed 6 months ago. Only one service visit done so far. Quarterly service is not happening as promised. Need resolution within 24 hours.","2025-04-24 05:24:00","Phone","Hindi","CUST-19253","Supermarket","Madurai","Tamil Nadu","Light Commercial","Carrier VRF X Power 40VYX","Cheque","Yes","Under Review","Amazon Logistics","3","Resolved","8","24","No","3","Laptop","4.3.1","6"
"CMP-2024-000962","I am a loyal Carrier customer since 2015. Never faced such repeated breakdowns. Something is wrong with this new model batch. We have a big client visit next week. Please prioritize.","2023-04-06 18:16:00","Phone","English","CUST-91934","Educational Institution","Ranchi","Jharkhand","Light Commercial","Cassette 42UFC","Purchase Order","No","Not Requested","Amazon Logistics","2","Closed","5","24","No","2","Desktop","3.1.0","6"
"CMP-2024-000963","Login OTP not coming. Tried 3 times. Customer care line is always busy. App is useless. Escalating to consumer forum if not resolved by tomorrow.","2023-09-01 08:13:00","Service Center","English","CUST-23438","Mall Operator","Faridabad","Haryana","Refrigeration","Evaporator Unit EU-5000","NEFT","No","Not Requested","Blue Dart","1","Pending Parts","30","120","No","4","iPhone","4.1.2","2"
"CMP-2025-000964","Capacitor replaced 3 weeks ago. Failed again. Is this a genuine Carrier part or counterfeit? Demanding certificate of authenticity. This is absolutely ridiculous!!!","2023-07-29 10:52:00","Email","Hinglish","CUST-55533","Retail Store","Ranchi","Jharkhand","Air Purifiers","OptiClean OC-400","NEFT","No","Not Requested","XpressBees","0","Escalated","1440","240","No","1","iPad","4.3.1","3"
"CMP-2024-000965","Installation team came, looked at the site, and left saying they need special equipment. No one has returned since. 10 days now.","2025-04-01 17:33:00","Web Portal","English","CUST-14932","Bank Branch","Raipur","Chhattisgarh","Air Purifiers","Air One AO-100","Net Banking","No","Not Requested","Rivigo","0","Escalated","45","72","No","1","Windows Tablet","4.3.1","6"
"CMP-2025-000966","Indoor unit delivered but outdoor unit still not received after 3 weeks. How do you expect us to use half a system? Third time raising this complaint.","2024-12-18 03:29:00","SMS","English","CUST-66784","Bank Branch","Chennai","Tamil Nadu","Commercial","Chiller 30XW-V","Purchase Order","No","Not Requested","DTDC","0","Open","30","24","No","3","Desktop","5.2.1","1"
"CMP-2023-000967","High electricity consumption despite energy saving mode being on. Something is wrong with the inverter control. Need resolution within 24 hours.","2024-03-08 00:43:00","Phone","English","CUST-74408","Maintenance Manager","Visakhapatnam","Andhra Pradesh","Light Commercial","Ducted 40RUQ","NEFT","No","Not Requested","Ekart","20","Pending Parts","1440","0","No","1","Desktop","4.2.0","0"
"CMP-2025-000968","High electricity consumption despite energy saving mode being on. Something is wrong with the inverter control. This is absolutely ridiculous!!!","2023-07-02 17:27:00","Phone","Hinglish","CUST-80393","Bank Branch","Surat","Gujarat","Air Purifiers","Air One AO-200","Debit Card","Yes","Pending","Delhivery","15","Open","240","72","No","3","Tablet","4.2.0","0"
"CMP-2024-000969","The iOS app version 4.2.0 randomly logs me out. Have to re-enter credentials daily. Bug please fix. Escalating to consumer forum if not resolved by tomorrow.","2025-02-15 23:26:00","Social Media","English","CUST-97972","Cold Storage Operator","Nagpur","Maharashtra","Air Purifiers","OptiClean OC-400","RTGS","No","Not Requested","Blue Dart","0","Open","30","4","No","2","Laptop","5.1.3","6"
"CMP-2025-000970","Electricity bill doubled after installation of new Carrier unit. Star rating says 5-star but consumption is huge. Please don't just close the ticket without solving the issue.","2023-12-25 16:24:00","Service Center","English","CUST-38342","Cold Storage Operator","Vadodara","Gujarat","Refrigeration","Condensing Unit CR-5HP","Credit Card","No","Not Requested","FedEx","5","Closed","60","72","No","3","Windows Tablet","2.9.8","2"
"CMP-2024-000971","Heat rejection from outdoor units is excessive. Adjacent areas are getting very hot. Ventilation design issue or unit fault? Escalating to consumer forum if not resolved by tomorrow.","2024-01-15 14:43:00","Dealer","English","CUST-72492","Warehouse Operator","Aurangabad","Maharashtra","Light Commercial","Cassette 42UFS","Cash","Yes","Rejected","Carrier Own Fleet","0","Re-opened","240","12","No","2","iPhone","4.3.1","2"
"CMP-2024-000972","AMC contact number is always busy. Emails are not replied. How are we supposed to raise service requests? This is absolutely ridiculous!!!","2025-03-13 15:49:00","Walk-in","Hinglish","CUST-45732","Maintenance Manager","Madurai","Tamil Nadu","Light Commercial","Carrier VRF X Power 38VYX","EMI","No","Not Requested","Carrier Own Fleet","2","Pending Customer","240","24","No","1","iPad","4.1.2","0"
"CMP-2023-000973","Warranty document says 5 years comprehensive. Your service team is claiming 1 year. Please clarify and honour the warranty.","2024-05-06 13:29:00","Walk-in","English","CUST-50386","Data Centre","Aurangabad","Maharashtra","Air Purifiers","Klarwind KW-300","NEFT","Yes","Pending","Carrier Own Fleet","0","Escalated","5","24","Yes","1","Tablet","3.1.0","0"
"CMP-2025-000974","Compressor overheating alarm triggered 4 times today. Auto shutdown occurring every 2 hours. Entire cold storage at risk. 😡 Very frustrated.","2025-01-09 08:21:00","Web Portal","Hinglish","CUST-53716","Pharma Company","Nashik","Maharashtra","Light Commercial","Carrier VRF X Power 40VYX","Net Banking","No","Not Requested","XpressBees","2","Pending Parts","240","2","No","1","iPad","3.1.0","2"
"CMP-2024-000975","Cooling inconsistent since installation 3 months ago. Raised ticket twice before. Still same issue.","2023-03-22 19:44:00","Chat Support","Hinglish","CUST-84409","Bank Branch","Gurugram","Haryana","Refrigeration","Inverter Condensing Unit ICU-10","Debit Card","Yes","Under Review","DTDC","15","Escalated","20","336","No","4","Laptop","4.3.1","0"
"CMP-2024-000976","Ghar mein rat ko bahut awaaz aati hai outdoor unit se. Neend nahi aa rahi. Koi solution hai? This is absolutely ridiculous!!!","2025-01-07 14:46:00","Chat Support","English","CUST-62415","Cold Storage Operator","Jabalpur","Madhya Pradesh","Light Commercial","Cassette 42UFC","RTGS","No","Not Requested","Delhivery","20","Pending Parts","90","48","Yes","5","Android Phone","5.1.3","0"
"CMP-2024-000977","App pe temperature change karte hain toh unit nahi sunta. 5 minute baad update hota hai. Itni delay kyun? 😡 Very frustrated.","2023-01-18 10:17:00","Service Center","Hindi","CUST-41715","Data Centre","Chandigarh","Punjab","Refrigeration","Condensing Unit CR-5HP","Net Banking","Yes","Rejected","Blue Dart","20","In Progress","25","4","Yes","1","Laptop","3.1.0","3"
"CMP-2024-000978","Ghar mein rat ko bahut awaaz aati hai outdoor unit se. Neend nahi aa rahi. Koi solution hai? Will share on social media if no action.","2023-06-21 08:29:00","Mobile App","English","CUST-26803","Supermarket","Nagpur","Maharashtra","Air Purifiers","OptiClean OC-400","NEFT","Yes","Pending","Blue Dart","3","Escalated","60","0","No","3","iPad","4.2.0","0"
"CMP-2025-000979","Indoor unit delivered but outdoor unit still not received after 3 weeks. How do you expect us to use half a system? Complaint ID from last time: 47741313","2023-03-20 16:43:00","Web Portal","English","CUST-28527","Commercial Building Operator","Howrah","West Bengal","Air Purifiers","Klarwind KW-300","NEFT","No","Not Requested","Carrier Own Fleet","2","In Progress","120","24","Yes","3","iPad","5.1.3","5"
"CMP-2025-000980","App pe temperature change karte hain toh unit nahi sunta. 5 minute baad update hota hai. Itni delay kyun?","2025-04-08 18:33:00","Mobile App","Tamil","CUST-98790","Office Admin","Surat","Gujarat","Refrigeration","Inverter Condensing Unit ICU-10","RTGS","No","Not Requested","DTDC","25","Re-opened","120","48","No","3","Tablet","4.0.0","0"
"CMP-2025-000981","Service engineer came without tools. Wasted our time. Came again next day with wrong parts. Still not fixed.","2025-04-18 08:55:00","Dealer","English","CUST-43962","Hospital","Vijayawada","Andhra Pradesh","Light Commercial","Carrier VRF X Power 38VYX","Net Banking","Yes","Partially Processed","Shadowfax","20","Re-opened","20","36","No","1","iPad","2.9.8","0"
"CMP-2023-000982","Yaar gas toh phir se leak ho gayi. Teen mahine mein teesri baar. Yeh kab tak chalega? We have a big client visit next week. Please prioritize.","2023-04-01 06:15:00","Phone","English","CUST-94032","Commercial Building Operator","Nashik","Maharashtra","Light Commercial","Cassette 42UFC","Debit Card","Yes","Approved","Blue Dart","5","Open","60","72","No","1","Laptop","5.0.0","2"
"CMP-2023-000983","Water dripping from the indoor unit directly onto our workstations. Urgent issue. Data could be damaged. Please don't just close the ticket without solving the issue.","2024-02-21 23:53:00","Dealer","English","CUST-50032","Facility Team","Patna","Bihar","Commercial","Controls i-Vu Open","Net Banking","No","Not Requested","Shadowfax","1","Resolved","240","48","No","1","Desktop","4.2.0","1"
"CMP-2023-000984","Delivery delayed by 12 days. Installation could not happen. Our inauguration date missed. Carrier responsible.","2023-01-18 01:57:00","Social Media","Hindi","CUST-27355","Retail Store","Tiruchirappalli","Tamil Nadu","Air Purifiers","Klarwind KW-300","Debit Card","No","Not Requested","Rivigo","2","Pending Parts","120","0","No","2","Windows Tablet","3.2.1","0"
"CMP-2024-000985","Indoor unit is not level. Water not draining properly because of tilt. Poor workmanship. Highly disappointed.","2024-10-08 08:31:00","Chat Support","Tamil","CUST-21318","Supermarket","Mumbai","Maharashtra","Air Purifiers","OptiClean OC-400","UPI","No","Not Requested","XpressBees","20","Re-opened","15","8","Yes","1","Android Phone","5.2.1","1"
"CMP-2023-000986","BMS controller not responding to commands. Manual override also not working. Entire floor temperature uncontrolled. This is absolutely ridiculous!!!","2025-04-04 06:35:00","Service Center","English","CUST-28972","Data Centre","Ludhiana","Punjab","Commercial","Chiller 30XW-V","RTGS","No","Not Requested","Blue Dart","15","Open","15","8","No","3","Laptop","3.1.0","6"
"CMP-2023-000987","Rattling noise from FCU started after technician visited. Did they tighten something wrongly? Under warranty. Do not charge us.","2023-09-27 14:51:00","Dealer","Hindi","CUST-89559","Facility Team","Bengaluru","Karnataka","Commercial","Chiller 30XW-V","Debit Card","No","Not Requested","Rivigo","1","Pending Customer","240","168","No","4","iPhone","3.1.0","0"
"CMP-2024-000988","Power factor of the unit is poor. Our electrical load increased significantly after Carrier system was installed. Need resolution within 24 hours.","2024-03-29 23:56:00","Dealer","English","CUST-65780","Data Centre","Guwahati","Assam","Light Commercial","Cassette 42UFS","UPI","No","Not Requested","XpressBees","0","Pending Parts","5","8","No","5","Android Phone","3.2.1","0"
"CMP-2025-000989","Installation scheduled 4 times. Cancelled 4 times by Carrier. We are a hospital. Patients are suffering. Please treat this as highest priority.","2023-08-08 16:01:00","Web Portal","English","CUST-25892","HVAC Contractor","Ghaziabad","Uttar Pradesh","Air Purifiers","OptiClean OC-800","UPI","No","Not Requested","Delhivery","12","Closed","10","720","No","2","Desktop","5.0.0","0"
"CMP-2024-000990","Service engineer came without tools. Wasted our time. Came again next day with wrong parts. Still not fixed. Under warranty. Do not charge us.","2023-08-09 20:03:00","Chat Support","English","CUST-38975","Hospital","Tiruchirappalli","Tamil Nadu","Refrigeration","Screw Compressor Rack SR-50","Credit Card","No","Not Requested","Amazon Logistics","1","Pending Parts","120","24","Yes","2","iPad","4.2.0","6"
"CMP-2025-000991","EcoAdvance controller crashing randomly. Display goes blank. Restarts after 10-15 mins. Very disruptive for our hotel operations.","2025-02-17 03:33:00","Web Portal","English","CUST-42174","Commercial Building Operator","Indore","Madhya Pradesh","Commercial","Heat Pump 30RQV","EMI","No","Not Requested","Carrier Own Fleet","30","Closed","10","240","No","2","Windows Tablet","5.0.0","0"
"CMP-2023-000992","Chat support is completely useless. Gives only scripted responses. Cannot escalate from chat. Very bad experience. Will share on social media if no action.","2025-04-30 18:30:00","Walk-in","English","CUST-20400","Restaurant Owner","Ludhiana","Punjab","Light Commercial","Cassette 42UFS","Cash","Yes","Rejected","XpressBees","15","Resolved","480","168","Yes","2","Desktop","5.1.3","1"
"CMP-2024-000993","Smell of refrigerant inside the machine room. Possible gas leak. Evacuation precaution taken. Please send certified technician.","2025-03-19 19:39:00","Service Center","English","CUST-43708","Facility Team","Thane","Maharashtra","Air Purifiers","OptiClean OC-400","Cheque","Yes","Rejected","DTDC","20","Pending Parts","60","6","Yes","1","Laptop","5.1.3","0"
"CMP-2023-000994","The unit completely stopped cooling from yesterday afternoon. We have 40+ staff sitting in 38 degree heat. This is completely unacceptable for a premium brand like Carrier. Please send someone immediately. Highly disappointed.","2023-02-08 02:48:00","Walk-in","Hinglish","CUST-72311","Hospital","Kanpur","Uttar Pradesh","Air Purifiers","Klarwind KW-300","Net Banking","No","Not Requested","Amazon Logistics","2","Escalated","60","72","Yes","2","Laptop","4.3.1","0"
"CMP-2025-000995","Compressor overheating alarm triggered 4 times today. Auto shutdown occurring every 2 hours. Entire cold storage at risk. Highly disappointed.","2023-11-04 17:00:00","Phone","English","CUST-38727","Food Processing Unit","Gurugram","Haryana","Light Commercial","Carrier VRF X Power 40VYX","EMI","No","Not Requested","FedEx","0","In Progress","120","96","No","4","Laptop","3.1.0","5"
"CMP-2023-000996","Recurring issue since installation. Always cooling problem. 4 visits, 4 temporary fixes. We want permanent solution or replacement. Under warranty. Do not charge us.","2023-05-20 01:40:00","Walk-in","Telugu","CUST-37028","Cold Storage Operator","Hubballi","Karnataka","Air Purifiers","OptiClean OC-400","Purchase Order","Yes","Pending","Shadowfax","2","Pending Customer","240","336","No","2","iPad","5.1.3","5"
"CMP-2025-000997","The compressor unit started vibrating heavily last evening. We had to shut it down manually. Need urgent repair. Please don't just close the ticket without solving the issue.","2023-12-15 10:35:00","WhatsApp","English","CUST-30803","Cold Storage Operator","Kanpur","Uttar Pradesh","Refrigeration","Inverter Condensing Unit ICU-5","UPI","No","Not Requested","Carrier Own Fleet","25","Re-opened","5","0","No","4","Windows Tablet","4.3.1","0"
"CMP-2024-000998","Waiting for spare parts for 35 days. Technician has identified fault. Parts stuck in warehouse apparently. No timeline given.","2024-04-12 15:23:00","Walk-in","English","CUST-30077","Bank Branch","Mysuru","Karnataka","Air Purifiers","Air One AO-100","Debit Card","Yes","Under Review","Delhivery","15","Escalated","10","6","No","4","Tablet","5.1.3","1"
"CMP-2025-000999","Jo technician aaya tha usse unit ke baare mein kuch pata hi nahi tha. Puri unit khol ke dekha, phir band kar gaya bina fix kiye. We have a big client visit next week. Please prioritize.","2025-03-09 10:37:00","Email","Hinglish","CUST-12456","Commercial Building Operator","Vadodara","Gujarat","Air Purifiers","OptiClean OC-800","Purchase Order","Yes","Partially Processed","Ekart","12","Escalated","30","240","Yes","2","Windows Tablet","5.0.0","0"
"CMP-2024-001000","Unit delivered without accessories. Remote, drain pipes, all missing. Had to chase dealer for 1 week. We have a big client visit next week. Please prioritize.","2024-12-11 07:19:00","Phone","English","CUST-37591","Commercial Building Operator","Raipur","Chhattisgarh","Refrigeration","Screw Compressor Rack SR-50","Debit Card","Yes","Partially Processed","Blue Dart","1","In Progress","90","24","No","1","Laptop","4.0.0","3"
"CMP-2025-001001","Refund approved by your team on email. Bank account details submitted. Still no transfer after 3 weeks. Please check. Please don't just close the ticket without solving the issue.","2024-05-27 10:25:00","Mobile App","English","CUST-39261","Facility Team","Coimbatore","Tamil Nadu","Refrigeration","Inverter Condensing Unit ICU-5","Debit Card","No","Not Requested","Rivigo","15","Pending Customer","300","24","Yes","4","iPhone","4.0.0","1"
"CMP-2025-001002","Evaporator icing up completely within 6 hours. Has to be manually defrosted. Happened every day this week. Under warranty. Do not charge us.","2024-01-06 16:06:00","SMS","English","CUST-62750","Warehouse Operator","Lucknow","Uttar Pradesh","Air Purifiers","OptiClean OC-800","Debit Card","No","Not Requested","FedEx","3","Escalated","25","24","No","4","Laptop","3.1.0","3"
"CMP-2023-001003","AMC contract signed 6 months ago. Only one service visit done so far. Quarterly service is not happening as promised. Under warranty. Do not charge us.","2025-01-07 22:15:00","Mobile App","English","CUST-82872","Commercial Building Operator","Vijayawada","Andhra Pradesh","Air Purifiers","OptiClean OC-400","RTGS","Yes","Under Review","Ekart","0","Closed","120","168","No","1","Android Phone","3.2.1","1"
"CMP-2023-001004","Installation scheduled 4 times. Cancelled 4 times by Carrier. We are a hospital. Patients are suffering. Please treat this as highest priority.","2025-02-15 03:28:00","Email","English","CUST-70294","Bank Branch","Madurai","Tamil Nadu","Air Purifiers","OptiClean OC-400","Credit Card","No","Not Requested","Rivigo","30","Resolved","480","96","No","2","Laptop","5.2.1","1"
"CMP-2023-001005","Temperature probe giving wrong readings. Actual temp -5C but display shows -20C. How can we trust this system? Highly disappointed.","2025-03-20 13:31:00","Web Portal","English","CUST-98317","Commercial Building Operator","Vijayawada","Andhra Pradesh","Refrigeration","Modular Cold Room MCR-10","Cash","Yes","Processed","Delhivery","2","Escalated","45","4","No","3","iPad","4.2.0","0"
"CMP-2023-001006","Your customer care puts me on hold for 20+ minutes and then disconnects. This has happened 5 times now. Under warranty. Do not charge us.","2024-10-12 09:39:00","Web Portal","English","CUST-63108","Restaurant Owner","Vadodara","Gujarat","Refrigeration","Supermarket Ref SMR-Island","Purchase Order","No","Not Requested","Mahindra Logistics","0","Closed","480","1","No","1","Windows Tablet","3.1.0","1"
"CMP-2025-001007","5th visit by technician. Same issue. Either the team is incompetent or they are hiding a design defect. I want a senior engineer. Please resolve on priority.","2023-12-17 05:42:00","Dealer","English","CUST-71718","Bank Branch","Visakhapatnam","Andhra Pradesh","Commercial","Fan Coil Unit FCU-200","EMI","No","Not Requested","FedEx","30","In Progress","10","8","No","2","iPhone","3.3.5","0"
"CMP-2024-001008","Commissioning not done properly. Unit was just switched on and technician left. No testing, no parameter setting.","2023-12-08 19:55:00","Mobile App","English","CUST-51742","Food Processing Unit","Visakhapatnam","Andhra Pradesh","Air Purifiers","Air One AO-200","RTGS","No","Not Requested","Ekart","3","Pending Customer","10","96","No","4","Android Phone","3.2.1","0"
"CMP-2023-001009","PCB board ordered. Was told 7-10 days delivery. Today is day 21. No update from anyone.","2023-03-01 06:35:00","SMS","Hindi","CUST-80762","Hotel","Hubballi","Karnataka","Light Commercial","Floor Standing 42NQ","Cheque","No","Not Requested","Amazon Logistics","1","Closed","240","504","Yes","4","Laptop","2.8.5","1"
"CMP-2023-001010","Cooling has been erratic since last 4 days. Some zones are ice cold, others are like a furnace. Have called support 3 times but no resolution.","2023-04-24 05:28:00","WhatsApp","Hinglish","CUST-37139","Cold Storage Operator","Mumbai","Maharashtra","Light Commercial","Cassette 42UFC","EMI","No","Not Requested","FedEx","12","Re-opened","360","2","No","5","Android Phone","4.3.1","0"
"CMP-2024-001011","The drain pan is overflowing. Unit installed 6 months ago and this is the 3rd time this is happening. Poor installation quality suspected. Third time raising this complaint.","2024-10-31 15:44:00","Phone","Hindi","CUST-64530","Retail Store","Ahmedabad","Gujarat","Refrigeration","Condensing Unit CR-5HP","Credit Card","Yes","Under Review","Rivigo","1","Pending Parts","720","2","No","4","Android Phone","5.1.3","6"
"CMP-2025-001012","Technician visited, claimed to fix the issue, unit failed again within 6 hours. What kind of service is this? Third time raising this complaint.","2024-04-23 09:06:00","Chat Support","Hinglish","CUST-20920","Cold Storage Operator","Bengaluru","Karnataka","Air Purifiers","OptiClean OC-800","UPI","No","Not Requested","XpressBees","0","Pending Parts","60","48","No","5","Android Phone","2.9.8","0"
"CMP-2025-001013","Our central AC unit stopped working last night. We are a 24x7 operations center and this is causing massive disruption. Escalate please.","2025-01-25 11:35:00","Chat Support","English","CUST-34619","Cold Storage Operator","Chandigarh","Punjab","Light Commercial","Floor Standing 42CF","Cash","Yes","Processed","Amazon Logistics","3","In Progress","90","36","Yes","1","iPhone","2.8.5","6"
"CMP-2025-001014","Controller touchscreen unresponsive. Had to manually switch off from breaker. Need replacement.","2024-07-17 22:32:00","Service Center","English","CUST-46221","Mall Operator","Mumbai","Maharashtra","Light Commercial","Ducted 40RUQ","UPI","Yes","Under Review","Ekart","1","Closed","25","72","No","1","Windows Tablet","3.2.1","0"
"CMP-2024-001015","Cold room not reaching setpoint of -18C. Best we get is -12C. Compressor running 100% time. Possible refrigerant undercharge. Highly disappointed.","2025-03-01 22:45:00","Walk-in","English","CUST-13407","Retail Store","Gurugram","Haryana","Commercial","Chiller 30XW-V","Credit Card","Yes","Approved","Rivigo","7","Escalated","10","720","No","5","Tablet","2.8.5","0"
"CMP-2025-001016","This is the 6th breakdown in 8 months. Every time technician comes, 'fixes' it, and within 2 weeks same problem returns. ENOUGH. Under warranty. Do not charge us.","2024-12-17 00:12:00","Email","English","CUST-63845","Mall Operator","Aurangabad","Maharashtra","Commercial","Chiller 30XW-V","Debit Card","No","Not Requested","Amazon Logistics","25","Open","90","4","No","4","Tablet","4.0.0","2"
"CMP-2025-001017","Unit consuming 40% more power than rated. Energy meter data shared with your team. No action taken. We have a big client visit next week. Please prioritize.","2024-04-13 14:55:00","SMS","English","CUST-17948","Supermarket","Faridabad","Haryana","Air Purifiers","Klarwind KW-300","NEFT","Yes","Partially Processed","Shadowfax","0","Escalated","120","4","No","2","iPad","4.0.0","0"
"CMP-2023-001018","Technician was very rude on phone. We are a paying customer. This behavior is not acceptable.","2025-03-09 00:19:00","Social Media","English","CUST-79904","Warehouse Operator","Raipur","Chhattisgarh","Air Purifiers","OptiClean OC-800","Cash","No","Not Requested","Ekart","1","In Progress","120","168","Yes","4","iPad","4.1.2","1"
"CMP-2024-001019","Our screw compressor rack is showing abnormal discharge pressure. Suction is fine. Need expert diagnosis ASAP.","2023-04-21 01:30:00","Chat Support","Hinglish","CUST-61407","Maintenance Manager","Aurangabad","Maharashtra","Air Purifiers","Air One AO-100","RTGS","No","Not Requested","Carrier Own Fleet","0","Resolved","480","720","No","1","iPhone","3.3.5","6"
"CMP-2025-001020","Recurring issue since installation. Always cooling problem. 4 visits, 4 temporary fixes. We want permanent solution or replacement. Need resolution within 24 hours.","2023-09-22 21:24:00","Social Media","English","CUST-64638","Supermarket","Varanasi","Uttar Pradesh","Refrigeration","Supermarket Ref SMR-Island","Purchase Order","No","Not Requested","Shadowfax","3","Pending Parts","10","24","Yes","2","Laptop","5.1.3","0"
"CMP-2023-001021","Support agent was dismissive and rude. Did not let me complete my complaint. Terrible customer experience. Highly disappointed.","2024-08-06 18:57:00","Dealer","English","CUST-59315","Restaurant Owner","Allahabad","Uttar Pradesh","Refrigeration","Evaporator Unit EU-5000","Net Banking","No","Not Requested","Mahindra Logistics","0","In Progress","8","336","No","3","Desktop","3.2.1","1"
"CMP-2025-001022","Chat support is completely useless. Gives only scripted responses. Cannot escalate from chat. Very bad experience. Please resolve on priority.","2023-08-26 06:43:00","Web Portal","English","CUST-28756","Industrial Facility","Guwahati","Assam","Light Commercial","Carrier VRF X Power 38VYX","NEFT","No","Not Requested","Blue Dart","25","Open","120","168","Yes","4","Windows Tablet","4.0.0","0"
"CMP-2024-001023","Support team gave me wrong information. Said parts available, technician confirmed they are not. Someone is lying. 😡 Very frustrated.","2023-04-03 04:32:00","Walk-in","English","CUST-73228","Warehouse Operator","Bengaluru","Karnataka","Refrigeration","Inverter Condensing Unit ICU-5","NEFT","No","Not Requested","Rivigo","15","Closed","720","504","No","4","iPhone","3.2.1","0"
"CMP-2025-001024","Refrigerant pipes run visibly through office wall without proper ducting. Installation is ugly and not as agreed.","2023-11-28 07:28:00","Dealer","Kannada","CUST-49673","Hospital","Nashik","Maharashtra","Air Purifiers","Klarwind KW-500","Cash","No","Not Requested","FedEx","2","Re-opened","720","168","Yes","2","Android Phone","4.0.0","1"
"CMP-2023-001025","Condensate drain is blocked. Water overflowing inside the unit and dropping on floor. Health hazard. Third time raising this complaint.","2023-08-02 18:49:00","Chat Support","Hindi","CUST-27264","Educational Institution","Navi Mumbai","Maharashtra","Refrigeration","Condensing Unit CR-5HP","EMI","No","Not Requested","Ekart","0","Closed","60","12","No","4","Tablet","4.2.0","0"
"CMP-2023-001026","This is the 6th breakdown in 8 months. Every time technician comes, 'fixes' it, and within 2 weeks same problem returns. ENOUGH. Escalating to consumer forum if not resolved by tomorrow.","2023-07-19 05:34:00","Social Media","Hinglish","CUST-10868","IT Park","Mumbai","Maharashtra","Commercial","Chiller AquaEdge 19DV","Debit Card","No","Not Requested","Blue Dart","3","Re-opened","60","96","No","1","iPhone","3.1.0","1"
"CMP-2025-001027","App pe temperature change karte hain toh unit nahi sunta. 5 minute baad update hota hai. Itni delay kyun? We have a big client visit next week. Please prioritize.","2023-10-10 16:31:00","Chat Support","English","CUST-96317","Office Admin","Chennai","Tamil Nadu","Air Purifiers","Air One AO-200","Cheque","No","Not Requested","Mahindra Logistics","15","Open","30","6","No","2","Laptop","2.8.5","1"
"CMP-2024-001028","Refund approved by your team on email. Bank account details submitted. Still no transfer after 3 weeks. Please check. Highly disappointed.","2023-07-26 00:36:00","Walk-in","Hinglish","CUST-74672","Hospital","Bhopal","Madhya Pradesh","Light Commercial","Floor Standing 42CF","EMI","No","Not Requested","XpressBees","0","Pending Parts","8","4","No","4","Desktop","5.0.0","1"
"CMP-2023-001029","Scheduling feature on the controller stopped working after firmware update. Timings are not being followed. Please don't just close the ticket without solving the issue.","2023-01-08 03:23:00","Email","Tamil","CUST-24006","Bank Branch","Varanasi","Uttar Pradesh","Refrigeration","Evaporator Unit EU-5000","Cash","No","Not Requested","Delhivery","0","Resolved","120","4","Yes","2","Android Phone","3.2.1","2"
"CMP-2023-001030","PCB board ordered. Was told 7-10 days delivery. Today is day 21. No update from anyone. Highly disappointed.","2025-02-11 15:37:00","Walk-in","Hinglish","CUST-31171","Bank Branch","Ahmedabad","Gujarat","Air Purifiers","OptiClean OC-400","RTGS","Yes","Pending","DTDC","30","Escalated","60","48","No","1","Android Phone","4.1.2","1"
"CMP-2023-001031","Emergency call under AMC. Was told 'our team will come today'. No one came. Called again next day. Same promise. Third day still waiting. Escalating to consumer forum if not resolved by tomorrow.","2024-08-19 13:10:00","Dealer","English","CUST-55328","Data Centre","Kolkata","West Bengal","Light Commercial","Cassette 42UFS","Net Banking","Yes","Partially Processed","Shadowfax","0","Re-opened","30","24","No","1","Laptop","3.3.5","2"
"CMP-2024-001032","Installation team came, looked at the site, and left saying they need special equipment. No one has returned since. 10 days now. We have a big client visit next week. Please prioritize.","2024-01-06 15:07:00","Walk-in","English","CUST-50289","Restaurant Owner","Ghaziabad","Uttar Pradesh","Commercial","Fan Coil Unit FCU-200","Purchase Order","No","Not Requested","Blue Dart","7","Closed","720","24","Yes","4","iPhone","4.1.2","0"
"CMP-2025-001033","Unit delivered with dents on the casing. Outer packaging also damaged. Looks like it was mishandled during transit. Complaint ID from last time: 00940916","2024-05-09 07:30:00","Dealer","English","CUST-47746","Retail Store","Meerut","Uttar Pradesh","Refrigeration","Supermarket Ref SMR-Island","Net Banking","No","Not Requested","Carrier Own Fleet","10","Resolved","8","36","No","1","iPhone","3.1.0","0"
"CMP-2025-001034","Refund pending since 3 weeks. Very disappointing experience. Will not recommend Carrier to anyone. Please don't just close the ticket without solving the issue.","2023-07-08 05:25:00","Mobile App","English","CUST-43898","IT Park","Agra","Uttar Pradesh","Refrigeration","Evaporator Unit EU-5000","Credit Card","Yes","Partially Processed","DTDC","1","Closed","15","48","No","3","iPhone","4.2.0","0"
"CMP-2025-001035","Partial refund received but deducted 20% without any explanation. No one is telling me why. I want full refund. Third time raising this complaint.","2024-12-01 13:58:00","Service Center","Hinglish","CUST-20802","Commercial Building Operator","Bhopal","Madhya Pradesh","Commercial","Fan Coil Unit FCU-200","Net Banking","No","Not Requested","Delhivery","12","Re-opened","20","36","No","4","Android Phone","3.1.0","1"
"CMP-2023-001036","Nobody from service team is responding. Emails bouncing. Phone numbers not working. Is Carrier shutting down?","2024-10-22 09:19:00","WhatsApp","English","CUST-75960","IT Park","Bhopal","Madhya Pradesh","Air Purifiers","Air One AO-100","NEFT","No","Not Requested","Blue Dart","12","Resolved","5","36","Yes","1","Tablet","5.0.0","1"
"CMP-2025-001037","Compressor seized. Cold room temperature rising. We have Rs 15 lakh worth of pharmaceutical stock inside. URGENT. Escalating to consumer forum if not resolved by tomorrow.","2024-12-01 18:25:00","Chat Support","English","CUST-46330","Facility Team","Indore","Madhya Pradesh","Light Commercial","Carrier VRF X Power 40VYX","Net Banking","No","Not Requested","Mahindra Logistics","2","Escalated","90","336","No","3","iPad","5.1.3","0"
"CMP-2023-001038","Technician visited, claimed to fix the issue, unit failed again within 6 hours. What kind of service is this? Escalating to consumer forum if not resolved by tomorrow.","2024-03-09 09:06:00","WhatsApp","English","CUST-48419","IT Park","Visakhapatnam","Andhra Pradesh","Commercial","Controls i-Vu Open","RTGS","No","Not Requested","Mahindra Logistics","3","Open","30","36","No","1","Desktop","3.2.1","6"
"CMP-2023-001039","i-Vu controller shows error 'Communication Lost' since last night. Unable to control any zone from central panel. Will share on social media if no action.","2024-07-01 15:03:00","Chat Support","English","CUST-93106","Warehouse Operator","Coimbatore","Tamil Nadu","Light Commercial","Ducted 40MAQ","NEFT","Yes","Processed","Amazon Logistics","0","In Progress","1440","48","No","5","iPad","4.2.0","0"
"CMP-2023-001040","Unit consuming 40% more power than rated. Energy meter data shared with your team. No action taken. Complaint ID from last time: 80781913","2023-01-22 11:45:00","Web Portal","Tamil","CUST-50640","Data Centre","Visakhapatnam","Andhra Pradesh","Commercial","Controls EcoAdvance","Debit Card","Yes","Partially Processed","Mahindra Logistics","15","Pending Customer","360","6","No","2","iPad","4.0.0","1"
"CMP-2025-001041","Commissioning not done properly. Unit was just switched on and technician left. No testing, no parameter setting.","2023-03-18 21:42:00","Social Media","Hindi","CUST-57799","Pharma Company","Bhopal","Madhya Pradesh","Air Purifiers","Klarwind KW-300","Credit Card","Yes","Processed","FedEx","0","Pending Customer","8","72","No","1","Desktop","2.9.8","2"
"CMP-2025-001042","Temperature in storage went to 12C during night without any alarm. Dairy products spoiled. Need investigation. Third time raising this complaint.","2023-01-25 16:02:00","Chat Support","English","CUST-24326","Warehouse Operator","Kolkata","West Bengal","Air Purifiers","Air One AO-200","Debit Card","Yes","Partially Processed","Ekart","2","Re-opened","120","0","Yes","3","Tablet","3.2.1","2"
"CMP-2025-001043","Installation was scheduled for 3rd May. Today is 12th May. No one has come. No call. No update. Is this how Carrier treats commercial customers? Third time raising this complaint.","2024-06-04 15:45:00","Social Media","Tamil","CUST-56178","Office Admin","Ghaziabad","Uttar Pradesh","Air Purifiers","Air One AO-200","Purchase Order","Yes","Rejected","XpressBees","0","Pending Parts","90","168","No","4","Tablet","3.3.5","6"
"CMP-2024-001044","Login OTP not coming. Tried 3 times. Customer care line is always busy. App is useless.","2024-11-20 21:55:00","Mobile App","English","CUST-30229","Industrial Facility","Amritsar","Punjab","Light Commercial","Carrier VRF X Power 40VYX","Cheque","Yes","Pending","Mahindra Logistics","1","Escalated","20","168","No","1","Tablet","4.0.0","0"
"CMP-2024-001045","Chat support is completely useless. Gives only scripted responses. Cannot escalate from chat. Very bad experience. 😡 Very frustrated.","2024-09-14 17:13:00","Dealer","English","CUST-20411","HVAC Contractor","Faridabad","Haryana","Refrigeration","Inverter Condensing Unit ICU-5","Purchase Order","Yes","Processed","FedEx","1","Pending Parts","300","120","Yes","4","Desktop","5.0.0","0"
"CMP-2023-001046","Delivery delayed by 12 days. Installation could not happen. Our inauguration date missed. Carrier responsible. 😡 Very frustrated.","2023-09-12 02:32:00","Email","Hindi","CUST-95959","Food Processing Unit","Indore","Madhya Pradesh","Light Commercial","Cassette 42UFC","Credit Card","No","Not Requested","Carrier Own Fleet","1","Pending Customer","240","96","No","3","iPhone","5.0.0","0"
"CMP-2024-001047","Technician visited, claimed to fix the issue, unit failed again within 6 hours. What kind of service is this? Please resolve on priority.","2024-03-01 03:23:00","Mobile App","Hinglish","CUST-72978","Hospital","Mumbai","Maharashtra","Commercial","Fan Coil Unit FCU-200","NEFT","No","Not Requested","Blue Dart","2","Pending Customer","120","72","No","4","Android Phone","2.8.5","0"
"CMP-2024-001048","Rattling noise from FCU started after technician visited. Did they tighten something wrongly? Under warranty. Do not charge us.","2024-02-16 20:29:00","Web Portal","Hinglish","CUST-76846","IT Park","Jaipur","Rajasthan","Air Purifiers","Air One AO-200","Debit Card","No","Not Requested","Ekart","0","Escalated","60","72","No","3","iPhone","2.8.5","0"
"CMP-2023-001049","Cooling inconsistent since installation 3 months ago. Raised ticket twice before. Still same issue. Escalating to consumer forum if not resolved by tomorrow.","2023-01-19 15:44:00","Mobile App","English","CUST-67367","Bank Branch","Jodhpur","Rajasthan","Refrigeration","Inverter Condensing Unit ICU-10","NEFT","No","Not Requested","FedEx","2","Re-opened","15","24","No","2","Tablet","2.9.8","6"
"CMP-2023-001050","Controller touchscreen unresponsive. Had to manually switch off from breaker. Need replacement. Escalating to consumer forum if not resolved by tomorrow.","2023-02-08 04:14:00","Mobile App","English","CUST-58795","Cold Storage Operator","Gurugram","Haryana","Refrigeration","Screw Compressor Rack SR-50","Debit Card","No","Not Requested","Carrier Own Fleet","0","Pending Customer","480","720","No","1","iPad","4.1.2","0"
"CMP-2025-001051","Outdoor unit installed at wrong orientation. Drainage blocked. Technician confirmed faulty installation but blaming us.","2023-07-04 06:37:00","WhatsApp","Hinglish","CUST-79101","Educational Institution","Kochi","Kerala","Air Purifiers","Air One AO-200","Purchase Order","Yes","Under Review","Rivigo","25","Escalated","240","4","No","2","Laptop","4.3.1","4"
"CMP-2025-001052","Strange whistling sound from indoor unit. Happens when set below 22C. Very irritating during meetings. This is absolutely ridiculous!!!","2024-07-03 17:53:00","Dealer","English","CUST-19240","Restaurant Owner","Amritsar","Punjab","Light Commercial","Floor Standing 42NQ","Debit Card","Yes","Rejected","Blue Dart","7","In Progress","120","6","Yes","1","Windows Tablet","3.3.5","6"
"CMP-2025-001053","Due to cold room failure, Rs 8 lakh worth of vegetables spoiled overnight. Who will compensate? Unit is under AMC.","2023-01-26 08:29:00","Phone","Hinglish","CUST-84430","Hotel","Ahmedabad","Gujarat","Light Commercial","Carrier VRF X Power 40VYX","Cheque","No","Not Requested","XpressBees","2","Closed","20","504","No","4","Tablet","2.8.5","1"
"CMP-2024-001054","Smell of refrigerant inside the machine room. Possible gas leak. Evacuation precaution taken. Please send certified technician.","2023-04-24 17:40:00","Phone","English","CUST-11272","Facility Team","Kolkata","West Bengal","Light Commercial","Ducted 40MAQ","RTGS","No","Not Requested","DTDC","0","Open","60","72","No","1","Tablet","4.2.0","0"
"CMP-2023-001055","Same fault code keeps returning every 3-4 weeks. Error E07. Capacitor changed, still same. Something else is the root cause. Highly disappointed.","2023-03-12 00:12:00","Phone","English","CUST-56358","Cold Storage Operator","Coimbatore","Tamil Nadu","Air Purifiers","Air One AO-200","Net Banking","No","Not Requested","Mahindra Logistics","15","Re-opened","2880","48","No","1","Laptop","5.2.1","2"
"CMP-2023-001056","Technician was very rude on phone. We are a paying customer. This behavior is not acceptable.","2024-09-10 07:15:00","Chat Support","English","CUST-39983","Cold Storage Operator","Gurugram","Haryana","Air Purifiers","Klarwind KW-500","Net Banking","No","Not Requested","FedEx","12","In Progress","5","168","Yes","3","iPhone","4.3.1","1"
"CMP-2024-001057","Technician visited, claimed to fix the issue, unit failed again within 6 hours. What kind of service is this?","2023-01-28 17:38:00","Dealer","Hindi","CUST-53553","Maintenance Manager","Rajkot","Gujarat","Commercial","Fan Coil Unit FCU-200","RTGS","No","Not Requested","FedEx","0","Pending Parts","60","1","Yes","4","Laptop","4.1.2","0"
"CMP-2024-001058","AMC contact number is always busy. Emails are not replied. How are we supposed to raise service requests? This is absolutely ridiculous!!!","2024-06-13 02:29:00","Email","Hindi","CUST-42303","Cold Storage Operator","Ahmedabad","Gujarat","Commercial","Air Handler AHU-3000","Cash","No","Not Requested","Blue Dart","0","Re-opened","360","36","No","2","Desktop","2.9.8","3"
"CMP-2025-001059","We paid full amount in advance for installation. 3 weeks passed, no installation team. This is beyond frustrating. Third time raising this complaint.","2023-02-23 01:17:00","Chat Support","English","CUST-32311","Office Admin","Coimbatore","Tamil Nadu","Air Purifiers","Air One AO-100","Debit Card","Yes","Rejected","Shadowfax","30","Re-opened","45","36","No","3","Windows Tablet","2.8.5","0"
"CMP-2024-001060","I am a loyal Carrier customer since 2015. Never faced such repeated breakdowns. Something is wrong with this new model batch. Highly disappointed.","2025-01-14 07:23:00","Web Portal","English","CUST-17261","Maintenance Manager","Guwahati","Assam","Light Commercial","Floor Standing 42CF","Cheque","Yes","Approved","FedEx","1","Re-opened","5","336","No","2","Laptop","4.0.0","3"
"CMP-2024-001061","Controller touchscreen unresponsive. Had to manually switch off from breaker. Need replacement. Will share on social media if no action.","2024-11-08 07:53:00","Chat Support","English","CUST-72804","Cold Storage Operator","Jabalpur","Madhya Pradesh","Refrigeration","Supermarket Ref SMR-MultiDeck","Debit Card","Yes","Partially Processed","DTDC","7","Closed","1440","24","No","2","iPad","5.0.0","6"
"CMP-2024-001062","Compressor seized. Cold room temperature rising. We have Rs 15 lakh worth of pharmaceutical stock inside. URGENT. Please don't just close the ticket without solving the issue.","2024-09-14 04:07:00","Phone","English","CUST-27858","Facility Team","Delhi","Delhi","Refrigeration","Supermarket Ref SMR-Island","Purchase Order","No","Not Requested","Shadowfax","5","Pending Customer","30","48","No","4","Laptop","4.0.0","2"
"CMP-2025-001063","Chat support is completely useless. Gives only scripted responses. Cannot escalate from chat. Very bad experience. Escalating to consumer forum if not resolved by tomorrow.","2023-09-14 21:08:00","Service Center","Hindi","CUST-22983","Educational Institution","Meerut","Uttar Pradesh","Refrigeration","Supermarket Ref SMR-Island","Purchase Order","No","Not Requested","Carrier Own Fleet","15","Resolved","2880","24","Yes","4","Android Phone","2.9.8","1"
"CMP-2024-001064","Compressor making very loud knocking sound since morning. Afraid it might fail completely. Please send technician. Third time raising this complaint.","2023-03-14 18:29:00","Web Portal","Hinglish","CUST-43806","HVAC Contractor","Bhubaneswar","Odisha","Commercial","Fan Coil Unit FCU-200","Debit Card","No","Not Requested","Blue Dart","0","Resolved","5","24","Yes","4","Windows Tablet","4.3.1","0"
"CMP-2025-001065","Spare part availability is very poor for older models. Our unit is only 4 years old and parts are already out of stock?? Need resolution within 24 hours.","2023-05-08 15:43:00","Service Center","Hindi","CUST-42114","Pharma Company","Nashik","Maharashtra","Air Purifiers","OptiClean OC-800","Cheque","Yes","Under Review","Delhivery","2","In Progress","30","0","Yes","2","iPhone","3.1.0","0"
"CMP-2023-001066","Yaar gas toh phir se leak ho gayi. Teen mahine mein teesri baar. Yeh kab tak chalega?","2023-07-14 13:16:00","Phone","Hindi","CUST-92285","Pharma Company","Kota","Rajasthan","Light Commercial","Floor Standing 42CF","EMI","No","Not Requested","Carrier Own Fleet","0","Pending Parts","240","336","No","4","Android Phone","4.0.0","1"
"CMP-2023-001067","This is the 6th breakdown in 8 months. Every time technician comes, 'fixes' it, and within 2 weeks same problem returns. ENOUGH. Please don't just close the ticket without solving the issue.","2023-04-15 05:24:00","Chat Support","English","CUST-70436","Bank Branch","Visakhapatnam","Andhra Pradesh","Air Purifiers","Klarwind KW-300","Net Banking","Yes","Approved","Shadowfax","30","Closed","45","72","No","3","Desktop","4.0.0","0"
"CMP-2025-001068","Spare part availability is very poor for older models. Our unit is only 4 years old and parts are already out of stock?? Third time raising this complaint.","2023-09-21 00:38:00","Social Media","English","CUST-52005","Educational Institution","Allahabad","Uttar Pradesh","Refrigeration","Modular Cold Room MCR-25","RTGS","Yes","Partially Processed","Carrier Own Fleet","0","Pending Parts","15","12","No","2","Tablet","5.0.0","0"
"CMP-2023-001069","Temperature probe giving wrong readings. Actual temp -5C but display shows -20C. How can we trust this system?","2024-02-27 05:56:00","Dealer","English","CUST-12947","Industrial Facility","Lucknow","Uttar Pradesh","Light Commercial","Carrier VRF X Power 40VYX","EMI","Yes","Pending","Rivigo","0","Resolved","2880","96","No","1","Tablet","2.9.8","0"
"CMP-2024-001070","Technician suggested we buy a new unit. But this unit is only 14 months old!! Under warranty. Will escalate legally if needed. Complaint ID from last time: 79395795","2023-03-11 18:41:00","WhatsApp","English","CUST-69171","HVAC Contractor","Mysuru","Karnataka","Commercial","Air Handler AHU-5000","Debit Card","No","Not Requested","XpressBees","5","Pending Parts","300","1","No","3","Laptop","3.3.5","5"
"CMP-2024-001071","Indoor unit is not level. Water not draining properly because of tilt. Poor workmanship. Highly disappointed.","2023-08-01 00:50:00","Email","Hinglish","CUST-15631","Commercial Building Operator","Meerut","Uttar Pradesh","Light Commercial","Cassette 42UFC","EMI","No","Not Requested","Delhivery","3","Closed","5","0","No","3","Laptop","4.0.0","1"
"CMP-2023-001072","Our screw compressor rack is showing abnormal discharge pressure. Suction is fine. Need expert diagnosis ASAP. Complaint ID from last time: 88312736","2025-02-19 09:34:00","Walk-in","English","CUST-34103","Supermarket","Navi Mumbai","Maharashtra","Light Commercial","Cassette 42UFC","Debit Card","No","Not Requested","Mahindra Logistics","0","Closed","15","0","No","4","iPad","2.8.5","0"
"CMP-2024-001073","App update 5.1.3 broke everything. Before update all features worked fine. Please rollback or fix. Will share on social media if no action.","2023-12-28 10:05:00","SMS","Tamil","CUST-12553","Supermarket","Nashik","Maharashtra","Commercial","Air Handler AHU-3000","EMI","Yes","Under Review","Amazon Logistics","2","Closed","15","8","No","2","iPhone","4.0.0","0"
"CMP-2023-001074","Our factory expansion was delayed because Carrier could not install the HVAC on time. We are losing lakhs daily. Where is the accountability? Need resolution within 24 hours.","2023-08-25 00:45:00","Web Portal","Hindi","CUST-45614","Hospital","Tirupur","Tamil Nadu","Air Purifiers","Klarwind KW-300","Cash","Yes","Approved","Shadowfax","1","Pending Parts","30","720","No","4","Android Phone","2.9.8","0"
"CMP-2024-001075","Freezer unit stopped working last night. Fish stock worth Rs 3 lakh completely spoiled. Carrier will be held responsible.","2023-09-12 06:54:00","Email","English","CUST-58996","HVAC Contractor","Visakhapatnam","Andhra Pradesh","Commercial","Air Handler AHU-3000","Cheque","Yes","Processed","FedEx","10","Re-opened","5","1","No","4","Desktop","4.1.2","4"
"CMP-2025-001076","Cooling has been erratic since last 4 days. Some zones are ice cold, others are like a furnace. Have called support 3 times but no resolution. Please resolve on priority.","2024-06-12 00:37:00","WhatsApp","English","CUST-22568","Hotel","Ludhiana","Punjab","Commercial","Chiller AquaEdge 19DV","Credit Card","No","Not Requested","Shadowfax","30","Pending Parts","12","24","Yes","4","iPad","3.3.5","4"
"CMP-2024-001077","App pe temperature change karte hain toh unit nahi sunta. 5 minute baad update hota hai. Itni delay kyun? Highly disappointed.","2024-04-11 20:28:00","SMS","English","CUST-40803","Commercial Building Operator","Coimbatore","Tamil Nadu","Commercial","Chiller 30XW-V","Cash","No","Not Requested","Delhivery","15","Escalated","2880","120","Yes","2","Android Phone","3.2.1","4"
"CMP-2023-001078","Power factor of the unit is poor. Our electrical load increased significantly after Carrier system was installed. Please resolve on priority.","2024-02-16 01:14:00","Phone","English","CUST-46223","Educational Institution","Raipur","Chhattisgarh","Commercial","Fan Coil Unit FCU-400","Credit Card","Yes","Rejected","Rivigo","1","Open","15","720","No","2","iPad","5.1.3","0"
"CMP-2023-001079","Vibration from the compressor unit is shaking the entire wall. Noise level measured at 78 dB. Far above spec. Please resolve on priority.","2023-02-16 10:47:00","Walk-in","Hinglish","CUST-63315","Food Processing Unit","Vadodara","Gujarat","Refrigeration","Screw Compressor Rack SR-50","Purchase Order","No","Not Requested","DTDC","1","Escalated","60","336","Yes","4","iPhone","3.1.0","3"
"CMP-2024-001080","AMC coverage says parts are included but technician is asking us to pay for capacitor. Conflict with contract terms. Complaint ID from last time: 27451160","2024-06-27 18:29:00","Email","Telugu","CUST-24290","Commercial Building Operator","Tiruchirappalli","Tamil Nadu","Light Commercial","Ducted 40MAQ","Debit Card","No","Not Requested","Ekart","25","Pending Parts","8","1","Yes","3","Desktop","5.0.0","0"
"CMP-2025-001081","AC gas leaking. Technician came 10 days ago and topped up. Same problem again. Are they not fixing root cause?? This is absolutely ridiculous!!!","2024-02-04 03:47:00","Phone","Telugu","CUST-42298","Bank Branch","Kota","Rajasthan","Refrigeration","Evaporator Unit EU-5000","Purchase Order","No","Not Requested","Mahindra Logistics","1","Pending Customer","15","168","Yes","3","iPhone","5.1.3","0"
"CMP-2025-001082","PCB board ordered. Was told 7-10 days delivery. Today is day 21. No update from anyone.","2024-07-13 08:49:00","Web Portal","Hinglish","CUST-71264","Cold Storage Operator","Hubballi","Karnataka","Light Commercial","Cassette 42UFC","Purchase Order","Yes","Partially Processed","Blue Dart","0","Escalated","360","720","No","1","Tablet","2.9.8","3"
"CMP-2024-001083","High electricity consumption despite energy saving mode being on. Something is wrong with the inverter control. Please resolve on priority.","2025-01-31 13:08:00","Dealer","Hindi","CUST-55004","Maintenance Manager","Madurai","Tamil Nadu","Light Commercial","Carrier VRF X Power 38VYX","Cash","Yes","Under Review","DTDC","25","Open","60","48","No","4","Tablet","2.8.5","0"
"CMP-2023-001084","Nobody from service team is responding. Emails bouncing. Phone numbers not working. Is Carrier shutting down? Need resolution within 24 hours.","2023-11-18 14:32:00","Web Portal","Hindi","CUST-75126","Facility Team","Rajkot","Gujarat","Commercial","Heat Pump 30RQV","Cash","No","Not Requested","Amazon Logistics","5","Closed","10","2","No","3","Android Phone","5.0.0","0"
"CMP-2025-001085","AMC coverage says parts are included but technician is asking us to pay for capacitor. Conflict with contract terms. Highly disappointed.","2024-02-02 18:10:00","WhatsApp","English","CUST-35869","Mall Operator","Vadodara","Gujarat","Air Purifiers","Klarwind KW-500","UPI","No","Not Requested","FedEx","15","Resolved","720","96","No","1","Windows Tablet","3.3.5","2"
"CMP-2023-001086","Controller mein kuch bhi set karo, unit apna mann se kaam karta hai. Kya issue hai?","2023-10-19 19:28:00","WhatsApp","English","CUST-87887","Warehouse Operator","Nagpur","Maharashtra","Light Commercial","Ducted 40MAQ","UPI","Yes","Processed","Mahindra Logistics","0","Closed","240","48","No","1","Tablet","4.0.0","5"
"CMP-2024-001087","Evaporator icing up completely within 6 hours. Has to be manually defrosted. Happened every day this week. This is absolutely ridiculous!!!","2023-03-17 06:26:00","Mobile App","English","CUST-57245","Bank Branch","Coimbatore","Tamil Nadu","Refrigeration","Screw Compressor Rack SR-20","Debit Card","No","Not Requested","DTDC","2","Escalated","10","48","Yes","2","Laptop","2.8.5","0"
"CMP-2024-001088","Electricity bill doubled after installation of new Carrier unit. Star rating says 5-star but consumption is huge.","2024-01-09 12:18:00","Mobile App","English","CUST-83067","Commercial Building Operator","Bhopal","Madhya Pradesh","Commercial","Chiller 30XW-V","RTGS","Yes","Rejected","Carrier Own Fleet","15","Open","15","240","No","4","Laptop","3.1.0","0"
"CMP-2024-001089","Product registered on your portal. Warranty active. But system is still asking us to pay for repair. Frustrated with this process.","2023-09-27 21:52:00","Dealer","English","CUST-13831","Mall Operator","Kanpur","Uttar Pradesh","Light Commercial","Floor Standing 42CF","Purchase Order","No","Not Requested","XpressBees","2","Pending Parts","1440","1","No","2","iPhone","3.1.0","1"
"CMP-2024-001090","Electricity bill doubled after installation of new Carrier unit. Star rating says 5-star but consumption is huge.","2023-12-15 21:06:00","WhatsApp","English","CUST-17316","Industrial Facility","Raipur","Chhattisgarh","Light Commercial","Carrier VRF X Power 38VYX","NEFT","No","Not Requested","Blue Dart","0","Pending Parts","2880","504","No","2","Laptop","3.3.5","0"
"CMP-2025-001091","Outdoor unit installed at wrong orientation. Drainage blocked. Technician confirmed faulty installation but blaming us.","2023-04-26 00:54:00","Walk-in","English","CUST-13262","IT Park","Kolkata","West Bengal","Light Commercial","Ducted 40MAQ","Cheque","Yes","Pending","Rivigo","2","Resolved","480","36","No","1","Laptop","5.2.1","2"
"CMP-2023-001092","AMC contract signed 6 months ago. Only one service visit done so far. Quarterly service is not happening as promised. Please don't just close the ticket without solving the issue.","2025-03-19 05:57:00","Social Media","English","CUST-18144","Cold Storage Operator","Nagpur","Maharashtra","Light Commercial","Ducted 40MAQ","EMI","No","Not Requested","Blue Dart","0","Resolved","240","720","Yes","1","Desktop","4.1.2","0"
"CMP-2025-001093","Delivery delayed by 12 days. Installation could not happen. Our inauguration date missed. Carrier responsible. Third time raising this complaint.","2025-04-18 22:52:00","Email","Hindi","CUST-65913","HVAC Contractor","Aurangabad","Maharashtra","Light Commercial","Carrier VRF X Power 38VYX","RTGS","No","Not Requested","Carrier Own Fleet","0","Escalated","300","0","No","4","Laptop","5.0.0","2"
"CMP-2025-001094","Requested refund on 3rd April. Today is 14th May. Still no credit to my account. Nobody is answering properly. Please don't just close the ticket without solving the issue.","2025-03-05 01:27:00","Phone","English","CUST-90585","Mall Operator","Howrah","West Bengal","Refrigeration","Condensing Unit CR-5HP","EMI","Yes","Approved","FedEx","1","Open","60","48","No","3","iPad","3.3.5","6"
"CMP-2025-001095","Gas leakage from the indoor unit. There is an oily stain near copper pipe joints. Very concerning.","2024-10-22 16:27:00","Email","English","CUST-60750","Cold Storage Operator","Chandigarh","Punjab","Commercial","Fan Coil Unit FCU-400","Debit Card","No","Not Requested","XpressBees","25","Pending Parts","60","504","No","5","iPad","4.2.0","0"
"CMP-2023-001096","AMC contact number is always busy. Emails are not replied. How are we supposed to raise service requests? Escalating to consumer forum if not resolved by tomorrow.","2024-01-18 21:43:00","Mobile App","English","CUST-62285","Supermarket","Kolkata","West Bengal","Commercial","Controls i-Vu Open","NEFT","No","Not Requested","Blue Dart","1","Re-opened","5","168","Yes","2","Android Phone","5.2.1","0"
"CMP-2025-001097","Because of your equipment failure, our restaurant had to shut for 2 days. Loss of business and spoiled inventory. This is unacceptable. Under warranty. Do not charge us.","2025-04-26 09:03:00","Mobile App","English","CUST-39482","Pharma Company","Jabalpur","Madhya Pradesh","Air Purifiers","OptiClean OC-800","Cash","No","Not Requested","FedEx","0","Resolved","5","72","No","1","Windows Tablet","3.1.0","4"
"CMP-2023-001098","Smell of refrigerant inside the machine room. Possible gas leak. Evacuation precaution taken. Please send certified technician. Complaint ID from last time: 90070178","2023-01-29 23:11:00","Email","English","CUST-16300","Hospital","Ludhiana","Punjab","Air Purifiers","OptiClean OC-400","Cash","No","Not Requested","XpressBees","7","Resolved","8","4","Yes","2","Tablet","5.0.0","5"
"CMP-2025-001099","Chat support is completely useless. Gives only scripted responses. Cannot escalate from chat. Very bad experience. Please don't just close the ticket without solving the issue.","2025-02-05 09:16:00","WhatsApp","English","CUST-29837","Cold Storage Operator","Tiruchirappalli","Tamil Nadu","Air Purifiers","OptiClean OC-800","Net Banking","Yes","Rejected","DTDC","25","Closed","12","120","No","3","Laptop","4.1.2","0"
"CMP-2025-001100","Cold room temperature fluctuating between -2C and +8C. We store frozen products. This is a serious food safety risk. Please don't just close the ticket without solving the issue.","2024-01-24 17:07:00","SMS","English","CUST-10628","Mall Operator","Vadodara","Gujarat","Air Purifiers","Air One AO-200","Debit Card","No","Not Requested","Amazon Logistics","0","Pending Customer","480","72","Yes","1","Tablet","5.1.3","0"
"CMP-2024-001101","Refund rejected saying 'product opened'. But your own technician opened it during inspection! This is fraud. Please resolve on priority.","2023-10-18 23:02:00","SMS","English","CUST-68223","HVAC Contractor","Visakhapatnam","Andhra Pradesh","Air Purifiers","Klarwind KW-500","Purchase Order","No","Not Requested","Shadowfax","2","Pending Parts","25","12","No","5","iPad","4.0.0","4"
"CMP-2023-001102","AMC contact number is always busy. Emails are not replied. How are we supposed to raise service requests? This is absolutely ridiculous!!!","2024-02-25 21:27:00","Social Media","Hinglish","CUST-82601","Facility Team","Kota","Rajasthan","Light Commercial","Ducted 40MAQ","Debit Card","No","Not Requested","Carrier Own Fleet","30","In Progress","480","72","No","1","iPad","2.8.5","1"
"CMP-2025-001103","Installation team came, looked at the site, and left saying they need special equipment. No one has returned since. 10 days now. Complaint ID from last time: 80022642","2024-09-22 15:42:00","WhatsApp","English","CUST-53902","Facility Team","Kochi","Kerala","Light Commercial","Floor Standing 42NQ","EMI","Yes","Partially Processed","Shadowfax","2","In Progress","240","72","No","4","Tablet","5.2.1","2"
"CMP-2024-001104","Emergency call under AMC. Was told 'our team will come today'. No one came. Called again next day. Same promise. Third day still waiting. Under warranty. Do not charge us.","2025-01-08 17:58:00","Mobile App","Hindi","CUST-72185","Retail Store","Kolkata","West Bengal","Air Purifiers","Air One AO-200","Debit Card","No","Not Requested","Delhivery","0","Pending Customer","720","2","No","4","Desktop","3.3.5","1"
"CMP-2024-001105","AMC coverage says parts are included but technician is asking us to pay for capacitor. Conflict with contract terms. Please don't just close the ticket without solving the issue.","2024-04-26 10:18:00","Mobile App","English","CUST-77203","HVAC Contractor","Aurangabad","Maharashtra","Air Purifiers","Klarwind KW-500","UPI","Yes","Pending","DTDC","2","Escalated","240","1","No","4","Tablet","4.3.1","1"
"CMP-2025-001106","Emergency call under AMC. Was told 'our team will come today'. No one came. Called again next day. Same promise. Third day still waiting.","2023-04-24 04:53:00","Mobile App","Hinglish","CUST-47531","Maintenance Manager","Navi Mumbai","Maharashtra","Light Commercial","Floor Standing 42CF","RTGS","No","Not Requested","DTDC","0","Pending Customer","240","0","No","1","iPhone","5.2.1","1"
"CMP-2025-001107","5th visit by technician. Same issue. Either the team is incompetent or they are hiding a design defect. I want a senior engineer.","2023-11-20 07:06:00","Dealer","English","CUST-27212","Hospital","Aurangabad","Maharashtra","Air Purifiers","Klarwind KW-300","UPI","Yes","Approved","Mahindra Logistics","3","Re-opened","10","0","No","2","Desktop","4.1.2","1"
"CMP-2024-001108","Wrong model delivered. Ordered 5HP condensing unit, received 3HP. This is a basic error. Please resolve on priority.","2024-07-24 15:34:00","Email","English","CUST-64551","Office Admin","Vadodara","Gujarat","Air Purifiers","Air One AO-100","Purchase Order","No","Not Requested","Carrier Own Fleet","1","Pending Parts","180","36","No","2","Desktop","5.2.1","3"
"CMP-2023-001109","Outdoor unit is extremely hot to touch. Fan seems to be running slowly. Is this a condenser issue? Need resolution within 24 hours.","2024-12-22 17:24:00","Dealer","Hinglish","CUST-15439","Facility Team","Guwahati","Assam","Air Purifiers","Air One AO-200","Purchase Order","No","Not Requested","Shadowfax","1","Closed","20","0","Yes","2","Windows Tablet","5.1.3","3"
"CMP-2024-001110","There is a clear rattling from the compressor section. Technician visited and said 'nothing serious' but noise is getting worse daily. Please don't just close the ticket without solving the issue.","2023-04-04 23:48:00","WhatsApp","English","CUST-30885","Supermarket","Indore","Madhya Pradesh","Refrigeration","Screw Compressor Rack SR-20","EMI","No","Not Requested","Amazon Logistics","2","Re-opened","240","504","Yes","1","iPhone","4.3.1","2"
"CMP-2025-001111","Unit consuming 40% more power than rated. Energy meter data shared with your team. No action taken.","2024-06-01 15:28:00","Social Media","English","CUST-45210","Food Processing Unit","Kolkata","West Bengal","Commercial","Heat Pump 30RQV","Net Banking","No","Not Requested","Rivigo","7","Escalated","45","24","No","5","iPad","2.8.5","5"
"CMP-2024-001112","Service engineer came without tools. Wasted our time. Came again next day with wrong parts. Still not fixed. This is absolutely ridiculous!!!","2023-12-05 06:21:00","Social Media","English","CUST-86547","IT Park","Indore","Madhya Pradesh","Commercial","Fan Coil Unit FCU-200","Cash","No","Not Requested","XpressBees","2","Resolved","720","120","No","1","Android Phone","4.1.2","1"
"CMP-2024-001113","The compressor unit started vibrating heavily last evening. We had to shut it down manually. Need urgent repair. Please don't just close the ticket without solving the issue.","2024-04-14 20:02:00","Mobile App","English","CUST-23631","Pharma Company","Navi Mumbai","Maharashtra","Commercial","Chiller AquaEdge 19DV","Purchase Order","No","Not Requested","XpressBees","12","Pending Parts","240","24","No","3","Tablet","4.3.1","4"
"CMP-2024-001114","Your customer care puts me on hold for 20+ minutes and then disconnects. This has happened 5 times now. Please resolve on priority.","2024-12-29 05:39:00","Phone","Hindi","CUST-31369","Maintenance Manager","Chandigarh","Punjab","Air Purifiers","Air One AO-100","EMI","No","Not Requested","Mahindra Logistics","0","Open","10","240","No","3","Windows Tablet","2.9.8","2"
"CMP-2024-001115","Third breakdown this year. We have CCTV footage of the same issue recurring. Requesting senior engineer visit and root cause analysis. Will share on social media if no action.","2023-07-31 01:05:00","WhatsApp","Tamil","CUST-16186","Restaurant Owner","Bhopal","Madhya Pradesh","Commercial","Air Handler AHU-5000","UPI","No","Not Requested","Rivigo","0","In Progress","240","168","No","4","iPhone","4.0.0","5"
"CMP-2024-001116","Waiting for spare parts for 35 days. Technician has identified fault. Parts stuck in warehouse apparently. No timeline given. Highly disappointed.","2023-07-31 14:17:00","Web Portal","English","CUST-62913","Food Processing Unit","Delhi","Delhi","Light Commercial","Floor Standing 42NQ","Cash","No","Not Requested","Rivigo","0","In Progress","90","168","No","1","Laptop","2.8.5","5"
"CMP-2024-001117","Same fault code keeps returning every 3-4 weeks. Error E07. Capacitor changed, still same. Something else is the root cause. Complaint ID from last time: 57595995","2023-01-27 10:20:00","SMS","English","CUST-92469","Cold Storage Operator","Jaipur","Rajasthan","Commercial","Controls EcoAdvance","Debit Card","Yes","Under Review","Carrier Own Fleet","12","In Progress","720","36","Yes","5","iPhone","5.2.1","4"
"CMP-2023-001118","Defrost cycle seems to be running too long. Temperature rises to +5C during defrost. Products are thawing partially.","2023-03-10 19:40:00","WhatsApp","English","CUST-49238","Commercial Building Operator","Allahabad","Uttar Pradesh","Air Purifiers","OptiClean OC-800","NEFT","Yes","Approved","Blue Dart","5","Open","60","72","No","2","Windows Tablet","4.3.1","2"
"CMP-2024-001119","Installation was scheduled for 3rd May. Today is 12th May. No one has come. No call. No update. Is this how Carrier treats commercial customers? Please resolve on priority.","2025-01-10 02:50:00","WhatsApp","Telugu","CUST-47291","Maintenance Manager","Mumbai","Maharashtra","Light Commercial","Ducted 40RUQ","Cheque","No","Not Requested","Amazon Logistics","0","Closed","10","12","No","1","iPad","5.1.3","0"
"CMP-2024-001120","The app freezes on the scheduling screen. Cannot set timings remotely anymore. Very inconvenient. Under warranty. Do not charge us.","2024-09-14 08:05:00","WhatsApp","Hindi","CUST-41020","Hospital","Vadodara","Gujarat","Air Purifiers","Air One AO-200","Credit Card","Yes","Under Review","Shadowfax","0","In Progress","25","72","No","3","Desktop","5.1.3","5"
"CMP-2024-001121","AC gas leaking. Technician came 10 days ago and topped up. Same problem again. Are they not fixing root cause?? Third time raising this complaint.","2023-03-31 05:31:00","Web Portal","English","CUST-26832","Hotel","Bhubaneswar","Odisha","Commercial","Fan Coil Unit FCU-200","Credit Card","No","Not Requested","Shadowfax","0","Escalated","480","4","No","1","Android Phone","4.1.2","3"
"CMP-2025-001122","The compressor unit started vibrating heavily last evening. We had to shut it down manually. Need urgent repair. We have a big client visit next week. Please prioritize.","2024-11-24 13:19:00","Walk-in","English","CUST-34675","Hotel","Jodhpur","Rajasthan","Commercial","Air Handler AHU-3000","EMI","No","Not Requested","DTDC","5","Escalated","90","168","Yes","3","Android Phone","5.0.0","1"
"CMP-2023-001123","Delivered product has manufacturing defects. Fins are bent. Gas service port cap missing. Clearly quality check was not done. Highly disappointed.","2024-12-08 17:57:00","Chat Support","English","CUST-91052","Hotel","Howrah","West Bengal","Refrigeration","Inverter Condensing Unit ICU-5","Credit Card","Yes","Pending","DTDC","7","Escalated","60","12","Yes","3","Desktop","4.1.2","5"
"CMP-2024-001124","The FCU in server room has stopped maintaining temperature. Server temps rising. Critical situation - please escalate immediately. Please don't just close the ticket without solving the issue.","2023-12-22 22:09:00","Walk-in","Tamil","CUST-95592","Food Processing Unit","Lucknow","Uttar Pradesh","Light Commercial","Cassette 42UFS","Cheque","No","Not Requested","Ekart","1","Pending Parts","5","24","No","2","Windows Tablet","5.1.3","0"
"CMP-2023-001125","Commissioning not done properly. Unit was just switched on and technician left. No testing, no parameter setting. Highly disappointed.","2023-03-03 13:25:00","Service Center","English","CUST-11791","Commercial Building Operator","Kota","Rajasthan","Air Purifiers","Air One AO-200","Purchase Order","No","Not Requested","FedEx","7","Resolved","30","36","No","1","Android Phone","3.1.0","0"
"CMP-2023-001126","Current draw is 18A against rated 12A. Motor or capacitor issue suspected. Please send service team. Third time raising this complaint.","2023-07-22 07:11:00","Web Portal","English","CUST-38245","Supermarket","Ranchi","Jharkhand","Refrigeration","Inverter Condensing Unit ICU-10","EMI","No","Not Requested","Amazon Logistics","12","Escalated","2880","24","No","3","Laptop","4.2.0","0"
"CMP-2025-001127","Warranty claim rejected citing 'improper installation'. But installation was done by your own authorized dealer. Who is responsible? This is absolutely ridiculous!!!","2023-12-31 10:55:00","Phone","English","CUST-91291","Hotel","Jodhpur","Rajasthan","Refrigeration","Modular Cold Room MCR-10","UPI","Yes","Under Review","Delhivery","7","Pending Parts","360","0","Yes","3","Tablet","5.2.1","0"
"CMP-2023-001128","Freezer unit stopped working last night. Fish stock worth Rs 3 lakh completely spoiled. Carrier will be held responsible. This is absolutely ridiculous!!!","2024-03-25 11:33:00","Mobile App","English","CUST-65193","HVAC Contractor","Ghaziabad","Uttar Pradesh","Refrigeration","Supermarket Ref SMR-Island","Cash","No","Not Requested","Amazon Logistics","1","Pending Parts","30","504","No","1","iPhone","3.1.0","6"
"CMP-2023-001129","Water leak from ceiling mounted cassette unit. Staining the false ceiling and dripping on expensive equipment below.","2023-09-24 11:32:00","Mobile App","English","CUST-77223","Hotel","Pune","Maharashtra","Air Purifiers","Air One AO-100","Debit Card","Yes","Processed","Delhivery","2","In Progress","15","72","No","3","Windows Tablet","4.3.1","0"
"CMP-2023-001130","Unit delivered without accessories. Remote, drain pipes, all missing. Had to chase dealer for 1 week.","2023-04-02 16:38:00","WhatsApp","English","CUST-12901","Facility Team","Agra","Uttar Pradesh","Air Purifiers","OptiClean OC-800","NEFT","No","Not Requested","Carrier Own Fleet","10","Resolved","20","168","Yes","3","Laptop","5.1.3","2"
"CMP-2023-001131","Warranty document says 5 years comprehensive. Your service team is claiming 1 year. Please clarify and honour the warranty. Will share on social media if no action.","2024-08-03 11:43:00","Dealer","English","CUST-13756","Supermarket","Thane","Maharashtra","Commercial","Air Handler AHU-5000","Debit Card","No","Not Requested","FedEx","2","Resolved","360","8","No","3","Laptop","2.9.8","0"
"CMP-2024-001132","Controller mein kuch bhi set karo, unit apna mann se kaam karta hai. Kya issue hai?","2024-08-17 10:53:00","SMS","Hindi","CUST-69111","Supermarket","Raipur","Chhattisgarh","Light Commercial","Carrier VRF X Power 38VYX","Credit Card","No","Not Requested","Shadowfax","0","Pending Parts","10","120","Yes","4","Android Phone","3.2.1","1"
"CMP-2024-001133","Requested refund on 3rd April. Today is 14th May. Still no credit to my account. Nobody is answering properly. Please don't just close the ticket without solving the issue.","2023-02-04 00:44:00","Dealer","English","CUST-73833","Bank Branch","Agra","Uttar Pradesh","Air Purifiers","OptiClean OC-800","Debit Card","Yes","Approved","Shadowfax","20","Closed","60","48","No","1","Laptop","2.9.8","4"
"CMP-2024-001134","BMS controller not responding to commands. Manual override also not working. Entire floor temperature uncontrolled.","2023-01-13 03:26:00","Phone","Hindi","CUST-68566","Industrial Facility","Coimbatore","Tamil Nadu","Air Purifiers","Air One AO-200","Purchase Order","No","Not Requested","Amazon Logistics","15","Resolved","30","96","No","2","iPad","4.3.1","1"
"CMP-2025-001135","5th visit by technician. Same issue. Either the team is incompetent or they are hiding a design defect. I want a senior engineer.","2023-04-03 14:00:00","Service Center","Hinglish","CUST-23558","Hospital","Mysuru","Karnataka","Air Purifiers","OptiClean OC-800","RTGS","No","Not Requested","FedEx","0","Escalated","8","48","No","5","Desktop","5.1.3","3"
"CMP-2023-001136","Vibration from the compressor unit is shaking the entire wall. Noise level measured at 78 dB. Far above spec. Please resolve on priority.","2024-11-21 17:51:00","Service Center","Tamil","CUST-57081","Cold Storage Operator","Tiruchirappalli","Tamil Nadu","Refrigeration","Evaporator Unit EU-5000","EMI","Yes","Partially Processed","Ekart","0","Resolved","240","96","No","4","Windows Tablet","5.0.0","0"
"CMP-2023-001137","R410A leak suspected. Cooling efficiency dropped suddenly and compressor running continuously. Please send someone today. This is absolutely ridiculous!!!","2023-03-16 23:59:00","Email","Hinglish","CUST-85609","Hotel","Pune","Maharashtra","Refrigeration","Modular Cold Room MCR-25","Debit Card","Yes","Processed","Amazon Logistics","10","Pending Parts","15","24","Yes","2","Tablet","5.1.3","2"
"CMP-2023-001138","I am a loyal Carrier customer since 2015. Never faced such repeated breakdowns. Something is wrong with this new model batch. Will share on social media if no action.","2024-12-28 05:15:00","Service Center","Tamil","CUST-97700","IT Park","Kochi","Kerala","Refrigeration","Screw Compressor Rack SR-50","Credit Card","Yes","Processed","Rivigo","2","In Progress","5","8","No","3","iPhone","4.2.0","0"
"CMP-2023-001139","Yaar gas toh phir se leak ho gayi. Teen mahine mein teesri baar. Yeh kab tak chalega?","2024-09-21 13:42:00","Dealer","English","CUST-12559","Hospital","Chandigarh","Punjab","Refrigeration","Inverter Condensing Unit ICU-10","UPI","No","Not Requested","Ekart","20","Re-opened","10","240","No","1","iPad","2.8.5","0"
"CMP-2023-001140","Water dripping from the indoor unit directly onto our workstations. Urgent issue. Data could be damaged. Escalating to consumer forum if not resolved by tomorrow.","2024-05-14 16:49:00","Email","Hinglish","CUST-92773","Mall Operator","Ranchi","Jharkhand","Refrigeration","Supermarket Ref SMR-Island","Cheque","No","Not Requested","Ekart","3","Open","360","168","Yes","5","Tablet","4.0.0","2"
"CMP-2025-001141","Refund rejected saying 'product opened'. But your own technician opened it during inspection! This is fraud. Third time raising this complaint.","2023-12-22 01:54:00","Service Center","English","CUST-98237","HVAC Contractor","Agra","Uttar Pradesh","Refrigeration","Inverter Condensing Unit ICU-10","Cash","No","Not Requested","FedEx","0","Pending Parts","120","72","No","1","iPad","2.9.8","0"
"CMP-2023-001142","Outdoor unit is extremely hot to touch. Fan seems to be running slowly. Is this a condenser issue?","2023-07-18 09:21:00","WhatsApp","Telugu","CUST-29551","Warehouse Operator","Kanpur","Uttar Pradesh","Refrigeration","Condensing Unit CR-5HP","Cheque","No","Not Requested","Ekart","0","Escalated","15","168","No","4","Desktop","3.3.5","5"
"CMP-2024-001143","Technician was very rude on phone. We are a paying customer. This behavior is not acceptable. Will share on social media if no action.","2023-03-30 13:32:00","Walk-in","English","CUST-94842","Hospital","Coimbatore","Tamil Nadu","Refrigeration","Screw Compressor Rack SR-20","Cash","Yes","Pending","Delhivery","15","Escalated","360","24","Yes","5","Android Phone","3.1.0","5"
"CMP-2023-001144","Because of your equipment failure, our restaurant had to shut for 2 days. Loss of business and spoiled inventory. This is unacceptable. This is absolutely ridiculous!!!","2023-05-13 04:34:00","Walk-in","Hindi","CUST-62461","Retail Store","Bhubaneswar","Odisha","Light Commercial","Floor Standing 42NQ","Net Banking","No","Not Requested","Mahindra Logistics","3","Resolved","90","720","No","2","Android Phone","4.0.0","2"
"CMP-2025-001145","Unit failed 13 months after purchase. You are saying warranty expired. But issue started within warranty period and was reported. Records available. Highly disappointed.","2025-01-30 14:00:00","Mobile App","English","CUST-35046","Restaurant Owner","Ranchi","Jharkhand","Light Commercial","Cassette 42UFS","EMI","No","Not Requested","Ekart","2","Closed","120","168","No","1","iPhone","4.2.0","0"
"CMP-2025-001146","Pipe insulation not done properly. Condensation forming on pipes and dripping. Basic installation mistake.","2024-05-03 13:36:00","SMS","English","CUST-80825","Supermarket","Madurai","Tamil Nadu","Refrigeration","Inverter Condensing Unit ICU-5","RTGS","No","Not Requested","Carrier Own Fleet","12","Closed","20","168","No","2","Desktop","5.0.0","2"
"CMP-2023-001147","AMC contact number is always busy. Emails are not replied. How are we supposed to raise service requests? Highly disappointed.","2024-10-25 19:27:00","Social Media","Hinglish","CUST-57534","Data Centre","Indore","Madhya Pradesh","Air Purifiers","OptiClean OC-800","Net Banking","No","Not Requested","Rivigo","5","Open","30","48","No","1","Tablet","5.0.0","0"
"CMP-2023-001148","Installation was scheduled for 3rd May. Today is 12th May. No one has come. No call. No update. Is this how Carrier treats commercial customers? Third time raising this complaint.","2023-12-20 11:49:00","Phone","Hindi","CUST-99777","Supermarket","Jaipur","Rajasthan","Air Purifiers","Klarwind KW-500","Cheque","No","Not Requested","FedEx","1","Pending Parts","5","72","No","1","Laptop","2.8.5","1"
"CMP-2023-001149","Ghar mein rat ko bahut awaaz aati hai outdoor unit se. Neend nahi aa rahi. Koi solution hai? Escalating to consumer forum if not resolved by tomorrow.","2023-05-26 17:37:00","Walk-in","Tamil","CUST-90692","Office Admin","Noida","Uttar Pradesh","Commercial","Fan Coil Unit FCU-400","EMI","Yes","Approved","Amazon Logistics","2","Re-opened","180","12","No","2","Desktop","4.2.0","6"
"CMP-2023-001150","Emergency call under AMC. Was told 'our team will come today'. No one came. Called again next day. Same promise. Third day still waiting. Will share on social media if no action.","2024-09-02 09:00:00","Web Portal","Hinglish","CUST-83778","Commercial Building Operator","Vadodara","Gujarat","Air Purifiers","Air One AO-200","RTGS","No","Not Requested","XpressBees","20","Escalated","10","504","Yes","3","Laptop","4.0.0","0"
"CMP-2023-001151","Controller mein kuch bhi set karo, unit apna mann se kaam karta hai. Kya issue hai? Please resolve on priority.","2023-12-26 23:24:00","SMS","English","CUST-36855","Retail Store","Surat","Gujarat","Light Commercial","Carrier VRF X Power 38VYX","EMI","No","Not Requested","Amazon Logistics","5","In Progress","240","72","No","1","iPad","3.2.1","0"
"CMP-2023-001152","Your customer care puts me on hold for 20+ minutes and then disconnects. This has happened 5 times now.","2024-02-28 09:19:00","Service Center","Kannada","CUST-83088","Bank Branch","Tirupur","Tamil Nadu","Light Commercial","Floor Standing 42NQ","EMI","Yes","Under Review","Carrier Own Fleet","10","In Progress","360","240","No","1","iPad","2.9.8","0"
"CMP-2025-001153","Our factory expansion was delayed because Carrier could not install the HVAC on time. We are losing lakhs daily. Where is the accountability? Complaint ID from last time: 16458104","2025-02-08 15:52:00","Web Portal","Tamil","CUST-45638","Pharma Company","Varanasi","Uttar Pradesh","Air Purifiers","Air One AO-100","Cash","No","Not Requested","Ekart","2","Re-opened","30","0","Yes","4","iPhone","5.1.3","0"
"CMP-2025-001154","High electricity consumption despite energy saving mode being on. Something is wrong with the inverter control. Please don't just close the ticket without solving the issue.","2024-03-29 02:37:00","Social Media","Telugu","CUST-80745","Mall Operator","Bhopal","Madhya Pradesh","Refrigeration","Inverter Condensing Unit ICU-5","UPI","Yes","Rejected","Blue Dart","25","Pending Customer","2880","24","Yes","1","Laptop","3.3.5","4"
"CMP-2023-001155","i-Vu controller shows error 'Communication Lost' since last night. Unable to control any zone from central panel. Please resolve on priority.","2023-09-29 07:19:00","Web Portal","English","CUST-42916","Mall Operator","Meerut","Uttar Pradesh","Air Purifiers","Klarwind KW-300","Debit Card","No","Not Requested","DTDC","20","Pending Parts","8","36","Yes","1","Android Phone","3.1.0","0"
"CMP-2025-001156","Compressor failed completely. Unit is under warranty. Require immediate replacement not repair. Do not waste my time. 😡 Very frustrated.","2024-08-24 01:13:00","Service Center","English","CUST-44020","Food Processing Unit","Coimbatore","Tamil Nadu","Refrigeration","Screw Compressor Rack SR-20","Purchase Order","Yes","Partially Processed","DTDC","30","In Progress","20","12","Yes","4","Android Phone","4.0.0","6"
"CMP-2025-001157","Power factor of the unit is poor. Our electrical load increased significantly after Carrier system was installed.","2023-11-18 16:38:00","Web Portal","English","CUST-38400","Commercial Building Operator","Jaipur","Rajasthan","Refrigeration","Supermarket Ref SMR-Island","Cheque","Yes","Pending","Ekart","1","Pending Customer","90","1","No","1","iPhone","2.9.8","4"
"CMP-2024-001158","Installation scheduled 4 times. Cancelled 4 times by Carrier. We are a hospital. Patients are suffering. Please treat this as highest priority.","2024-07-08 02:58:00","Walk-in","Hinglish","CUST-17182","Cold Storage Operator","Gurugram","Haryana","Commercial","Chiller 30XW-V","Purchase Order","No","Not Requested","Shadowfax","1","Escalated","180","24","No","5","Android Phone","4.2.0","4"
"CMP-2023-001159","This is the 6th breakdown in 8 months. Every time technician comes, 'fixes' it, and within 2 weeks same problem returns. ENOUGH. Third time raising this complaint.","2025-03-25 21:31:00","Phone","Hinglish","CUST-11020","Educational Institution","Mumbai","Maharashtra","Air Purifiers","OptiClean OC-400","Net Banking","No","Not Requested","Ekart","3","Pending Customer","5","504","No","2","Tablet","4.3.1","0"
"CMP-2023-001160","Recurring issue since installation. Always cooling problem. 4 visits, 4 temporary fixes. We want permanent solution or replacement.","2023-02-13 18:55:00","Mobile App","English","CUST-97257","Warehouse Operator","Indore","Madhya Pradesh","Refrigeration","Supermarket Ref SMR-MultiDeck","Debit Card","No","Not Requested","Mahindra Logistics","20","Pending Customer","180","8","No","1","Desktop","5.1.3","0"
"CMP-2024-001161","Due to cold room failure, Rs 8 lakh worth of vegetables spoiled overnight. Who will compensate? Unit is under AMC. Complaint ID from last time: 12620306","2023-03-17 13:20:00","Service Center","Hindi","CUST-22229","Retail Store","Pune","Maharashtra","Commercial","Controls i-Vu Open","Cheque","Yes","Partially Processed","DTDC","2","In Progress","12","72","No","2","iPad","2.8.5","2"
"CMP-2025-001162","Support agent was dismissive and rude. Did not let me complete my complaint. Terrible customer experience. Need resolution within 24 hours.","2025-02-26 15:37:00","WhatsApp","English","CUST-66254","Hospital","Thane","Maharashtra","Commercial","Chiller 30XW-V","RTGS","No","Not Requested","FedEx","2","In Progress","240","1","Yes","1","Windows Tablet","3.2.1","6"
"CMP-2025-001163","Compressor overheating alarm triggered 4 times today. Auto shutdown occurring every 2 hours. Entire cold storage at risk. Highly disappointed.","2025-03-22 13:00:00","Social Media","English","CUST-63077","HVAC Contractor","Bhubaneswar","Odisha","Commercial","Controls i-Vu Open","Credit Card","Yes","Rejected","FedEx","0","In Progress","15","48","No","2","Desktop","3.1.0","2"
"CMP-2023-001164","Partial refund received but deducted 20% without any explanation. No one is telling me why. I want full refund.","2024-08-27 21:51:00","Walk-in","Hinglish","CUST-14552","Pharma Company","Jaipur","Rajasthan","Refrigeration","Inverter Condensing Unit ICU-5","RTGS","No","Not Requested","FedEx","2","Escalated","10","48","No","4","iPad","4.2.0","0"
"CMP-2024-001165","Refund approved by your team on email. Bank account details submitted. Still no transfer after 3 weeks. Please check. Complaint ID from last time: 94142904","2024-04-10 20:28:00","Dealer","English","CUST-51444","Industrial Facility","Mysuru","Karnataka","Air Purifiers","Air One AO-200","Cheque","No","Not Requested","Shadowfax","0","Pending Customer","25","2","Yes","1","iPad","4.1.2","0"
"CMP-2023-001166","Heat rejection from outdoor units is excessive. Adjacent areas are getting very hot. Ventilation design issue or unit fault?","2023-05-18 21:24:00","WhatsApp","Hinglish","CUST-68456","Cold Storage Operator","Kolkata","West Bengal","Commercial","Heat Pump 30RQV","Cheque","No","Not Requested","Rivigo","25","Pending Parts","5","24","No","1","Tablet","3.3.5","2"
"CMP-2024-001167","Spare part availability is very poor for older models. Our unit is only 4 years old and parts are already out of stock?? Under warranty. Do not charge us.","2025-04-21 21:18:00","Email","English","CUST-18245","Commercial Building Operator","Allahabad","Uttar Pradesh","Light Commercial","Ducted 40RUQ","Debit Card","No","Not Requested","Delhivery","15","Resolved","45","12","No","4","iPhone","4.2.0","6"
"CMP-2023-001168","Bhai ek baar thanda karta hai fir garam. On-off on-off. Compressor issue lagta hai. Please check karo. Please resolve on priority.","2023-04-21 11:54:00","Email","English","CUST-29686","Supermarket","Tirupur","Tamil Nadu","Air Purifiers","OptiClean OC-800","UPI","Yes","Approved","DTDC","5","In Progress","480","48","No","2","Android Phone","4.2.0","2"
"CMP-2024-001169","i-Vu controller shows error 'Communication Lost' since last night. Unable to control any zone from central panel. This is absolutely ridiculous!!!","2023-09-22 23:14:00","Phone","English","CUST-93974","Office Admin","Coimbatore","Tamil Nadu","Commercial","Controls i-Vu Open","Cash","No","Not Requested","Ekart","10","Escalated","10","24","No","2","Tablet","5.1.3","1"
"CMP-2025-001170","The outdoor unit is making a horrible grinding noise especially at night. Neighbours are complaining. Highly disappointed.","2024-05-18 19:36:00","SMS","Telugu","CUST-77770","Office Admin","Howrah","West Bengal","Commercial","Air Handler AHU-3000","Credit Card","No","Not Requested","Shadowfax","25","Resolved","240","72","No","2","Desktop","5.0.0","0"
"CMP-2025-001171","Wrong model delivered. Ordered 5HP condensing unit, received 3HP. This is a basic error. Third time raising this complaint.","2023-08-07 22:19:00","Social Media","Hinglish","CUST-79885","Hospital","Nagpur","Maharashtra","Refrigeration","Supermarket Ref SMR-MultiDeck","Net Banking","Yes","Rejected","Amazon Logistics","3","Resolved","5","96","No","4","Android Phone","3.2.1","1"
"CMP-2025-001172","Capacitor replaced 3 weeks ago. Failed again. Is this a genuine Carrier part or counterfeit? Demanding certificate of authenticity. Escalating to consumer forum if not resolved by tomorrow.","2024-07-21 23:33:00","WhatsApp","Hinglish","CUST-71830","Retail Store","Mumbai","Maharashtra","Air Purifiers","Air One AO-200","Cheque","No","Not Requested","FedEx","25","Pending Parts","15","2","Yes","2","Tablet","5.1.3","0"
"CMP-2024-001173","Current draw is 18A against rated 12A. Motor or capacitor issue suspected. Please send service team. Highly disappointed.","2025-01-03 12:35:00","Walk-in","Hinglish","CUST-34848","Hotel","Nashik","Maharashtra","Light Commercial","Floor Standing 42CF","Net Banking","Yes","Partially Processed","XpressBees","0","Re-opened","120","72","No","1","Desktop","4.1.2","2"
"CMP-2023-001174","Pipe insulation not done properly. Condensation forming on pipes and dripping. Basic installation mistake. We have a big client visit next week. Please prioritize.","2023-11-10 11:45:00","Service Center","English","CUST-45549","Industrial Facility","Indore","Madhya Pradesh","Commercial","Controls EcoAdvance","Debit Card","Yes","Partially Processed","Carrier Own Fleet","7","Escalated","120","36","No","5","Laptop","3.3.5","0"
"CMP-2025-001175","AMC contract signed 6 months ago. Only one service visit done so far. Quarterly service is not happening as promised. Under warranty. Do not charge us.","2024-01-09 23:45:00","Social Media","Hindi","CUST-56654","Educational Institution","Vijayawada","Andhra Pradesh","Refrigeration","Supermarket Ref SMR-MultiDeck","Debit Card","No","Not Requested","Rivigo","1","In Progress","120","504","Yes","1","Android Phone","5.2.1","1"
"CMP-2023-001176","Temperature probe giving wrong readings. Actual temp -5C but display shows -20C. How can we trust this system? Escalating to consumer forum if not resolved by tomorrow.","2024-06-11 04:31:00","Mobile App","Hinglish","CUST-15902","Industrial Facility","Indore","Madhya Pradesh","Commercial","Fan Coil Unit FCU-200","Net Banking","No","Not Requested","Ekart","15","Closed","720","2","No","1","Desktop","5.0.0","1"
"CMP-2025-001177","Pani tapat raha hai AC se. Below mein customer seating area hai. Please immediately send someone. Under warranty. Do not charge us.","2023-09-19 00:29:00","Email","English","CUST-62781","Cold Storage Operator","Rajkot","Gujarat","Air Purifiers","Air One AO-200","Credit Card","Yes","Partially Processed","Mahindra Logistics","25","Resolved","20","0","No","2","Android Phone","3.3.5","2"
"CMP-2023-001178","The drain pan is overflowing. Unit installed 6 months ago and this is the 3rd time this is happening. Poor installation quality suspected. Please don't just close the ticket without solving the issue.","2023-05-17 13:16:00","Web Portal","Hinglish","CUST-36999","Industrial Facility","Mumbai","Maharashtra","Air Purifiers","OptiClean OC-800","RTGS","No","Not Requested","Shadowfax","30","Resolved","10","2","No","1","Windows Tablet","4.3.1","0"
"CMP-2024-001179","PCB board ordered. Was told 7-10 days delivery. Today is day 21. No update from anyone. Need resolution within 24 hours.","2025-04-10 23:17:00","Chat Support","Hinglish","CUST-22002","Hotel","Ghaziabad","Uttar Pradesh","Air Purifiers","Air One AO-200","RTGS","Yes","Approved","Amazon Logistics","3","In Progress","5","168","No","3","Laptop","5.1.3","0"
"CMP-2024-001180","Cooling performance dropped drastically. Was giving 18C earlier, now barely reaching 26C even at full blast. Something is wrong. Will share on social media if no action.","2024-08-16 11:59:00","Walk-in","Telugu","CUST-82415","Commercial Building Operator","Jodhpur","Rajasthan","Air Purifiers","Klarwind KW-300","Debit Card","No","Not Requested","Ekart","0","Escalated","12","24","No","2","iPhone","5.2.1","6"
"CMP-2024-001181","I am a loyal Carrier customer since 2015. Never faced such repeated breakdowns. Something is wrong with this new model batch. Under warranty. Do not charge us.","2024-01-10 18:13:00","Walk-in","Hinglish","CUST-65724","Office Admin","Indore","Madhya Pradesh","Air Purifiers","Klarwind KW-500","Cash","Yes","Under Review","DTDC","20","Escalated","30","0","Yes","4","Windows Tablet","5.1.3","3"
"CMP-2023-001182","Indoor unit delivered but outdoor unit still not received after 3 weeks. How do you expect us to use half a system?","2024-01-08 00:02:00","Phone","English","CUST-20747","Restaurant Owner","Guwahati","Assam","Commercial","Chiller AquaEdge 19DV","NEFT","No","Not Requested","Blue Dart","12","Closed","20","24","No","4","Laptop","2.9.8","1"
"CMP-2023-001183","Refund rejected saying 'product opened'. But your own technician opened it during inspection! This is fraud. This is absolutely ridiculous!!!","2025-04-25 14:45:00","Chat Support","English","CUST-50876","Data Centre","Jodhpur","Rajasthan","Commercial","Chiller AquaEdge 19DV","Cash","No","Not Requested","Rivigo","0","Pending Parts","300","48","Yes","1","Laptop","2.8.5","2"
"CMP-2024-001184","AMC renewal done but service schedule not shared. Who is my assigned service engineer? No one tells me. Please resolve on priority.","2024-03-18 09:14:00","SMS","English","CUST-17488","Commercial Building Operator","Howrah","West Bengal","Refrigeration","Evaporator Unit EU-5000","Purchase Order","No","Not Requested","Delhivery","10","Pending Customer","2880","504","Yes","5","Desktop","2.8.5","1"
"CMP-2025-001185","We paid full amount in advance for installation. 3 weeks passed, no installation team. This is beyond frustrating.","2024-04-22 21:31:00","Web Portal","Hindi","CUST-33971","Pharma Company","Mumbai","Maharashtra","Refrigeration","Evaporator Unit EU-3000","RTGS","No","Not Requested","Rivigo","2","Pending Parts","30","4","Yes","3","Desktop","2.8.5","0"
"CMP-2023-001186","Temperature probe giving wrong readings. Actual temp -5C but display shows -20C. How can we trust this system? This is absolutely ridiculous!!!","2024-05-23 01:10:00","Dealer","English","CUST-29710","IT Park","Meerut","Uttar Pradesh","Refrigeration","Supermarket Ref SMR-MultiDeck","Cheque","Yes","Under Review","FedEx","10","Pending Customer","480","336","No","1","Laptop","2.9.8","2"
"CMP-2025-001187","Electrical connections were left exposed during installation. Safety hazard. Had to call an electrician to fix. Will share on social media if no action.","2024-10-25 01:45:00","SMS","English","CUST-43185","Supermarket","Bhubaneswar","Odisha","Air Purifiers","Klarwind KW-300","Cash","No","Not Requested","Delhivery","0","Closed","10","0","Yes","1","Desktop","4.0.0","2"
"CMP-2024-001188","Our central AC unit stopped working last night. We are a 24x7 operations center and this is causing massive disruption. Escalate please. Complaint ID from last time: 75480780","2023-08-24 17:13:00","Web Portal","Tamil","CUST-79950","Commercial Building Operator","Meerut","Uttar Pradesh","Light Commercial","Ducted 40MAQ","Purchase Order","Yes","Approved","FedEx","25","Closed","20","0","Yes","4","iPad","3.1.0","0"
"CMP-2023-001189","AMC renewal done but service schedule not shared. Who is my assigned service engineer? No one tells me. This is absolutely ridiculous!!!","2023-01-31 10:06:00","Email","Telugu","CUST-28501","Pharma Company","Nashik","Maharashtra","Light Commercial","Floor Standing 42NQ","Purchase Order","No","Not Requested","Ekart","5","Closed","180","336","No","2","Desktop","5.2.1","6"
"CMP-2024-001190","Compressor failed completely. Unit is under warranty. Require immediate replacement not repair. Do not waste my time.","2023-12-10 19:09:00","Email","Tamil","CUST-85440","Maintenance Manager","Hyderabad","Telangana","Commercial","Air Handler AHU-5000","Credit Card","No","Not Requested","XpressBees","0","Pending Parts","8","504","No","4","Android Phone","2.8.5","4"
"CMP-2023-001191","Temperature in storage went to 12C during night without any alarm. Dairy products spoiled. Need investigation. Need resolution within 24 hours.","2023-07-21 07:55:00","Email","English","CUST-21428","HVAC Contractor","Visakhapatnam","Andhra Pradesh","Light Commercial","Carrier VRF X Power 40VYX","Cash","No","Not Requested","Carrier Own Fleet","10","Re-opened","480","720","No","4","Android Phone","4.2.0","1"
"CMP-2024-001192","The compressor unit started vibrating heavily last evening. We had to shut it down manually. Need urgent repair.","2024-05-07 02:40:00","Social Media","Hindi","CUST-25695","Retail Store","Kota","Rajasthan","Light Commercial","Ducted 40RUQ","Cheque","Yes","Approved","Shadowfax","1","Resolved","25","504","No","4","Desktop","2.9.8","0"
"CMP-2024-001193","Condensate drain is blocked. Water overflowing inside the unit and dropping on floor. Health hazard.","2024-05-16 18:04:00","Email","Hindi","CUST-63013","Commercial Building Operator","Pune","Maharashtra","Commercial","Heat Pump 30RQV","NEFT","Yes","Processed","Blue Dart","0","Escalated","30","0","No","4","Laptop","5.1.3","2"
"CMP-2025-001194","Installation was scheduled for 3rd May. Today is 12th May. No one has come. No call. No update. Is this how Carrier treats commercial customers? 😡 Very frustrated.","2024-12-07 21:00:00","Mobile App","English","CUST-91289","Hospital","Navi Mumbai","Maharashtra","Light Commercial","Cassette 42UFC","Purchase Order","Yes","Approved","DTDC","0","Escalated","60","72","No","1","iPad","4.1.2","2"
"CMP-2025-001195","Gas leakage from the indoor unit. There is an oily stain near copper pipe joints. Very concerning.","2024-07-18 17:42:00","Chat Support","English","CUST-87021","Industrial Facility","Delhi","Delhi","Light Commercial","Ducted 40MAQ","Credit Card","No","Not Requested","XpressBees","20","Pending Parts","5","168","No","4","iPhone","4.3.1","0"
"CMP-2023-001196","Defrost cycle seems to be running too long. Temperature rises to +5C during defrost. Products are thawing partially. Highly disappointed.","2023-08-13 00:38:00","WhatsApp","English","CUST-56952","Cold Storage Operator","Ludhiana","Punjab","Air Purifiers","Klarwind KW-500","UPI","Yes","Processed","Shadowfax","1","Pending Customer","45","2","No","2","Windows Tablet","5.0.0","1"
"CMP-2023-001197","Cooling has been erratic since last 4 days. Some zones are ice cold, others are like a furnace. Have called support 3 times but no resolution.","2023-10-27 04:12:00","Phone","Hindi","CUST-79690","Hospital","Hubballi","Karnataka","Commercial","Heat Pump 30RQV","EMI","No","Not Requested","Blue Dart","12","In Progress","60","168","Yes","5","iPhone","3.1.0","5"
"CMP-2024-001198","Unit goes into protection mode due to high discharge temperature. Error E12 visible on panel. Ambient temp is 42C but unit is rated for 50C. Highly disappointed.","2024-08-23 16:47:00","WhatsApp","English","CUST-53189","Facility Team","Bhopal","Madhya Pradesh","Commercial","Chiller AquaEdge 19DV","Debit Card","No","Not Requested","Delhivery","0","Resolved","240","72","No","3","iPad","3.3.5","0"
"CMP-2024-001199","EcoAdvance controller crashing randomly. Display goes blank. Restarts after 10-15 mins. Very disruptive for our hotel operations. Third time raising this complaint.","2025-03-03 16:50:00","Social Media","Hindi","CUST-20389","Facility Team","Agra","Uttar Pradesh","Commercial","Fan Coil Unit FCU-400","Credit Card","No","Not Requested","DTDC","30","Pending Customer","240","72","No","3","Laptop","4.3.1","0"
"CMP-2025-001200","Electricity bill doubled after installation of new Carrier unit. Star rating says 5-star but consumption is huge. Need resolution within 24 hours.","2024-08-08 04:41:00","Mobile App","English","CUST-63375","Maintenance Manager","Bengaluru","Karnataka","Light Commercial","Carrier VRF X Power 40VYX","Credit Card","No","Not Requested","FedEx","20","Pending Customer","60","120","Yes","3","Desktop","4.2.0","0"
"CMP-2025-001201","Smell of refrigerant inside the machine room. Possible gas leak. Evacuation precaution taken. Please send certified technician. Please don't just close the ticket without solving the issue.","2024-10-04 15:59:00","Service Center","English","CUST-58772","Bank Branch","Kanpur","Uttar Pradesh","Air Purifiers","Air One AO-100","Debit Card","No","Not Requested","Ekart","1","Re-opened","15","72","No","5","iPad","4.0.0","0"
"CMP-2025-001202","Product registered on your portal. Warranty active. But system is still asking us to pay for repair. Frustrated with this process. 😡 Very frustrated.","2024-07-14 09:36:00","Dealer","English","CUST-44753","Hotel","Varanasi","Uttar Pradesh","Refrigeration","Condensing Unit CR-5HP","UPI","No","Not Requested","Shadowfax","15","Pending Parts","10","504","Yes","2","Desktop","4.2.0","2"
"CMP-2024-001203","System not cooling at all. Temperature showing 32C inside. Very hot. Please help urgently.","2025-03-12 04:58:00","WhatsApp","Hinglish","CUST-29336","IT Park","Meerut","Uttar Pradesh","Air Purifiers","Klarwind KW-300","Debit Card","Yes","Rejected","DTDC","5","Closed","12","504","No","1","Android Phone","4.2.0","3"
"CMP-2024-001204","Current draw is 18A against rated 12A. Motor or capacitor issue suspected. Please send service team. Please resolve on priority.","2023-05-06 13:35:00","SMS","English","CUST-36678","Commercial Building Operator","Tiruchirappalli","Tamil Nadu","Refrigeration","Supermarket Ref SMR-Island","Cheque","No","Not Requested","Rivigo","0","Pending Customer","30","1","No","5","Android Phone","3.1.0","0"
"CMP-2024-001205","Compressor overheating alarm triggered 4 times today. Auto shutdown occurring every 2 hours. Entire cold storage at risk. Will share on social media if no action.","2025-02-23 05:05:00","SMS","Tamil","CUST-85901","Food Processing Unit","Raipur","Chhattisgarh","Light Commercial","Ducted 40RUQ","Cheque","No","Not Requested","FedEx","0","Escalated","240","4","No","2","Android Phone","5.1.3","0"
"CMP-2025-001206","PCB board ordered. Was told 7-10 days delivery. Today is day 21. No update from anyone.","2023-04-06 03:23:00","Web Portal","English","CUST-15729","Retail Store","Meerut","Uttar Pradesh","Air Purifiers","Klarwind KW-500","Credit Card","No","Not Requested","Ekart","7","Escalated","1440","240","No","2","Tablet","3.1.0","1"
"CMP-2023-001207","Jo technician aaya tha usse unit ke baare mein kuch pata hi nahi tha. Puri unit khol ke dekha, phir band kar gaya bina fix kiye. Highly disappointed.","2024-06-24 09:18:00","Service Center","Hinglish","CUST-23020","Pharma Company","Bhubaneswar","Odisha","Refrigeration","Screw Compressor Rack SR-20","Cheque","No","Not Requested","Amazon Logistics","2","Open","720","36","No","3","Windows Tablet","3.2.1","1"
"CMP-2024-001208","App pe temperature change karte hain toh unit nahi sunta. 5 minute baad update hota hai. Itni delay kyun? This is absolutely ridiculous!!!","2023-01-31 08:29:00","SMS","Hinglish","CUST-35444","Retail Store","Ranchi","Jharkhand","Refrigeration","Evaporator Unit EU-5000","Cheque","No","Not Requested","Ekart","0","Pending Customer","480","4","No","4","Laptop","5.0.0","3"
"CMP-2024-001209","Nobody from service team is responding. Emails bouncing. Phone numbers not working. Is Carrier shutting down? We have a big client visit next week. Please prioritize.","2025-04-15 19:13:00","Chat Support","Hinglish","CUST-53903","Restaurant Owner","Kolkata","West Bengal","Air Purifiers","Air One AO-100","Cheque","No","Not Requested","Amazon Logistics","2","Escalated","2880","48","Yes","2","Windows Tablet","4.3.1","0"
"CMP-2025-001210","I am a loyal Carrier customer since 2015. Never faced such repeated breakdowns. Something is wrong with this new model batch. Please resolve on priority.","2023-05-23 18:50:00","WhatsApp","English","CUST-97161","Hospital","Coimbatore","Tamil Nadu","Refrigeration","Evaporator Unit EU-3000","Cash","No","Not Requested","Delhivery","0","Escalated","300","24","No","2","Windows Tablet","5.1.3","2"
"CMP-2023-001211","Due to cold room failure, Rs 8 lakh worth of vegetables spoiled overnight. Who will compensate? Unit is under AMC. Need resolution within 24 hours.","2023-09-08 01:59:00","Mobile App","English","CUST-52973","Bank Branch","Faridabad","Haryana","Air Purifiers","OptiClean OC-800","Cash","No","Not Requested","FedEx","20","Re-opened","480","168","Yes","1","Android Phone","4.2.0","4"
"CMP-2023-001212","Scheduling feature on the controller stopped working after firmware update. Timings are not being followed. Escalating to consumer forum if not resolved by tomorrow.","2023-06-19 14:02:00","Walk-in","English","CUST-24073","HVAC Contractor","Varanasi","Uttar Pradesh","Air Purifiers","Klarwind KW-300","NEFT","Yes","Approved","Blue Dart","0","Closed","15","4","No","3","Laptop","5.0.0","2"
"CMP-2024-001213","Pani tapat raha hai AC se. Below mein customer seating area hai. Please immediately send someone. Need resolution within 24 hours.","2023-12-22 21:42:00","Email","English","CUST-63588","Commercial Building Operator","Tirupur","Tamil Nadu","Commercial","Fan Coil Unit FCU-400","UPI","Yes","Under Review","Carrier Own Fleet","0","In Progress","5","48","No","2","iPad","3.3.5","0"
"CMP-2024-001214","Indoor unit delivered but outdoor unit still not received after 3 weeks. How do you expect us to use half a system? Highly disappointed.","2024-07-15 03:00:00","Dealer","English","CUST-76244","Data Centre","Hyderabad","Telangana","Refrigeration","Modular Cold Room MCR-10","Credit Card","Yes","Approved","Delhivery","0","Closed","120","336","No","4","Tablet","4.3.1","5"
"CMP-2025-001215","Your customer care puts me on hold for 20+ minutes and then disconnects. This has happened 5 times now. Third time raising this complaint.","2023-04-08 03:51:00","Mobile App","English","CUST-51488","Mall Operator","Nagpur","Maharashtra","Commercial","Chiller 30XW-V","Credit Card","No","Not Requested","Mahindra Logistics","0","Pending Customer","12","36","Yes","2","Android Phone","3.1.0","1"
"CMP-2023-001216","Water leak from ceiling mounted cassette unit. Staining the false ceiling and dripping on expensive equipment below. 😡 Very frustrated.","2024-04-02 07:53:00","WhatsApp","English","CUST-47148","Restaurant Owner","Kolkata","West Bengal","Light Commercial","Floor Standing 42NQ","NEFT","No","Not Requested","DTDC","3","Pending Parts","240","240","No","1","iPad","3.1.0","1"
"CMP-2023-001217","Our factory expansion was delayed because Carrier could not install the HVAC on time. We are losing lakhs daily. Where is the accountability? This is absolutely ridiculous!!!","2024-04-09 10:21:00","Walk-in","English","CUST-65179","Food Processing Unit","Jaipur","Rajasthan","Commercial","Fan Coil Unit FCU-400","Cheque","No","Not Requested","Mahindra Logistics","0","Resolved","300","96","Yes","1","Android Phone","4.2.0","0"
"CMP-2025-001218","Unit failed 13 months after purchase. You are saying warranty expired. But issue started within warranty period and was reported. Records available.","2024-12-15 16:05:00","Dealer","English","CUST-88489","Industrial Facility","Kanpur","Uttar Pradesh","Light Commercial","Carrier VRF X Power 40VYX","UPI","No","Not Requested","Ekart","7","Open","5","120","No","3","Desktop","5.2.1","4"
"CMP-2023-001219","Delivery delayed by 12 days. Installation could not happen. Our inauguration date missed. Carrier responsible. Need resolution within 24 hours.","2023-08-21 01:09:00","Mobile App","English","CUST-61897","HVAC Contractor","Rajkot","Gujarat","Air Purifiers","OptiClean OC-800","RTGS","No","Not Requested","DTDC","0","Resolved","20","2","No","1","iPad","2.8.5","0"
"CMP-2024-001220","Rattling noise from FCU started after technician visited. Did they tighten something wrongly? 😡 Very frustrated.","2024-02-05 11:46:00","Web Portal","English","CUST-64610","Industrial Facility","Ranchi","Jharkhand","Light Commercial","Cassette 42UFC","RTGS","No","Not Requested","Carrier Own Fleet","12","Escalated","300","168","No","1","Android Phone","2.9.8","2"
"CMP-2024-001221","Water leak from ceiling mounted cassette unit. Staining the false ceiling and dripping on expensive equipment below.","2025-04-28 23:17:00","Service Center","English","CUST-24590","Retail Store","Agra","Uttar Pradesh","Light Commercial","Ducted 40RUQ","UPI","No","Not Requested","Shadowfax","0","In Progress","300","24","No","4","Desktop","4.3.1","0"
"CMP-2023-001222","AMC coverage says parts are included but technician is asking us to pay for capacitor. Conflict with contract terms. Escalating to consumer forum if not resolved by tomorrow.","2024-12-06 18:15:00","Email","Kannada","CUST-19068","Warehouse Operator","Mysuru","Karnataka","Air Purifiers","OptiClean OC-800","RTGS","No","Not Requested","DTDC","25","Escalated","30","168","No","1","Laptop","2.9.8","1"
"CMP-2024-001223","Our cold room compressor is producing abnormal high-pitched squealing. Running but worrying about failure. Complaint ID from last time: 70894406","2024-12-22 22:51:00","SMS","English","CUST-56523","Hospital","Gurugram","Haryana","Air Purifiers","OptiClean OC-400","UPI","Yes","Processed","Blue Dart","0","Pending Parts","240","120","Yes","5","Desktop","4.3.1","1"
"CMP-2023-001224","Product registered on your portal. Warranty active. But system is still asking us to pay for repair. Frustrated with this process. Third time raising this complaint.","2023-01-27 04:59:00","SMS","Hindi","CUST-60203","Office Admin","Pune","Maharashtra","Refrigeration","Evaporator Unit EU-3000","Credit Card","No","Not Requested","DTDC","0","Escalated","240","1","Yes","1","Tablet","4.1.2","0"
"CMP-2025-001225","Gas leakage from the indoor unit. There is an oily stain near copper pipe joints. Very concerning.","2023-12-19 21:42:00","Social Media","English","CUST-70940","IT Park","Allahabad","Uttar Pradesh","Commercial","Air Handler AHU-5000","NEFT","No","Not Requested","Shadowfax","0","Resolved","15","168","Yes","2","Android Phone","3.2.1","4"
"CMP-2024-001226","Commissioning not done properly. Unit was just switched on and technician left. No testing, no parameter setting. Will share on social media if no action.","2024-08-31 11:24:00","Chat Support","Hindi","CUST-24689","Bank Branch","Surat","Gujarat","Light Commercial","Cassette 42UFC","RTGS","Yes","Approved","Carrier Own Fleet","25","Escalated","240","720","No","1","iPad","4.1.2","0"
"CMP-2025-001227","Every time I call, I have to explain the entire problem from scratch. Don't you maintain complaint history? This is absolutely ridiculous!!!","2025-04-09 23:33:00","Dealer","Hindi","CUST-71981","Industrial Facility","Nashik","Maharashtra","Commercial","Controls i-Vu Open","Net Banking","No","Not Requested","DTDC","0","Re-opened","45","0","No","4","Laptop","5.0.0","2"
"CMP-2024-001228","Nobody from service team is responding. Emails bouncing. Phone numbers not working. Is Carrier shutting down? Under warranty. Do not charge us.","2025-02-08 03:11:00","Walk-in","English","CUST-14731","Office Admin","Guwahati","Assam","Light Commercial","Cassette 42UFC","Cheque","Yes","Processed","XpressBees","1","Resolved","180","504","Yes","5","Android Phone","2.9.8","0"
"CMP-2025-001229","Recurring issue since installation. Always cooling problem. 4 visits, 4 temporary fixes. We want permanent solution or replacement. Under warranty. Do not charge us.","2024-07-24 06:02:00","Walk-in","Hindi","CUST-61552","Mall Operator","Jaipur","Rajasthan","Refrigeration","Inverter Condensing Unit ICU-10","UPI","No","Not Requested","Carrier Own Fleet","15","Resolved","240","168","No","1","iPhone","2.9.8","2"
"CMP-2025-001230","Compressor failure within 18 months. Manufacturer warranty should cover this. Do not send me to dealer. Carrier must take responsibility. Highly disappointed.","2023-10-25 23:23:00","Phone","English","CUST-40245","Bank Branch","Surat","Gujarat","Light Commercial","Ducted 40MAQ","Purchase Order","No","Not Requested","DTDC","0","Re-opened","480","240","No","1","iPad","4.0.0","2"
"CMP-2025-001231","Emergency call under AMC. Was told 'our team will come today'. No one came. Called again next day. Same promise. Third day still waiting. Please don't just close the ticket without solving the issue.","2023-11-04 06:04:00","WhatsApp","Hindi","CUST-49487","Industrial Facility","Patna","Bihar","Air Purifiers","Klarwind KW-300","RTGS","No","Not Requested","Rivigo","0","In Progress","15","96","No","5","Android Phone","2.9.8","1"
"CMP-2024-001232","Carrier mobile app crashes every time I try to view energy reports. Android 13, latest app version. Please don't just close the ticket without solving the issue.","2024-10-21 11:26:00","WhatsApp","Hinglish","CUST-43630","Industrial Facility","Nagpur","Maharashtra","Commercial","Heat Pump 30RQV","EMI","No","Not Requested","Mahindra Logistics","0","Pending Customer","90","1","No","5","iPad","4.1.2","2"
"CMP-2025-001233","Electrical connections were left exposed during installation. Safety hazard. Had to call an electrician to fix. Under warranty. Do not charge us.","2023-09-24 19:12:00","Walk-in","English","CUST-86616","Hospital","Pune","Maharashtra","Commercial","Air Handler AHU-5000","EMI","Yes","Under Review","Rivigo","30","In Progress","25","8","No","5","iPhone","4.2.0","1"
"CMP-2024-001234","Installation scheduled 4 times. Cancelled 4 times by Carrier. We are a hospital. Patients are suffering. Please treat this as highest priority. Highly disappointed.","2023-11-03 14:23:00","Dealer","English","CUST-94282","Office Admin","Rajkot","Gujarat","Air Purifiers","OptiClean OC-800","Net Banking","No","Not Requested","Delhivery","12","Pending Customer","90","72","No","2","Android Phone","3.3.5","0"
"CMP-2023-001235","Power factor of the unit is poor. Our electrical load increased significantly after Carrier system was installed. Under warranty. Do not charge us.","2023-03-27 14:15:00","SMS","English","CUST-40025","HVAC Contractor","Faridabad","Haryana","Refrigeration","Modular Cold Room MCR-10","Purchase Order","Yes","Rejected","Mahindra Logistics","0","Open","240","2","No","3","Tablet","5.1.3","0"
"CMP-2023-001236","AMC contact number is always busy. Emails are not replied. How are we supposed to raise service requests?","2025-01-27 05:00:00","WhatsApp","English","CUST-48150","Hotel","Allahabad","Uttar Pradesh","Air Purifiers","Air One AO-200","Debit Card","No","Not Requested","Rivigo","0","Pending Customer","240","48","No","1","Tablet","5.2.1","4"
"CMP-2024-001237","Condensate drain is blocked. Water overflowing inside the unit and dropping on floor. Health hazard. Will share on social media if no action.","2024-09-03 02:21:00","Dealer","Hindi","CUST-51876","Educational Institution","Pune","Maharashtra","Refrigeration","Supermarket Ref SMR-MultiDeck","Purchase Order","Yes","Partially Processed","Carrier Own Fleet","0","Resolved","1440","2","No","4","iPhone","5.2.1","3"
"CMP-2025-001238","App is not connecting to my unit. Shows 'Device Offline' even though unit is running. WiFi is strong. This is absolutely ridiculous!!!","2024-05-30 03:18:00","Phone","English","CUST-10896","Office Admin","Indore","Madhya Pradesh","Air Purifiers","OptiClean OC-800","Cheque","No","Not Requested","Shadowfax","5","In Progress","60","12","No","4","iPhone","3.1.0","0"
"CMP-2023-001239","Cooling has been erratic since last 4 days. Some zones are ice cold, others are like a furnace. Have called support 3 times but no resolution. 😡 Very frustrated.","2024-03-22 19:32:00","Social Media","Hinglish","CUST-61249","Cold Storage Operator","Nashik","Maharashtra","Air Purifiers","OptiClean OC-400","Debit Card","No","Not Requested","Rivigo","2","Re-opened","20","48","Yes","3","Windows Tablet","4.3.1","1"
"CMP-2025-001240","Current draw is 18A against rated 12A. Motor or capacitor issue suspected. Please send service team.","2025-01-06 03:35:00","SMS","English","CUST-22465","Hotel","Nagpur","Maharashtra","Commercial","Controls i-Vu Open","RTGS","No","Not Requested","Ekart","1","Pending Customer","180","0","No","2","iPhone","4.1.2","1"
"CMP-2025-001241","Refund pending since 3 weeks. Very disappointing experience. Will not recommend Carrier to anyone.","2024-10-06 07:49:00","WhatsApp","English","CUST-28276","Facility Team","Bhopal","Madhya Pradesh","Air Purifiers","Klarwind KW-300","UPI","No","Not Requested","FedEx","0","Open","120","336","No","1","Android Phone","4.1.2","1"
"CMP-2025-001242","Installation scheduled 4 times. Cancelled 4 times by Carrier. We are a hospital. Patients are suffering. Please treat this as highest priority. Under warranty. Do not charge us.","2024-05-13 04:04:00","Email","English","CUST-95234","Facility Team","Kanpur","Uttar Pradesh","Air Purifiers","OptiClean OC-800","Credit Card","Yes","Approved","Ekart","0","Pending Customer","240","4","Yes","1","Windows Tablet","5.0.0","1"
"CMP-2024-001243","AMC renewal done but service schedule not shared. Who is my assigned service engineer? No one tells me. Highly disappointed.","2024-08-30 05:31:00","Dealer","Telugu","CUST-40662","Bank Branch","Jabalpur","Madhya Pradesh","Air Purifiers","OptiClean OC-800","Net Banking","No","Not Requested","Rivigo","1","Resolved","60","0","Yes","3","Laptop","2.8.5","1"
"CMP-2025-001244","Outdoor unit installed at wrong orientation. Drainage blocked. Technician confirmed faulty installation but blaming us. Please resolve on priority.","2024-10-28 07:22:00","Service Center","Kannada","CUST-95254","Restaurant Owner","Kolkata","West Bengal","Air Purifiers","OptiClean OC-400","UPI","Yes","Pending","FedEx","3","In Progress","5","24","No","3","Desktop","5.2.1","1"
"CMP-2025-001245","There is a clear rattling from the compressor section. Technician visited and said 'nothing serious' but noise is getting worse daily. 😡 Very frustrated.","2024-08-02 09:42:00","Chat Support","Hinglish","CUST-90210","Cold Storage Operator","Nagpur","Maharashtra","Air Purifiers","Air One AO-200","Cheque","No","Not Requested","FedEx","30","Resolved","30","4","No","4","Android Phone","4.2.0","5"
"CMP-2023-001246","Support agent was dismissive and rude. Did not let me complete my complaint. Terrible customer experience. Will share on social media if no action.","2023-12-11 03:12:00","Web Portal","Tamil","CUST-14531","Facility Team","Guwahati","Assam","Commercial","Chiller AquaEdge 19DV","NEFT","Yes","Under Review","FedEx","5","Pending Customer","12","168","Yes","1","Tablet","4.3.1","0"
"CMP-2024-001247","Electricity bill doubled after installation of new Carrier unit. Star rating says 5-star but consumption is huge.","2023-09-15 02:31:00","Web Portal","Hinglish","CUST-28659","Hospital","Bhopal","Madhya Pradesh","Air Purifiers","Klarwind KW-300","Cheque","No","Not Requested","Mahindra Logistics","1","Re-opened","240","2","No","3","iPad","2.8.5","1"
"CMP-2023-001248","Refrigerant pipes run visibly through office wall without proper ducting. Installation is ugly and not as agreed. Escalating to consumer forum if not resolved by tomorrow.","2023-12-28 09:43:00","Service Center","Telugu","CUST-99389","Facility Team","Jaipur","Rajasthan","Commercial","Air Handler AHU-5000","Net Banking","No","Not Requested","Carrier Own Fleet","30","Escalated","30","504","No","3","Android Phone","3.2.1","3"
"CMP-2025-001249","We paid full amount in advance for installation. 3 weeks passed, no installation team. This is beyond frustrating. Third time raising this complaint.","2025-01-19 10:50:00","Chat Support","English","CUST-98254","Supermarket","Delhi","Delhi","Light Commercial","Cassette 42UFS","EMI","Yes","Approved","FedEx","12","Pending Customer","15","4","No","1","Android Phone","3.3.5","0"
"CMP-2025-001250","Controller touchscreen unresponsive. Had to manually switch off from breaker. Need replacement. Need resolution within 24 hours.","2023-09-26 13:04:00","Dealer","Hindi","CUST-82109","IT Park","Chandigarh","Punjab","Refrigeration","Supermarket Ref SMR-MultiDeck","UPI","No","Not Requested","DTDC","12","Re-opened","240","1","No","2","Android Phone","4.1.2","1"
"CMP-2025-001251","Our cold room compressor is producing abnormal high-pitched squealing. Running but worrying about failure.","2024-02-26 11:04:00","Email","English","CUST-48565","Cold Storage Operator","Mumbai","Maharashtra","Commercial","Air Handler AHU-3000","NEFT","Yes","Approved","DTDC","7","Pending Customer","120","96","No","1","Tablet","4.1.2","1"
"CMP-2023-001252","Warranty claim rejected citing 'improper installation'. But installation was done by your own authorized dealer. Who is responsible? Under warranty. Do not charge us.","2024-01-22 02:45:00","Social Media","Kannada","CUST-88631","Educational Institution","Raipur","Chhattisgarh","Refrigeration","Supermarket Ref SMR-Island","EMI","No","Not Requested","Mahindra Logistics","30","Re-opened","20","336","No","1","iPhone","5.1.3","0"
"CMP-2024-001253","AC gas leaking. Technician came 10 days ago and topped up. Same problem again. Are they not fixing root cause?? Please don't just close the ticket without solving the issue.","2024-10-20 20:51:00","WhatsApp","English","CUST-46403","Mall Operator","Navi Mumbai","Maharashtra","Light Commercial","Cassette 42UFC","NEFT","Yes","Pending","Shadowfax","10","Pending Customer","90","0","No","3","iPad","3.2.1","1"
"CMP-2025-001254","Service engineer came without tools. Wasted our time. Came again next day with wrong parts. Still not fixed.","2023-09-11 20:40:00","Phone","English","CUST-73499","Facility Team","Howrah","West Bengal","Air Purifiers","OptiClean OC-400","UPI","No","Not Requested","DTDC","2","Pending Customer","30","72","No","2","Android Phone","4.2.0","2"
"CMP-2024-001255","Every time I call, I have to explain the entire problem from scratch. Don't you maintain complaint history?","2024-02-25 07:33:00","Walk-in","English","CUST-69780","Supermarket","Jaipur","Rajasthan","Commercial","Controls EcoAdvance","Debit Card","Yes","Approved","Mahindra Logistics","2","Closed","20","2","No","5","Desktop","2.8.5","5"
"CMP-2025-001256","Unit consuming 40% more power than rated. Energy meter data shared with your team. No action taken. Please don't just close the ticket without solving the issue.","2024-04-24 22:32:00","Social Media","Hinglish","CUST-87046","Retail Store","Madurai","Tamil Nadu","Light Commercial","Cassette 42UFS","Credit Card","No","Not Requested","Blue Dart","0","Resolved","10","72","Yes","4","Android Phone","2.9.8","3"
"CMP-2024-001257","Smell of refrigerant inside the machine room. Possible gas leak. Evacuation precaution taken. Please send certified technician.","2023-10-14 03:56:00","Email","Hindi","CUST-50714","Educational Institution","Varanasi","Uttar Pradesh","Refrigeration","Screw Compressor Rack SR-50","Debit Card","No","Not Requested","FedEx","10","Closed","15","240","No","4","Desktop","5.0.0","0"
"CMP-2025-001258","Refund rejected saying 'product opened'. But your own technician opened it during inspection! This is fraud. Please don't just close the ticket without solving the issue.","2024-04-22 00:14:00","Web Portal","English","CUST-52768","Food Processing Unit","Bhubaneswar","Odisha","Commercial","Chiller 30XW-V","NEFT","No","Not Requested","Blue Dart","0","Escalated","15","72","No","1","Windows Tablet","4.3.1","0"
"CMP-2025-001259","Support agent was dismissive and rude. Did not let me complete my complaint. Terrible customer experience. Need resolution within 24 hours.","2023-04-14 14:28:00","Chat Support","Hinglish","CUST-75563","Bank Branch","Jodhpur","Rajasthan","Light Commercial","Carrier VRF X Power 38VYX","Cheque","No","Not Requested","Delhivery","12","Re-opened","5","72","No","3","Android Phone","3.2.1","1"
"CMP-2023-001260","Yaar gas toh phir se leak ho gayi. Teen mahine mein teesri baar. Yeh kab tak chalega? We have a big client visit next week. Please prioritize.","2025-04-15 11:06:00","Social Media","English","CUST-31764","Food Processing Unit","Nashik","Maharashtra","Commercial","Controls EcoAdvance","Credit Card","Yes","Approved","Amazon Logistics","7","Re-opened","45","24","No","2","Desktop","4.3.1","0"
"CMP-2024-001261","AC chalta hai lekin thanda nahi karta bilkul bhi. Service wale bol rahe hain gas bharo, lekin pehle bhi 2 mahine mein bhara tha. Kya yahi quality hai Carrier ki?","2025-04-21 10:16:00","Phone","Hindi","CUST-18711","Hotel","Raipur","Chhattisgarh","Commercial","Fan Coil Unit FCU-200","Credit Card","No","Not Requested","Blue Dart","0","In Progress","30","168","No","5","iPhone","3.1.0","0"
"CMP-2024-001262","i-Vu controller shows error 'Communication Lost' since last night. Unable to control any zone from central panel. Highly disappointed.","2024-07-27 08:42:00","WhatsApp","English","CUST-65629","Hotel","Pune","Maharashtra","Refrigeration","Modular Cold Room MCR-25","RTGS","No","Not Requested","Shadowfax","12","Closed","20","8","No","1","Tablet","4.1.2","4"
"CMP-2024-001263","Our factory expansion was delayed because Carrier could not install the HVAC on time. We are losing lakhs daily. Where is the accountability?","2024-06-30 03:17:00","Chat Support","Hinglish","CUST-96102","Maintenance Manager","Bengaluru","Karnataka","Light Commercial","Ducted 40RUQ","Net Banking","No","Not Requested","Carrier Own Fleet","2","Pending Customer","1440","36","No","5","Tablet","3.1.0","1"
"CMP-2025-001264","Electrical connections were left exposed during installation. Safety hazard. Had to call an electrician to fix.","2024-05-24 22:42:00","Social Media","English","CUST-86796","Food Processing Unit","Indore","Madhya Pradesh","Air Purifiers","Air One AO-100","NEFT","No","Not Requested","Carrier Own Fleet","3","Closed","15","168","No","2","Laptop","5.0.0","2"
"CMP-2024-001265","Refund rejected saying 'product opened'. But your own technician opened it during inspection! This is fraud.","2023-02-19 13:00:00","Dealer","Hinglish","CUST-79739","Mall Operator","Jaipur","Rajasthan","Refrigeration","Inverter Condensing Unit ICU-5","EMI","No","Not Requested","Delhivery","0","Pending Customer","60","120","No","3","Laptop","5.0.0","2"
"CMP-2025-001266","Supermarket display cases temperature alarm triggering 3-4 times per day. Staff constantly resetting. Major issue. This is absolutely ridiculous!!!","2023-01-25 14:10:00","Walk-in","English","CUST-56429","Industrial Facility","Kota","Rajasthan","Refrigeration","Modular Cold Room MCR-10","Debit Card","No","Not Requested","Blue Dart","7","Resolved","120","24","No","4","Laptop","3.1.0","1"
"CMP-2025-001267","Scheduling feature on the controller stopped working after firmware update. Timings are not being followed.","2023-08-11 04:23:00","Email","Hindi","CUST-40295","Bank Branch","Patna","Bihar","Light Commercial","Carrier VRF X Power 38VYX","NEFT","No","Not Requested","Mahindra Logistics","2","Pending Customer","15","72","No","2","Android Phone","5.0.0","2"
"CMP-2025-001268","Delivered product has manufacturing defects. Fins are bent. Gas service port cap missing. Clearly quality check was not done. Need resolution within 24 hours.","2023-04-29 05:28:00","Web Portal","Tamil","CUST-24312","IT Park","Vijayawada","Andhra Pradesh","Air Purifiers","OptiClean OC-800","Net Banking","No","Not Requested","DTDC","1","Escalated","15","8","No","4","Android Phone","3.3.5","1"
"CMP-2025-001269","Our factory expansion was delayed because Carrier could not install the HVAC on time. We are losing lakhs daily. Where is the accountability? This is absolutely ridiculous!!!","2023-02-11 08:46:00","Dealer","English","CUST-97002","Commercial Building Operator","Ahmedabad","Gujarat","Commercial","Fan Coil Unit FCU-200","EMI","No","Not Requested","Ekart","1","In Progress","12","1","No","1","iPhone","5.2.1","1"
"CMP-2025-001270","Every time I call, I have to explain the entire problem from scratch. Don't you maintain complaint history?","2024-03-28 13:31:00","Service Center","English","CUST-33928","Industrial Facility","Guwahati","Assam","Light Commercial","Carrier VRF X Power 40VYX","NEFT","No","Not Requested","Ekart","0","Escalated","20","8","No","1","Tablet","4.0.0","0"
"CMP-2025-001271","Recurring issue since installation. Always cooling problem. 4 visits, 4 temporary fixes. We want permanent solution or replacement. Under warranty. Do not charge us.","2024-03-27 05:04:00","Mobile App","English","CUST-92317","HVAC Contractor","Hubballi","Karnataka","Refrigeration","Evaporator Unit EU-5000","Cheque","Yes","Approved","Mahindra Logistics","0","Pending Customer","120","504","No","2","Android Phone","4.2.0","1"
"CMP-2023-001272","Capacitor replaced 3 weeks ago. Failed again. Is this a genuine Carrier part or counterfeit? Demanding certificate of authenticity. Under warranty. Do not charge us.","2024-09-29 06:53:00","Web Portal","English","CUST-68889","Restaurant Owner","Ahmedabad","Gujarat","Light Commercial","Floor Standing 42NQ","UPI","Yes","Pending","Amazon Logistics","1","Pending Customer","8","12","No","1","Windows Tablet","4.2.0","0"
"CMP-2025-001273","Scheduling feature on the controller stopped working after firmware update. Timings are not being followed.","2024-07-28 20:40:00","Service Center","English","CUST-30528","Hotel","Ghaziabad","Uttar Pradesh","Air Purifiers","Air One AO-100","Net Banking","No","Not Requested","Shadowfax","15","Pending Parts","30","2","No","3","iPhone","3.2.1","4"
"CMP-2025-001274","Nobody from service team is responding. Emails bouncing. Phone numbers not working. Is Carrier shutting down? Highly disappointed.","2023-06-21 06:00:00","Social Media","Hinglish","CUST-80572","Warehouse Operator","Varanasi","Uttar Pradesh","Commercial","Chiller 30XW-V","Debit Card","No","Not Requested","Carrier Own Fleet","0","Resolved","60","48","Yes","3","Android Phone","3.1.0","1"
"CMP-2025-001275","Refrigerant pipes run visibly through office wall without proper ducting. Installation is ugly and not as agreed. Will share on social media if no action.","2023-01-06 18:21:00","Chat Support","Telugu","CUST-22709","Maintenance Manager","Agra","Uttar Pradesh","Commercial","Chiller 30XW-V","Purchase Order","No","Not Requested","Delhivery","7","Pending Parts","240","48","No","1","iPhone","5.0.0","1"
"CMP-2025-001276","Delivery delayed by 12 days. Installation could not happen. Our inauguration date missed. Carrier responsible. This is absolutely ridiculous!!!","2025-02-22 21:20:00","Email","Hindi","CUST-43980","Cold Storage Operator","Lucknow","Uttar Pradesh","Commercial","Controls EcoAdvance","Cheque","Yes","Partially Processed","Ekart","12","Escalated","240","720","No","2","Laptop","5.2.1","6"
"CMP-2024-001277","Requested refund on 3rd April. Today is 14th May. Still no credit to my account. Nobody is answering properly. Will share on social media if no action.","2024-04-02 08:39:00","Phone","Telugu","CUST-21277","Warehouse Operator","Meerut","Uttar Pradesh","Refrigeration","Screw Compressor Rack SR-50","Net Banking","No","Not Requested","Amazon Logistics","0","Re-opened","2880","36","No","5","Laptop","5.1.3","4"
"CMP-2023-001278","AMC coverage says parts are included but technician is asking us to pay for capacitor. Conflict with contract terms. This is absolutely ridiculous!!!","2023-12-31 21:42:00","Chat Support","Hinglish","CUST-29296","HVAC Contractor","Bhopal","Madhya Pradesh","Refrigeration","Evaporator Unit EU-3000","Credit Card","Yes","Processed","Blue Dart","12","Open","360","24","Yes","3","Laptop","4.2.0","0"
"CMP-2025-001279","Emergency call under AMC. Was told 'our team will come today'. No one came. Called again next day. Same promise. Third day still waiting. Please resolve on priority.","2024-04-25 06:21:00","Service Center","English","CUST-28478","Commercial Building Operator","Faridabad","Haryana","Refrigeration","Condensing Unit CR-5HP","Debit Card","No","Not Requested","Ekart","0","Open","720","96","No","3","iPad","2.9.8","5"
"CMP-2025-001280","Pani tapat raha hai AC se. Below mein customer seating area hai. Please immediately send someone.","2024-08-17 17:50:00","Email","English","CUST-74370","Educational Institution","Indore","Madhya Pradesh","Refrigeration","Supermarket Ref SMR-MultiDeck","Purchase Order","Yes","Partially Processed","Ekart","0","Escalated","45","4","No","3","iPad","2.8.5","6"
"CMP-2024-001281","Outdoor unit installed at wrong orientation. Drainage blocked. Technician confirmed faulty installation but blaming us. Please don't just close the ticket without solving the issue.","2025-01-07 14:52:00","Email","Telugu","CUST-75317","Warehouse Operator","Varanasi","Uttar Pradesh","Commercial","Air Handler AHU-3000","Cash","Yes","Processed","DTDC","10","Escalated","30","336","Yes","1","iPad","4.1.2","0"
"CMP-2025-001282","Compressor failure within 18 months. Manufacturer warranty should cover this. Do not send me to dealer. Carrier must take responsibility. Need resolution within 24 hours.","2024-12-20 14:27:00","WhatsApp","English","CUST-56895","IT Park","Vijayawada","Andhra Pradesh","Refrigeration","Inverter Condensing Unit ICU-5","Credit Card","No","Not Requested","Carrier Own Fleet","10","Pending Customer","120","0","No","2","Android Phone","5.1.3","1"
"CMP-2024-001283","Spare part availability is very poor for older models. Our unit is only 4 years old and parts are already out of stock??","2023-09-14 03:46:00","Chat Support","Hinglish","CUST-75610","IT Park","Kanpur","Uttar Pradesh","Refrigeration","Condensing Unit CR-10HP","NEFT","No","Not Requested","Shadowfax","3","In Progress","5","12","No","3","Windows Tablet","4.0.0","0"
"CMP-2023-001284","Pani tapat raha hai AC se. Below mein customer seating area hai. Please immediately send someone. 😡 Very frustrated.","2025-01-05 08:32:00","Mobile App","Kannada","CUST-56020","Pharma Company","Amritsar","Punjab","Refrigeration","Modular Cold Room MCR-25","RTGS","No","Not Requested","Amazon Logistics","1","Re-opened","5","168","No","1","Android Phone","4.1.2","4"
"CMP-2024-001285","Capacitor replaced 3 weeks ago. Failed again. Is this a genuine Carrier part or counterfeit? Demanding certificate of authenticity. Under warranty. Do not charge us.","2025-03-16 21:28:00","Dealer","English","CUST-72106","Pharma Company","Faridabad","Haryana","Refrigeration","Inverter Condensing Unit ICU-5","Cash","No","Not Requested","Blue Dart","2","Pending Customer","15","1","Yes","4","iPad","2.8.5","1"
"CMP-2025-001286","Delivery delayed by 12 days. Installation could not happen. Our inauguration date missed. Carrier responsible. Need resolution within 24 hours.","2024-05-21 16:08:00","Chat Support","Hinglish","CUST-75703","IT Park","Lucknow","Uttar Pradesh","Refrigeration","Inverter Condensing Unit ICU-10","NEFT","No","Not Requested","Amazon Logistics","2","Resolved","5","240","Yes","4","Desktop","5.2.1","0"
"CMP-2024-001287","Every time I call, I have to explain the entire problem from scratch. Don't you maintain complaint history?","2024-01-25 15:08:00","Mobile App","English","CUST-66595","Industrial Facility","Raipur","Chhattisgarh","Commercial","Fan Coil Unit FCU-400","Net Banking","Yes","Rejected","Ekart","0","Escalated","10","0","No","3","Tablet","4.0.0","2"
"CMP-2023-001288","Smell of refrigerant inside the machine room. Possible gas leak. Evacuation precaution taken. Please send certified technician. Will share on social media if no action.","2023-12-18 16:31:00","Walk-in","English","CUST-27488","Maintenance Manager","Ludhiana","Punjab","Light Commercial","Floor Standing 42CF","Debit Card","Yes","Pending","Amazon Logistics","5","Pending Parts","2880","336","No","5","Laptop","5.2.1","0"
"CMP-2023-001289","Electricity bill doubled after installation of new Carrier unit. Star rating says 5-star but consumption is huge. Will share on social media if no action.","2023-12-24 12:27:00","Chat Support","English","CUST-42432","Industrial Facility","Chandigarh","Punjab","Air Purifiers","OptiClean OC-800","EMI","No","Not Requested","XpressBees","10","In Progress","300","24","Yes","2","Desktop","2.8.5","6"
"CMP-2023-001290","The drain pan is overflowing. Unit installed 6 months ago and this is the 3rd time this is happening. Poor installation quality suspected. 😡 Very frustrated.","2024-10-11 15:26:00","WhatsApp","Hinglish","CUST-35680","Cold Storage Operator","Mysuru","Karnataka","Air Purifiers","Klarwind KW-300","Cheque","No","Not Requested","Carrier Own Fleet","1","Re-opened","1440","336","No","2","Laptop","2.9.8","0"
"CMP-2023-001291","System not cooling at all. Temperature showing 32C inside. Very hot. Please help urgently. Highly disappointed.","2024-07-06 21:29:00","WhatsApp","English","CUST-26856","Hotel","Bhubaneswar","Odisha","Air Purifiers","OptiClean OC-800","Debit Card","No","Not Requested","Blue Dart","10","Pending Customer","20","168","No","4","iPad","5.2.1","2"
"CMP-2024-001292","App is not connecting to my unit. Shows 'Device Offline' even though unit is running. WiFi is strong. Highly disappointed.","2024-11-25 11:02:00","Social Media","English","CUST-47742","Industrial Facility","Noida","Uttar Pradesh","Light Commercial","Floor Standing 42CF","Net Banking","Yes","Approved","XpressBees","2","In Progress","45","1","No","1","Windows Tablet","5.0.0","4"
"CMP-2024-001293","Support agent was dismissive and rude. Did not let me complete my complaint. Terrible customer experience. Need resolution within 24 hours.","2023-11-01 06:48:00","Walk-in","English","CUST-73944","HVAC Contractor","Nashik","Maharashtra","Commercial","Fan Coil Unit FCU-400","UPI","No","Not Requested","Rivigo","0","Re-opened","5","8","No","4","Android Phone","4.1.2","1"
"CMP-2023-001294","Cooling inconsistent since installation 3 months ago. Raised ticket twice before. Still same issue. Escalating to consumer forum if not resolved by tomorrow.","2023-05-13 15:30:00","SMS","Hindi","CUST-38916","IT Park","Varanasi","Uttar Pradesh","Air Purifiers","Air One AO-100","NEFT","No","Not Requested","FedEx","0","Re-opened","15","336","No","2","iPhone","4.2.0","4"
"CMP-2024-001295","Waiting for spare parts for 35 days. Technician has identified fault. Parts stuck in warehouse apparently. No timeline given. Will share on social media if no action.","2024-11-30 07:37:00","Web Portal","Kannada","CUST-85641","Hospital","Kota","Rajasthan","Air Purifiers","Klarwind KW-300","Cash","No","Not Requested","Blue Dart","2","In Progress","120","2","No","2","iPhone","4.1.2","2"
"CMP-2025-001296","Jo technician aaya tha usse unit ke baare mein kuch pata hi nahi tha. Puri unit khol ke dekha, phir band kar gaya bina fix kiye. Need resolution within 24 hours.","2023-07-05 09:51:00","Service Center","Hinglish","CUST-34765","Industrial Facility","Vijayawada","Andhra Pradesh","Commercial","Fan Coil Unit FCU-200","Purchase Order","No","Not Requested","Blue Dart","7","Re-opened","12","168","Yes","2","iPhone","5.0.0","5"
"CMP-2025-001297","Jo technician aaya tha usse unit ke baare mein kuch pata hi nahi tha. Puri unit khol ke dekha, phir band kar gaya bina fix kiye. Third time raising this complaint.","2024-11-20 05:11:00","Email","Tamil","CUST-61327","Facility Team","Kota","Rajasthan","Commercial","Air Handler AHU-3000","Credit Card","No","Not Requested","Amazon Logistics","10","Escalated","180","48","No","1","Desktop","4.1.2","2"
"CMP-2023-001298","App pe temperature change karte hain toh unit nahi sunta. 5 minute baad update hota hai. Itni delay kyun?","2024-04-19 20:09:00","WhatsApp","English","CUST-62163","Mall Operator","Bhopal","Madhya Pradesh","Air Purifiers","Klarwind KW-300","Cash","No","Not Requested","Blue Dart","1","Re-opened","720","96","No","2","Android Phone","3.1.0","1"
"CMP-2023-001299","PCB board ordered. Was told 7-10 days delivery. Today is day 21. No update from anyone. Highly disappointed.","2024-10-11 04:21:00","Social Media","Tamil","CUST-65591","IT Park","Aurangabad","Maharashtra","Air Purifiers","Air One AO-100","Cheque","Yes","Under Review","FedEx","1","Re-opened","20","0","No","4","Laptop","2.8.5","0"
"CMP-2023-001300","Strange whistling sound from indoor unit. Happens when set below 22C. Very irritating during meetings. Need resolution within 24 hours.","2023-10-19 02:21:00","Mobile App","Telugu","CUST-63846","Industrial Facility","Agra","Uttar Pradesh","Commercial","Controls EcoAdvance","RTGS","No","Not Requested","Ekart","15","In Progress","120","0","No","2","iPad","5.2.1","0"
"CMP-2024-001301","I am a loyal Carrier customer since 2015. Never faced such repeated breakdowns. Something is wrong with this new model batch.","2025-03-15 20:58:00","Web Portal","Tamil","CUST-38695","Food Processing Unit","Gurugram","Haryana","Air Purifiers","Klarwind KW-300","Net Banking","No","Not Requested","FedEx","10","Closed","5","8","Yes","1","Tablet","3.3.5","1"
"CMP-2023-001302","Electricity bill doubled after installation of new Carrier unit. Star rating says 5-star but consumption is huge.","2023-08-24 15:25:00","Dealer","English","CUST-45784","Office Admin","Kochi","Kerala","Light Commercial","Floor Standing 42CF","NEFT","No","Not Requested","Blue Dart","3","Re-opened","8","0","Yes","3","iPad","5.0.0","1"
"CMP-2023-001303","Third breakdown this year. We have CCTV footage of the same issue recurring. Requesting senior engineer visit and root cause analysis. Highly disappointed.","2024-09-12 04:10:00","Chat Support","Hindi","CUST-58402","Warehouse Operator","Kolkata","West Bengal","Air Purifiers","OptiClean OC-400","Cheque","No","Not Requested","Rivigo","10","Open","300","240","No","5","iPad","4.2.0","1"
"CMP-2025-001304","Our screw compressor rack is showing abnormal discharge pressure. Suction is fine. Need expert diagnosis ASAP.","2024-03-24 16:09:00","Mobile App","English","CUST-62329","Pharma Company","Meerut","Uttar Pradesh","Refrigeration","Evaporator Unit EU-5000","NEFT","No","Not Requested","Rivigo","7","Pending Parts","10","1","No","5","Windows Tablet","4.1.2","1"
"CMP-2025-001305","Unit delivered without accessories. Remote, drain pipes, all missing. Had to chase dealer for 1 week. Will share on social media if no action.","2025-03-17 20:27:00","WhatsApp","Hinglish","CUST-72485","Retail Store","Faridabad","Haryana","Refrigeration","Evaporator Unit EU-5000","Net Banking","No","Not Requested","Delhivery","15","Re-opened","20","12","No","3","Windows Tablet","4.1.2","0"
"CMP-2025-001306","I was promised callback in 2 hours. No call came. This has happened twice. Zero accountability. This is absolutely ridiculous!!!","2024-10-15 08:56:00","Dealer","English","CUST-62134","Hotel","Bengaluru","Karnataka","Air Purifiers","Klarwind KW-500","NEFT","No","Not Requested","FedEx","0","Open","180","0","No","2","Tablet","5.1.3","6"
"CMP-2025-001307","Heat rejection from outdoor units is excessive. Adjacent areas are getting very hot. Ventilation design issue or unit fault?","2025-02-11 07:43:00","SMS","Hindi","CUST-91618","Commercial Building Operator","Kolkata","West Bengal","Refrigeration","Evaporator Unit EU-5000","RTGS","No","Not Requested","DTDC","7","Closed","45","2","No","4","Tablet","4.0.0","2"
"CMP-2023-001308","Capacitor replaced 3 weeks ago. Failed again. Is this a genuine Carrier part or counterfeit? Demanding certificate of authenticity. Third time raising this complaint.","2024-08-22 02:51:00","WhatsApp","Hindi","CUST-36671","IT Park","Allahabad","Uttar Pradesh","Light Commercial","Cassette 42UFC","Debit Card","No","Not Requested","Delhivery","3","Open","10","168","No","2","Tablet","4.2.0","1"
"CMP-2023-001309","System not cooling at all. Temperature showing 32C inside. Very hot. Please help urgently. Escalating to consumer forum if not resolved by tomorrow.","2025-04-13 12:40:00","SMS","English","CUST-98983","Office Admin","Kochi","Kerala","Commercial","Controls i-Vu Open","Net Banking","Yes","Approved","Mahindra Logistics","0","Resolved","30","6","Yes","1","Laptop","5.0.0","1"
"CMP-2023-001310","Condensate drain is blocked. Water overflowing inside the unit and dropping on floor. Health hazard. Will share on social media if no action.","2024-02-13 18:44:00","Email","English","CUST-10747","Hotel","Madurai","Tamil Nadu","Commercial","Controls EcoAdvance","Cheque","Yes","Approved","Delhivery","12","Closed","480","36","No","3","iPad","5.1.3","0"
"CMP-2023-001311","Cold room temperature fluctuating between -2C and +8C. We store frozen products. This is a serious food safety risk. Please don't just close the ticket without solving the issue.","2024-10-03 01:57:00","Social Media","English","CUST-11414","Hospital","Navi Mumbai","Maharashtra","Light Commercial","Ducted 40MAQ","Credit Card","Yes","Pending","Blue Dart","7","Open","240","0","No","3","Desktop","2.8.5","0"
"CMP-2023-001312","We paid full amount in advance for installation. 3 weeks passed, no installation team. This is beyond frustrating. This is absolutely ridiculous!!!","2024-12-15 02:34:00","Web Portal","English","CUST-99553","Commercial Building Operator","Kanpur","Uttar Pradesh","Refrigeration","Screw Compressor Rack SR-20","Net Banking","Yes","Approved","XpressBees","0","Resolved","10","36","Yes","2","Laptop","5.0.0","5"
"CMP-2025-001313","Vibration from the compressor unit is shaking the entire wall. Noise level measured at 78 dB. Far above spec. We have a big client visit next week. Please prioritize.","2024-04-01 16:07:00","Phone","English","CUST-71378","Educational Institution","Rajkot","Gujarat","Light Commercial","Cassette 42UFC","Net Banking","Yes","Pending","Carrier Own Fleet","5","Pending Parts","240","48","No","2","Laptop","5.0.0","2"
"CMP-2023-001314","App is not connecting to my unit. Shows 'Device Offline' even though unit is running. WiFi is strong.","2023-10-17 21:00:00","Walk-in","English","CUST-20171","Data Centre","Ghaziabad","Uttar Pradesh","Air Purifiers","Klarwind KW-500","Credit Card","No","Not Requested","Carrier Own Fleet","0","Re-opened","90","96","Yes","3","Desktop","5.1.3","4"
"CMP-2023-001315","PCB board ordered. Was told 7-10 days delivery. Today is day 21. No update from anyone. Third time raising this complaint.","2024-04-07 19:31:00","Email","Tamil","CUST-10909","Educational Institution","Madurai","Tamil Nadu","Light Commercial","Cassette 42UFC","Cash","No","Not Requested","Amazon Logistics","12","Open","90","0","No","4","Desktop","5.2.1","0"
"CMP-2023-001316","Warranty claim rejected citing 'improper installation'. But installation was done by your own authorized dealer. Who is responsible? Please resolve on priority.","2024-08-01 00:07:00","Social Media","English","CUST-27096","Supermarket","Nashik","Maharashtra","Commercial","Air Handler AHU-5000","Net Banking","Yes","Approved","Amazon Logistics","0","Pending Parts","25","168","Yes","1","Android Phone","2.9.8","0"
"CMP-2024-001317","System not cooling at all. Temperature showing 32C inside. Very hot. Please help urgently. Under warranty. Do not charge us.","2025-04-01 02:46:00","Phone","English","CUST-16425","Cold Storage Operator","Coimbatore","Tamil Nadu","Air Purifiers","Air One AO-200","Purchase Order","No","Not Requested","Rivigo","2","Pending Parts","25","24","No","1","iPhone","4.1.2","0"
"CMP-2024-001318","Your customer care puts me on hold for 20+ minutes and then disconnects. This has happened 5 times now.","2023-05-08 03:48:00","Mobile App","English","CUST-63329","IT Park","Hubballi","Karnataka","Refrigeration","Screw Compressor Rack SR-50","Cash","No","Not Requested","DTDC","15","Resolved","45","720","No","1","Android Phone","5.0.0","0"
"CMP-2025-001319","BMS controller not responding to commands. Manual override also not working. Entire floor temperature uncontrolled.","2023-06-06 21:13:00","Social Media","English","CUST-42975","Commercial Building Operator","Thane","Maharashtra","Air Purifiers","Air One AO-200","EMI","No","Not Requested","Mahindra Logistics","0","Resolved","90","24","No","2","Android Phone","2.9.8","5"
"CMP-2025-001320","Recurring issue since installation. Always cooling problem. 4 visits, 4 temporary fixes. We want permanent solution or replacement. Need resolution within 24 hours.","2024-05-25 05:29:00","WhatsApp","Hinglish","CUST-89650","Industrial Facility","Indore","Madhya Pradesh","Air Purifiers","OptiClean OC-800","Cash","No","Not Requested","XpressBees","0","Resolved","15","48","Yes","1","iPhone","2.9.8","0"
"CMP-2024-001321","Wrong model delivered. Ordered 5HP condensing unit, received 3HP. This is a basic error.","2024-11-24 14:15:00","Chat Support","Hinglish","CUST-40476","Facility Team","Noida","Uttar Pradesh","Refrigeration","Supermarket Ref SMR-MultiDeck","RTGS","No","Not Requested","Ekart","0","Pending Parts","10","336","No","2","iPad","3.3.5","0"
"CMP-2023-001322","Unit consuming 40% more power than rated. Energy meter data shared with your team. No action taken. Third time raising this complaint.","2023-07-19 07:17:00","Email","English","CUST-44315","Hospital","Kolkata","West Bengal","Air Purifiers","Air One AO-200","UPI","Yes","Partially Processed","Carrier Own Fleet","3","Pending Parts","25","168","No","3","Tablet","4.3.1","1"
"CMP-2023-001323","Installation team came, looked at the site, and left saying they need special equipment. No one has returned since. 10 days now. 😡 Very frustrated.","2023-07-28 08:55:00","Mobile App","English","CUST-21016","Office Admin","Ahmedabad","Gujarat","Refrigeration","Inverter Condensing Unit ICU-10","NEFT","No","Not Requested","Amazon Logistics","12","Pending Customer","360","24","No","2","iPad","3.2.1","2"
"CMP-2025-001324","Vibration from the compressor unit is shaking the entire wall. Noise level measured at 78 dB. Far above spec.","2023-05-06 13:17:00","Service Center","Hindi","CUST-90013","Retail Store","Visakhapatnam","Andhra Pradesh","Refrigeration","Inverter Condensing Unit ICU-5","Net Banking","No","Not Requested","Shadowfax","1","Re-opened","20","48","No","3","Desktop","4.0.0","0"
"CMP-2024-001325","Supermarket display cases temperature alarm triggering 3-4 times per day. Staff constantly resetting. Major issue.","2023-09-25 11:41:00","Phone","Hinglish","CUST-38867","HVAC Contractor","Navi Mumbai","Maharashtra","Light Commercial","Ducted 40RUQ","Credit Card","Yes","Processed","Rivigo","3","Closed","90","24","Yes","1","Windows Tablet","5.1.3","0"
"CMP-2023-001326","Partial refund received but deducted 20% without any explanation. No one is telling me why. I want full refund.","2025-04-17 20:04:00","Mobile App","Hindi","CUST-64494","Supermarket","Varanasi","Uttar Pradesh","Refrigeration","Supermarket Ref SMR-Island","Purchase Order","No","Not Requested","DTDC","0","Pending Parts","60","48","No","2","iPhone","5.2.1","1"
"CMP-2024-001327","Your customer care puts me on hold for 20+ minutes and then disconnects. This has happened 5 times now.","2024-03-10 02:54:00","Mobile App","English","CUST-20947","Commercial Building Operator","Raipur","Chhattisgarh","Commercial","Air Handler AHU-5000","Debit Card","No","Not Requested","Carrier Own Fleet","0","Resolved","20","24","Yes","2","Android Phone","3.1.0","2"
"CMP-2023-001328","App update 5.1.3 broke everything. Before update all features worked fine. Please rollback or fix.","2023-06-26 01:35:00","Dealer","English","CUST-44638","Data Centre","Jabalpur","Madhya Pradesh","Air Purifiers","Klarwind KW-300","RTGS","Yes","Processed","Shadowfax","25","Pending Parts","2880","48","No","1","Tablet","4.1.2","1"
"CMP-2023-001329","Compressor trip ho raha hai bar bar. Error code E05 aa raha hai display mein. Kya karna chahiye? Under warranty. Do not charge us.","2023-08-17 15:10:00","Web Portal","Tamil","CUST-79895","Pharma Company","Hyderabad","Telangana","Air Purifiers","OptiClean OC-400","RTGS","No","Not Requested","Rivigo","15","Closed","300","96","No","2","Windows Tablet","4.3.1","1"
"CMP-2024-001330","Nobody from service team is responding. Emails bouncing. Phone numbers not working. Is Carrier shutting down? Under warranty. Do not charge us.","2024-11-06 19:41:00","Social Media","English","CUST-61111","Food Processing Unit","Varanasi","Uttar Pradesh","Commercial","Controls EcoAdvance","NEFT","No","Not Requested","XpressBees","1","Open","120","720","No","1","Desktop","5.2.1","2"
"CMP-2023-001331","Electricity bill doubled after installation of new Carrier unit. Star rating says 5-star but consumption is huge.","2024-06-27 11:49:00","Social Media","Hindi","CUST-63715","Data Centre","Tirupur","Tamil Nadu","Refrigeration","Screw Compressor Rack SR-20","Credit Card","No","Not Requested","FedEx","5","Pending Customer","60","72","No","1","Android Phone","5.0.0","4"
"CMP-2023-001332","Carrier mobile app crashes every time I try to view energy reports. Android 13, latest app version. We have a big client visit next week. Please prioritize.","2023-11-15 20:18:00","Phone","Hinglish","CUST-13059","Hospital","Coimbatore","Tamil Nadu","Air Purifiers","OptiClean OC-400","NEFT","Yes","Under Review","Carrier Own Fleet","7","Pending Customer","180","120","No","4","iPhone","4.1.2","2"
"CMP-2024-001333","AMC contact number is always busy. Emails are not replied. How are we supposed to raise service requests? Under warranty. Do not charge us.","2023-09-16 17:51:00","Walk-in","Tamil","CUST-30278","Facility Team","Hyderabad","Telangana","Light Commercial","Ducted 40MAQ","RTGS","No","Not Requested","Rivigo","12","Pending Parts","300","720","No","1","Android Phone","2.8.5","0"
"CMP-2024-001334","The iOS app version 4.2.0 randomly logs me out. Have to re-enter credentials daily. Bug please fix. Will share on social media if no action.","2023-06-15 06:50:00","Chat Support","English","CUST-75057","HVAC Contractor","Mysuru","Karnataka","Commercial","Fan Coil Unit FCU-200","Credit Card","No","Not Requested","XpressBees","1","Pending Customer","45","2","No","1","Android Phone","5.1.3","2"
"CMP-2023-001335","Current draw is 18A against rated 12A. Motor or capacitor issue suspected. Please send service team. Will share on social media if no action.","2023-08-15 22:34:00","Walk-in","English","CUST-36439","Data Centre","Navi Mumbai","Maharashtra","Refrigeration","Supermarket Ref SMR-Island","UPI","Yes","Approved","Shadowfax","12","Pending Parts","10","72","No","2","Windows Tablet","3.3.5","0"
"CMP-2024-001336","There is a clear rattling from the compressor section. Technician visited and said 'nothing serious' but noise is getting worse daily.","2024-06-23 19:31:00","Social Media","Hinglish","CUST-34753","Food Processing Unit","Lucknow","Uttar Pradesh","Light Commercial","Floor Standing 42CF","RTGS","No","Not Requested","Ekart","5","Open","60","6","No","1","Android Phone","5.0.0","0"
"CMP-2024-001337","Compressor failed completely. Unit is under warranty. Require immediate replacement not repair. Do not waste my time. Need resolution within 24 hours.","2024-10-27 09:15:00","Dealer","Hindi","CUST-66345","Warehouse Operator","Tiruchirappalli","Tamil Nadu","Light Commercial","Cassette 42UFC","Purchase Order","No","Not Requested","DTDC","7","Re-opened","720","0","Yes","2","Windows Tablet","3.2.1","0"
"CMP-2025-001338","Called for emergency service. Was told technician will come in 4 hours. Waited 11 hours. No show. Will share on social media if no action.","2025-02-22 14:24:00","Mobile App","English","CUST-55690","Maintenance Manager","Agra","Uttar Pradesh","Commercial","Fan Coil Unit FCU-400","NEFT","No","Not Requested","DTDC","15","Closed","25","120","No","2","Android Phone","3.1.0","1"
"CMP-2024-001339","Every time I call, I have to explain the entire problem from scratch. Don't you maintain complaint history?","2023-07-16 22:15:00","Web Portal","Hindi","CUST-20780","Industrial Facility","Nashik","Maharashtra","Commercial","Chiller 30XW-V","EMI","Yes","Rejected","Blue Dart","0","Open","15","168","No","1","Laptop","3.3.5","0"
"CMP-2023-001340","Because of your equipment failure, our restaurant had to shut for 2 days. Loss of business and spoiled inventory. This is unacceptable. Third time raising this complaint.","2023-06-10 03:59:00","Dealer","English","CUST-83726","Restaurant Owner","Gurugram","Haryana","Air Purifiers","OptiClean OC-800","Net Banking","No","Not Requested","Shadowfax","0","Escalated","8","12","Yes","4","Android Phone","4.3.1","4"
"CMP-2024-001341","The app freezes on the scheduling screen. Cannot set timings remotely anymore. Very inconvenient. Please don't just close the ticket without solving the issue.","2024-04-18 03:10:00","Walk-in","Hinglish","CUST-33689","Educational Institution","Visakhapatnam","Andhra Pradesh","Commercial","Chiller 30XW-V","Purchase Order","Yes","Pending","FedEx","15","In Progress","20","168","No","5","Desktop","4.2.0","6"
"CMP-2025-001342","Strange whistling sound from indoor unit. Happens when set below 22C. Very irritating during meetings. This is absolutely ridiculous!!!","2023-03-16 11:10:00","Mobile App","English","CUST-78985","Cold Storage Operator","Allahabad","Uttar Pradesh","Air Purifiers","Air One AO-100","NEFT","No","Not Requested","Blue Dart","0","Re-opened","30","504","Yes","5","iPad","3.1.0","0"
"CMP-2025-001343","Ghar mein rat ko bahut awaaz aati hai outdoor unit se. Neend nahi aa rahi. Koi solution hai?","2025-01-30 04:58:00","Social Media","Hindi","CUST-13651","Warehouse Operator","Hubballi","Karnataka","Air Purifiers","OptiClean OC-800","Debit Card","No","Not Requested","Mahindra Logistics","0","Re-opened","30","48","No","2","Android Phone","2.8.5","2"
"CMP-2023-001344","Unit delivered with dents on the casing. Outer packaging also damaged. Looks like it was mishandled during transit. We have a big client visit next week. Please prioritize.","2023-10-02 11:30:00","Walk-in","English","CUST-73936","Commercial Building Operator","Kochi","Kerala","Light Commercial","Ducted 40RUQ","Net Banking","No","Not Requested","FedEx","0","Pending Customer","10","120","No","1","Laptop","4.3.1","0"
"CMP-2025-001345","R410A leak suspected. Cooling efficiency dropped suddenly and compressor running continuously. Please send someone today. Third time raising this complaint.","2024-02-29 17:37:00","Mobile App","English","CUST-84143","Restaurant Owner","Rajkot","Gujarat","Light Commercial","Floor Standing 42CF","NEFT","No","Not Requested","XpressBees","0","Pending Customer","1440","120","No","2","Windows Tablet","4.3.1","0"
"CMP-2023-001346","Technician was very rude on phone. We are a paying customer. This behavior is not acceptable.","2024-06-07 04:23:00","Dealer","Hinglish","CUST-62964","Office Admin","Raipur","Chhattisgarh","Light Commercial","Cassette 42UFS","Net Banking","No","Not Requested","FedEx","0","Closed","720","168","No","5","Laptop","5.1.3","3"
"CMP-2025-001347","Product registered on your portal. Warranty active. But system is still asking us to pay for repair. Frustrated with this process.","2023-12-22 05:31:00","SMS","English","CUST-44061","Industrial Facility","Faridabad","Haryana","Light Commercial","Ducted 40MAQ","RTGS","No","Not Requested","DTDC","30","Closed","15","36","Yes","2","iPhone","5.0.0","3"
"CMP-2024-001348","This is the 6th breakdown in 8 months. Every time technician comes, 'fixes' it, and within 2 weeks same problem returns. ENOUGH. Need resolution within 24 hours.","2024-03-11 07:29:00","SMS","Hindi","CUST-12225","Mall Operator","Nashik","Maharashtra","Air Purifiers","Klarwind KW-300","Cheque","Yes","Processed","Delhivery","3","Escalated","5","240","No","5","Laptop","5.0.0","1"
"CMP-2025-001349","Cold room not reaching setpoint of -18C. Best we get is -12C. Compressor running 100% time. Possible refrigerant undercharge. 😡 Very frustrated.","2025-03-30 02:00:00","Mobile App","English","CUST-14631","Industrial Facility","Gurugram","Haryana","Light Commercial","Floor Standing 42NQ","UPI","Yes","Approved","Delhivery","12","Resolved","15","336","No","1","iPhone","5.2.1","4"
"CMP-2023-001350","5th visit by technician. Same issue. Either the team is incompetent or they are hiding a design defect. I want a senior engineer. Escalating to consumer forum if not resolved by tomorrow.","2024-07-07 00:43:00","Dealer","Hindi","CUST-86374","Facility Team","Howrah","West Bengal","Refrigeration","Condensing Unit CR-5HP","Debit Card","No","Not Requested","Carrier Own Fleet","5","In Progress","15","6","Yes","2","Tablet","3.2.1","1"
"CMP-2024-001351","Your customer care puts me on hold for 20+ minutes and then disconnects. This has happened 5 times now. 😡 Very frustrated.","2024-05-06 05:32:00","Phone","Hindi","CUST-42278","Retail Store","Rajkot","Gujarat","Air Purifiers","OptiClean OC-400","EMI","Yes","Rejected","Blue Dart","5","Escalated","10","504","Yes","1","Windows Tablet","3.3.5","2"
"CMP-2023-001352","Called for emergency service. Was told technician will come in 4 hours. Waited 11 hours. No show. Will share on social media if no action.","2023-05-10 22:28:00","Walk-in","English","CUST-69195","Hotel","Raipur","Chhattisgarh","Air Purifiers","Klarwind KW-500","UPI","Yes","Rejected","FedEx","1","Re-opened","720","2","No","1","iPhone","5.2.1","6"
"CMP-2024-001353","Controller touchscreen unresponsive. Had to manually switch off from breaker. Need replacement. Need resolution within 24 hours.","2023-09-01 16:32:00","WhatsApp","English","CUST-19677","Facility Team","Pune","Maharashtra","Air Purifiers","OptiClean OC-400","Cash","No","Not Requested","Mahindra Logistics","30","Closed","1440","4","No","1","Windows Tablet","3.2.1","0"
"CMP-2024-001354","AMC coverage says parts are included but technician is asking us to pay for capacitor. Conflict with contract terms. Will share on social media if no action.","2024-11-03 08:45:00","Chat Support","Hindi","CUST-13106","Hospital","Jodhpur","Rajasthan","Air Purifiers","OptiClean OC-400","NEFT","No","Not Requested","Amazon Logistics","5","Closed","20","96","No","2","iPad","4.3.1","6"
"CMP-2023-001355","Jo technician aaya tha usse unit ke baare mein kuch pata hi nahi tha. Puri unit khol ke dekha, phir band kar gaya bina fix kiye. Complaint ID from last time: 86550091","2024-08-31 11:46:00","Dealer","Telugu","CUST-68143","Mall Operator","Nagpur","Maharashtra","Light Commercial","Ducted 40RUQ","Purchase Order","No","Not Requested","XpressBees","20","Escalated","180","1","Yes","5","iPad","4.1.2","0"
"CMP-2023-001356","Indoor unit is not level. Water not draining properly because of tilt. Poor workmanship.","2024-12-23 16:31:00","Social Media","English","CUST-67454","Hospital","Mumbai","Maharashtra","Light Commercial","Cassette 42UFC","UPI","No","Not Requested","Ekart","2","In Progress","10","12","Yes","5","Tablet","4.3.1","6"
"CMP-2024-001357","Wrong model delivered. Ordered 5HP condensing unit, received 3HP. This is a basic error. Need resolution within 24 hours.","2023-08-18 12:23:00","Dealer","Hinglish","CUST-10125","Food Processing Unit","Tirupur","Tamil Nadu","Commercial","Air Handler AHU-3000","RTGS","No","Not Requested","XpressBees","15","Re-opened","60","72","No","3","Tablet","4.3.1","0"
"CMP-2024-001358","There is a clear rattling from the compressor section. Technician visited and said 'nothing serious' but noise is getting worse daily. This is absolutely ridiculous!!!","2025-01-13 19:00:00","Chat Support","Telugu","CUST-54789","HVAC Contractor","Varanasi","Uttar Pradesh","Refrigeration","Supermarket Ref SMR-Island","UPI","No","Not Requested","XpressBees","0","Pending Customer","480","0","No","4","Android Phone","3.1.0","1"
"CMP-2024-001359","Installation was scheduled for 3rd May. Today is 12th May. No one has come. No call. No update. Is this how Carrier treats commercial customers? Under warranty. Do not charge us.","2025-03-07 16:57:00","Email","Hindi","CUST-14281","Bank Branch","Vadodara","Gujarat","Commercial","Chiller 30XW-V","Credit Card","Yes","Rejected","FedEx","1","Pending Customer","2880","336","No","1","Android Phone","3.1.0","0"
"CMP-2025-001360","Compressor making very loud knocking sound since morning. Afraid it might fail completely. Please send technician. Escalating to consumer forum if not resolved by tomorrow.","2024-10-07 09:46:00","Service Center","English","CUST-41983","Cold Storage Operator","Ranchi","Jharkhand","Light Commercial","Cassette 42UFC","EMI","No","Not Requested","Amazon Logistics","1","Escalated","12","720","Yes","4","Tablet","4.3.1","0"
"CMP-2023-001361","Outdoor unit is extremely hot to touch. Fan seems to be running slowly. Is this a condenser issue? This is absolutely ridiculous!!!","2024-11-01 22:11:00","Walk-in","Hindi","CUST-18881","Hotel","Kolkata","West Bengal","Commercial","Fan Coil Unit FCU-400","RTGS","No","Not Requested","Amazon Logistics","0","Closed","20","72","Yes","4","Android Phone","3.3.5","4"
"CMP-2025-001362","AMC contact number is always busy. Emails are not replied. How are we supposed to raise service requests? Please don't just close the ticket without solving the issue.","2024-11-26 13:29:00","Dealer","English","CUST-14754","Cold Storage Operator","Surat","Gujarat","Air Purifiers","Klarwind KW-500","UPI","Yes","Pending","XpressBees","5","Re-opened","720","24","Yes","1","Desktop","4.1.2","1"
"CMP-2023-001363","Outdoor unit is extremely hot to touch. Fan seems to be running slowly. Is this a condenser issue? Please don't just close the ticket without solving the issue.","2024-12-23 00:11:00","Dealer","Telugu","CUST-60053","Restaurant Owner","Howrah","West Bengal","Light Commercial","Cassette 42UFC","Cash","Yes","Rejected","Amazon Logistics","2","In Progress","720","96","Yes","3","iPhone","3.2.1","0"
"CMP-2024-001364","Unit goes into protection mode due to high discharge temperature. Error E12 visible on panel. Ambient temp is 42C but unit is rated for 50C.","2024-12-22 21:35:00","Social Media","Hinglish","CUST-27665","Warehouse Operator","Thane","Maharashtra","Commercial","Fan Coil Unit FCU-200","EMI","No","Not Requested","Carrier Own Fleet","0","Closed","8","120","Yes","1","iPad","3.3.5","2"
"CMP-2025-001365","Our central AC unit stopped working last night. We are a 24x7 operations center and this is causing massive disruption. Escalate please. Please resolve on priority.","2023-09-30 19:30:00","SMS","English","CUST-59545","Facility Team","Agra","Uttar Pradesh","Refrigeration","Modular Cold Room MCR-25","UPI","No","Not Requested","Amazon Logistics","30","Re-opened","45","168","No","2","Windows Tablet","5.2.1","3"
"CMP-2024-001366","Called for emergency service. Was told technician will come in 4 hours. Waited 11 hours. No show.","2023-11-27 04:46:00","Dealer","Hindi","CUST-89107","Bank Branch","Chennai","Tamil Nadu","Commercial","Controls i-Vu Open","RTGS","Yes","Pending","DTDC","15","Pending Parts","360","36","No","3","Tablet","4.2.0","0"
"CMP-2024-001367","AMC coverage says parts are included but technician is asking us to pay for capacitor. Conflict with contract terms.","2024-09-15 17:12:00","Social Media","Telugu","CUST-37462","Office Admin","Raipur","Chhattisgarh","Light Commercial","Carrier VRF X Power 38VYX","Cheque","Yes","Partially Processed","Blue Dart","3","Re-opened","90","0","No","1","iPhone","2.8.5","3"
"CMP-2025-001368","Cold room not reaching setpoint of -18C. Best we get is -12C. Compressor running 100% time. Possible refrigerant undercharge. Complaint ID from last time: 33389234","2023-05-22 08:49:00","Walk-in","English","CUST-17025","Facility Team","Hyderabad","Telangana","Air Purifiers","Air One AO-100","Cash","No","Not Requested","XpressBees","2","Pending Parts","25","0","Yes","1","iPad","2.8.5","1"
"CMP-2023-001369","Refund pending since 3 weeks. Very disappointing experience. Will not recommend Carrier to anyone. Need resolution within 24 hours.","2024-10-09 12:37:00","Service Center","Telugu","CUST-42890","IT Park","Rajkot","Gujarat","Light Commercial","Ducted 40RUQ","Cash","Yes","Approved","XpressBees","2","Pending Customer","5","48","No","4","iPad","5.0.0","1"
"CMP-2024-001370","Outdoor unit is extremely hot to touch. Fan seems to be running slowly. Is this a condenser issue?","2025-03-01 22:11:00","Web Portal","English","CUST-76902","Supermarket","Ranchi","Jharkhand","Refrigeration","Condensing Unit CR-5HP","RTGS","No","Not Requested","XpressBees","10","In Progress","480","120","No","4","Desktop","4.1.2","0"
"CMP-2025-001371","Every time I call, I have to explain the entire problem from scratch. Don't you maintain complaint history? Escalating to consumer forum if not resolved by tomorrow.","2023-12-22 12:14:00","Email","English","CUST-30776","Mall Operator","Lucknow","Uttar Pradesh","Refrigeration","Screw Compressor Rack SR-50","UPI","Yes","Partially Processed","Amazon Logistics","0","Closed","300","720","No","4","Laptop","4.2.0","1"
"CMP-2023-001372","Unit delivered without accessories. Remote, drain pipes, all missing. Had to chase dealer for 1 week. Need resolution within 24 hours.","2024-03-03 05:54:00","Social Media","English","CUST-80286","Facility Team","Faridabad","Haryana","Air Purifiers","OptiClean OC-800","UPI","Yes","Processed","FedEx","0","Resolved","25","1","Yes","2","iPad","4.2.0","2"
"CMP-2024-001373","Login OTP not coming. Tried 3 times. Customer care line is always busy. App is useless. We have a big client visit next week. Please prioritize.","2023-07-27 07:01:00","Social Media","English","CUST-60783","Warehouse Operator","Ahmedabad","Gujarat","Refrigeration","Condensing Unit CR-5HP","Cheque","No","Not Requested","Rivigo","0","Escalated","25","168","No","4","Tablet","3.1.0","0"
"CMP-2024-001374","Compressor failure within 18 months. Manufacturer warranty should cover this. Do not send me to dealer. Carrier must take responsibility. Escalating to consumer forum if not resolved by tomorrow.","2023-04-08 01:45:00","Phone","English","CUST-64008","Restaurant Owner","Bhubaneswar","Odisha","Refrigeration","Screw Compressor Rack SR-20","Net Banking","No","Not Requested","Rivigo","10","Pending Customer","120","96","No","1","Desktop","3.1.0","2"
"CMP-2025-001375","High electricity consumption despite energy saving mode being on. Something is wrong with the inverter control.","2024-06-07 09:33:00","Dealer","English","CUST-14769","Cold Storage Operator","Noida","Uttar Pradesh","Refrigeration","Supermarket Ref SMR-Island","Credit Card","No","Not Requested","XpressBees","0","Resolved","240","168","Yes","4","Laptop","2.9.8","0"
"CMP-2025-001376","Water leak from ceiling mounted cassette unit. Staining the false ceiling and dripping on expensive equipment below.","2023-11-16 08:04:00","Email","English","CUST-60968","IT Park","Chandigarh","Punjab","Air Purifiers","Air One AO-100","Cash","No","Not Requested","Delhivery","0","Pending Parts","120","2","No","2","Windows Tablet","4.1.2","1"
"CMP-2023-001377","Heat rejection from outdoor units is excessive. Adjacent areas are getting very hot. Ventilation design issue or unit fault?","2024-12-04 14:48:00","WhatsApp","Hinglish","CUST-77608","Commercial Building Operator","Delhi","Delhi","Light Commercial","Ducted 40RUQ","Credit Card","Yes","Partially Processed","Blue Dart","30","Pending Parts","300","6","No","4","Desktop","4.0.0","2"
"CMP-2025-001378","Installation was scheduled for 3rd May. Today is 12th May. No one has come. No call. No update. Is this how Carrier treats commercial customers?","2023-06-24 18:58:00","Social Media","Hindi","CUST-31736","Maintenance Manager","Ranchi","Jharkhand","Light Commercial","Ducted 40MAQ","Credit Card","No","Not Requested","Rivigo","2","In Progress","120","24","No","1","Tablet","2.9.8","5"
"CMP-2023-001379","Water leak from ceiling mounted cassette unit. Staining the false ceiling and dripping on expensive equipment below. Please resolve on priority.","2023-12-09 01:54:00","Walk-in","Kannada","CUST-17477","IT Park","Gurugram","Haryana","Light Commercial","Ducted 40MAQ","NEFT","No","Not Requested","Shadowfax","0","Escalated","2880","72","No","1","iPhone","5.2.1","1"
"CMP-2024-001380","The compressor unit started vibrating heavily last evening. We had to shut it down manually. Need urgent repair. Need resolution within 24 hours.","2023-10-16 09:03:00","SMS","English","CUST-73154","Cold Storage Operator","Ludhiana","Punjab","Air Purifiers","Klarwind KW-300","Purchase Order","No","Not Requested","Shadowfax","10","Resolved","120","0","No","5","Windows Tablet","5.1.3","0"
"CMP-2023-001381","Technician visited, claimed to fix the issue, unit failed again within 6 hours. What kind of service is this?","2024-08-27 20:02:00","Social Media","English","CUST-12667","Facility Team","Chennai","Tamil Nadu","Air Purifiers","OptiClean OC-800","EMI","No","Not Requested","XpressBees","1","Pending Customer","1440","1","No","4","Android Phone","5.1.3","1"
"CMP-2023-001382","AMC coverage says parts are included but technician is asking us to pay for capacitor. Conflict with contract terms. This is absolutely ridiculous!!!","2024-04-26 18:44:00","Web Portal","Hinglish","CUST-24053","Office Admin","Navi Mumbai","Maharashtra","Commercial","Controls EcoAdvance","NEFT","No","Not Requested","Blue Dart","0","Escalated","15","48","No","1","Tablet","2.8.5","0"
"CMP-2025-001383","Refund rejected saying 'product opened'. But your own technician opened it during inspection! This is fraud. We have a big client visit next week. Please prioritize.","2024-02-19 12:00:00","Service Center","English","CUST-38720","Cold Storage Operator","Faridabad","Haryana","Commercial","Chiller 30XW-V","Cash","Yes","Pending","Delhivery","0","In Progress","720","1","No","2","Tablet","2.9.8","1"
"CMP-2025-001384","Outdoor unit installed at wrong orientation. Drainage blocked. Technician confirmed faulty installation but blaming us. Escalating to consumer forum if not resolved by tomorrow.","2025-03-03 11:07:00","Dealer","English","CUST-27921","Cold Storage Operator","Kota","Rajasthan","Air Purifiers","Air One AO-200","Cash","Yes","Approved","FedEx","30","Closed","720","2","No","2","Laptop","4.0.0","6"
"CMP-2024-001385","Outdoor unit is extremely hot to touch. Fan seems to be running slowly. Is this a condenser issue? Escalating to consumer forum if not resolved by tomorrow.","2024-05-14 12:56:00","Mobile App","English","CUST-89929","Mall Operator","Thane","Maharashtra","Light Commercial","Cassette 42UFC","UPI","No","Not Requested","Carrier Own Fleet","7","Pending Customer","15","168","No","1","Android Phone","5.1.3","2"
"CMP-2024-001386","We paid full amount in advance for installation. 3 weeks passed, no installation team. This is beyond frustrating. This is absolutely ridiculous!!!","2024-09-26 19:31:00","Mobile App","English","CUST-53128","HVAC Contractor","Noida","Uttar Pradesh","Refrigeration","Condensing Unit CR-10HP","Cash","No","Not Requested","Blue Dart","10","Open","1440","240","No","4","Android Phone","2.9.8","3"
"CMP-2024-001387","Temperature in storage went to 12C during night without any alarm. Dairy products spoiled. Need investigation. Highly disappointed.","2025-03-02 21:16:00","Email","English","CUST-71622","Industrial Facility","Meerut","Uttar Pradesh","Commercial","Air Handler AHU-3000","EMI","No","Not Requested","Blue Dart","12","In Progress","15","72","No","4","Laptop","2.9.8","2"
"CMP-2023-001388","Our screw compressor rack is showing abnormal discharge pressure. Suction is fine. Need expert diagnosis ASAP.","2024-02-01 10:32:00","Service Center","English","CUST-40356","Pharma Company","Bhopal","Madhya Pradesh","Air Purifiers","Klarwind KW-500","Debit Card","Yes","Rejected","Rivigo","15","Re-opened","720","168","No","1","Android Phone","3.3.5","6"
"CMP-2024-001389","Warranty claim rejected citing 'improper installation'. But installation was done by your own authorized dealer. Who is responsible? Need resolution within 24 hours.","2024-01-11 20:10:00","Mobile App","Hinglish","CUST-98312","Bank Branch","Hyderabad","Telangana","Refrigeration","Modular Cold Room MCR-10","EMI","Yes","Pending","Carrier Own Fleet","2","Pending Customer","120","24","No","3","Android Phone","5.2.1","2"
"CMP-2023-001390","AMC coverage says parts are included but technician is asking us to pay for capacitor. Conflict with contract terms.","2024-05-19 03:27:00","Chat Support","English","CUST-43458","Educational Institution","Vijayawada","Andhra Pradesh","Commercial","Chiller 30XW-V","NEFT","Yes","Pending","Blue Dart","10","Open","60","336","No","2","Android Phone","3.3.5","2"
"CMP-2023-001391","Compressor seized. Cold room temperature rising. We have Rs 15 lakh worth of pharmaceutical stock inside. URGENT. Need resolution within 24 hours.","2025-01-28 05:11:00","Social Media","Hinglish","CUST-96733","Facility Team","Gurugram","Haryana","Air Purifiers","Klarwind KW-300","Cash","No","Not Requested","Amazon Logistics","10","Re-opened","1440","48","No","5","Android Phone","2.8.5","0"
"CMP-2025-001392","Our factory expansion was delayed because Carrier could not install the HVAC on time. We are losing lakhs daily. Where is the accountability? Escalating to consumer forum if not resolved by tomorrow.","2024-11-13 15:58:00","Phone","English","CUST-52285","Industrial Facility","Raipur","Chhattisgarh","Light Commercial","Carrier VRF X Power 40VYX","Purchase Order","Yes","Processed","Mahindra Logistics","0","In Progress","720","96","No","1","Android Phone","2.8.5","0"
"CMP-2024-001393","Vibration from the compressor unit is shaking the entire wall. Noise level measured at 78 dB. Far above spec. 😡 Very frustrated.","2023-05-04 06:57:00","Phone","English","CUST-99401","Cold Storage Operator","Allahabad","Uttar Pradesh","Refrigeration","Inverter Condensing Unit ICU-10","Net Banking","No","Not Requested","Blue Dart","0","In Progress","15","336","Yes","1","Android Phone","5.0.0","0"
"CMP-2023-001394","Electricity bill doubled after installation of new Carrier unit. Star rating says 5-star but consumption is huge. 😡 Very frustrated.","2023-08-04 16:35:00","SMS","English","CUST-73842","Pharma Company","Amritsar","Punjab","Refrigeration","Condensing Unit CR-5HP","Net Banking","No","Not Requested","Blue Dart","2","Pending Customer","60","36","Yes","1","Windows Tablet","4.0.0","0"
"CMP-2024-001395","Unit goes into protection mode due to high discharge temperature. Error E12 visible on panel. Ambient temp is 42C but unit is rated for 50C. We have a big client visit next week. Please prioritize.","2025-04-06 14:57:00","Social Media","English","CUST-95638","Warehouse Operator","Mysuru","Karnataka","Light Commercial","Floor Standing 42CF","Purchase Order","Yes","Processed","DTDC","15","Pending Customer","8","72","No","2","Laptop","3.2.1","2"
"CMP-2024-001396","Cooling inconsistent since installation 3 months ago. Raised ticket twice before. Still same issue. Please don't just close the ticket without solving the issue.","2024-03-21 12:20:00","Mobile App","Hindi","CUST-10557","Facility Team","Thane","Maharashtra","Light Commercial","Carrier VRF X Power 38VYX","Net Banking","No","Not Requested","XpressBees","1","Pending Parts","1440","48","No","4","iPhone","5.2.1","1"
"CMP-2025-001397","Unit delivered with dents on the casing. Outer packaging also damaged. Looks like it was mishandled during transit.","2023-12-07 14:14:00","WhatsApp","English","CUST-39304","Cold Storage Operator","Bhubaneswar","Odisha","Refrigeration","Evaporator Unit EU-3000","EMI","No","Not Requested","Amazon Logistics","20","Pending Customer","120","120","No","2","Android Phone","4.2.0","0"
"CMP-2023-001398","AMC contract signed 6 months ago. Only one service visit done so far. Quarterly service is not happening as promised.","2024-07-29 12:34:00","Service Center","English","CUST-47918","Office Admin","Jaipur","Rajasthan","Light Commercial","Carrier VRF X Power 40VYX","Purchase Order","No","Not Requested","Rivigo","30","Resolved","90","0","No","1","iPhone","4.3.1","2"
"CMP-2024-001399","Unit delivered with dents on the casing. Outer packaging also damaged. Looks like it was mishandled during transit. Under warranty. Do not charge us.","2025-03-30 18:55:00","Service Center","Hindi","CUST-57609","Office Admin","Raipur","Chhattisgarh","Light Commercial","Floor Standing 42NQ","EMI","Yes","Under Review","Carrier Own Fleet","5","In Progress","120","12","No","3","Desktop","4.1.2","4"
"CMP-2025-001400","Pipe insulation not done properly. Condensation forming on pipes and dripping. Basic installation mistake. Third time raising this complaint.","2025-02-20 02:25:00","Mobile App","Hindi","CUST-59375","Office Admin","Vadodara","Gujarat","Light Commercial","Floor Standing 42CF","RTGS","No","Not Requested","Delhivery","2","Resolved","240","72","No","4","iPad","5.0.0","0"
"CMP-2025-001401","Outdoor unit is extremely hot to touch. Fan seems to be running slowly. Is this a condenser issue?","2024-09-22 17:34:00","Mobile App","English","CUST-82817","Data Centre","Tiruchirappalli","Tamil Nadu","Air Purifiers","Klarwind KW-300","Cash","Yes","Under Review","XpressBees","1","Resolved","180","0","Yes","2","iPad","2.9.8","2"
"CMP-2023-001402","Bhai ek baar thanda karta hai fir garam. On-off on-off. Compressor issue lagta hai. Please check karo. Need resolution within 24 hours.","2023-02-12 17:07:00","Mobile App","English","CUST-35243","Industrial Facility","Kochi","Kerala","Commercial","Chiller AquaEdge 19DV","Credit Card","No","Not Requested","DTDC","0","Pending Customer","180","168","No","4","Windows Tablet","5.1.3","0"
"CMP-2025-001403","This is the 6th breakdown in 8 months. Every time technician comes, 'fixes' it, and within 2 weeks same problem returns. ENOUGH. 😡 Very frustrated.","2024-03-04 00:56:00","WhatsApp","Hindi","CUST-19841","Retail Store","Kochi","Kerala","Refrigeration","Screw Compressor Rack SR-50","Cheque","Yes","Approved","Rivigo","1","Resolved","15","72","No","5","Tablet","5.1.3","1"
"CMP-2024-001404","Carrier mobile app crashes every time I try to view energy reports. Android 13, latest app version.","2023-06-26 12:00:00","Chat Support","English","CUST-10063","Restaurant Owner","Thane","Maharashtra","Commercial","Chiller 30XW-V","Cheque","Yes","Processed","XpressBees","20","Re-opened","15","6","No","2","Laptop","4.2.0","0"
"CMP-2025-001405","Pipe insulation not done properly. Condensation forming on pipes and dripping. Basic installation mistake. Escalating to consumer forum if not resolved by tomorrow.","2024-05-28 18:43:00","Dealer","English","CUST-95097","Hotel","Meerut","Uttar Pradesh","Air Purifiers","Air One AO-100","Credit Card","No","Not Requested","FedEx","2","Pending Customer","25","8","No","2","iPad","4.0.0","0"
"CMP-2024-001406","Controller touchscreen unresponsive. Had to manually switch off from breaker. Need replacement. Highly disappointed.","2024-11-16 18:23:00","Walk-in","Hinglish","CUST-42937","Facility Team","Chandigarh","Punjab","Refrigeration","Modular Cold Room MCR-25","EMI","No","Not Requested","Blue Dart","15","Escalated","1440","36","No","1","Tablet","4.0.0","5"
"CMP-2024-001407","Electrical connections were left exposed during installation. Safety hazard. Had to call an electrician to fix.","2024-08-26 05:00:00","Dealer","Hinglish","CUST-60210","Commercial Building Operator","Faridabad","Haryana","Light Commercial","Ducted 40MAQ","RTGS","No","Not Requested","Shadowfax","30","Resolved","300","240","No","2","iPhone","4.0.0","0"
"CMP-2025-001408","Technician visited, claimed to fix the issue, unit failed again within 6 hours. What kind of service is this? Complaint ID from last time: 27534183","2023-12-14 20:30:00","Social Media","Telugu","CUST-14288","Retail Store","Jaipur","Rajasthan","Commercial","Air Handler AHU-5000","Cash","No","Not Requested","DTDC","0","Pending Parts","15","720","No","5","iPad","3.1.0","1"
"CMP-2025-001409","Temperature in storage went to 12C during night without any alarm. Dairy products spoiled. Need investigation. Escalating to consumer forum if not resolved by tomorrow.","2024-09-28 02:01:00","Web Portal","English","CUST-41238","Hotel","Ghaziabad","Uttar Pradesh","Refrigeration","Supermarket Ref SMR-MultiDeck","Cheque","No","Not Requested","Shadowfax","0","Pending Parts","240","24","No","4","Laptop","5.0.0","1"
"CMP-2023-001410","Water dripping from the indoor unit directly onto our workstations. Urgent issue. Data could be damaged. Please don't just close the ticket without solving the issue.","2024-07-25 05:25:00","Email","English","CUST-94202","Educational Institution","Aurangabad","Maharashtra","Refrigeration","Supermarket Ref SMR-Island","Cash","No","Not Requested","Carrier Own Fleet","7","Escalated","240","72","No","2","Desktop","4.0.0","2"
"CMP-2025-001411","i-Vu controller shows error 'Communication Lost' since last night. Unable to control any zone from central panel. Please don't just close the ticket without solving the issue.","2023-09-16 11:28:00","SMS","English","CUST-16278","Retail Store","Ahmedabad","Gujarat","Air Purifiers","Klarwind KW-300","Debit Card","Yes","Rejected","Rivigo","12","Pending Parts","8","36","No","1","iPhone","5.1.3","2"
"CMP-2025-001412","Because of your equipment failure, our restaurant had to shut for 2 days. Loss of business and spoiled inventory. This is unacceptable. Escalating to consumer forum if not resolved by tomorrow.","2024-01-13 21:32:00","Chat Support","English","CUST-68598","IT Park","Chennai","Tamil Nadu","Refrigeration","Evaporator Unit EU-5000","UPI","No","Not Requested","Shadowfax","3","Pending Customer","30","8","No","1","iPhone","4.2.0","3"
"CMP-2024-001413","Gas leakage from the indoor unit. There is an oily stain near copper pipe joints. Very concerning. Need resolution within 24 hours.","2025-02-18 18:33:00","Dealer","English","CUST-64298","Office Admin","Thane","Maharashtra","Air Purifiers","OptiClean OC-400","NEFT","No","Not Requested","Carrier Own Fleet","2","In Progress","12","168","Yes","4","Windows Tablet","5.0.0","1"
"CMP-2023-001414","Electrical connections were left exposed during installation. Safety hazard. Had to call an electrician to fix. Third time raising this complaint.","2023-05-21 12:43:00","Web Portal","Hinglish","CUST-86469","Cold Storage Operator","Ludhiana","Punjab","Air Purifiers","OptiClean OC-400","Purchase Order","No","Not Requested","XpressBees","0","In Progress","15","504","Yes","2","iPad","3.3.5","0"
"CMP-2023-001415","Waiting for spare parts for 35 days. Technician has identified fault. Parts stuck in warehouse apparently. No timeline given.","2024-02-09 05:20:00","Phone","English","CUST-74021","Facility Team","Raipur","Chhattisgarh","Air Purifiers","Klarwind KW-500","NEFT","No","Not Requested","Blue Dart","25","Re-opened","12","24","No","1","Windows Tablet","5.1.3","0"
"CMP-2023-001416","Refund pending since 3 weeks. Very disappointing experience. Will not recommend Carrier to anyone. 😡 Very frustrated.","2025-01-07 22:37:00","Dealer","English","CUST-55818","Hospital","Guwahati","Assam","Air Purifiers","OptiClean OC-400","UPI","Yes","Rejected","DTDC","0","In Progress","1440","336","No","4","Android Phone","3.3.5","1"
"CMP-2024-001417","We paid full amount in advance for installation. 3 weeks passed, no installation team. This is beyond frustrating. Please don't just close the ticket without solving the issue.","2023-08-06 08:57:00","WhatsApp","English","CUST-53883","Educational Institution","Navi Mumbai","Maharashtra","Air Purifiers","Klarwind KW-500","UPI","No","Not Requested","DTDC","0","Closed","15","24","Yes","1","Tablet","3.2.1","2"
"CMP-2023-001418","Warranty document says 5 years comprehensive. Your service team is claiming 1 year. Please clarify and honour the warranty.","2024-05-07 08:25:00","Dealer","Tamil","CUST-64041","Data Centre","Ranchi","Jharkhand","Refrigeration","Supermarket Ref SMR-MultiDeck","NEFT","No","Not Requested","Delhivery","0","Re-opened","12","12","No","3","Desktop","4.3.1","0"
"CMP-2025-001419","5th visit by technician. Same issue. Either the team is incompetent or they are hiding a design defect. I want a senior engineer.","2024-01-07 10:34:00","Service Center","Tamil","CUST-59775","IT Park","Indore","Madhya Pradesh","Air Purifiers","OptiClean OC-800","Credit Card","No","Not Requested","Rivigo","0","Open","10","504","No","3","Windows Tablet","4.0.0","3"
"CMP-2024-001420","Temperature in storage went to 12C during night without any alarm. Dairy products spoiled. Need investigation. Highly disappointed.","2024-11-03 12:42:00","Web Portal","English","CUST-85118","Cold Storage Operator","Kanpur","Uttar Pradesh","Refrigeration","Inverter Condensing Unit ICU-10","Cheque","No","Not Requested","Amazon Logistics","10","Escalated","1440","2","Yes","4","Android Phone","2.8.5","4"
"CMP-2024-001421","Freezer unit stopped working last night. Fish stock worth Rs 3 lakh completely spoiled. Carrier will be held responsible. Complaint ID from last time: 00636210","2024-11-26 02:24:00","Mobile App","English","CUST-68370","Mall Operator","Amritsar","Punjab","Commercial","Chiller 30XW-V","EMI","Yes","Pending","Ekart","20","Escalated","240","168","No","2","Windows Tablet","2.8.5","2"
"CMP-2025-001422","Delivery delayed by 12 days. Installation could not happen. Our inauguration date missed. Carrier responsible. Please don't just close the ticket without solving the issue.","2024-04-16 15:44:00","Email","English","CUST-57256","Maintenance Manager","Ghaziabad","Uttar Pradesh","Commercial","Controls EcoAdvance","Debit Card","No","Not Requested","Shadowfax","25","In Progress","90","72","No","4","iPhone","5.0.0","0"
"CMP-2023-001423","EcoAdvance controller crashing randomly. Display goes blank. Restarts after 10-15 mins. Very disruptive for our hotel operations. Highly disappointed.","2024-04-27 08:26:00","Email","English","CUST-18432","Restaurant Owner","Varanasi","Uttar Pradesh","Air Purifiers","Klarwind KW-500","RTGS","No","Not Requested","Mahindra Logistics","0","Resolved","20","48","Yes","3","Desktop","3.3.5","5"
"CMP-2023-001424","Same fault code keeps returning every 3-4 weeks. Error E07. Capacitor changed, still same. Something else is the root cause. Please resolve on priority.","2023-06-08 07:44:00","Walk-in","English","CUST-26992","Educational Institution","Vadodara","Gujarat","Refrigeration","Supermarket Ref SMR-MultiDeck","Credit Card","No","Not Requested","Ekart","0","Resolved","30","8","Yes","2","Tablet","4.0.0","2"
"CMP-2024-001425","EcoAdvance controller crashing randomly. Display goes blank. Restarts after 10-15 mins. Very disruptive for our hotel operations. Third time raising this complaint.","2023-11-04 15:10:00","Dealer","Hinglish","CUST-97056","Maintenance Manager","Gurugram","Haryana","Refrigeration","Inverter Condensing Unit ICU-5","Cheque","Yes","Partially Processed","Carrier Own Fleet","15","Open","300","72","No","3","iPhone","3.2.1","0"
"CMP-2023-001426","PCB board ordered. Was told 7-10 days delivery. Today is day 21. No update from anyone. 😡 Very frustrated.","2025-04-18 11:48:00","Email","Telugu","CUST-98820","Facility Team","Chandigarh","Punjab","Commercial","Air Handler AHU-3000","RTGS","No","Not Requested","Blue Dart","1","Open","720","24","Yes","2","Laptop","2.9.8","0"
"CMP-2024-001427","Partial refund received but deducted 20% without any explanation. No one is telling me why. I want full refund. We have a big client visit next week. Please prioritize.","2023-07-18 12:50:00","SMS","English","CUST-60942","Facility Team","Bhopal","Madhya Pradesh","Light Commercial","Ducted 40RUQ","NEFT","No","Not Requested","Mahindra Logistics","10","Pending Parts","30","24","No","5","iPad","3.3.5","1"
"CMP-2025-001428","Wrong model delivered. Ordered 5HP condensing unit, received 3HP. This is a basic error. Under warranty. Do not charge us.","2023-10-25 06:35:00","SMS","Hinglish","CUST-42096","Maintenance Manager","Vadodara","Gujarat","Commercial","Chiller AquaEdge 19DV","Net Banking","Yes","Under Review","Amazon Logistics","0","Pending Customer","5","1","No","2","iPhone","4.3.1","0"
"CMP-2025-001429","Product registered on your portal. Warranty active. But system is still asking us to pay for repair. Frustrated with this process. Please don't just close the ticket without solving the issue.","2023-08-30 13:24:00","Email","Hinglish","CUST-79813","Facility Team","Raipur","Chhattisgarh","Commercial","Controls i-Vu Open","Debit Card","No","Not Requested","Amazon Logistics","0","Escalated","180","240","No","3","Tablet","5.0.0","0"
"CMP-2025-001430","Temperature probe giving wrong readings. Actual temp -5C but display shows -20C. How can we trust this system? Escalating to consumer forum if not resolved by tomorrow.","2023-04-26 20:39:00","Social Media","English","CUST-44399","HVAC Contractor","Noida","Uttar Pradesh","Refrigeration","Modular Cold Room MCR-25","Cheque","No","Not Requested","Shadowfax","15","Resolved","90","504","No","2","Laptop","5.0.0","2"
"CMP-2023-001431","AMC renewal done but service schedule not shared. Who is my assigned service engineer? No one tells me. Complaint ID from last time: 12384877","2024-01-28 02:50:00","Chat Support","English","CUST-81864","Bank Branch","Ghaziabad","Uttar Pradesh","Refrigeration","Inverter Condensing Unit ICU-10","RTGS","No","Not Requested","Shadowfax","2","Escalated","15","12","No","1","Android Phone","2.8.5","0"
"CMP-2023-001432","Current draw is 18A against rated 12A. Motor or capacitor issue suspected. Please send service team. Will share on social media if no action.","2024-07-17 11:18:00","Email","English","CUST-84353","Office Admin","Jodhpur","Rajasthan","Light Commercial","Carrier VRF X Power 38VYX","NEFT","No","Not Requested","Amazon Logistics","30","Resolved","240","72","No","2","Android Phone","3.3.5","1"
"CMP-2025-001433","Technician was very rude on phone. We are a paying customer. This behavior is not acceptable. Under warranty. Do not charge us.","2023-11-18 18:42:00","Social Media","English","CUST-84753","Cold Storage Operator","Surat","Gujarat","Light Commercial","Cassette 42UFS","Purchase Order","No","Not Requested","Blue Dart","1","Re-opened","720","504","No","4","Windows Tablet","5.0.0","0"
"CMP-2025-001434","Capacitor replaced 3 weeks ago. Failed again. Is this a genuine Carrier part or counterfeit? Demanding certificate of authenticity. Please don't just close the ticket without solving the issue.","2023-08-13 18:41:00","Social Media","Tamil","CUST-42408","Pharma Company","Faridabad","Haryana","Refrigeration","Modular Cold Room MCR-10","Purchase Order","No","Not Requested","XpressBees","0","Pending Customer","90","1","No","1","Windows Tablet","2.8.5","3"
"CMP-2024-001435","Supermarket display cases temperature alarm triggering 3-4 times per day. Staff constantly resetting. Major issue.","2023-01-18 14:39:00","Web Portal","Tamil","CUST-33850","Hospital","Meerut","Uttar Pradesh","Air Purifiers","Klarwind KW-300","Cash","No","Not Requested","Delhivery","20","Closed","180","36","Yes","4","Tablet","4.1.2","0"
"CMP-2025-001436","Cold room not reaching setpoint of -18C. Best we get is -12C. Compressor running 100% time. Possible refrigerant undercharge. Please don't just close the ticket without solving the issue.","2023-06-18 08:51:00","SMS","English","CUST-82563","Office Admin","Vijayawada","Andhra Pradesh","Refrigeration","Supermarket Ref SMR-MultiDeck","Credit Card","No","Not Requested","XpressBees","1","Closed","5","504","No","4","iPad","4.0.0","2"
"CMP-2023-001437","Defrost cycle seems to be running too long. Temperature rises to +5C during defrost. Products are thawing partially. Complaint ID from last time: 65972683","2023-02-04 14:47:00","Email","English","CUST-20757","Industrial Facility","Bengaluru","Karnataka","Refrigeration","Evaporator Unit EU-5000","Cheque","No","Not Requested","Delhivery","0","Resolved","720","6","No","1","Tablet","4.0.0","2"
"CMP-2024-001438","System not cooling at all. Temperature showing 32C inside. Very hot. Please help urgently.","2023-10-23 23:36:00","WhatsApp","English","CUST-21071","Restaurant Owner","Navi Mumbai","Maharashtra","Commercial","Controls EcoAdvance","UPI","Yes","Processed","Ekart","0","Pending Customer","480","24","Yes","2","Tablet","4.1.2","0"
"CMP-2023-001439","Unit delivered without accessories. Remote, drain pipes, all missing. Had to chase dealer for 1 week. Will share on social media if no action.","2024-11-13 13:02:00","Dealer","Hinglish","CUST-73012","Commercial Building Operator","Ludhiana","Punjab","Air Purifiers","Air One AO-200","UPI","No","Not Requested","Carrier Own Fleet","12","In Progress","60","1","No","1","Laptop","2.8.5","1"
"CMP-2024-001440","Cooling performance dropped drastically. Was giving 18C earlier, now barely reaching 26C even at full blast. Something is wrong.","2024-10-05 17:58:00","Walk-in","English","CUST-79284","Food Processing Unit","Lucknow","Uttar Pradesh","Light Commercial","Carrier VRF X Power 40VYX","Cash","No","Not Requested","Amazon Logistics","20","Re-opened","5","8","Yes","3","Android Phone","3.3.5","3"
"CMP-2023-001441","Cooling performance dropped drastically. Was giving 18C earlier, now barely reaching 26C even at full blast. Something is wrong. We have a big client visit next week. Please prioritize.","2024-01-24 00:33:00","SMS","English","CUST-66114","Hotel","Kolkata","West Bengal","Air Purifiers","OptiClean OC-800","RTGS","No","Not Requested","FedEx","30","In Progress","30","24","No","1","Windows Tablet","4.1.2","1"
"CMP-2025-001442","Electrical connections were left exposed during installation. Safety hazard. Had to call an electrician to fix.","2023-05-14 20:30:00","Email","English","CUST-84800","Data Centre","Mysuru","Karnataka","Commercial","Heat Pump 30RQV","NEFT","No","Not Requested","Amazon Logistics","7","Pending Customer","240","24","No","3","Android Phone","2.8.5","2"
"CMP-2025-001443","Freezer unit stopped working last night. Fish stock worth Rs 3 lakh completely spoiled. Carrier will be held responsible. Complaint ID from last time: 83647224","2023-11-30 16:58:00","Phone","Hinglish","CUST-15030","Mall Operator","Noida","Uttar Pradesh","Light Commercial","Ducted 40RUQ","RTGS","Yes","Rejected","XpressBees","3","Closed","45","24","No","1","Windows Tablet","5.2.1","0"
"CMP-2024-001444","Technician suggested we buy a new unit. But this unit is only 14 months old!! Under warranty. Will escalate legally if needed.","2023-10-07 22:55:00","Social Media","Kannada","CUST-81268","Pharma Company","Allahabad","Uttar Pradesh","Light Commercial","Carrier VRF X Power 40VYX","Debit Card","Yes","Pending","XpressBees","25","In Progress","20","336","Yes","5","Tablet","5.1.3","1"
"CMP-2023-001445","Gas leakage from the indoor unit. There is an oily stain near copper pipe joints. Very concerning.","2023-08-17 00:14:00","SMS","Hinglish","CUST-48542","Cold Storage Operator","Kota","Rajasthan","Commercial","Fan Coil Unit FCU-200","EMI","Yes","Rejected","Blue Dart","1","Pending Parts","45","96","No","2","Laptop","3.3.5","5"
"CMP-2024-001446","Technician visited, claimed to fix the issue, unit failed again within 6 hours. What kind of service is this? Need resolution within 24 hours.","2024-04-08 12:11:00","WhatsApp","Telugu","CUST-86546","Commercial Building Operator","Allahabad","Uttar Pradesh","Air Purifiers","Air One AO-200","NEFT","Yes","Pending","Rivigo","0","Re-opened","12","336","No","3","Android Phone","4.2.0","0"
"CMP-2023-001447","Unit delivered with dents on the casing. Outer packaging also damaged. Looks like it was mishandled during transit. Third time raising this complaint.","2023-12-07 01:54:00","Mobile App","English","CUST-23734","Commercial Building Operator","Kanpur","Uttar Pradesh","Refrigeration","Inverter Condensing Unit ICU-5","NEFT","Yes","Partially Processed","XpressBees","1","Resolved","2880","240","No","1","Desktop","5.2.1","5"
"CMP-2024-001448","Yaar gas toh phir se leak ho gayi. Teen mahine mein teesri baar. Yeh kab tak chalega? Under warranty. Do not charge us.","2025-04-28 13:08:00","Email","Hinglish","CUST-34818","Educational Institution","Nagpur","Maharashtra","Refrigeration","Condensing Unit CR-10HP","Purchase Order","No","Not Requested","Carrier Own Fleet","3","Closed","20","504","No","2","Android Phone","5.2.1","0"
"CMP-2024-001449","Pani tapat raha hai AC se. Below mein customer seating area hai. Please immediately send someone. Complaint ID from last time: 64402613","2023-07-15 09:09:00","Walk-in","English","CUST-54759","Cold Storage Operator","Kolkata","West Bengal","Light Commercial","Ducted 40MAQ","Cheque","No","Not Requested","Delhivery","0","Escalated","720","48","Yes","5","Desktop","3.2.1","0"
"CMP-2025-001450","Evaporator icing up completely within 6 hours. Has to be manually defrosted. Happened every day this week. Need resolution within 24 hours.","2024-10-15 01:32:00","Mobile App","Hindi","CUST-78890","Retail Store","Hubballi","Karnataka","Commercial","Controls EcoAdvance","Net Banking","No","Not Requested","DTDC","2","Pending Parts","25","24","No","1","Windows Tablet","2.8.5","1"
"CMP-2025-001451","Every time I call, I have to explain the entire problem from scratch. Don't you maintain complaint history? Please don't just close the ticket without solving the issue.","2023-09-11 07:09:00","Dealer","English","CUST-68828","Food Processing Unit","Noida","Uttar Pradesh","Refrigeration","Screw Compressor Rack SR-50","NEFT","No","Not Requested","Shadowfax","15","In Progress","1440","24","No","4","iPad","4.3.1","2"
"CMP-2024-001452","Commissioning not done properly. Unit was just switched on and technician left. No testing, no parameter setting. Highly disappointed.","2025-03-17 02:12:00","Dealer","Hinglish","CUST-55426","IT Park","Surat","Gujarat","Refrigeration","Screw Compressor Rack SR-20","EMI","Yes","Partially Processed","Shadowfax","0","Pending Customer","30","168","No","2","Laptop","2.8.5","0"
"CMP-2023-001453","Carrier mobile app crashes every time I try to view energy reports. Android 13, latest app version.","2023-12-16 07:19:00","Email","English","CUST-82689","Educational Institution","Thane","Maharashtra","Light Commercial","Ducted 40RUQ","Debit Card","No","Not Requested","Carrier Own Fleet","1","Open","12","168","No","4","Tablet","3.1.0","1"
"CMP-2023-001454","Wrong model delivered. Ordered 5HP condensing unit, received 3HP. This is a basic error. Complaint ID from last time: 80193889","2023-07-18 02:07:00","Walk-in","English","CUST-97575","Restaurant Owner","Jodhpur","Rajasthan","Refrigeration","Evaporator Unit EU-3000","Debit Card","Yes","Processed","Ekart","10","In Progress","240","96","Yes","1","Android Phone","2.8.5","6"
"CMP-2024-001455","Bhai ek baar thanda karta hai fir garam. On-off on-off. Compressor issue lagta hai. Please check karo.","2023-05-25 13:58:00","SMS","English","CUST-28815","Maintenance Manager","Allahabad","Uttar Pradesh","Light Commercial","Ducted 40MAQ","RTGS","Yes","Partially Processed","Rivigo","2","Pending Parts","5","6","No","3","Desktop","3.1.0","0"
"CMP-2023-001456","Smell of refrigerant inside the machine room. Possible gas leak. Evacuation precaution taken. Please send certified technician. Under warranty. Do not charge us.","2024-10-29 00:25:00","WhatsApp","Tamil","CUST-90626","Mall Operator","Hyderabad","Telangana","Commercial","Controls EcoAdvance","RTGS","No","Not Requested","FedEx","1","Pending Parts","240","120","Yes","4","iPhone","4.3.1","2"
"CMP-2023-001457","Freezer unit stopped working last night. Fish stock worth Rs 3 lakh completely spoiled. Carrier will be held responsible. Need resolution within 24 hours.","2024-12-03 14:05:00","Mobile App","Telugu","CUST-35910","Bank Branch","Delhi","Delhi","Light Commercial","Cassette 42UFC","Purchase Order","No","Not Requested","Blue Dart","0","Pending Customer","240","72","No","2","Laptop","3.1.0","0"
"CMP-2023-001458","Outdoor unit installed at wrong orientation. Drainage blocked. Technician confirmed faulty installation but blaming us. Need resolution within 24 hours.","2024-09-22 05:04:00","Web Portal","English","CUST-70535","Restaurant Owner","Chandigarh","Punjab","Commercial","Chiller AquaEdge 19DV","Net Banking","No","Not Requested","Shadowfax","5","Resolved","15","720","No","2","iPad","4.2.0","2"
"CMP-2023-001459","Pani tapat raha hai AC se. Below mein customer seating area hai. Please immediately send someone.","2024-06-02 17:25:00","Mobile App","English","CUST-88663","HVAC Contractor","Amritsar","Punjab","Commercial","Air Handler AHU-3000","Cash","No","Not Requested","Shadowfax","3","Closed","30","240","No","1","Laptop","2.9.8","0"
"CMP-2023-001460","Compressor failure within 18 months. Manufacturer warranty should cover this. Do not send me to dealer. Carrier must take responsibility. Under warranty. Do not charge us.","2024-01-05 01:00:00","Service Center","Telugu","CUST-70918","Warehouse Operator","Guwahati","Assam","Commercial","Fan Coil Unit FCU-400","Debit Card","No","Not Requested","Delhivery","1","In Progress","60","36","No","5","Tablet","5.2.1","0"
"CMP-2023-001461","Vibration from the compressor unit is shaking the entire wall. Noise level measured at 78 dB. Far above spec.","2023-04-29 01:05:00","Mobile App","English","CUST-14062","Office Admin","Guwahati","Assam","Light Commercial","Ducted 40RUQ","RTGS","No","Not Requested","Blue Dart","30","Resolved","20","168","Yes","5","iPhone","3.2.1","6"
"CMP-2025-001462","Refund approved by your team on email. Bank account details submitted. Still no transfer after 3 weeks. Please check.","2024-07-16 04:12:00","Phone","English","CUST-18363","IT Park","Kolkata","West Bengal","Refrigeration","Modular Cold Room MCR-25","Purchase Order","No","Not Requested","Amazon Logistics","15","Re-opened","20","48","Yes","4","iPad","3.2.1","5"
"CMP-2023-001463","Waiting for spare parts for 35 days. Technician has identified fault. Parts stuck in warehouse apparently. No timeline given. Please resolve on priority.","2025-04-01 13:14:00","Walk-in","Hinglish","CUST-58376","Office Admin","Navi Mumbai","Maharashtra","Refrigeration","Condensing Unit CR-10HP","RTGS","No","Not Requested","Amazon Logistics","1","Escalated","5","1","No","2","iPad","5.1.3","6"
"CMP-2024-001464","Water dripping from the indoor unit directly onto our workstations. Urgent issue. Data could be damaged. Please resolve on priority.","2023-07-17 11:56:00","Service Center","English","CUST-68169","Maintenance Manager","Kolkata","West Bengal","Air Purifiers","OptiClean OC-400","Credit Card","Yes","Processed","DTDC","0","Pending Customer","25","8","No","2","iPad","2.8.5","0"
"CMP-2025-001465","Defrost cycle seems to be running too long. Temperature rises to +5C during defrost. Products are thawing partially.","2024-02-15 23:35:00","Web Portal","English","CUST-72567","Hotel","Vadodara","Gujarat","Commercial","Air Handler AHU-5000","Debit Card","Yes","Approved","Amazon Logistics","1","Resolved","60","168","No","3","Desktop","4.2.0","3"
"CMP-2024-001466","AMC renewal done but service schedule not shared. Who is my assigned service engineer? No one tells me.","2024-11-29 13:25:00","Chat Support","English","CUST-50667","Facility Team","Madurai","Tamil Nadu","Commercial","Controls i-Vu Open","RTGS","No","Not Requested","Blue Dart","5","Closed","5","6","No","1","Laptop","4.3.1","0"
"CMP-2024-001467","No cooling. Hotel guests are complaining loudly. This is peak summer season. You are ruining our reputation. Fix this NOW. Escalating to consumer forum if not resolved by tomorrow.","2023-04-03 21:33:00","SMS","Hindi","CUST-21514","Food Processing Unit","Surat","Gujarat","Commercial","Fan Coil Unit FCU-400","RTGS","No","Not Requested","Shadowfax","25","Pending Customer","120","240","No","1","Android Phone","3.2.1","0"
"CMP-2025-001468","Commissioning not done properly. Unit was just switched on and technician left. No testing, no parameter setting. 😡 Very frustrated.","2023-03-18 03:26:00","Mobile App","English","CUST-45551","Retail Store","Patna","Bihar","Commercial","Air Handler AHU-5000","NEFT","No","Not Requested","Carrier Own Fleet","12","Pending Parts","240","8","No","3","iPhone","3.3.5","2"
"CMP-2023-001469","Indoor unit is not level. Water not draining properly because of tilt. Poor workmanship.","2023-08-18 16:51:00","Chat Support","English","CUST-22818","Facility Team","Guwahati","Assam","Light Commercial","Ducted 40RUQ","NEFT","No","Not Requested","FedEx","25","Pending Customer","15","4","No","2","Desktop","4.3.1","2"
"CMP-2024-001470","We paid full amount in advance for installation. 3 weeks passed, no installation team. This is beyond frustrating. Will share on social media if no action.","2024-10-23 09:06:00","Phone","Hindi","CUST-37943","IT Park","Madurai","Tamil Nadu","Commercial","Fan Coil Unit FCU-400","NEFT","No","Not Requested","FedEx","7","In Progress","30","72","Yes","2","Tablet","2.9.8","0"
"CMP-2025-001471","Product registered on your portal. Warranty active. But system is still asking us to pay for repair. Frustrated with this process. Need resolution within 24 hours.","2023-08-21 00:17:00","Phone","Hindi","CUST-98300","Facility Team","Tirupur","Tamil Nadu","Air Purifiers","OptiClean OC-800","NEFT","No","Not Requested","Amazon Logistics","0","Escalated","30","48","No","3","Desktop","2.8.5","0"
"CMP-2023-001472","Unit delivered without accessories. Remote, drain pipes, all missing. Had to chase dealer for 1 week. Escalating to consumer forum if not resolved by tomorrow.","2023-03-20 21:51:00","Service Center","English","CUST-16393","HVAC Contractor","Mumbai","Maharashtra","Light Commercial","Floor Standing 42NQ","Credit Card","Yes","Partially Processed","DTDC","1","Pending Customer","2880","168","Yes","5","Windows Tablet","5.0.0","2"
"CMP-2025-001473","Cooling inconsistent since installation 3 months ago. Raised ticket twice before. Still same issue. Complaint ID from last time: 52905509","2024-05-09 18:09:00","Social Media","English","CUST-79551","HVAC Contractor","Aurangabad","Maharashtra","Light Commercial","Floor Standing 42CF","Cheque","No","Not Requested","Blue Dart","25","Escalated","20","48","Yes","2","Desktop","3.2.1","0"
"CMP-2025-001474","Water dripping from the indoor unit directly onto our workstations. Urgent issue. Data could be damaged.","2024-06-06 17:47:00","SMS","English","CUST-61609","Mall Operator","Nagpur","Maharashtra","Commercial","Air Handler AHU-5000","Net Banking","No","Not Requested","DTDC","0","Pending Customer","2880","8","Yes","2","iPad","3.3.5","1"
"CMP-2023-001475","AC gas leaking. Technician came 10 days ago and topped up. Same problem again. Are they not fixing root cause?? Need resolution within 24 hours.","2023-12-19 13:07:00","Dealer","English","CUST-70357","Hotel","Visakhapatnam","Andhra Pradesh","Commercial","Fan Coil Unit FCU-400","NEFT","No","Not Requested","Mahindra Logistics","0","Escalated","15","24","No","2","iPhone","5.2.1","0"
"CMP-2024-001476","The iOS app version 4.2.0 randomly logs me out. Have to re-enter credentials daily. Bug please fix. Please don't just close the ticket without solving the issue.","2024-08-31 07:57:00","Service Center","English","CUST-24671","Commercial Building Operator","Madurai","Tamil Nadu","Refrigeration","Modular Cold Room MCR-25","Purchase Order","No","Not Requested","Shadowfax","12","Resolved","90","2","No","4","Tablet","3.3.5","4"
"CMP-2023-001477","Pipe insulation not done properly. Condensation forming on pipes and dripping. Basic installation mistake. Escalating to consumer forum if not resolved by tomorrow.","2024-02-09 09:42:00","WhatsApp","Hinglish","CUST-37637","Food Processing Unit","Raipur","Chhattisgarh","Air Purifiers","Air One AO-200","Net Banking","No","Not Requested","Rivigo","1","Pending Parts","10","4","No","5","iPhone","3.2.1","2"
"CMP-2024-001478","Water dripping from the indoor unit directly onto our workstations. Urgent issue. Data could be damaged. Highly disappointed.","2024-01-17 21:02:00","WhatsApp","English","CUST-63084","Bank Branch","Coimbatore","Tamil Nadu","Air Purifiers","OptiClean OC-800","Debit Card","No","Not Requested","Ekart","2","Resolved","20","36","No","2","Android Phone","5.1.3","0"
"CMP-2023-001479","Unit goes into protection mode due to high discharge temperature. Error E12 visible on panel. Ambient temp is 42C but unit is rated for 50C. Under warranty. Do not charge us.","2023-01-13 16:22:00","Social Media","English","CUST-78049","Industrial Facility","Navi Mumbai","Maharashtra","Light Commercial","Cassette 42UFS","UPI","Yes","Processed","Rivigo","3","Resolved","180","24","Yes","3","Android Phone","2.9.8","1"
"CMP-2024-001480","R410A leak suspected. Cooling efficiency dropped suddenly and compressor running continuously. Please send someone today. Escalating to consumer forum if not resolved by tomorrow.","2024-07-07 00:12:00","Service Center","Hindi","CUST-46478","Food Processing Unit","Gurugram","Haryana","Light Commercial","Cassette 42UFS","Debit Card","No","Not Requested","Ekart","0","Open","10","48","Yes","4","Laptop","3.3.5","3"
"CMP-2024-001481","Power factor of the unit is poor. Our electrical load increased significantly after Carrier system was installed. Will share on social media if no action.","2024-10-27 16:33:00","WhatsApp","English","CUST-44576","Educational Institution","Noida","Uttar Pradesh","Commercial","Air Handler AHU-5000","EMI","Yes","Partially Processed","Rivigo","3","Escalated","480","96","Yes","2","Windows Tablet","5.1.3","2"
"CMP-2024-001482","Product registered on your portal. Warranty active. But system is still asking us to pay for repair. Frustrated with this process.","2024-01-16 13:49:00","Mobile App","English","CUST-52090","Restaurant Owner","Indore","Madhya Pradesh","Commercial","Controls EcoAdvance","Credit Card","No","Not Requested","FedEx","30","Re-opened","8","24","No","1","iPhone","4.0.0","0"
"CMP-2023-001483","This is the 6th breakdown in 8 months. Every time technician comes, 'fixes' it, and within 2 weeks same problem returns. ENOUGH. Escalating to consumer forum if not resolved by tomorrow.","2024-05-16 06:46:00","Phone","English","CUST-43506","Warehouse Operator","Thane","Maharashtra","Refrigeration","Screw Compressor Rack SR-50","Purchase Order","Yes","Processed","Blue Dart","5","Re-opened","1440","24","No","3","Android Phone","4.3.1","0"
"CMP-2025-001484","Recurring issue since installation. Always cooling problem. 4 visits, 4 temporary fixes. We want permanent solution or replacement.","2025-04-05 03:25:00","WhatsApp","English","CUST-68820","Maintenance Manager","Jaipur","Rajasthan","Air Purifiers","Air One AO-200","EMI","Yes","Processed","Ekart","2","Pending Customer","60","96","Yes","2","Desktop","3.3.5","0"
"CMP-2024-001485","Called for emergency service. Was told technician will come in 4 hours. Waited 11 hours. No show. Complaint ID from last time: 79120720","2024-05-03 17:52:00","SMS","Hinglish","CUST-12974","Restaurant Owner","Vadodara","Gujarat","Air Purifiers","Klarwind KW-500","EMI","Yes","Under Review","Shadowfax","30","Closed","45","96","No","4","Windows Tablet","5.0.0","2"
"CMP-2023-001486","Emergency call under AMC. Was told 'our team will come today'. No one came. Called again next day. Same promise. Third day still waiting. Complaint ID from last time: 42054051","2024-12-08 21:20:00","Dealer","Hinglish","CUST-46779","Supermarket","Jodhpur","Rajasthan","Light Commercial","Cassette 42UFC","Debit Card","No","Not Requested","FedEx","0","Pending Customer","2880","48","No","3","Android Phone","3.1.0","0"
"CMP-2023-001487","Refund pending since 3 weeks. Very disappointing experience. Will not recommend Carrier to anyone.","2024-08-07 02:53:00","Mobile App","English","CUST-66805","Commercial Building Operator","Patna","Bihar","Air Purifiers","Klarwind KW-500","Credit Card","Yes","Pending","Amazon Logistics","0","Open","60","168","No","4","iPad","4.2.0","2"
"CMP-2025-001488","AMC coverage says parts are included but technician is asking us to pay for capacitor. Conflict with contract terms. Third time raising this complaint.","2023-01-20 09:57:00","Social Media","Hinglish","CUST-89300","Hospital","Kochi","Kerala","Refrigeration","Screw Compressor Rack SR-20","Net Banking","Yes","Processed","FedEx","0","In Progress","25","0","Yes","2","Tablet","4.2.0","0"
"CMP-2023-001489","Outdoor unit is extremely hot to touch. Fan seems to be running slowly. Is this a condenser issue?","2024-01-12 18:21:00","Chat Support","English","CUST-50406","Restaurant Owner","Ahmedabad","Gujarat","Air Purifiers","Klarwind KW-500","Cash","Yes","Processed","Amazon Logistics","0","Pending Parts","10","48","No","2","iPad","5.2.1","6"
"CMP-2023-001490","Water dripping from the indoor unit directly onto our workstations. Urgent issue. Data could be damaged.","2023-06-16 11:19:00","Dealer","English","CUST-64171","Mall Operator","Visakhapatnam","Andhra Pradesh","Air Purifiers","Air One AO-100","Cheque","No","Not Requested","FedEx","12","Pending Customer","30","24","Yes","1","iPad","3.3.5","2"
"CMP-2025-001491","The outdoor unit is making a horrible grinding noise especially at night. Neighbours are complaining.","2023-10-06 23:43:00","SMS","English","CUST-74633","Data Centre","Vijayawada","Andhra Pradesh","Light Commercial","Floor Standing 42NQ","RTGS","No","Not Requested","DTDC","10","Closed","480","720","No","1","Android Phone","2.9.8","3"
"CMP-2024-001492","Current draw is 18A against rated 12A. Motor or capacitor issue suspected. Please send service team. Under warranty. Do not charge us.","2024-07-27 00:41:00","Service Center","Telugu","CUST-41969","IT Park","Meerut","Uttar Pradesh","Refrigeration","Screw Compressor Rack SR-20","NEFT","No","Not Requested","Mahindra Logistics","5","Re-opened","480","2","No","3","Desktop","3.3.5","5"
"CMP-2023-001493","This is the 6th breakdown in 8 months. Every time technician comes, 'fixes' it, and within 2 weeks same problem returns. ENOUGH. 😡 Very frustrated.","2024-03-28 13:51:00","Service Center","English","CUST-65719","Cold Storage Operator","Ranchi","Jharkhand","Commercial","Air Handler AHU-5000","Purchase Order","Yes","Under Review","Ekart","20","Resolved","180","48","No","4","Tablet","2.8.5","1"
"CMP-2023-001494","AMC coverage says parts are included but technician is asking us to pay for capacitor. Conflict with contract terms.","2023-01-27 20:23:00","SMS","English","CUST-37860","Bank Branch","Madurai","Tamil Nadu","Refrigeration","Screw Compressor Rack SR-50","Credit Card","No","Not Requested","Amazon Logistics","10","Re-opened","360","504","No","2","Desktop","3.1.0","5"
"CMP-2024-001495","AMC contract signed 6 months ago. Only one service visit done so far. Quarterly service is not happening as promised. 😡 Very frustrated.","2023-02-06 20:53:00","Chat Support","Hindi","CUST-91656","Educational Institution","Vadodara","Gujarat","Refrigeration","Inverter Condensing Unit ICU-10","Net Banking","Yes","Processed","XpressBees","5","Re-opened","45","48","No","4","Desktop","4.2.0","4"
"CMP-2025-001496","High electricity consumption despite energy saving mode being on. Something is wrong with the inverter control. Will share on social media if no action.","2023-01-28 18:57:00","Walk-in","English","CUST-11292","Food Processing Unit","Surat","Gujarat","Refrigeration","Supermarket Ref SMR-Island","Cash","No","Not Requested","Rivigo","2","Re-opened","180","720","No","3","Tablet","5.0.0","0"
"CMP-2025-001497","PCB board ordered. Was told 7-10 days delivery. Today is day 21. No update from anyone.","2025-03-17 20:11:00","Service Center","English","CUST-99305","Maintenance Manager","Visakhapatnam","Andhra Pradesh","Light Commercial","Carrier VRF X Power 38VYX","UPI","No","Not Requested","Carrier Own Fleet","0","Open","360","48","No","1","iPad","3.2.1","0"
"CMP-2024-001498","Called for emergency service. Was told technician will come in 4 hours. Waited 11 hours. No show. Third time raising this complaint.","2023-10-22 18:04:00","Chat Support","English","CUST-61064","Industrial Facility","Mysuru","Karnataka","Refrigeration","Evaporator Unit EU-5000","RTGS","Yes","Partially Processed","Mahindra Logistics","3","Pending Customer","2880","12","No","1","Android Phone","4.3.1","0"
"CMP-2024-001499","Unit delivered without accessories. Remote, drain pipes, all missing. Had to chase dealer for 1 week.","2024-05-04 21:02:00","Email","Hinglish","CUST-18298","Industrial Facility","Indore","Madhya Pradesh","Air Purifiers","OptiClean OC-800","Purchase Order","Yes","Approved","Ekart","0","Closed","30","12","No","2","Tablet","5.2.1","1"
"CMP-2024-001500","Support team gave me wrong information. Said parts available, technician confirmed they are not. Someone is lying.","2023-05-01 20:44:00","WhatsApp","Hinglish","CUST-49390","Pharma Company","Visakhapatnam","Andhra Pradesh","Commercial","Fan Coil Unit FCU-400","Debit Card","Yes","Under Review","Delhivery","2","Re-opened","2880","6","No","2","Desktop","2.9.8","5"
"CMP-2023-001501","AC gas leaking. Technician came 10 days ago and topped up. Same problem again. Are they not fixing root cause?? Third time raising this complaint.","2024-11-27 13:41:00","Chat Support","English","CUST-30209","Industrial Facility","Jodhpur","Rajasthan","Air Purifiers","Klarwind KW-300","EMI","No","Not Requested","Ekart","0","Pending Customer","240","72","No","4","iPhone","5.1.3","0"
"CMP-2024-001502","Freezer unit stopped working last night. Fish stock worth Rs 3 lakh completely spoiled. Carrier will be held responsible.","2025-04-15 23:11:00","Service Center","Hinglish","CUST-27909","Office Admin","Amritsar","Punjab","Light Commercial","Cassette 42UFS","Cheque","No","Not Requested","Carrier Own Fleet","0","Pending Customer","120","24","No","2","Laptop","2.9.8","1"
"CMP-2024-001503","Commissioning not done properly. Unit was just switched on and technician left. No testing, no parameter setting. Under warranty. Do not charge us.","2024-08-26 07:46:00","Social Media","Hindi","CUST-79009","Bank Branch","Coimbatore","Tamil Nadu","Commercial","Fan Coil Unit FCU-200","EMI","No","Not Requested","Mahindra Logistics","3","Re-opened","360","48","No","4","Laptop","2.9.8","0"
"CMP-2023-001504","The outdoor unit is making a horrible grinding noise especially at night. Neighbours are complaining. Please resolve on priority.","2025-02-06 09:06:00","Walk-in","Hinglish","CUST-38888","Office Admin","Tiruchirappalli","Tamil Nadu","Commercial","Fan Coil Unit FCU-200","Credit Card","Yes","Pending","Amazon Logistics","0","Open","300","6","Yes","1","iPhone","2.9.8","2"
"CMP-2023-001505","Called for emergency service. Was told technician will come in 4 hours. Waited 11 hours. No show. We have a big client visit next week. Please prioritize.","2023-08-16 11:20:00","Email","English","CUST-86341","Industrial Facility","Nashik","Maharashtra","Light Commercial","Cassette 42UFS","Debit Card","Yes","Pending","Carrier Own Fleet","1","Closed","120","168","No","3","Android Phone","4.0.0","0"
"CMP-2023-001506","Compressor trip ho raha hai bar bar. Error code E05 aa raha hai display mein. Kya karna chahiye?","2025-04-01 15:14:00","Email","English","CUST-23586","Food Processing Unit","Indore","Madhya Pradesh","Refrigeration","Condensing Unit CR-10HP","UPI","No","Not Requested","Mahindra Logistics","0","In Progress","120","1","Yes","4","Tablet","3.3.5","0"
"CMP-2023-001507","Yaar gas toh phir se leak ho gayi. Teen mahine mein teesri baar. Yeh kab tak chalega? Highly disappointed.","2024-06-20 12:21:00","Mobile App","Hindi","CUST-87799","Pharma Company","Meerut","Uttar Pradesh","Commercial","Fan Coil Unit FCU-200","RTGS","Yes","Rejected","Ekart","15","Open","120","48","No","2","Android Phone","3.2.1","2"
"CMP-2025-001508","The unit completely stopped cooling from yesterday afternoon. We have 40+ staff sitting in 38 degree heat. This is completely unacceptable for a premium brand like Carrier. Please send someone immediately. Will share on social media if no action.","2024-09-17 20:26:00","Email","English","CUST-73166","Cold Storage Operator","Kota","Rajasthan","Light Commercial","Carrier VRF X Power 38VYX","Cash","No","Not Requested","Shadowfax","30","Pending Parts","8","96","No","3","iPad","4.2.0","6"
"CMP-2023-001509","High electricity consumption despite energy saving mode being on. Something is wrong with the inverter control.","2024-02-01 18:56:00","Mobile App","Hindi","CUST-75566","Pharma Company","Ranchi","Jharkhand","Commercial","Controls EcoAdvance","RTGS","Yes","Pending","Rivigo","3","Re-opened","30","504","Yes","2","Desktop","5.1.3","2"
"CMP-2023-001510","Due to cold room failure, Rs 8 lakh worth of vegetables spoiled overnight. Who will compensate? Unit is under AMC. Under warranty. Do not charge us.","2023-02-13 17:10:00","Dealer","Hinglish","CUST-81880","Cold Storage Operator","Vadodara","Gujarat","Commercial","Chiller 30XW-V","NEFT","No","Not Requested","Amazon Logistics","0","Closed","45","8","Yes","4","iPad","3.3.5","6"
"CMP-2024-001511","Pipe insulation not done properly. Condensation forming on pipes and dripping. Basic installation mistake. Escalating to consumer forum if not resolved by tomorrow.","2024-03-24 21:32:00","SMS","English","CUST-33170","Pharma Company","Howrah","West Bengal","Air Purifiers","OptiClean OC-400","Cash","Yes","Rejected","Delhivery","10","In Progress","240","720","No","3","Android Phone","4.1.2","1"
"CMP-2023-001512","AMC coverage says parts are included but technician is asking us to pay for capacitor. Conflict with contract terms. This is absolutely ridiculous!!!","2023-08-14 13:23:00","Chat Support","Hinglish","CUST-30206","Restaurant Owner","Kota","Rajasthan","Refrigeration","Screw Compressor Rack SR-20","Cheque","No","Not Requested","DTDC","0","Pending Customer","45","6","No","1","iPad","3.2.1","4"
"CMP-2023-001513","The FCU in server room has stopped maintaining temperature. Server temps rising. Critical situation - please escalate immediately.","2024-04-04 15:35:00","Mobile App","English","CUST-76440","Maintenance Manager","Nashik","Maharashtra","Air Purifiers","Air One AO-200","Cheque","Yes","Under Review","XpressBees","30","Re-opened","360","2","No","2","Laptop","3.3.5","0"
"CMP-2025-001514","The iOS app version 4.2.0 randomly logs me out. Have to re-enter credentials daily. Bug please fix.","2024-10-12 18:50:00","WhatsApp","English","CUST-57497","Retail Store","Aurangabad","Maharashtra","Light Commercial","Carrier VRF X Power 40VYX","Purchase Order","No","Not Requested","Rivigo","7","Escalated","240","336","No","1","Tablet","2.8.5","0"
"CMP-2023-001515","There is a clear rattling from the compressor section. Technician visited and said 'nothing serious' but noise is getting worse daily.","2023-04-03 05:42:00","WhatsApp","English","CUST-63084","Hospital","Chennai","Tamil Nadu","Light Commercial","Floor Standing 42CF","Debit Card","No","Not Requested","Blue Dart","2","Open","15","120","No","1","iPad","3.2.1","6"
"CMP-2025-001516","App pe temperature change karte hain toh unit nahi sunta. 5 minute baad update hota hai. Itni delay kyun? Complaint ID from last time: 06370355","2024-09-29 03:20:00","Phone","English","CUST-67424","Cold Storage Operator","Ranchi","Jharkhand","Commercial","Heat Pump 30RQV","Cheque","No","Not Requested","Shadowfax","25","Pending Customer","720","168","No","3","Laptop","3.1.0","1"
"CMP-2024-001517","5th visit by technician. Same issue. Either the team is incompetent or they are hiding a design defect. I want a senior engineer. Please resolve on priority.","2023-12-01 08:23:00","Email","Hinglish","CUST-12571","Cold Storage Operator","Guwahati","Assam","Air Purifiers","Klarwind KW-500","Purchase Order","No","Not Requested","Rivigo","0","Escalated","120","24","No","4","Laptop","3.2.1","2"
"CMP-2023-001518","Electrical connections were left exposed during installation. Safety hazard. Had to call an electrician to fix. 😡 Very frustrated.","2024-06-11 09:15:00","Chat Support","English","CUST-13580","Supermarket","Coimbatore","Tamil Nadu","Refrigeration","Modular Cold Room MCR-10","UPI","No","Not Requested","Carrier Own Fleet","30","Open","15","0","Yes","2","Android Phone","4.3.1","2"
"CMP-2025-001519","Called for emergency service. Was told technician will come in 4 hours. Waited 11 hours. No show. Will share on social media if no action.","2025-02-04 17:52:00","Web Portal","English","CUST-44446","IT Park","Mumbai","Maharashtra","Light Commercial","Floor Standing 42NQ","EMI","No","Not Requested","Blue Dart","3","Re-opened","240","48","No","2","iPhone","3.1.0","0"
"CMP-2024-001520","Pipe insulation not done properly. Condensation forming on pipes and dripping. Basic installation mistake. Highly disappointed.","2024-07-09 16:49:00","Email","Hinglish","CUST-47060","Retail Store","Allahabad","Uttar Pradesh","Air Purifiers","Klarwind KW-500","Cheque","No","Not Requested","Rivigo","3","Pending Customer","60","1","No","2","Desktop","4.2.0","2"
"CMP-2023-001521","AC chalta hai lekin thanda nahi karta bilkul bhi. Service wale bol rahe hain gas bharo, lekin pehle bhi 2 mahine mein bhara tha. Kya yahi quality hai Carrier ki? Highly disappointed.","2023-12-04 05:16:00","Service Center","English","CUST-22041","Food Processing Unit","Jabalpur","Madhya Pradesh","Refrigeration","Supermarket Ref SMR-MultiDeck","RTGS","Yes","Partially Processed","Carrier Own Fleet","1","Escalated","240","48","No","2","Tablet","2.8.5","2"
"CMP-2023-001522","Outdoor unit is extremely hot to touch. Fan seems to be running slowly. Is this a condenser issue? This is absolutely ridiculous!!!","2024-10-09 01:17:00","Walk-in","English","CUST-53413","Pharma Company","Raipur","Chhattisgarh","Light Commercial","Ducted 40RUQ","Net Banking","No","Not Requested","FedEx","2","Pending Parts","720","720","Yes","4","Laptop","4.0.0","0"
"CMP-2024-001523","Every time I call, I have to explain the entire problem from scratch. Don't you maintain complaint history? We have a big client visit next week. Please prioritize.","2023-02-22 11:26:00","Web Portal","English","CUST-15946","Food Processing Unit","Kolkata","West Bengal","Light Commercial","Carrier VRF X Power 38VYX","Debit Card","No","Not Requested","Mahindra Logistics","5","Closed","2880","4","No","4","Tablet","3.2.1","2"
"CMP-2024-001524","Temperature in storage went to 12C during night without any alarm. Dairy products spoiled. Need investigation. 😡 Very frustrated.","2025-01-26 10:44:00","Chat Support","English","CUST-58867","Pharma Company","Jabalpur","Madhya Pradesh","Commercial","Chiller AquaEdge 19DV","Credit Card","No","Not Requested","Shadowfax","15","In Progress","60","168","No","3","iPad","2.8.5","0"
"CMP-2025-001525","AMC contact number is always busy. Emails are not replied. How are we supposed to raise service requests? Highly disappointed.","2023-01-09 08:09:00","Web Portal","English","CUST-39100","Mall Operator","Ghaziabad","Uttar Pradesh","Light Commercial","Cassette 42UFS","Purchase Order","No","Not Requested","Blue Dart","2","Pending Customer","5","48","No","2","Laptop","3.1.0","2"
"CMP-2023-001526","Cooling performance dropped drastically. Was giving 18C earlier, now barely reaching 26C even at full blast. Something is wrong.","2025-04-11 15:41:00","WhatsApp","English","CUST-15613","Retail Store","Amritsar","Punjab","Air Purifiers","Air One AO-200","EMI","No","Not Requested","FedEx","30","Escalated","240","0","Yes","5","iPhone","5.0.0","1"
"CMP-2025-001527","The compressor unit started vibrating heavily last evening. We had to shut it down manually. Need urgent repair. Please resolve on priority.","2023-10-29 14:31:00","Email","Hindi","CUST-71172","Commercial Building Operator","Ahmedabad","Gujarat","Refrigeration","Condensing Unit CR-5HP","Debit Card","Yes","Under Review","Rivigo","30","Escalated","180","336","Yes","2","Tablet","2.8.5","0"
"CMP-2024-001528","Spare part availability is very poor for older models. Our unit is only 4 years old and parts are already out of stock?? Under warranty. Do not charge us.","2024-08-25 01:19:00","WhatsApp","English","CUST-32525","Educational Institution","Mysuru","Karnataka","Air Purifiers","Air One AO-200","RTGS","No","Not Requested","Blue Dart","30","In Progress","10","336","Yes","2","iPhone","2.8.5","3"
"CMP-2023-001529","Nobody from service team is responding. Emails bouncing. Phone numbers not working. Is Carrier shutting down?","2024-06-27 06:16:00","Social Media","Tamil","CUST-10574","Data Centre","Chandigarh","Punjab","Air Purifiers","OptiClean OC-800","NEFT","Yes","Under Review","Mahindra Logistics","2","Open","120","48","Yes","3","iPhone","4.1.2","0"
"CMP-2024-001530","Spare part availability is very poor for older models. Our unit is only 4 years old and parts are already out of stock?? Need resolution within 24 hours.","2024-12-05 00:27:00","Dealer","Telugu","CUST-64397","Maintenance Manager","Chennai","Tamil Nadu","Air Purifiers","OptiClean OC-800","Purchase Order","No","Not Requested","Mahindra Logistics","12","Escalated","5","1","Yes","2","Windows Tablet","5.1.3","0"
"CMP-2025-001531","Our factory expansion was delayed because Carrier could not install the HVAC on time. We are losing lakhs daily. Where is the accountability? Need resolution within 24 hours.","2024-06-24 15:01:00","Mobile App","English","CUST-53730","Facility Team","Allahabad","Uttar Pradesh","Commercial","Fan Coil Unit FCU-400","Cash","No","Not Requested","DTDC","12","Resolved","12","504","No","4","Laptop","3.3.5","2"
"CMP-2024-001532","Nobody from service team is responding. Emails bouncing. Phone numbers not working. Is Carrier shutting down? Please don't just close the ticket without solving the issue.","2023-08-20 23:51:00","Email","English","CUST-95102","Data Centre","Navi Mumbai","Maharashtra","Refrigeration","Screw Compressor Rack SR-20","Net Banking","Yes","Under Review","Amazon Logistics","0","Re-opened","480","48","No","1","Desktop","3.1.0","0"
"CMP-2024-001533","AMC coverage says parts are included but technician is asking us to pay for capacitor. Conflict with contract terms. Need resolution within 24 hours.","2024-11-09 10:53:00","Dealer","English","CUST-92723","Hospital","Vadodara","Gujarat","Air Purifiers","OptiClean OC-800","NEFT","No","Not Requested","Amazon Logistics","15","Pending Parts","180","336","No","1","iPhone","2.9.8","0"
"CMP-2024-001534","App is not connecting to my unit. Shows 'Device Offline' even though unit is running. WiFi is strong. Will share on social media if no action.","2025-03-03 08:06:00","Web Portal","Hinglish","CUST-31448","Food Processing Unit","Vijayawada","Andhra Pradesh","Light Commercial","Floor Standing 42CF","EMI","No","Not Requested","Ekart","7","Resolved","60","24","No","4","Windows Tablet","2.9.8","0"
"CMP-2024-001535","i-Vu controller shows error 'Communication Lost' since last night. Unable to control any zone from central panel. Third time raising this complaint.","2023-03-30 01:14:00","Walk-in","English","CUST-58880","IT Park","Coimbatore","Tamil Nadu","Commercial","Controls i-Vu Open","NEFT","No","Not Requested","Mahindra Logistics","0","Closed","120","720","No","2","iPhone","5.0.0","2"
"CMP-2025-001536","Cold room temperature fluctuating between -2C and +8C. We store frozen products. This is a serious food safety risk. We have a big client visit next week. Please prioritize.","2024-10-13 01:37:00","Dealer","English","CUST-47321","Data Centre","Bengaluru","Karnataka","Commercial","Air Handler AHU-3000","Credit Card","No","Not Requested","DTDC","30","Pending Parts","120","72","Yes","4","Desktop","4.2.0","3"
"CMP-2025-001537","Technician visited, claimed to fix the issue, unit failed again within 6 hours. What kind of service is this? 😡 Very frustrated.","2025-02-16 20:44:00","WhatsApp","English","CUST-94765","Facility Team","Kanpur","Uttar Pradesh","Light Commercial","Carrier VRF X Power 40VYX","EMI","No","Not Requested","Rivigo","0","Escalated","8","504","No","3","iPhone","3.2.1","0"
"CMP-2024-001538","Cold room not reaching setpoint of -18C. Best we get is -12C. Compressor running 100% time. Possible refrigerant undercharge.","2025-04-13 15:05:00","Web Portal","Hindi","CUST-43138","Supermarket","Tirupur","Tamil Nadu","Light Commercial","Carrier VRF X Power 40VYX","Credit Card","Yes","Processed","Amazon Logistics","3","Resolved","300","240","No","4","iPhone","4.1.2","3"
"CMP-2025-001539","Delivery delayed by 12 days. Installation could not happen. Our inauguration date missed. Carrier responsible. Under warranty. Do not charge us.","2024-11-19 08:05:00","Phone","English","CUST-11949","Retail Store","Howrah","West Bengal","Air Purifiers","OptiClean OC-800","Purchase Order","Yes","Approved","Rivigo","2","Re-opened","90","120","Yes","4","Laptop","4.2.0","1"
"CMP-2023-001540","Refund pending since 3 weeks. Very disappointing experience. Will not recommend Carrier to anyone.","2024-02-13 08:46:00","Web Portal","English","CUST-96359","Restaurant Owner","Tirupur","Tamil Nadu","Light Commercial","Floor Standing 42NQ","Cash","No","Not Requested","Amazon Logistics","12","Closed","30","36","No","2","Tablet","5.2.1","3"
"CMP-2024-001541","AMC contact number is always busy. Emails are not replied. How are we supposed to raise service requests? This is absolutely ridiculous!!!","2024-10-13 20:48:00","Dealer","Tamil","CUST-45906","Data Centre","Navi Mumbai","Maharashtra","Light Commercial","Ducted 40RUQ","NEFT","Yes","Under Review","Blue Dart","30","Re-opened","5","72","No","1","Android Phone","3.1.0","1"
"CMP-2025-001542","Strange whistling sound from indoor unit. Happens when set below 22C. Very irritating during meetings. We have a big client visit next week. Please prioritize.","2024-10-13 08:08:00","Phone","English","CUST-75898","Hospital","Varanasi","Uttar Pradesh","Air Purifiers","OptiClean OC-400","RTGS","No","Not Requested","Mahindra Logistics","0","Resolved","60","0","Yes","1","Android Phone","4.2.0","5"
"CMP-2024-001543","Third breakdown this year. We have CCTV footage of the same issue recurring. Requesting senior engineer visit and root cause analysis. We have a big client visit next week. Please prioritize.","2023-12-25 03:41:00","WhatsApp","Kannada","CUST-39223","Maintenance Manager","Indore","Madhya Pradesh","Air Purifiers","Air One AO-100","Credit Card","No","Not Requested","Mahindra Logistics","0","Open","240","24","No","1","Windows Tablet","4.0.0","4"
"CMP-2025-001544","Electrical connections were left exposed during installation. Safety hazard. Had to call an electrician to fix. Under warranty. Do not charge us.","2023-08-03 22:46:00","Phone","English","CUST-78556","Retail Store","Hyderabad","Telangana","Commercial","Air Handler AHU-5000","Net Banking","No","Not Requested","Amazon Logistics","2","In Progress","10","0","Yes","4","Desktop","4.1.2","0"
"CMP-2025-001545","Heat rejection from outdoor units is excessive. Adjacent areas are getting very hot. Ventilation design issue or unit fault? Please don't just close the ticket without solving the issue.","2023-01-26 19:23:00","SMS","Tamil","CUST-12616","Cold Storage Operator","Jaipur","Rajasthan","Refrigeration","Supermarket Ref SMR-MultiDeck","UPI","No","Not Requested","Mahindra Logistics","25","Resolved","45","168","No","3","iPhone","4.3.1","4"
"CMP-2024-001546","BMS controller not responding to commands. Manual override also not working. Entire floor temperature uncontrolled. Need resolution within 24 hours.","2024-09-28 23:54:00","SMS","English","CUST-67793","Data Centre","Ghaziabad","Uttar Pradesh","Refrigeration","Screw Compressor Rack SR-50","RTGS","No","Not Requested","XpressBees","5","Pending Parts","120","24","No","5","iPad","3.2.1","0"
"CMP-2024-001547","Evaporator icing up completely within 6 hours. Has to be manually defrosted. Happened every day this week.","2024-06-23 05:25:00","WhatsApp","Telugu","CUST-89258","Supermarket","Ahmedabad","Gujarat","Refrigeration","Inverter Condensing Unit ICU-10","Debit Card","Yes","Under Review","Shadowfax","15","Resolved","360","72","No","4","iPad","5.2.1","0"
"CMP-2023-001548","Supermarket display cases temperature alarm triggering 3-4 times per day. Staff constantly resetting. Major issue.","2025-03-23 21:13:00","SMS","English","CUST-74894","Facility Team","Faridabad","Haryana","Commercial","Heat Pump 30RQV","Debit Card","No","Not Requested","FedEx","20","Open","15","6","No","1","iPad","3.1.0","0"
"CMP-2023-001549","Product registered on your portal. Warranty active. But system is still asking us to pay for repair. Frustrated with this process.","2023-12-26 03:40:00","WhatsApp","English","CUST-39793","Mall Operator","Madurai","Tamil Nadu","Commercial","Heat Pump 30RQV","UPI","Yes","Under Review","Blue Dart","15","Escalated","360","168","Yes","3","iPhone","5.2.1","2"
"CMP-2024-001550","Refrigerant pipes run visibly through office wall without proper ducting. Installation is ugly and not as agreed. Under warranty. Do not charge us.","2023-11-21 06:05:00","Phone","Telugu","CUST-55601","Retail Store","Tiruchirappalli","Tamil Nadu","Air Purifiers","Klarwind KW-300","EMI","No","Not Requested","Delhivery","0","Re-opened","90","336","Yes","3","Windows Tablet","3.2.1","3"
"CMP-2025-001551","Strange whistling sound from indoor unit. Happens when set below 22C. Very irritating during meetings. We have a big client visit next week. Please prioritize.","2023-06-30 20:16:00","SMS","English","CUST-82464","HVAC Contractor","Mumbai","Maharashtra","Light Commercial","Floor Standing 42NQ","Cash","No","Not Requested","DTDC","20","Re-opened","240","36","No","2","Tablet","4.2.0","0"
"CMP-2025-001552","AMC contract signed 6 months ago. Only one service visit done so far. Quarterly service is not happening as promised. Highly disappointed.","2023-04-02 20:34:00","Dealer","English","CUST-27115","Supermarket","Navi Mumbai","Maharashtra","Air Purifiers","OptiClean OC-400","Debit Card","Yes","Rejected","Carrier Own Fleet","30","Pending Parts","10","48","No","1","Windows Tablet","5.0.0","6"
"CMP-2023-001553","R410A leak suspected. Cooling efficiency dropped suddenly and compressor running continuously. Please send someone today. We have a big client visit next week. Please prioritize.","2024-10-31 11:21:00","Service Center","English","CUST-49858","Food Processing Unit","Nashik","Maharashtra","Refrigeration","Supermarket Ref SMR-MultiDeck","Cheque","Yes","Partially Processed","Mahindra Logistics","5","Resolved","1440","24","No","2","Desktop","3.2.1","0"
"CMP-2024-001554","No cooling. Hotel guests are complaining loudly. This is peak summer season. You are ruining our reputation. Fix this NOW. 😡 Very frustrated.","2024-03-12 22:11:00","Phone","English","CUST-73600","Supermarket","Rajkot","Gujarat","Commercial","Heat Pump 30RQV","RTGS","No","Not Requested","Mahindra Logistics","7","Open","90","24","No","4","iPhone","5.1.3","0"
"CMP-2024-001555","Outdoor unit is extremely hot to touch. Fan seems to be running slowly. Is this a condenser issue? Complaint ID from last time: 62930961","2023-02-27 15:07:00","Email","English","CUST-62177","Hotel","Meerut","Uttar Pradesh","Commercial","Fan Coil Unit FCU-400","Cheque","No","Not Requested","Blue Dart","15","Open","45","6","Yes","1","Windows Tablet","2.9.8","0"
"CMP-2024-001556","Chat support is completely useless. Gives only scripted responses. Cannot escalate from chat. Very bad experience. We have a big client visit next week. Please prioritize.","2024-11-20 01:35:00","Service Center","English","CUST-90725","Pharma Company","Hyderabad","Telangana","Light Commercial","Ducted 40MAQ","Purchase Order","No","Not Requested","Ekart","0","Re-opened","720","0","No","2","Laptop","2.9.8","2"
"CMP-2025-001557","Outdoor unit is extremely hot to touch. Fan seems to be running slowly. Is this a condenser issue? Third time raising this complaint.","2023-07-01 14:16:00","Social Media","English","CUST-40714","Supermarket","Bhubaneswar","Odisha","Commercial","Controls EcoAdvance","Debit Card","Yes","Rejected","Mahindra Logistics","15","Pending Customer","5","6","No","3","iPad","4.0.0","6"
"CMP-2024-001558","Controller mein kuch bhi set karo, unit apna mann se kaam karta hai. Kya issue hai?","2024-07-02 05:58:00","Social Media","English","CUST-48505","Cold Storage Operator","Patna","Bihar","Commercial","Fan Coil Unit FCU-400","Cash","Yes","Processed","Carrier Own Fleet","0","Closed","10","24","No","3","Windows Tablet","3.2.1","5"
"CMP-2025-001559","Delivered product has manufacturing defects. Fins are bent. Gas service port cap missing. Clearly quality check was not done. Complaint ID from last time: 37813191","2023-04-19 16:46:00","Phone","Tamil","CUST-41628","Cold Storage Operator","Raipur","Chhattisgarh","Commercial","Air Handler AHU-3000","NEFT","No","Not Requested","Shadowfax","0","Closed","240","72","No","1","Desktop","3.1.0","5"
"CMP-2025-001560","Waiting for spare parts for 35 days. Technician has identified fault. Parts stuck in warehouse apparently. No timeline given.","2024-12-21 20:04:00","Chat Support","Hindi","CUST-31041","Pharma Company","Chandigarh","Punjab","Commercial","Air Handler AHU-3000","Purchase Order","No","Not Requested","FedEx","0","Pending Parts","120","0","Yes","4","Desktop","3.2.1","0"
"CMP-2025-001561","Delivered product has manufacturing defects. Fins are bent. Gas service port cap missing. Clearly quality check was not done. Please resolve on priority.","2023-01-03 13:56:00","Service Center","English","CUST-83022","Supermarket","Agra","Uttar Pradesh","Air Purifiers","OptiClean OC-400","Net Banking","Yes","Partially Processed","Blue Dart","10","Re-opened","360","168","No","5","Windows Tablet","4.2.0","0"
"CMP-2023-001562","The outdoor unit is making a horrible grinding noise especially at night. Neighbours are complaining. Third time raising this complaint.","2023-04-05 14:22:00","Chat Support","Hinglish","CUST-89804","Pharma Company","Kanpur","Uttar Pradesh","Light Commercial","Carrier VRF X Power 38VYX","Purchase Order","Yes","Partially Processed","Mahindra Logistics","30","Closed","5","6","Yes","4","Tablet","4.2.0","0"
"CMP-2023-001563","The app freezes on the scheduling screen. Cannot set timings remotely anymore. Very inconvenient. Escalating to consumer forum if not resolved by tomorrow.","2023-08-06 08:59:00","Chat Support","English","CUST-28995","Food Processing Unit","Ranchi","Jharkhand","Refrigeration","Supermarket Ref SMR-Island","Cash","Yes","Under Review","Carrier Own Fleet","12","Resolved","240","0","No","3","Tablet","2.8.5","5"
"CMP-2025-001564","Evaporator icing up completely within 6 hours. Has to be manually defrosted. Happened every day this week.","2023-05-01 03:20:00","SMS","English","CUST-72559","Cold Storage Operator","Kota","Rajasthan","Air Purifiers","Klarwind KW-500","RTGS","Yes","Approved","Shadowfax","2","Pending Customer","120","36","No","3","Laptop","4.2.0","0"
"CMP-2025-001565","Installation scheduled 4 times. Cancelled 4 times by Carrier. We are a hospital. Patients are suffering. Please treat this as highest priority. Escalating to consumer forum if not resolved by tomorrow.","2023-05-31 08:15:00","Mobile App","Hindi","CUST-28972","Hotel","Gurugram","Haryana","Light Commercial","Carrier VRF X Power 40VYX","Cash","No","Not Requested","FedEx","15","Pending Parts","20","0","Yes","2","iPhone","4.0.0","5"
"CMP-2023-001566","No cooling. Hotel guests are complaining loudly. This is peak summer season. You are ruining our reputation. Fix this NOW. 😡 Very frustrated.","2023-02-12 15:54:00","SMS","Hinglish","CUST-30871","Mall Operator","Faridabad","Haryana","Light Commercial","Carrier VRF X Power 40VYX","RTGS","No","Not Requested","Mahindra Logistics","3","Escalated","240","336","Yes","2","iPad","3.3.5","5"
"CMP-2025-001567","AMC renewal done but service schedule not shared. Who is my assigned service engineer? No one tells me.","2024-03-04 04:48:00","Web Portal","Tamil","CUST-97083","Office Admin","Rajkot","Gujarat","Refrigeration","Inverter Condensing Unit ICU-10","Credit Card","Yes","Pending","Carrier Own Fleet","5","Resolved","5","336","No","1","iPad","4.0.0","3"
"CMP-2023-001568","Ghar mein rat ko bahut awaaz aati hai outdoor unit se. Neend nahi aa rahi. Koi solution hai?","2023-08-31 14:37:00","Chat Support","Hinglish","CUST-71936","Supermarket","Ghaziabad","Uttar Pradesh","Commercial","Chiller AquaEdge 19DV","UPI","No","Not Requested","Delhivery","2","In Progress","60","12","No","2","Windows Tablet","4.0.0","6"
"CMP-2024-001569","Emergency call under AMC. Was told 'our team will come today'. No one came. Called again next day. Same promise. Third day still waiting. Will share on social media if no action.","2024-01-28 04:10:00","WhatsApp","English","CUST-80995","Industrial Facility","Coimbatore","Tamil Nadu","Refrigeration","Inverter Condensing Unit ICU-5","NEFT","No","Not Requested","Shadowfax","25","In Progress","25","0","Yes","1","Android Phone","5.1.3","6"
"CMP-2023-001570","Unit delivered without accessories. Remote, drain pipes, all missing. Had to chase dealer for 1 week. We have a big client visit next week. Please prioritize.","2024-11-04 16:12:00","Social Media","Tamil","CUST-29918","Data Centre","Lucknow","Uttar Pradesh","Commercial","Heat Pump 30RQV","Net Banking","No","Not Requested","Rivigo","25","Open","60","168","No","2","Tablet","4.2.0","0"
"CMP-2023-001571","Compressor failed completely. Unit is under warranty. Require immediate replacement not repair. Do not waste my time. Please resolve on priority.","2023-11-20 20:02:00","SMS","Hinglish","CUST-60242","Data Centre","Patna","Bihar","Commercial","Fan Coil Unit FCU-200","UPI","Yes","Approved","Rivigo","1","Open","10","0","Yes","3","Laptop","3.1.0","0"
"CMP-2023-001572","Smell of refrigerant inside the machine room. Possible gas leak. Evacuation precaution taken. Please send certified technician. Escalating to consumer forum if not resolved by tomorrow.","2025-03-09 13:32:00","Email","Hinglish","CUST-95216","Facility Team","Jabalpur","Madhya Pradesh","Air Purifiers","Air One AO-100","NEFT","No","Not Requested","Mahindra Logistics","2","In Progress","120","24","No","2","iPad","5.2.1","0"
"CMP-2024-001573","Wrong model delivered. Ordered 5HP condensing unit, received 3HP. This is a basic error. Escalating to consumer forum if not resolved by tomorrow.","2024-06-08 09:44:00","Web Portal","English","CUST-87499","IT Park","Jodhpur","Rajasthan","Refrigeration","Inverter Condensing Unit ICU-10","Cheque","No","Not Requested","Amazon Logistics","3","In Progress","720","6","Yes","1","Android Phone","5.1.3","0"
"CMP-2024-001574","AMC renewal done but service schedule not shared. Who is my assigned service engineer? No one tells me. Please don't just close the ticket without solving the issue.","2023-11-13 12:00:00","Web Portal","English","CUST-27189","Industrial Facility","Ahmedabad","Gujarat","Light Commercial","Cassette 42UFS","Cash","No","Not Requested","DTDC","0","Open","60","12","No","3","iPad","3.3.5","0"
"CMP-2024-001575","Heat rejection from outdoor units is excessive. Adjacent areas are getting very hot. Ventilation design issue or unit fault? Third time raising this complaint.","2023-08-12 00:54:00","Mobile App","English","CUST-59945","Commercial Building Operator","Jaipur","Rajasthan","Refrigeration","Condensing Unit CR-5HP","Cheque","Yes","Under Review","Shadowfax","1","Open","1440","120","No","2","Android Phone","3.1.0","0"
"CMP-2024-001576","I was promised callback in 2 hours. No call came. This has happened twice. Zero accountability.","2023-03-18 06:42:00","Service Center","English","CUST-33150","Supermarket","Jodhpur","Rajasthan","Commercial","Chiller 30XW-V","Credit Card","Yes","Rejected","FedEx","25","In Progress","240","168","No","1","Android Phone","5.0.0","0"
"CMP-2023-001577","Warranty claim rejected citing 'improper installation'. But installation was done by your own authorized dealer. Who is responsible? Highly disappointed.","2024-12-07 21:56:00","Walk-in","English","CUST-41585","Industrial Facility","Nashik","Maharashtra","Commercial","Air Handler AHU-5000","Cheque","No","Not Requested","Delhivery","30","Resolved","90","4","Yes","4","iPad","2.9.8","2"
"CMP-2024-001578","Water leak from ceiling mounted cassette unit. Staining the false ceiling and dripping on expensive equipment below.","2023-01-31 18:25:00","Service Center","English","CUST-17223","Bank Branch","Lucknow","Uttar Pradesh","Air Purifiers","Klarwind KW-500","Cash","Yes","Pending","XpressBees","5","Pending Customer","1440","24","No","2","Laptop","4.2.0","2"
"CMP-2023-001579","This is the 6th breakdown in 8 months. Every time technician comes, 'fixes' it, and within 2 weeks same problem returns. ENOUGH. Escalating to consumer forum if not resolved by tomorrow.","2024-09-11 03:37:00","Walk-in","Hinglish","CUST-12547","Supermarket","Delhi","Delhi","Air Purifiers","Klarwind KW-500","Cheque","No","Not Requested","XpressBees","25","Re-opened","120","2","Yes","4","Laptop","5.1.3","2"
"CMP-2025-001580","Pani tapat raha hai AC se. Below mein customer seating area hai. Please immediately send someone. Complaint ID from last time: 65003945","2024-06-07 22:43:00","Mobile App","English","CUST-47692","Retail Store","Chennai","Tamil Nadu","Commercial","Controls i-Vu Open","Debit Card","No","Not Requested","Shadowfax","0","Resolved","25","12","Yes","2","Laptop","4.2.0","0"
"CMP-2025-001581","Heat rejection from outdoor units is excessive. Adjacent areas are getting very hot. Ventilation design issue or unit fault?","2024-04-12 10:07:00","Chat Support","English","CUST-61102","Food Processing Unit","Navi Mumbai","Maharashtra","Air Purifiers","Klarwind KW-500","NEFT","No","Not Requested","DTDC","25","Resolved","10","8","No","3","Windows Tablet","4.1.2","1"
"CMP-2025-001582","I was promised callback in 2 hours. No call came. This has happened twice. Zero accountability.","2023-01-04 08:54:00","Social Media","Hinglish","CUST-20529","Supermarket","Thane","Maharashtra","Refrigeration","Supermarket Ref SMR-MultiDeck","RTGS","No","Not Requested","Amazon Logistics","0","Pending Parts","30","72","Yes","4","Desktop","3.3.5","0"
"CMP-2023-001583","I am a loyal Carrier customer since 2015. Never faced such repeated breakdowns. Something is wrong with this new model batch. Complaint ID from last time: 45314595","2023-01-16 17:03:00","Email","English","CUST-92330","Data Centre","Delhi","Delhi","Refrigeration","Supermarket Ref SMR-Island","Purchase Order","Yes","Rejected","Mahindra Logistics","5","Pending Customer","240","48","No","1","Windows Tablet","3.3.5","2"
"CMP-2023-001584","Delivered product has manufacturing defects. Fins are bent. Gas service port cap missing. Clearly quality check was not done. Will share on social media if no action.","2023-02-28 20:33:00","Phone","English","CUST-66440","Maintenance Manager","Aurangabad","Maharashtra","Commercial","Fan Coil Unit FCU-200","UPI","No","Not Requested","Blue Dart","0","Closed","12","504","Yes","2","Android Phone","3.3.5","1"
"CMP-2024-001585","The app freezes on the scheduling screen. Cannot set timings remotely anymore. Very inconvenient. Please resolve on priority.","2023-07-11 17:01:00","Chat Support","English","CUST-49212","Office Admin","Allahabad","Uttar Pradesh","Air Purifiers","Air One AO-100","Credit Card","Yes","Processed","Ekart","0","Open","120","0","No","4","iPhone","5.1.3","0"
"CMP-2024-001586","Installation scheduled 4 times. Cancelled 4 times by Carrier. We are a hospital. Patients are suffering. Please treat this as highest priority. Please resolve on priority.","2025-03-31 18:27:00","SMS","Hindi","CUST-56392","Pharma Company","Ahmedabad","Gujarat","Light Commercial","Cassette 42UFC","Cheque","Yes","Processed","Amazon Logistics","30","Re-opened","180","48","No","4","iPad","4.2.0","6"
"CMP-2023-001587","Electricity bill doubled after installation of new Carrier unit. Star rating says 5-star but consumption is huge.","2023-12-31 14:56:00","Email","Hinglish","CUST-85884","Retail Store","Howrah","West Bengal","Refrigeration","Modular Cold Room MCR-25","Credit Card","No","Not Requested","Rivigo","20","Pending Customer","30","6","No","3","Tablet","2.8.5","1"
"CMP-2024-001588","Unit consuming 40% more power than rated. Energy meter data shared with your team. No action taken.","2024-07-30 16:02:00","Walk-in","English","CUST-79479","Industrial Facility","Kota","Rajasthan","Commercial","Chiller AquaEdge 19DV","UPI","Yes","Processed","Mahindra Logistics","7","Open","20","72","Yes","3","iPad","3.1.0","2"
"CMP-2025-001589","Unit goes into protection mode due to high discharge temperature. Error E12 visible on panel. Ambient temp is 42C but unit is rated for 50C.","2024-08-18 20:07:00","Email","English","CUST-11664","IT Park","Ahmedabad","Gujarat","Refrigeration","Modular Cold Room MCR-10","Purchase Order","Yes","Processed","Amazon Logistics","12","Pending Customer","15","48","Yes","2","Tablet","3.2.1","3"
"CMP-2023-001590","Unit goes into protection mode due to high discharge temperature. Error E12 visible on panel. Ambient temp is 42C but unit is rated for 50C. Complaint ID from last time: 67384315","2024-02-28 15:27:00","Chat Support","English","CUST-88572","Food Processing Unit","Guwahati","Assam","Light Commercial","Floor Standing 42CF","Net Banking","No","Not Requested","FedEx","7","Resolved","15","504","No","2","Desktop","4.0.0","0"
"CMP-2023-001591","Installation scheduled 4 times. Cancelled 4 times by Carrier. We are a hospital. Patients are suffering. Please treat this as highest priority. This is absolutely ridiculous!!!","2023-03-06 21:14:00","Mobile App","English","CUST-12760","Food Processing Unit","Meerut","Uttar Pradesh","Light Commercial","Ducted 40MAQ","Purchase Order","No","Not Requested","Mahindra Logistics","25","In Progress","5","24","No","2","Android Phone","4.2.0","0"
"CMP-2025-001592","Water leak from ceiling mounted cassette unit. Staining the false ceiling and dripping on expensive equipment below. This is absolutely ridiculous!!!","2025-01-16 21:13:00","Service Center","English","CUST-80007","Warehouse Operator","Hyderabad","Telangana","Light Commercial","Cassette 42UFS","EMI","Yes","Approved","Amazon Logistics","0","Escalated","120","72","No","2","iPad","4.3.1","2"
"CMP-2023-001593","Unit delivered with dents on the casing. Outer packaging also damaged. Looks like it was mishandled during transit. Highly disappointed.","2023-09-19 14:34:00","Service Center","Telugu","CUST-40009","Commercial Building Operator","Patna","Bihar","Commercial","Chiller 30XW-V","RTGS","Yes","Processed","Amazon Logistics","0","Escalated","10","24","Yes","1","Tablet","5.1.3","4"
"CMP-2025-001594","App update 5.1.3 broke everything. Before update all features worked fine. Please rollback or fix. This is absolutely ridiculous!!!","2023-08-17 17:12:00","Email","English","CUST-49087","Educational Institution","Tiruchirappalli","Tamil Nadu","Air Purifiers","Air One AO-200","EMI","No","Not Requested","DTDC","25","Pending Customer","240","1","Yes","3","Android Phone","2.8.5","2"
"CMP-2023-001595","Heat rejection from outdoor units is excessive. Adjacent areas are getting very hot. Ventilation design issue or unit fault? Need resolution within 24 hours.","2025-03-11 05:27:00","Phone","English","CUST-36899","HVAC Contractor","Hubballi","Karnataka","Refrigeration","Modular Cold Room MCR-10","EMI","No","Not Requested","Ekart","30","Escalated","10","48","Yes","3","Windows Tablet","3.2.1","0"
"CMP-2023-001596","Our factory expansion was delayed because Carrier could not install the HVAC on time. We are losing lakhs daily. Where is the accountability?","2024-10-27 07:00:00","SMS","Hinglish","CUST-40127","HVAC Contractor","Jodhpur","Rajasthan","Commercial","Air Handler AHU-5000","Cheque","Yes","Processed","FedEx","10","Resolved","20","504","No","4","Windows Tablet","4.3.1","2"
"CMP-2023-001597","We paid full amount in advance for installation. 3 weeks passed, no installation team. This is beyond frustrating. Complaint ID from last time: 72278181","2023-12-20 06:42:00","Chat Support","English","CUST-57847","Mall Operator","Chandigarh","Punjab","Light Commercial","Cassette 42UFC","Net Banking","Yes","Approved","FedEx","0","In Progress","240","2","No","3","iPhone","5.1.3","3"
"CMP-2023-001598","Product registered on your portal. Warranty active. But system is still asking us to pay for repair. Frustrated with this process.","2024-04-28 05:26:00","SMS","English","CUST-79566","Mall Operator","Hyderabad","Telangana","Commercial","Chiller AquaEdge 19DV","Credit Card","No","Not Requested","Shadowfax","0","Pending Parts","360","0","Yes","2","Tablet","5.1.3","2"
"CMP-2024-001599","I was promised callback in 2 hours. No call came. This has happened twice. Zero accountability.","2025-03-22 05:50:00","Service Center","Hindi","CUST-77750","Hotel","Coimbatore","Tamil Nadu","Refrigeration","Evaporator Unit EU-5000","RTGS","No","Not Requested","Shadowfax","15","Escalated","120","240","Yes","3","Windows Tablet","3.3.5","2"
"CMP-2023-001600","Our screw compressor rack is showing abnormal discharge pressure. Suction is fine. Need expert diagnosis ASAP. Please resolve on priority.","2023-08-25 01:52:00","Dealer","Hinglish","CUST-82422","Supermarket","Hyderabad","Telangana","Air Purifiers","Air One AO-200","Cash","Yes","Pending","Amazon Logistics","0","Resolved","720","1","No","4","Laptop","3.2.1","1"
"CMP-2023-001601","Capacitor replaced 3 weeks ago. Failed again. Is this a genuine Carrier part or counterfeit? Demanding certificate of authenticity. We have a big client visit next week. Please prioritize.","2023-07-10 06:52:00","Service Center","Hinglish","CUST-94743","Educational Institution","Varanasi","Uttar Pradesh","Commercial","Controls EcoAdvance","UPI","No","Not Requested","Mahindra Logistics","0","Pending Parts","5","168","No","3","Tablet","2.8.5","4"
"CMP-2025-001602","AC gas leaking. Technician came 10 days ago and topped up. Same problem again. Are they not fixing root cause?? 😡 Very frustrated.","2023-03-18 22:26:00","Chat Support","Hinglish","CUST-42900","Restaurant Owner","Rajkot","Gujarat","Refrigeration","Supermarket Ref SMR-Island","UPI","No","Not Requested","Ekart","0","Pending Customer","240","4","No","3","Desktop","4.2.0","2"
"CMP-2024-001603","Warranty document says 5 years comprehensive. Your service team is claiming 1 year. Please clarify and honour the warranty. Will share on social media if no action.","2024-06-01 07:26:00","Phone","Hinglish","CUST-99278","Mall Operator","Hubballi","Karnataka","Light Commercial","Floor Standing 42NQ","NEFT","Yes","Under Review","Shadowfax","3","Escalated","30","48","No","1","Desktop","3.3.5","2"
"CMP-2024-001604","Electricity bill doubled after installation of new Carrier unit. Star rating says 5-star but consumption is huge. Need resolution within 24 hours.","2023-06-27 19:21:00","Chat Support","Hinglish","CUST-81638","Office Admin","Meerut","Uttar Pradesh","Commercial","Air Handler AHU-3000","UPI","No","Not Requested","FedEx","5","Resolved","1440","72","Yes","3","iPad","5.1.3","0"
"CMP-2024-001605","Our factory expansion was delayed because Carrier could not install the HVAC on time. We are losing lakhs daily. Where is the accountability? We have a big client visit next week. Please prioritize.","2023-11-23 10:54:00","Phone","English","CUST-78682","Pharma Company","Bhubaneswar","Odisha","Commercial","Controls EcoAdvance","Credit Card","No","Not Requested","Rivigo","5","Escalated","10","4","No","2","Tablet","4.1.2","0"
"CMP-2023-001606","Compressor failure within 18 months. Manufacturer warranty should cover this. Do not send me to dealer. Carrier must take responsibility. Please don't just close the ticket without solving the issue.","2024-01-09 11:20:00","Service Center","English","CUST-78344","Cold Storage Operator","Indore","Madhya Pradesh","Light Commercial","Cassette 42UFS","Credit Card","No","Not Requested","XpressBees","0","Open","60","96","No","1","iPad","4.2.0","4"
"CMP-2024-001607","Installation scheduled 4 times. Cancelled 4 times by Carrier. We are a hospital. Patients are suffering. Please treat this as highest priority. We have a big client visit next week. Please prioritize.","2025-04-27 03:26:00","SMS","English","CUST-96506","Facility Team","Nagpur","Maharashtra","Commercial","Controls EcoAdvance","Cheque","No","Not Requested","Blue Dart","3","Closed","60","168","No","1","Tablet","5.0.0","0"
"CMP-2025-001608","R410A leak suspected. Cooling efficiency dropped suddenly and compressor running continuously. Please send someone today. Complaint ID from last time: 33697575","2023-09-27 12:50:00","Email","English","CUST-82953","Industrial Facility","Coimbatore","Tamil Nadu","Light Commercial","Floor Standing 42CF","Credit Card","Yes","Approved","Ekart","1","Resolved","120","24","No","1","Windows Tablet","2.9.8","0"
"CMP-2025-001609","Because of your equipment failure, our restaurant had to shut for 2 days. Loss of business and spoiled inventory. This is unacceptable.","2023-10-23 03:18:00","SMS","English","CUST-35292","Pharma Company","Thane","Maharashtra","Air Purifiers","OptiClean OC-400","Cash","Yes","Rejected","DTDC","2","Pending Parts","12","720","No","1","Tablet","3.1.0","1"
"CMP-2023-001610","Commissioning not done properly. Unit was just switched on and technician left. No testing, no parameter setting. Please resolve on priority.","2023-03-28 06:17:00","Walk-in","English","CUST-67609","Data Centre","Guwahati","Assam","Commercial","Air Handler AHU-3000","Cash","No","Not Requested","Carrier Own Fleet","25","Pending Parts","60","0","No","2","iPhone","3.1.0","6"
"CMP-2025-001611","Our factory expansion was delayed because Carrier could not install the HVAC on time. We are losing lakhs daily. Where is the accountability?","2023-10-19 03:15:00","Dealer","Hinglish","CUST-69694","IT Park","Faridabad","Haryana","Refrigeration","Evaporator Unit EU-5000","RTGS","No","Not Requested","XpressBees","5","Resolved","20","8","No","1","Laptop","5.0.0","1"
"CMP-2024-001612","Yaar gas toh phir se leak ho gayi. Teen mahine mein teesri baar. Yeh kab tak chalega?","2024-09-11 09:21:00","Mobile App","Hindi","CUST-13134","Retail Store","Chandigarh","Punjab","Air Purifiers","Air One AO-100","UPI","No","Not Requested","Rivigo","2","Pending Parts","120","720","No","1","Tablet","4.1.2","0"
"CMP-2023-001613","Because of your equipment failure, our restaurant had to shut for 2 days. Loss of business and spoiled inventory. This is unacceptable. We have a big client visit next week. Please prioritize.","2024-09-08 00:33:00","Service Center","Hinglish","CUST-65558","Restaurant Owner","Jodhpur","Rajasthan","Commercial","Chiller 30XW-V","Debit Card","No","Not Requested","Ekart","15","Open","20","48","No","1","Android Phone","2.8.5","3"
"CMP-2024-001614","Partial refund received but deducted 20% without any explanation. No one is telling me why. I want full refund. This is absolutely ridiculous!!!","2023-12-18 23:09:00","Service Center","Hinglish","CUST-63997","Office Admin","Chennai","Tamil Nadu","Air Purifiers","Air One AO-100","Cash","No","Not Requested","Delhivery","2","Re-opened","45","2","No","4","Android Phone","2.9.8","2"
"CMP-2025-001615","Pani tapat raha hai AC se. Below mein customer seating area hai. Please immediately send someone. Escalating to consumer forum if not resolved by tomorrow.","2023-11-18 13:33:00","Chat Support","Hinglish","CUST-25092","Supermarket","Jabalpur","Madhya Pradesh","Air Purifiers","OptiClean OC-400","Cash","No","Not Requested","Mahindra Logistics","0","Re-opened","120","1","Yes","3","Tablet","2.8.5","1"
"CMP-2025-001616","Outdoor unit installed at wrong orientation. Drainage blocked. Technician confirmed faulty installation but blaming us.","2025-02-20 15:49:00","Service Center","English","CUST-77996","Cold Storage Operator","Kanpur","Uttar Pradesh","Refrigeration","Screw Compressor Rack SR-20","Cash","No","Not Requested","Rivigo","30","In Progress","180","36","No","3","iPad","5.1.3","6"
"CMP-2023-001617","Waiting for spare parts for 35 days. Technician has identified fault. Parts stuck in warehouse apparently. No timeline given. Need resolution within 24 hours.","2024-03-07 09:01:00","Chat Support","English","CUST-62743","Cold Storage Operator","Nashik","Maharashtra","Air Purifiers","OptiClean OC-400","Cash","No","Not Requested","Blue Dart","15","Escalated","180","72","No","3","iPad","4.1.2","4"
"CMP-2024-001618","Condensate drain is blocked. Water overflowing inside the unit and dropping on floor. Health hazard. Please resolve on priority.","2024-06-27 19:15:00","Mobile App","Hinglish","CUST-31432","Educational Institution","Mumbai","Maharashtra","Commercial","Fan Coil Unit FCU-200","Credit Card","Yes","Approved","FedEx","15","Open","60","24","No","1","Tablet","4.3.1","0"
"CMP-2025-001619","Compressor making very loud knocking sound since morning. Afraid it might fail completely. Please send technician. 😡 Very frustrated.","2023-01-15 08:57:00","Phone","English","CUST-93527","Food Processing Unit","Vadodara","Gujarat","Air Purifiers","OptiClean OC-800","Net Banking","No","Not Requested","FedEx","1","Pending Parts","240","4","No","2","Laptop","5.0.0","1"
"CMP-2023-001620","Technician was very rude on phone. We are a paying customer. This behavior is not acceptable. This is absolutely ridiculous!!!","2023-09-20 10:28:00","Dealer","English","CUST-21006","Pharma Company","Vijayawada","Andhra Pradesh","Light Commercial","Carrier VRF X Power 40VYX","Credit Card","No","Not Requested","FedEx","12","In Progress","5","24","Yes","4","Desktop","3.2.1","0"
"CMP-2023-001621","App pe temperature change karte hain toh unit nahi sunta. 5 minute baad update hota hai. Itni delay kyun? 😡 Very frustrated.","2024-03-15 23:04:00","WhatsApp","Hindi","CUST-18068","Restaurant Owner","Ranchi","Jharkhand","Air Purifiers","OptiClean OC-800","Cheque","No","Not Requested","XpressBees","3","Pending Parts","45","72","No","1","Android Phone","2.9.8","0"
"CMP-2025-001622","App pe temperature change karte hain toh unit nahi sunta. 5 minute baad update hota hai. Itni delay kyun? This is absolutely ridiculous!!!","2025-04-25 05:21:00","SMS","Tamil","CUST-66331","Hospital","Chandigarh","Punjab","Refrigeration","Supermarket Ref SMR-Island","Credit Card","No","Not Requested","Rivigo","0","Escalated","60","0","No","1","iPad","4.2.0","0"
"CMP-2023-001623","Requested refund on 3rd April. Today is 14th May. Still no credit to my account. Nobody is answering properly.","2024-11-16 08:03:00","Walk-in","Hindi","CUST-51322","HVAC Contractor","Rajkot","Gujarat","Air Purifiers","Klarwind KW-500","Net Banking","Yes","Processed","Shadowfax","0","Pending Parts","12","6","Yes","5","iPad","2.9.8","1"
"CMP-2023-001624","Indoor unit is not level. Water not draining properly because of tilt. Poor workmanship. This is absolutely ridiculous!!!","2024-01-23 09:14:00","Chat Support","English","CUST-45581","Hospital","Jabalpur","Madhya Pradesh","Commercial","Chiller AquaEdge 19DV","NEFT","No","Not Requested","Blue Dart","0","Resolved","30","24","Yes","5","Desktop","3.1.0","0"
"CMP-2025-001625","Warranty claim rejected citing 'improper installation'. But installation was done by your own authorized dealer. Who is responsible? Highly disappointed.","2023-07-10 23:39:00","WhatsApp","English","CUST-28636","Supermarket","Agra","Uttar Pradesh","Air Purifiers","OptiClean OC-800","RTGS","No","Not Requested","Carrier Own Fleet","25","Resolved","480","72","Yes","2","Desktop","4.3.1","5"
"CMP-2025-001626","AMC contact number is always busy. Emails are not replied. How are we supposed to raise service requests?","2023-01-31 18:43:00","Walk-in","English","CUST-80712","Mall Operator","Howrah","West Bengal","Air Purifiers","Air One AO-200","EMI","No","Not Requested","Rivigo","3","Open","10","720","No","2","iPhone","5.2.1","0"
"CMP-2023-001627","Chat support is completely useless. Gives only scripted responses. Cannot escalate from chat. Very bad experience. Complaint ID from last time: 83018986","2024-10-08 20:37:00","SMS","Hinglish","CUST-48326","Cold Storage Operator","Ranchi","Jharkhand","Commercial","Controls EcoAdvance","NEFT","Yes","Processed","Delhivery","15","Pending Parts","5","336","Yes","3","iPhone","5.0.0","0"
"CMP-2025-001628","Refrigerant pipes run visibly through office wall without proper ducting. Installation is ugly and not as agreed.","2024-11-11 04:02:00","Service Center","English","CUST-96902","Hospital","Bengaluru","Karnataka","Air Purifiers","Air One AO-200","Purchase Order","Yes","Processed","Amazon Logistics","5","Open","5","168","No","4","Tablet","4.1.2","0"
"CMP-2024-001629","Installation scheduled 4 times. Cancelled 4 times by Carrier. We are a hospital. Patients are suffering. Please treat this as highest priority. Escalating to consumer forum if not resolved by tomorrow.","2024-10-12 03:36:00","Service Center","English","CUST-80964","Data Centre","Gurugram","Haryana","Commercial","Air Handler AHU-5000","Debit Card","No","Not Requested","Blue Dart","5","Pending Parts","360","12","Yes","1","Windows Tablet","4.3.1","2"
"CMP-2023-001630","Unit delivered with dents on the casing. Outer packaging also damaged. Looks like it was mishandled during transit. Escalating to consumer forum if not resolved by tomorrow.","2023-12-21 05:28:00","Walk-in","English","CUST-58060","Hospital","Hubballi","Karnataka","Commercial","Controls i-Vu Open","UPI","Yes","Partially Processed","Ekart","0","Open","10","168","Yes","3","iPhone","3.3.5","0"
"CMP-2024-001631","Login OTP not coming. Tried 3 times. Customer care line is always busy. App is useless. Highly disappointed.","2023-02-08 17:24:00","Email","English","CUST-29446","Educational Institution","Tiruchirappalli","Tamil Nadu","Light Commercial","Cassette 42UFS","Cheque","No","Not Requested","Delhivery","5","Resolved","240","72","No","4","Desktop","5.0.0","0"
"CMP-2023-001632","Due to cold room failure, Rs 8 lakh worth of vegetables spoiled overnight. Who will compensate? Unit is under AMC. Please resolve on priority.","2023-03-16 08:07:00","Social Media","English","CUST-15158","Warehouse Operator","Amritsar","Punjab","Light Commercial","Cassette 42UFC","EMI","No","Not Requested","Amazon Logistics","0","Open","20","6","No","2","Laptop","3.1.0","5"
"CMP-2024-001633","Partial refund received but deducted 20% without any explanation. No one is telling me why. I want full refund.","2023-08-19 23:14:00","Dealer","Hindi","CUST-70446","Facility Team","Tirupur","Tamil Nadu","Air Purifiers","Air One AO-200","Purchase Order","Yes","Pending","Shadowfax","5","Re-opened","480","72","Yes","1","Desktop","3.3.5","1"
"CMP-2023-001634","Waiting for spare parts for 35 days. Technician has identified fault. Parts stuck in warehouse apparently. No timeline given. Please resolve on priority.","2023-01-27 14:54:00","Email","English","CUST-13074","Hospital","Meerut","Uttar Pradesh","Refrigeration","Inverter Condensing Unit ICU-10","RTGS","Yes","Processed","Carrier Own Fleet","5","Pending Parts","60","72","No","1","Laptop","4.0.0","0"
"CMP-2023-001635","Electricity bill doubled after installation of new Carrier unit. Star rating says 5-star but consumption is huge. Please resolve on priority.","2023-04-02 15:51:00","WhatsApp","English","CUST-39507","Restaurant Owner","Delhi","Delhi","Commercial","Chiller 30XW-V","EMI","No","Not Requested","XpressBees","0","Pending Parts","15","4","Yes","2","iPad","4.2.0","0"
"CMP-2023-001636","Strange whistling sound from indoor unit. Happens when set below 22C. Very irritating during meetings.","2023-05-17 14:06:00","Dealer","Hinglish","CUST-23854","Supermarket","Jodhpur","Rajasthan","Commercial","Controls EcoAdvance","Cheque","No","Not Requested","Ekart","20","Resolved","10","96","No","2","Laptop","4.0.0","1"
"CMP-2023-001637","Smell of refrigerant inside the machine room. Possible gas leak. Evacuation precaution taken. Please send certified technician. Third time raising this complaint.","2025-01-25 09:06:00","Mobile App","Hinglish","CUST-40831","Commercial Building Operator","Kota","Rajasthan","Air Purifiers","Air One AO-200","EMI","No","Not Requested","Carrier Own Fleet","5","Re-opened","60","12","No","2","Desktop","5.0.0","1"
"CMP-2024-001638","Spare part availability is very poor for older models. Our unit is only 4 years old and parts are already out of stock?? Escalating to consumer forum if not resolved by tomorrow.","2025-01-12 05:42:00","SMS","English","CUST-96060","IT Park","Gurugram","Haryana","Commercial","Air Handler AHU-5000","NEFT","No","Not Requested","Blue Dart","20","Open","10","336","No","1","Desktop","2.8.5","0"
"CMP-2025-001639","Chat support is completely useless. Gives only scripted responses. Cannot escalate from chat. Very bad experience. Will share on social media if no action.","2025-01-04 18:26:00","Phone","Hindi","CUST-21988","Commercial Building Operator","Tirupur","Tamil Nadu","Air Purifiers","OptiClean OC-800","UPI","No","Not Requested","Rivigo","12","In Progress","180","8","No","5","Windows Tablet","3.1.0","0"
"CMP-2023-001640","Waiting for spare parts for 35 days. Technician has identified fault. Parts stuck in warehouse apparently. No timeline given.","2023-12-26 02:40:00","Social Media","English","CUST-44479","Industrial Facility","Coimbatore","Tamil Nadu","Light Commercial","Floor Standing 42CF","UPI","Yes","Processed","Rivigo","0","Re-opened","300","48","No","3","Desktop","5.0.0","1"
"CMP-2024-001641","Requested refund on 3rd April. Today is 14th May. Still no credit to my account. Nobody is answering properly. Escalating to consumer forum if not resolved by tomorrow.","2023-01-22 19:26:00","Mobile App","Hinglish","CUST-49507","Hospital","Kota","Rajasthan","Light Commercial","Ducted 40MAQ","Cheque","No","Not Requested","Ekart","12","Re-opened","5","48","No","2","Tablet","4.2.0","0"
"CMP-2024-001642","Login OTP not coming. Tried 3 times. Customer care line is always busy. App is useless. We have a big client visit next week. Please prioritize.","2023-05-24 14:30:00","Web Portal","English","CUST-23379","Retail Store","Agra","Uttar Pradesh","Commercial","Fan Coil Unit FCU-200","EMI","No","Not Requested","FedEx","25","Escalated","45","1","No","2","Tablet","5.0.0","2"
"CMP-2024-001643","AMC coverage says parts are included but technician is asking us to pay for capacitor. Conflict with contract terms. Will share on social media if no action.","2025-02-19 03:26:00","Chat Support","English","CUST-18720","IT Park","Nashik","Maharashtra","Commercial","Controls EcoAdvance","Debit Card","No","Not Requested","Carrier Own Fleet","2","Closed","90","48","No","1","Android Phone","5.2.1","4"
"CMP-2023-001644","Pipe insulation not done properly. Condensation forming on pipes and dripping. Basic installation mistake. Third time raising this complaint.","2023-11-16 17:29:00","Social Media","English","CUST-25077","Restaurant Owner","Chandigarh","Punjab","Light Commercial","Cassette 42UFS","Net Banking","No","Not Requested","FedEx","0","Re-opened","720","36","No","5","Tablet","4.1.2","2"
"CMP-2023-001645","Outdoor unit installed at wrong orientation. Drainage blocked. Technician confirmed faulty installation but blaming us.","2024-11-10 06:56:00","Walk-in","English","CUST-50529","Hotel","Allahabad","Uttar Pradesh","Refrigeration","Supermarket Ref SMR-Island","RTGS","Yes","Processed","DTDC","10","In Progress","12","24","No","5","Windows Tablet","3.2.1","0"
"CMP-2025-001646","Pani tapat raha hai AC se. Below mein customer seating area hai. Please immediately send someone. Will share on social media if no action.","2024-06-16 08:18:00","Social Media","Tamil","CUST-11074","Hotel","Jaipur","Rajasthan","Refrigeration","Screw Compressor Rack SR-50","Debit Card","No","Not Requested","Mahindra Logistics","0","In Progress","90","168","No","3","Desktop","4.0.0","0"
"CMP-2025-001647","Water leak from ceiling mounted cassette unit. Staining the false ceiling and dripping on expensive equipment below. Highly disappointed.","2023-01-30 17:38:00","WhatsApp","English","CUST-84209","Warehouse Operator","Meerut","Uttar Pradesh","Air Purifiers","Klarwind KW-500","Purchase Order","No","Not Requested","FedEx","15","Closed","8","8","No","5","iPhone","5.0.0","0"
"CMP-2024-001648","Unit consuming 40% more power than rated. Energy meter data shared with your team. No action taken. Escalating to consumer forum if not resolved by tomorrow.","2024-07-17 12:20:00","Dealer","English","CUST-64270","Warehouse Operator","Mumbai","Maharashtra","Commercial","Chiller AquaEdge 19DV","Purchase Order","No","Not Requested","Blue Dart","1","Open","5","168","No","1","Android Phone","4.2.0","1"
"CMP-2024-001649","Capacitor replaced 3 weeks ago. Failed again. Is this a genuine Carrier part or counterfeit? Demanding certificate of authenticity.","2024-04-10 02:03:00","Social Media","English","CUST-65587","Bank Branch","Gurugram","Haryana","Light Commercial","Ducted 40MAQ","UPI","No","Not Requested","Shadowfax","0","Pending Parts","5","168","No","2","Desktop","4.1.2","0"
"CMP-2024-001650","Yaar gas toh phir se leak ho gayi. Teen mahine mein teesri baar. Yeh kab tak chalega? Please resolve on priority.","2025-04-21 22:38:00","Mobile App","English","CUST-96796","Educational Institution","Rajkot","Gujarat","Light Commercial","Carrier VRF X Power 40VYX","EMI","No","Not Requested","Amazon Logistics","3","Pending Parts","25","0","Yes","4","Laptop","2.8.5","2"
"CMP-2025-001651","Power factor of the unit is poor. Our electrical load increased significantly after Carrier system was installed. Complaint ID from last time: 91092335","2024-06-21 16:22:00","Service Center","English","CUST-77562","Restaurant Owner","Visakhapatnam","Andhra Pradesh","Refrigeration","Supermarket Ref SMR-MultiDeck","UPI","No","Not Requested","Rivigo","1","Pending Parts","10","72","Yes","1","Desktop","4.2.0","2"
"CMP-2024-001652","Defrost cycle seems to be running too long. Temperature rises to +5C during defrost. Products are thawing partially.","2025-03-19 21:54:00","Chat Support","English","CUST-18452","Pharma Company","Amritsar","Punjab","Air Purifiers","OptiClean OC-800","Net Banking","No","Not Requested","Blue Dart","3","Re-opened","2880","0","Yes","2","Desktop","4.2.0","2"
"CMP-2025-001653","Smell of refrigerant inside the machine room. Possible gas leak. Evacuation precaution taken. Please send certified technician. Need resolution within 24 hours.","2023-11-05 17:47:00","Service Center","English","CUST-86926","HVAC Contractor","Bengaluru","Karnataka","Commercial","Fan Coil Unit FCU-200","Cheque","No","Not Requested","Rivigo","1","Pending Parts","120","0","No","1","Laptop","2.8.5","1"
"CMP-2023-001654","Compressor making very loud knocking sound since morning. Afraid it might fail completely. Please send technician. Will share on social media if no action.","2024-04-02 10:43:00","WhatsApp","Hindi","CUST-90859","Hospital","Agra","Uttar Pradesh","Air Purifiers","OptiClean OC-800","RTGS","No","Not Requested","FedEx","1","Open","15","168","Yes","4","Laptop","2.9.8","0"
"CMP-2023-001655","Pani tapat raha hai AC se. Below mein customer seating area hai. Please immediately send someone. 😡 Very frustrated.","2024-09-27 20:43:00","Mobile App","Hinglish","CUST-98917","Warehouse Operator","Mumbai","Maharashtra","Light Commercial","Carrier VRF X Power 40VYX","Debit Card","No","Not Requested","Blue Dart","25","Re-opened","15","72","No","4","iPad","4.3.1","0"
"CMP-2025-001656","Cold room not reaching setpoint of -18C. Best we get is -12C. Compressor running 100% time. Possible refrigerant undercharge. We have a big client visit next week. Please prioritize.","2023-09-06 01:43:00","Social Media","English","CUST-53686","Food Processing Unit","Jaipur","Rajasthan","Commercial","Air Handler AHU-5000","Credit Card","Yes","Partially Processed","FedEx","7","Closed","5","336","No","1","Tablet","3.1.0","2"
"CMP-2023-001657","The compressor unit started vibrating heavily last evening. We had to shut it down manually. Need urgent repair. Escalating to consumer forum if not resolved by tomorrow.","2023-08-08 13:35:00","SMS","Telugu","CUST-34541","Mall Operator","Navi Mumbai","Maharashtra","Refrigeration","Inverter Condensing Unit ICU-10","Cash","Yes","Partially Processed","Carrier Own Fleet","20","Resolved","90","0","No","4","Desktop","4.3.1","2"
"CMP-2024-001658","No cooling. Hotel guests are complaining loudly. This is peak summer season. You are ruining our reputation. Fix this NOW. Need resolution within 24 hours.","2024-04-29 03:14:00","Email","English","CUST-17045","Retail Store","Agra","Uttar Pradesh","Air Purifiers","Air One AO-100","Cheque","No","Not Requested","Amazon Logistics","15","Escalated","30","72","No","1","Tablet","4.2.0","1"
"CMP-2025-001659","Refund pending since 3 weeks. Very disappointing experience. Will not recommend Carrier to anyone. Complaint ID from last time: 84470414","2023-02-06 10:42:00","Dealer","English","CUST-35667","IT Park","Bengaluru","Karnataka","Refrigeration","Evaporator Unit EU-5000","RTGS","No","Not Requested","DTDC","0","In Progress","1440","168","No","2","iPhone","5.1.3","1"
"CMP-2024-001660","Refrigerant pipes run visibly through office wall without proper ducting. Installation is ugly and not as agreed.","2024-11-12 06:15:00","SMS","English","CUST-47855","Office Admin","Guwahati","Assam","Refrigeration","Screw Compressor Rack SR-50","Debit Card","Yes","Under Review","Blue Dart","1","Pending Parts","300","168","No","1","Desktop","4.0.0","6"
"CMP-2023-001661","Refund rejected saying 'product opened'. But your own technician opened it during inspection! This is fraud.","2023-09-22 07:43:00","Dealer","Hinglish","CUST-45560","IT Park","Visakhapatnam","Andhra Pradesh","Light Commercial","Carrier VRF X Power 38VYX","Cash","No","Not Requested","Rivigo","2","Escalated","15","0","No","1","Laptop","2.8.5","0"
"CMP-2025-001662","Heat rejection from outdoor units is excessive. Adjacent areas are getting very hot. Ventilation design issue or unit fault? 😡 Very frustrated.","2023-07-13 02:50:00","Chat Support","English","CUST-93162","Facility Team","Surat","Gujarat","Commercial","Controls EcoAdvance","Purchase Order","No","Not Requested","Blue Dart","0","Pending Customer","25","72","Yes","2","Laptop","3.1.0","5"
"CMP-2024-001663","Compressor failure within 18 months. Manufacturer warranty should cover this. Do not send me to dealer. Carrier must take responsibility. Please don't just close the ticket without solving the issue.","2024-03-09 18:20:00","Walk-in","Hinglish","CUST-22330","Retail Store","Rajkot","Gujarat","Commercial","Fan Coil Unit FCU-400","Credit Card","No","Not Requested","Rivigo","7","Re-opened","240","24","Yes","3","Windows Tablet","5.2.1","2"
"CMP-2024-001664","Same fault code keeps returning every 3-4 weeks. Error E07. Capacitor changed, still same. Something else is the root cause. Please resolve on priority.","2025-04-10 11:44:00","Social Media","English","CUST-33740","Maintenance Manager","Ludhiana","Punjab","Air Purifiers","Air One AO-200","Debit Card","Yes","Processed","Delhivery","0","Closed","30","24","No","2","iPad","4.1.2","1"
"CMP-2025-001665","Wrong model delivered. Ordered 5HP condensing unit, received 3HP. This is a basic error.","2023-05-13 16:47:00","Phone","English","CUST-59851","Supermarket","Bhubaneswar","Odisha","Refrigeration","Screw Compressor Rack SR-20","UPI","Yes","Rejected","Ekart","5","Closed","10","240","Yes","2","Windows Tablet","5.2.1","6"
"CMP-2023-001666","Technician suggested we buy a new unit. But this unit is only 14 months old!! Under warranty. Will escalate legally if needed. Under warranty. Do not charge us.","2023-02-08 05:21:00","WhatsApp","English","CUST-57184","Office Admin","Coimbatore","Tamil Nadu","Light Commercial","Carrier VRF X Power 40VYX","Debit Card","No","Not Requested","Delhivery","5","Pending Parts","480","120","Yes","4","Windows Tablet","5.2.1","3"
"CMP-2025-001667","Defrost cycle seems to be running too long. Temperature rises to +5C during defrost. Products are thawing partially. Please resolve on priority.","2023-09-20 01:57:00","Walk-in","Tamil","CUST-57211","Restaurant Owner","Bengaluru","Karnataka","Refrigeration","Modular Cold Room MCR-25","Debit Card","No","Not Requested","Shadowfax","0","Open","45","120","No","3","Tablet","3.3.5","0"
"CMP-2024-001668","Outdoor unit installed at wrong orientation. Drainage blocked. Technician confirmed faulty installation but blaming us. Escalating to consumer forum if not resolved by tomorrow.","2023-08-13 10:23:00","Walk-in","English","CUST-41439","Mall Operator","Nashik","Maharashtra","Commercial","Controls i-Vu Open","Net Banking","No","Not Requested","Amazon Logistics","5","Re-opened","60","0","No","1","Tablet","5.1.3","0"
"CMP-2023-001669","Supermarket display cases temperature alarm triggering 3-4 times per day. Staff constantly resetting. Major issue.","2024-02-20 20:24:00","Email","Hinglish","CUST-98315","Maintenance Manager","Mumbai","Maharashtra","Air Purifiers","Air One AO-100","Cash","Yes","Pending","DTDC","0","Pending Customer","5","96","No","1","Desktop","4.2.0","0"
"CMP-2025-001670","I was promised callback in 2 hours. No call came. This has happened twice. Zero accountability. Please resolve on priority.","2023-07-26 05:18:00","WhatsApp","English","CUST-43037","Restaurant Owner","Delhi","Delhi","Commercial","Heat Pump 30RQV","UPI","No","Not Requested","DTDC","1","Open","120","240","No","5","Laptop","3.2.1","2"
"CMP-2024-001671","Service engineer came without tools. Wasted our time. Came again next day with wrong parts. Still not fixed. We have a big client visit next week. Please prioritize.","2023-04-22 04:52:00","WhatsApp","English","CUST-30672","Educational Institution","Rajkot","Gujarat","Commercial","Chiller 30XW-V","Credit Card","No","Not Requested","Delhivery","12","Pending Customer","60","8","No","4","Windows Tablet","2.9.8","1"
"CMP-2023-001672","Vibration from the compressor unit is shaking the entire wall. Noise level measured at 78 dB. Far above spec. Highly disappointed.","2023-05-13 14:33:00","Chat Support","English","CUST-81378","Retail Store","Visakhapatnam","Andhra Pradesh","Light Commercial","Carrier VRF X Power 40VYX","Credit Card","No","Not Requested","Shadowfax","0","In Progress","15","36","No","3","iPad","3.3.5","4"
"CMP-2024-001673","Water leak from ceiling mounted cassette unit. Staining the false ceiling and dripping on expensive equipment below. We have a big client visit next week. Please prioritize.","2023-10-20 01:57:00","Social Media","Telugu","CUST-88129","Food Processing Unit","Amritsar","Punjab","Air Purifiers","Klarwind KW-300","Cheque","Yes","Rejected","Blue Dart","2","Escalated","5","24","No","1","Tablet","3.1.0","6"
"CMP-2023-001674","Called for emergency service. Was told technician will come in 4 hours. Waited 11 hours. No show. Please resolve on priority.","2024-03-07 02:31:00","Web Portal","English","CUST-34512","Bank Branch","Lucknow","Uttar Pradesh","Air Purifiers","Air One AO-100","Purchase Order","No","Not Requested","Rivigo","0","Re-opened","240","336","No","4","Windows Tablet","5.2.1","1"
"CMP-2025-001675","Vibration from the compressor unit is shaking the entire wall. Noise level measured at 78 dB. Far above spec. Please resolve on priority.","2023-07-10 05:33:00","Web Portal","English","CUST-78425","Office Admin","Nagpur","Maharashtra","Air Purifiers","Klarwind KW-300","Net Banking","No","Not Requested","Carrier Own Fleet","0","Pending Parts","15","504","No","1","iPad","2.9.8","3"
"CMP-2023-001676","Pani tapat raha hai AC se. Below mein customer seating area hai. Please immediately send someone.","2023-09-15 11:24:00","Service Center","Hindi","CUST-13444","Mall Operator","Tiruchirappalli","Tamil Nadu","Light Commercial","Ducted 40RUQ","RTGS","Yes","Rejected","FedEx","3","Escalated","25","24","No","4","Android Phone","4.2.0","1"
"CMP-2024-001677","Capacitor replaced 3 weeks ago. Failed again. Is this a genuine Carrier part or counterfeit? Demanding certificate of authenticity.","2023-12-15 07:48:00","Email","Hinglish","CUST-93756","HVAC Contractor","Agra","Uttar Pradesh","Refrigeration","Inverter Condensing Unit ICU-10","Purchase Order","Yes","Pending","Rivigo","3","Pending Customer","60","504","No","3","iPhone","5.2.1","1"
"CMP-2023-001678","The FCU in server room has stopped maintaining temperature. Server temps rising. Critical situation - please escalate immediately. Need resolution within 24 hours.","2025-04-25 09:25:00","SMS","English","CUST-47372","Food Processing Unit","Noida","Uttar Pradesh","Air Purifiers","Klarwind KW-300","Purchase Order","Yes","Rejected","Rivigo","7","Pending Customer","5","168","No","5","Android Phone","5.1.3","6"
"CMP-2025-001679","Controller mein kuch bhi set karo, unit apna mann se kaam karta hai. Kya issue hai?","2025-03-26 03:47:00","SMS","English","CUST-58228","Commercial Building Operator","Gurugram","Haryana","Refrigeration","Condensing Unit CR-5HP","NEFT","Yes","Approved","FedEx","30","Re-opened","240","24","Yes","1","iPad","2.8.5","2"
"CMP-2023-001680","Current draw is 18A against rated 12A. Motor or capacitor issue suspected. Please send service team. Please resolve on priority.","2023-10-23 10:48:00","Web Portal","Tamil","CUST-30431","Supermarket","Varanasi","Uttar Pradesh","Air Purifiers","Air One AO-100","UPI","No","Not Requested","FedEx","0","Closed","30","72","No","1","Windows Tablet","2.8.5","1"
"CMP-2024-001681","R410A leak suspected. Cooling efficiency dropped suddenly and compressor running continuously. Please send someone today. Third time raising this complaint.","2024-06-30 07:41:00","Email","Hinglish","CUST-57861","Restaurant Owner","Noida","Uttar Pradesh","Commercial","Fan Coil Unit FCU-200","Net Banking","Yes","Approved","FedEx","10","Re-opened","60","336","Yes","1","Android Phone","4.3.1","1"
"CMP-2025-001682","Commissioning not done properly. Unit was just switched on and technician left. No testing, no parameter setting. Please don't just close the ticket without solving the issue.","2024-11-05 23:01:00","Service Center","Hinglish","CUST-20398","Warehouse Operator","Noida","Uttar Pradesh","Commercial","Air Handler AHU-3000","Debit Card","No","Not Requested","Amazon Logistics","12","Open","120","168","Yes","4","iPhone","3.2.1","0"
"CMP-2025-001683","Unit goes into protection mode due to high discharge temperature. Error E12 visible on panel. Ambient temp is 42C but unit is rated for 50C.","2024-11-04 23:03:00","Service Center","English","CUST-35210","Office Admin","Noida","Uttar Pradesh","Air Purifiers","OptiClean OC-400","Net Banking","Yes","Rejected","Shadowfax","5","Open","15","240","No","1","Desktop","3.2.1","1"
"CMP-2023-001684","Our screw compressor rack is showing abnormal discharge pressure. Suction is fine. Need expert diagnosis ASAP. Highly disappointed.","2023-04-01 11:46:00","Social Media","Hinglish","CUST-69730","Educational Institution","Vadodara","Gujarat","Commercial","Heat Pump 30RQV","Cheque","Yes","Processed","Mahindra Logistics","20","In Progress","45","6","No","3","iPhone","4.2.0","0"
"CMP-2024-001685","Due to cold room failure, Rs 8 lakh worth of vegetables spoiled overnight. Who will compensate? Unit is under AMC.","2023-03-08 10:49:00","Web Portal","Hinglish","CUST-60892","Hotel","Ahmedabad","Gujarat","Air Purifiers","Klarwind KW-500","Debit Card","Yes","Partially Processed","FedEx","3","Re-opened","240","6","No","3","iPad","4.2.0","1"
"CMP-2024-001686","Water dripping from the indoor unit directly onto our workstations. Urgent issue. Data could be damaged. Will share on social media if no action.","2023-12-23 06:07:00","Email","Hinglish","CUST-36223","IT Park","Hyderabad","Telangana","Light Commercial","Ducted 40MAQ","Credit Card","No","Not Requested","Delhivery","15","Open","720","24","No","4","iPad","5.2.1","1"
"CMP-2024-001687","Bhai ek baar thanda karta hai fir garam. On-off on-off. Compressor issue lagta hai. Please check karo. Escalating to consumer forum if not resolved by tomorrow.","2025-04-12 07:26:00","Email","English","CUST-98100","Supermarket","Raipur","Chhattisgarh","Light Commercial","Cassette 42UFS","Purchase Order","Yes","Partially Processed","Amazon Logistics","0","Open","60","48","Yes","3","Android Phone","3.3.5","1"
"CMP-2025-001688","The drain pan is overflowing. Unit installed 6 months ago and this is the 3rd time this is happening. Poor installation quality suspected. This is absolutely ridiculous!!!","2024-09-29 04:51:00","Walk-in","English","CUST-93351","Industrial Facility","Patna","Bihar","Air Purifiers","Klarwind KW-500","Net Banking","No","Not Requested","FedEx","10","Resolved","360","36","Yes","2","Windows Tablet","2.9.8","6"
"CMP-2024-001689","Refund rejected saying 'product opened'. But your own technician opened it during inspection! This is fraud. Please don't just close the ticket without solving the issue.","2023-06-01 08:12:00","Email","Telugu","CUST-65845","IT Park","Navi Mumbai","Maharashtra","Refrigeration","Evaporator Unit EU-5000","EMI","No","Not Requested","XpressBees","25","Re-opened","300","0","Yes","1","Laptop","3.1.0","0"
"CMP-2025-001690","Controller touchscreen unresponsive. Had to manually switch off from breaker. Need replacement.","2023-12-30 14:36:00","WhatsApp","English","CUST-83652","Retail Store","Tiruchirappalli","Tamil Nadu","Light Commercial","Floor Standing 42CF","Cheque","Yes","Partially Processed","FedEx","3","Open","10","336","No","2","Tablet","4.2.0","0"
"CMP-2025-001691","Scheduling feature on the controller stopped working after firmware update. Timings are not being followed.","2024-07-21 08:00:00","SMS","English","CUST-91891","Supermarket","Gurugram","Haryana","Light Commercial","Floor Standing 42NQ","Cheque","No","Not Requested","Ekart","30","Open","30","0","No","3","iPad","4.0.0","1"
"CMP-2025-001692","I was promised callback in 2 hours. No call came. This has happened twice. Zero accountability. Will share on social media if no action.","2023-12-29 00:33:00","SMS","English","CUST-95014","Warehouse Operator","Agra","Uttar Pradesh","Commercial","Air Handler AHU-3000","EMI","No","Not Requested","Blue Dart","30","Resolved","120","2","No","5","iPad","5.1.3","0"
"CMP-2024-001693","Cold room not reaching setpoint of -18C. Best we get is -12C. Compressor running 100% time. Possible refrigerant undercharge. This is absolutely ridiculous!!!","2023-08-05 13:04:00","Dealer","English","CUST-58732","Supermarket","Hubballi","Karnataka","Light Commercial","Cassette 42UFC","Cash","No","Not Requested","DTDC","1","In Progress","20","72","Yes","4","iPhone","4.3.1","0"
"CMP-2025-001694","Refund rejected saying 'product opened'. But your own technician opened it during inspection! This is fraud.","2023-05-02 15:27:00","Service Center","English","CUST-58673","Supermarket","Hubballi","Karnataka","Commercial","Chiller 30XW-V","UPI","No","Not Requested","Carrier Own Fleet","5","In Progress","90","336","No","2","iPhone","2.9.8","4"
"CMP-2023-001695","Capacitor replaced 3 weeks ago. Failed again. Is this a genuine Carrier part or counterfeit? Demanding certificate of authenticity. Under warranty. Do not charge us.","2023-10-26 17:27:00","Service Center","English","CUST-61856","IT Park","Nashik","Maharashtra","Light Commercial","Carrier VRF X Power 40VYX","Debit Card","Yes","Approved","Amazon Logistics","0","Closed","25","48","No","2","Android Phone","5.1.3","0"
"CMP-2023-001696","Our screw compressor rack is showing abnormal discharge pressure. Suction is fine. Need expert diagnosis ASAP.","2023-01-04 07:40:00","WhatsApp","English","CUST-75900","Hospital","Bhopal","Madhya Pradesh","Air Purifiers","Klarwind KW-500","Cheque","Yes","Under Review","XpressBees","0","Re-opened","120","504","No","3","Tablet","4.2.0","0"
"CMP-2024-001697","Due to cold room failure, Rs 8 lakh worth of vegetables spoiled overnight. Who will compensate? Unit is under AMC.","2023-10-15 07:50:00","Chat Support","English","CUST-98000","Cold Storage Operator","Vijayawada","Andhra Pradesh","Commercial","Heat Pump 30RQV","Net Banking","No","Not Requested","Delhivery","0","Re-opened","15","240","Yes","1","Desktop","4.1.2","0"
"CMP-2023-001698","Due to cold room failure, Rs 8 lakh worth of vegetables spoiled overnight. Who will compensate? Unit is under AMC.","2024-12-25 16:37:00","Walk-in","English","CUST-80900","Mall Operator","Meerut","Uttar Pradesh","Air Purifiers","OptiClean OC-400","Purchase Order","No","Not Requested","Ekart","0","Closed","120","24","Yes","1","Tablet","3.1.0","1"
"CMP-2023-001699","PCB board ordered. Was told 7-10 days delivery. Today is day 21. No update from anyone. Escalating to consumer forum if not resolved by tomorrow.","2024-11-16 21:49:00","Service Center","English","CUST-59511","Warehouse Operator","Guwahati","Assam","Commercial","Controls i-Vu Open","RTGS","No","Not Requested","Carrier Own Fleet","7","Re-opened","2880","72","No","1","iPad","4.0.0","0"
"CMP-2025-001700","Installation team came, looked at the site, and left saying they need special equipment. No one has returned since. 10 days now. Under warranty. Do not charge us.","2024-07-04 10:10:00","Web Portal","English","CUST-62362","Office Admin","Vadodara","Gujarat","Commercial","Fan Coil Unit FCU-200","Debit Card","No","Not Requested","Mahindra Logistics","25","Open","120","0","Yes","2","Android Phone","3.2.1","0"
"CMP-2024-001701","Delivery delayed by 12 days. Installation could not happen. Our inauguration date missed. Carrier responsible. Third time raising this complaint.","2024-01-05 17:08:00","Chat Support","English","CUST-82979","Facility Team","Visakhapatnam","Andhra Pradesh","Commercial","Chiller 30XW-V","NEFT","No","Not Requested","Carrier Own Fleet","0","Escalated","1440","0","No","3","Tablet","4.0.0","2"
"CMP-2024-001702","Due to cold room failure, Rs 8 lakh worth of vegetables spoiled overnight. Who will compensate? Unit is under AMC.","2024-09-11 22:25:00","Walk-in","English","CUST-34026","Educational Institution","Vijayawada","Andhra Pradesh","Light Commercial","Cassette 42UFS","RTGS","No","Not Requested","Ekart","0","Re-opened","5","336","Yes","2","Tablet","3.1.0","3"
"CMP-2025-001703","Heat rejection from outdoor units is excessive. Adjacent areas are getting very hot. Ventilation design issue or unit fault? Escalating to consumer forum if not resolved by tomorrow.","2023-09-02 08:51:00","Walk-in","English","CUST-33507","Data Centre","Ghaziabad","Uttar Pradesh","Light Commercial","Carrier VRF X Power 38VYX","RTGS","Yes","Pending","Rivigo","5","Escalated","30","504","Yes","3","Android Phone","4.1.2","0"
"CMP-2025-001704","Vibration from the compressor unit is shaking the entire wall. Noise level measured at 78 dB. Far above spec. Highly disappointed.","2024-09-01 11:52:00","SMS","English","CUST-95244","Warehouse Operator","Aurangabad","Maharashtra","Refrigeration","Screw Compressor Rack SR-50","Cash","Yes","Rejected","Blue Dart","0","Pending Customer","25","96","No","1","Windows Tablet","3.1.0","2"
"CMP-2024-001705","AMC renewal done but service schedule not shared. Who is my assigned service engineer? No one tells me.","2023-12-31 02:53:00","Dealer","Telugu","CUST-39346","Hospital","Guwahati","Assam","Air Purifiers","Air One AO-200","Cheque","No","Not Requested","DTDC","10","Resolved","15","48","No","3","Laptop","4.1.2","2"
"CMP-2024-001706","Gas leakage from the indoor unit. There is an oily stain near copper pipe joints. Very concerning. We have a big client visit next week. Please prioritize.","2023-03-11 08:55:00","Dealer","English","CUST-20489","IT Park","Tiruchirappalli","Tamil Nadu","Air Purifiers","Klarwind KW-500","Purchase Order","No","Not Requested","Amazon Logistics","0","Open","8","720","No","4","Laptop","2.8.5","0"
"CMP-2023-001707","Current draw is 18A against rated 12A. Motor or capacitor issue suspected. Please send service team. Under warranty. Do not charge us.","2024-01-27 10:16:00","Email","English","CUST-39414","Maintenance Manager","Navi Mumbai","Maharashtra","Commercial","Chiller 30XW-V","RTGS","Yes","Approved","Mahindra Logistics","10","Open","30","8","Yes","2","Laptop","4.2.0","0"
"CMP-2024-001708","Login OTP not coming. Tried 3 times. Customer care line is always busy. App is useless. This is absolutely ridiculous!!!","2023-12-16 21:52:00","Mobile App","English","CUST-40718","Maintenance Manager","Raipur","Chhattisgarh","Light Commercial","Floor Standing 42NQ","RTGS","No","Not Requested","Carrier Own Fleet","15","Escalated","180","72","No","2","iPhone","2.8.5","0"
"CMP-2025-001709","Partial refund received but deducted 20% without any explanation. No one is telling me why. I want full refund. Highly disappointed.","2024-09-16 21:49:00","Email","English","CUST-83688","Food Processing Unit","Faridabad","Haryana","Light Commercial","Floor Standing 42NQ","Credit Card","Yes","Approved","Rivigo","2","Pending Customer","20","8","No","3","Laptop","3.2.1","5"
"CMP-2025-001710","Outdoor unit is extremely hot to touch. Fan seems to be running slowly. Is this a condenser issue? Escalating to consumer forum if not resolved by tomorrow.","2024-07-16 10:19:00","Mobile App","English","CUST-46739","Warehouse Operator","Lucknow","Uttar Pradesh","Air Purifiers","OptiClean OC-400","Credit Card","Yes","Partially Processed","FedEx","1","Pending Parts","15","24","Yes","4","Windows Tablet","2.9.8","0"
"CMP-2025-001711","AMC coverage says parts are included but technician is asking us to pay for capacitor. Conflict with contract terms.","2023-04-25 11:28:00","Social Media","English","CUST-35366","IT Park","Chandigarh","Punjab","Commercial","Chiller AquaEdge 19DV","Cheque","Yes","Processed","Delhivery","0","Re-opened","25","168","No","1","iPhone","5.2.1","0"
"CMP-2025-001712","Warranty claim rejected citing 'improper installation'. But installation was done by your own authorized dealer. Who is responsible? Third time raising this complaint.","2024-03-01 22:07:00","Dealer","English","CUST-50726","Cold Storage Operator","Guwahati","Assam","Refrigeration","Screw Compressor Rack SR-50","Cheque","No","Not Requested","DTDC","1","Resolved","20","72","No","5","Windows Tablet","2.8.5","1"
"CMP-2023-001713","Partial refund received but deducted 20% without any explanation. No one is telling me why. I want full refund. Please don't just close the ticket without solving the issue.","2023-04-05 20:17:00","Social Media","Hindi","CUST-84813","Commercial Building Operator","Amritsar","Punjab","Light Commercial","Carrier VRF X Power 40VYX","Cash","No","Not Requested","Carrier Own Fleet","3","Escalated","90","8","Yes","3","Android Phone","3.1.0","1"
"CMP-2024-001714","AC gas leaking. Technician came 10 days ago and topped up. Same problem again. Are they not fixing root cause??","2023-03-09 11:56:00","Walk-in","Hinglish","CUST-34338","Retail Store","Hyderabad","Telangana","Commercial","Chiller AquaEdge 19DV","Debit Card","No","Not Requested","DTDC","0","Re-opened","120","1","No","1","Laptop","2.8.5","0"
"CMP-2025-001715","Every time I call, I have to explain the entire problem from scratch. Don't you maintain complaint history? Highly disappointed.","2023-07-17 12:56:00","Mobile App","English","CUST-55715","Facility Team","Mumbai","Maharashtra","Light Commercial","Carrier VRF X Power 40VYX","UPI","No","Not Requested","Delhivery","0","Open","12","12","No","4","Windows Tablet","4.3.1","1"
"CMP-2024-001716","Your customer care puts me on hold for 20+ minutes and then disconnects. This has happened 5 times now.","2023-08-27 03:44:00","Service Center","English","CUST-57235","Pharma Company","Chandigarh","Punjab","Light Commercial","Carrier VRF X Power 40VYX","EMI","No","Not Requested","Delhivery","0","In Progress","45","24","No","4","Desktop","4.3.1","1"
"CMP-2024-001717","Product registered on your portal. Warranty active. But system is still asking us to pay for repair. Frustrated with this process. 😡 Very frustrated.","2024-11-16 09:46:00","Mobile App","Hinglish","CUST-76552","Hotel","Delhi","Delhi","Refrigeration","Condensing Unit CR-10HP","Net Banking","No","Not Requested","Mahindra Logistics","5","Resolved","5","1","No","1","Desktop","3.3.5","3"
"CMP-2023-001718","Nobody from service team is responding. Emails bouncing. Phone numbers not working. Is Carrier shutting down? Highly disappointed.","2024-10-19 20:21:00","Email","English","CUST-88912","IT Park","Chandigarh","Punjab","Light Commercial","Cassette 42UFC","Purchase Order","No","Not Requested","Ekart","1","Re-opened","15","6","Yes","2","Android Phone","4.0.0","0"
"CMP-2023-001719","Third breakdown this year. We have CCTV footage of the same issue recurring. Requesting senior engineer visit and root cause analysis. Complaint ID from last time: 83990150","2024-09-28 11:19:00","Service Center","English","CUST-20305","Pharma Company","Jabalpur","Madhya Pradesh","Commercial","Heat Pump 30RQV","EMI","Yes","Approved","Blue Dart","12","Open","5","96","No","4","iPad","4.3.1","0"
"CMP-2023-001720","AC gas leaking. Technician came 10 days ago and topped up. Same problem again. Are they not fixing root cause?? This is absolutely ridiculous!!!","2023-07-20 05:06:00","Phone","English","CUST-55093","HVAC Contractor","Jodhpur","Rajasthan","Air Purifiers","OptiClean OC-400","Purchase Order","No","Not Requested","Shadowfax","0","Re-opened","2880","6","Yes","1","iPad","2.9.8","0"
"CMP-2025-001721","AC gas leaking. Technician came 10 days ago and topped up. Same problem again. Are they not fixing root cause??","2025-04-26 11:36:00","Mobile App","Hinglish","CUST-93162","Industrial Facility","Meerut","Uttar Pradesh","Commercial","Air Handler AHU-3000","Debit Card","No","Not Requested","Rivigo","0","In Progress","30","4","No","3","Windows Tablet","4.3.1","0"
"CMP-2025-001722","Temperature in storage went to 12C during night without any alarm. Dairy products spoiled. Need investigation. Highly disappointed.","2023-05-10 01:00:00","Chat Support","English","CUST-14374","Hotel","Nashik","Maharashtra","Light Commercial","Carrier VRF X Power 40VYX","UPI","No","Not Requested","Blue Dart","20","Escalated","20","120","No","2","Desktop","2.8.5","2"
"CMP-2025-001723","Waiting for spare parts for 35 days. Technician has identified fault. Parts stuck in warehouse apparently. No timeline given. Will share on social media if no action.","2023-11-27 11:06:00","SMS","English","CUST-84733","Industrial Facility","Surat","Gujarat","Air Purifiers","Klarwind KW-500","RTGS","No","Not Requested","Mahindra Logistics","12","In Progress","10","24","Yes","3","Desktop","4.0.0","0"
"CMP-2025-001724","Our central AC unit stopped working last night. We are a 24x7 operations center and this is causing massive disruption. Escalate please. Complaint ID from last time: 89166770","2023-06-08 02:32:00","Walk-in","Hindi","CUST-76098","Cold Storage Operator","Ghaziabad","Uttar Pradesh","Commercial","Chiller 30XW-V","UPI","No","Not Requested","Amazon Logistics","2","Open","8","0","No","3","Tablet","3.3.5","4"
"CMP-2025-001725","Electrical connections were left exposed during installation. Safety hazard. Had to call an electrician to fix.","2023-08-08 14:30:00","Web Portal","Telugu","CUST-20819","Hospital","Chennai","Tamil Nadu","Air Purifiers","OptiClean OC-400","EMI","No","Not Requested","Shadowfax","12","Pending Customer","25","168","Yes","1","Desktop","5.1.3","1"
"CMP-2025-001726","AC gas leaking. Technician came 10 days ago and topped up. Same problem again. Are they not fixing root cause??","2025-01-31 02:35:00","Phone","English","CUST-60631","Office Admin","Allahabad","Uttar Pradesh","Commercial","Air Handler AHU-3000","Credit Card","Yes","Under Review","Carrier Own Fleet","12","In Progress","20","8","No","3","Windows Tablet","4.1.2","0"
"CMP-2023-001727","Cooling inconsistent since installation 3 months ago. Raised ticket twice before. Still same issue.","2023-11-27 11:27:00","Phone","English","CUST-45249","Hotel","Lucknow","Uttar Pradesh","Refrigeration","Modular Cold Room MCR-10","Debit Card","Yes","Under Review","Ekart","2","In Progress","90","8","Yes","4","Android Phone","5.0.0","0"
"CMP-2023-001728","Water dripping from the indoor unit directly onto our workstations. Urgent issue. Data could be damaged. Will share on social media if no action.","2025-02-14 04:59:00","SMS","English","CUST-20013","Hospital","Pune","Maharashtra","Refrigeration","Screw Compressor Rack SR-20","Purchase Order","Yes","Under Review","DTDC","0","Open","10","4","No","3","iPhone","5.2.1","0"
"CMP-2023-001729","Indoor unit delivered but outdoor unit still not received after 3 weeks. How do you expect us to use half a system? Escalating to consumer forum if not resolved by tomorrow.","2024-07-15 23:41:00","Web Portal","English","CUST-76183","Maintenance Manager","Ahmedabad","Gujarat","Air Purifiers","Klarwind KW-300","NEFT","Yes","Processed","Delhivery","3","Open","20","504","No","1","Windows Tablet","3.1.0","4"
"CMP-2023-001730","Heat rejection from outdoor units is excessive. Adjacent areas are getting very hot. Ventilation design issue or unit fault? Please resolve on priority.","2024-06-21 20:04:00","Dealer","Hinglish","CUST-40334","Cold Storage Operator","Lucknow","Uttar Pradesh","Air Purifiers","Air One AO-200","Cash","No","Not Requested","DTDC","0","Re-opened","20","336","No","2","Android Phone","4.2.0","0"
"CMP-2024-001731","AMC contact number is always busy. Emails are not replied. How are we supposed to raise service requests? Complaint ID from last time: 81555184","2025-01-05 11:10:00","Chat Support","English","CUST-43552","Restaurant Owner","Tirupur","Tamil Nadu","Air Purifiers","Klarwind KW-300","Net Banking","Yes","Processed","Ekart","2","Closed","15","48","No","3","Laptop","2.8.5","1"
"CMP-2025-001732","Waiting for spare parts for 35 days. Technician has identified fault. Parts stuck in warehouse apparently. No timeline given. Will share on social media if no action.","2025-03-04 03:41:00","SMS","English","CUST-44432","Hospital","Bengaluru","Karnataka","Air Purifiers","OptiClean OC-800","RTGS","No","Not Requested","Rivigo","1","Escalated","12","72","No","1","iPhone","5.2.1","5"
"CMP-2023-001733","Compressor failed completely. Unit is under warranty. Require immediate replacement not repair. Do not waste my time.","2023-08-04 02:18:00","Dealer","English","CUST-50295","Retail Store","Kolkata","West Bengal","Air Purifiers","Klarwind KW-300","Cash","No","Not Requested","Mahindra Logistics","1","Open","240","120","No","1","iPhone","5.2.1","1"
"CMP-2024-001734","Unit failed 13 months after purchase. You are saying warranty expired. But issue started within warranty period and was reported. Records available. Under warranty. Do not charge us.","2024-09-19 18:47:00","Social Media","English","CUST-34095","Commercial Building Operator","Meerut","Uttar Pradesh","Refrigeration","Supermarket Ref SMR-MultiDeck","NEFT","Yes","Pending","Ekart","20","Open","240","336","No","2","iPad","4.1.2","6"
"CMP-2024-001735","App pe temperature change karte hain toh unit nahi sunta. 5 minute baad update hota hai. Itni delay kyun?","2024-03-29 03:58:00","Phone","Hinglish","CUST-47051","IT Park","Vadodara","Gujarat","Commercial","Chiller AquaEdge 19DV","Net Banking","No","Not Requested","Blue Dart","1","In Progress","15","504","No","1","Windows Tablet","4.1.2","1"
"CMP-2023-001736","Temperature probe giving wrong readings. Actual temp -5C but display shows -20C. How can we trust this system? Highly disappointed.","2023-04-25 13:57:00","Phone","English","CUST-63230","Data Centre","Tiruchirappalli","Tamil Nadu","Refrigeration","Inverter Condensing Unit ICU-5","NEFT","No","Not Requested","Shadowfax","0","Open","360","6","Yes","1","Tablet","5.2.1","4"
"CMP-2023-001737","Water dripping from the indoor unit directly onto our workstations. Urgent issue. Data could be damaged. Highly disappointed.","2024-05-21 03:20:00","SMS","English","CUST-77604","Cold Storage Operator","Mumbai","Maharashtra","Light Commercial","Floor Standing 42CF","NEFT","No","Not Requested","Ekart","25","Resolved","20","72","No","3","Tablet","5.2.1","3"
"CMP-2025-001738","Freezer unit stopped working last night. Fish stock worth Rs 3 lakh completely spoiled. Carrier will be held responsible. Need resolution within 24 hours.","2024-11-17 00:22:00","SMS","Hindi","CUST-70230","Office Admin","Hyderabad","Telangana","Refrigeration","Evaporator Unit EU-3000","NEFT","No","Not Requested","Amazon Logistics","10","Open","8","8","No","2","iPad","4.1.2","0"
"CMP-2025-001739","Refund approved by your team on email. Bank account details submitted. Still no transfer after 3 weeks. Please check. Third time raising this complaint.","2023-02-23 09:19:00","Social Media","Telugu","CUST-62067","Food Processing Unit","Pune","Maharashtra","Commercial","Controls i-Vu Open","EMI","Yes","Processed","DTDC","1","Resolved","20","504","No","1","Windows Tablet","4.0.0","3"
"CMP-2024-001740","Emergency call under AMC. Was told 'our team will come today'. No one came. Called again next day. Same promise. Third day still waiting. Escalating to consumer forum if not resolved by tomorrow.","2024-12-09 07:41:00","SMS","Hindi","CUST-23414","Mall Operator","Ghaziabad","Uttar Pradesh","Commercial","Chiller AquaEdge 19DV","Cheque","No","Not Requested","Carrier Own Fleet","12","In Progress","120","24","No","4","Desktop","2.8.5","5"
"CMP-2024-001741","AMC contact number is always busy. Emails are not replied. How are we supposed to raise service requests? 😡 Very frustrated.","2024-10-08 20:23:00","Walk-in","English","CUST-13512","Supermarket","Hyderabad","Telangana","Refrigeration","Condensing Unit CR-10HP","Debit Card","Yes","Pending","Delhivery","0","Resolved","120","720","No","2","Windows Tablet","3.3.5","2"
"CMP-2024-001742","Because of your equipment failure, our restaurant had to shut for 2 days. Loss of business and spoiled inventory. This is unacceptable.","2024-05-25 15:18:00","SMS","Hinglish","CUST-56559","Pharma Company","Vadodara","Gujarat","Light Commercial","Floor Standing 42CF","NEFT","No","Not Requested","Amazon Logistics","5","Re-opened","60","8","Yes","2","iPad","3.3.5","0"
"CMP-2023-001743","BMS controller not responding to commands. Manual override also not working. Entire floor temperature uncontrolled. Please don't just close the ticket without solving the issue.","2023-06-15 12:21:00","WhatsApp","Tamil","CUST-18087","Hotel","Noida","Uttar Pradesh","Air Purifiers","OptiClean OC-400","Cash","No","Not Requested","Blue Dart","30","Re-opened","30","336","No","5","Android Phone","3.1.0","2"
"CMP-2023-001744","The drain pan is overflowing. Unit installed 6 months ago and this is the 3rd time this is happening. Poor installation quality suspected. Third time raising this complaint.","2025-01-15 11:02:00","Dealer","Hinglish","CUST-60891","Hotel","Mysuru","Karnataka","Air Purifiers","OptiClean OC-400","EMI","Yes","Rejected","XpressBees","20","Resolved","25","168","No","5","Desktop","3.2.1","0"
"CMP-2025-001745","The unit completely stopped cooling from yesterday afternoon. We have 40+ staff sitting in 38 degree heat. This is completely unacceptable for a premium brand like Carrier. Please send someone immediately. 😡 Very frustrated.","2023-03-01 13:09:00","Web Portal","English","CUST-22660","Commercial Building Operator","Pune","Maharashtra","Refrigeration","Inverter Condensing Unit ICU-10","Debit Card","No","Not Requested","FedEx","0","Resolved","1440","240","Yes","4","Tablet","4.3.1","5"
"CMP-2023-001746","R410A leak suspected. Cooling efficiency dropped suddenly and compressor running continuously. Please send someone today. Highly disappointed.","2023-03-22 21:02:00","Service Center","English","CUST-32068","Retail Store","Lucknow","Uttar Pradesh","Refrigeration","Inverter Condensing Unit ICU-5","Purchase Order","No","Not Requested","Carrier Own Fleet","1","Escalated","20","168","No","4","iPhone","5.1.3","6"
"CMP-2023-001747","Gas leakage from the indoor unit. There is an oily stain near copper pipe joints. Very concerning.","2023-04-17 02:51:00","Web Portal","English","CUST-95578","Commercial Building Operator","Kanpur","Uttar Pradesh","Light Commercial","Ducted 40RUQ","EMI","No","Not Requested","Carrier Own Fleet","3","Resolved","25","336","No","4","Android Phone","4.1.2","3"
"CMP-2025-001748","No cooling. Hotel guests are complaining loudly. This is peak summer season. You are ruining our reputation. Fix this NOW. This is absolutely ridiculous!!!","2024-02-24 01:17:00","Phone","Tamil","CUST-32192","Pharma Company","Ahmedabad","Gujarat","Refrigeration","Supermarket Ref SMR-Island","RTGS","Yes","Partially Processed","Amazon Logistics","2","Re-opened","1440","36","No","5","Tablet","5.0.0","0"
"CMP-2023-001749","Pani tapat raha hai AC se. Below mein customer seating area hai. Please immediately send someone.","2023-02-21 04:39:00","Dealer","Hindi","CUST-94999","Commercial Building Operator","Visakhapatnam","Andhra Pradesh","Air Purifiers","Klarwind KW-500","Purchase Order","No","Not Requested","Blue Dart","10","Escalated","360","336","No","1","iPhone","2.9.8","0"
"CMP-2024-001750","There is a clear rattling from the compressor section. Technician visited and said 'nothing serious' but noise is getting worse daily. This is absolutely ridiculous!!!","2024-02-11 21:17:00","Walk-in","English","CUST-11259","Maintenance Manager","Chandigarh","Punjab","Air Purifiers","Klarwind KW-500","Debit Card","No","Not Requested","Shadowfax","0","Pending Parts","90","168","No","3","iPhone","3.3.5","6"
"CMP-2024-001751","Your customer care puts me on hold for 20+ minutes and then disconnects. This has happened 5 times now. Please resolve on priority.","2024-11-28 14:11:00","Chat Support","English","CUST-63139","Data Centre","Kochi","Kerala","Light Commercial","Ducted 40MAQ","Net Banking","No","Not Requested","Delhivery","20","Escalated","720","48","Yes","4","Laptop","4.2.0","0"
"CMP-2024-001752","Gas leakage from the indoor unit. There is an oily stain near copper pipe joints. Very concerning. Need resolution within 24 hours.","2023-08-30 13:27:00","Email","Hinglish","CUST-86717","Educational Institution","Indore","Madhya Pradesh","Light Commercial","Carrier VRF X Power 38VYX","Credit Card","No","Not Requested","Ekart","5","Re-opened","480","24","No","2","Desktop","2.8.5","1"
"CMP-2024-001753","Unit delivered without accessories. Remote, drain pipes, all missing. Had to chase dealer for 1 week. Complaint ID from last time: 66808079","2024-03-03 10:15:00","Email","English","CUST-16483","Retail Store","Lucknow","Uttar Pradesh","Refrigeration","Inverter Condensing Unit ICU-10","Credit Card","No","Not Requested","Ekart","30","Open","45","504","No","1","Tablet","3.3.5","2"
"CMP-2023-001754","Technician was very rude on phone. We are a paying customer. This behavior is not acceptable. Please don't just close the ticket without solving the issue.","2025-04-23 05:31:00","Chat Support","English","CUST-85862","Retail Store","Tirupur","Tamil Nadu","Light Commercial","Floor Standing 42CF","EMI","No","Not Requested","Amazon Logistics","15","Closed","20","504","No","2","Windows Tablet","3.3.5","2"
"CMP-2025-001755","Called for emergency service. Was told technician will come in 4 hours. Waited 11 hours. No show. Need resolution within 24 hours.","2023-03-29 19:53:00","Walk-in","Hinglish","CUST-75842","Hotel","Tirupur","Tamil Nadu","Refrigeration","Modular Cold Room MCR-25","EMI","Yes","Under Review","Rivigo","0","Open","45","1","Yes","3","iPhone","4.3.1","1"
"CMP-2024-001756","Controller touchscreen unresponsive. Had to manually switch off from breaker. Need replacement.","2024-02-04 15:14:00","WhatsApp","Hindi","CUST-73487","Retail Store","Kanpur","Uttar Pradesh","Light Commercial","Cassette 42UFS","RTGS","Yes","Approved","Delhivery","15","Open","30","6","No","1","iPad","2.9.8","1"
"CMP-2023-001757","I am a loyal Carrier customer since 2015. Never faced such repeated breakdowns. Something is wrong with this new model batch.","2024-07-13 12:11:00","Mobile App","Hinglish","CUST-52597","Hotel","Thane","Maharashtra","Light Commercial","Floor Standing 42CF","Cheque","No","Not Requested","Blue Dart","15","Re-opened","90","8","No","5","Laptop","4.3.1","3"
"CMP-2024-001758","Smell of refrigerant inside the machine room. Possible gas leak. Evacuation precaution taken. Please send certified technician.","2024-08-19 22:05:00","Social Media","English","CUST-62378","Facility Team","Nashik","Maharashtra","Commercial","Heat Pump 30RQV","UPI","No","Not Requested","Shadowfax","1","Pending Customer","60","4","No","1","Windows Tablet","4.3.1","5"
"CMP-2024-001759","Nobody from service team is responding. Emails bouncing. Phone numbers not working. Is Carrier shutting down?","2025-01-28 05:08:00","Web Portal","English","CUST-46010","Maintenance Manager","Jodhpur","Rajasthan","Air Purifiers","OptiClean OC-800","Debit Card","Yes","Approved","Mahindra Logistics","0","Closed","25","72","No","2","Desktop","2.9.8","0"
"CMP-2024-001760","Scheduling feature on the controller stopped working after firmware update. Timings are not being followed. Please resolve on priority.","2023-05-29 03:54:00","WhatsApp","Hindi","CUST-49520","Hospital","Madurai","Tamil Nadu","Commercial","Controls EcoAdvance","UPI","No","Not Requested","DTDC","0","Escalated","45","336","No","2","Laptop","4.2.0","0"
"CMP-2023-001761","Login OTP not coming. Tried 3 times. Customer care line is always busy. App is useless. Escalating to consumer forum if not resolved by tomorrow.","2023-06-22 15:06:00","Email","English","CUST-51166","Industrial Facility","Gurugram","Haryana","Air Purifiers","Klarwind KW-500","UPI","Yes","Partially Processed","FedEx","5","Closed","30","4","No","1","Android Phone","2.9.8","0"
"CMP-2024-001762","5th visit by technician. Same issue. Either the team is incompetent or they are hiding a design defect. I want a senior engineer. Escalating to consumer forum if not resolved by tomorrow.","2024-10-16 20:32:00","WhatsApp","English","CUST-49674","Hotel","Allahabad","Uttar Pradesh","Refrigeration","Evaporator Unit EU-3000","Purchase Order","No","Not Requested","XpressBees","2","Open","180","0","No","5","Windows Tablet","2.9.8","2"
"CMP-2024-001763","Waiting for spare parts for 35 days. Technician has identified fault. Parts stuck in warehouse apparently. No timeline given.","2025-02-13 18:42:00","SMS","Hinglish","CUST-21177","Pharma Company","Gurugram","Haryana","Light Commercial","Carrier VRF X Power 40VYX","NEFT","No","Not Requested","Shadowfax","5","In Progress","60","96","No","2","Desktop","3.2.1","1"
"CMP-2023-001764","Unit goes into protection mode due to high discharge temperature. Error E12 visible on panel. Ambient temp is 42C but unit is rated for 50C.","2024-03-15 00:20:00","Mobile App","English","CUST-39690","Food Processing Unit","Mysuru","Karnataka","Commercial","Controls EcoAdvance","UPI","No","Not Requested","Mahindra Logistics","0","Resolved","360","168","No","2","Android Phone","4.3.1","5"
"CMP-2023-001765","AC gas leaking. Technician came 10 days ago and topped up. Same problem again. Are they not fixing root cause?? Please don't just close the ticket without solving the issue.","2023-05-24 19:27:00","Service Center","English","CUST-16897","HVAC Contractor","Kolkata","West Bengal","Refrigeration","Condensing Unit CR-5HP","Purchase Order","No","Not Requested","DTDC","1","Pending Parts","300","0","No","1","Desktop","5.2.1","2"
"CMP-2024-001766","Partial refund received but deducted 20% without any explanation. No one is telling me why. I want full refund.","2024-04-08 10:20:00","Email","English","CUST-61261","Hotel","Varanasi","Uttar Pradesh","Commercial","Chiller 30XW-V","UPI","No","Not Requested","Amazon Logistics","0","Escalated","2880","336","No","1","Laptop","4.2.0","3"
"CMP-2024-001767","AMC coverage says parts are included but technician is asking us to pay for capacitor. Conflict with contract terms.","2024-09-23 11:25:00","Web Portal","English","CUST-98765","Warehouse Operator","Indore","Madhya Pradesh","Air Purifiers","OptiClean OC-800","RTGS","No","Not Requested","Rivigo","1","Resolved","25","6","No","2","Tablet","2.9.8","0"
"CMP-2024-001768","Outdoor unit is extremely hot to touch. Fan seems to be running slowly. Is this a condenser issue? Please don't just close the ticket without solving the issue.","2025-03-04 14:26:00","Web Portal","Hinglish","CUST-57444","Mall Operator","Meerut","Uttar Pradesh","Light Commercial","Ducted 40MAQ","RTGS","No","Not Requested","XpressBees","10","Escalated","360","168","No","3","Laptop","4.3.1","1"
"CMP-2025-001769","Unit failed 13 months after purchase. You are saying warranty expired. But issue started within warranty period and was reported. Records available. Will share on social media if no action.","2023-12-22 06:38:00","Mobile App","English","CUST-16246","Pharma Company","Tiruchirappalli","Tamil Nadu","Air Purifiers","OptiClean OC-400","Net Banking","No","Not Requested","Amazon Logistics","2","Pending Parts","30","2","Yes","5","Windows Tablet","5.0.0","1"
"CMP-2025-001770","Power factor of the unit is poor. Our electrical load increased significantly after Carrier system was installed.","2023-11-16 18:45:00","Phone","English","CUST-30825","Office Admin","Ludhiana","Punjab","Air Purifiers","Air One AO-100","Credit Card","No","Not Requested","FedEx","0","Pending Parts","15","72","No","4","Desktop","5.0.0","2"
"CMP-2023-001771","The outdoor unit is making a horrible grinding noise especially at night. Neighbours are complaining. Please don't just close the ticket without solving the issue.","2024-03-17 12:59:00","Web Portal","English","CUST-69346","Food Processing Unit","Jodhpur","Rajasthan","Refrigeration","Inverter Condensing Unit ICU-10","Debit Card","No","Not Requested","XpressBees","0","Open","180","168","No","5","iPad","3.2.1","3"
"CMP-2023-001772","Warranty claim rejected citing 'improper installation'. But installation was done by your own authorized dealer. Who is responsible?","2024-05-26 01:32:00","WhatsApp","Hinglish","CUST-29863","Hospital","Chennai","Tamil Nadu","Light Commercial","Carrier VRF X Power 40VYX","Debit Card","No","Not Requested","Ekart","0","Open","20","720","No","5","Android Phone","3.2.1","0"
"CMP-2024-001773","Emergency call under AMC. Was told 'our team will come today'. No one came. Called again next day. Same promise. Third day still waiting.","2023-09-04 15:32:00","Web Portal","Hindi","CUST-91006","Supermarket","Visakhapatnam","Andhra Pradesh","Refrigeration","Inverter Condensing Unit ICU-10","Cash","No","Not Requested","Amazon Logistics","15","Pending Parts","720","72","No","2","iPad","4.3.1","2"
"CMP-2023-001774","We paid full amount in advance for installation. 3 weeks passed, no installation team. This is beyond frustrating. Highly disappointed.","2024-12-31 09:35:00","Web Portal","English","CUST-83289","Hospital","Kochi","Kerala","Commercial","Fan Coil Unit FCU-400","Credit Card","Yes","Processed","Blue Dart","25","Closed","10","48","No","5","Android Phone","4.0.0","5"
"CMP-2025-001775","Recurring issue since installation. Always cooling problem. 4 visits, 4 temporary fixes. We want permanent solution or replacement.","2025-02-15 22:53:00","Service Center","English","CUST-81702","Hospital","Ahmedabad","Gujarat","Light Commercial","Cassette 42UFS","Cheque","No","Not Requested","Blue Dart","30","Escalated","1440","12","No","1","Tablet","4.3.1","1"
"CMP-2025-001776","Outdoor unit is extremely hot to touch. Fan seems to be running slowly. Is this a condenser issue? Escalating to consumer forum if not resolved by tomorrow.","2024-02-13 18:43:00","Service Center","English","CUST-98571","Hospital","Tiruchirappalli","Tamil Nadu","Air Purifiers","Air One AO-200","Purchase Order","Yes","Approved","Carrier Own Fleet","30","Closed","45","72","Yes","1","Tablet","2.8.5","1"
"CMP-2024-001777","Ghar mein rat ko bahut awaaz aati hai outdoor unit se. Neend nahi aa rahi. Koi solution hai? 😡 Very frustrated.","2025-04-06 00:42:00","WhatsApp","English","CUST-75824","HVAC Contractor","Guwahati","Assam","Light Commercial","Cassette 42UFC","UPI","Yes","Processed","XpressBees","20","In Progress","45","96","Yes","1","Android Phone","2.9.8","0"
"CMP-2025-001778","Installation scheduled 4 times. Cancelled 4 times by Carrier. We are a hospital. Patients are suffering. Please treat this as highest priority. Will share on social media if no action.","2023-08-30 18:40:00","Phone","English","CUST-60193","IT Park","Thane","Maharashtra","Light Commercial","Ducted 40RUQ","EMI","No","Not Requested","Mahindra Logistics","25","Pending Customer","120","24","No","4","Tablet","2.8.5","0"
"CMP-2023-001779","Rattling noise from FCU started after technician visited. Did they tighten something wrongly? Complaint ID from last time: 66899238","2024-07-14 11:46:00","Walk-in","Telugu","CUST-33910","Supermarket","Hyderabad","Telangana","Commercial","Air Handler AHU-5000","RTGS","No","Not Requested","Amazon Logistics","12","Closed","720","72","No","1","iPhone","3.1.0","1"
"CMP-2024-001780","There is a clear rattling from the compressor section. Technician visited and said 'nothing serious' but noise is getting worse daily. Please don't just close the ticket without solving the issue.","2024-04-12 10:39:00","Chat Support","English","CUST-27556","Commercial Building Operator","Bhubaneswar","Odisha","Air Purifiers","OptiClean OC-800","Purchase Order","No","Not Requested","Ekart","0","Open","25","12","Yes","4","Android Phone","5.2.1","0"
"CMP-2023-001781","Indoor unit is not level. Water not draining properly because of tilt. Poor workmanship. Will share on social media if no action.","2025-04-17 14:20:00","Walk-in","English","CUST-30415","Pharma Company","Indore","Madhya Pradesh","Refrigeration","Modular Cold Room MCR-10","Credit Card","No","Not Requested","Shadowfax","30","Escalated","25","168","Yes","2","iPhone","4.2.0","0"
"CMP-2024-001782","Because of your equipment failure, our restaurant had to shut for 2 days. Loss of business and spoiled inventory. This is unacceptable. 😡 Very frustrated.","2024-03-03 05:06:00","Web Portal","English","CUST-49701","Commercial Building Operator","Jodhpur","Rajasthan","Air Purifiers","OptiClean OC-400","Net Banking","No","Not Requested","Shadowfax","20","Pending Parts","120","168","No","1","Tablet","3.3.5","4"
"CMP-2025-001783","Compressor overheating alarm triggered 4 times today. Auto shutdown occurring every 2 hours. Entire cold storage at risk. Highly disappointed.","2025-02-12 14:48:00","Social Media","Tamil","CUST-32986","Commercial Building Operator","Rajkot","Gujarat","Air Purifiers","OptiClean OC-400","RTGS","No","Not Requested","FedEx","12","Re-opened","240","240","Yes","5","Windows Tablet","4.2.0","0"
"CMP-2024-001784","AC chalta hai lekin thanda nahi karta bilkul bhi. Service wale bol rahe hain gas bharo, lekin pehle bhi 2 mahine mein bhara tha. Kya yahi quality hai Carrier ki? Third time raising this complaint.","2023-10-14 10:04:00","Phone","English","CUST-86794","Supermarket","Vadodara","Gujarat","Light Commercial","Carrier VRF X Power 40VYX","Cheque","No","Not Requested","Mahindra Logistics","0","Closed","240","12","No","4","Laptop","2.9.8","0"
"CMP-2025-001785","Cold room temperature fluctuating between -2C and +8C. We store frozen products. This is a serious food safety risk. Need resolution within 24 hours.","2024-12-22 05:32:00","Walk-in","English","CUST-48764","Hotel","Rajkot","Gujarat","Light Commercial","Floor Standing 42NQ","RTGS","Yes","Partially Processed","XpressBees","3","Open","5","48","No","2","Desktop","3.3.5","0"
"CMP-2023-001786","Jo technician aaya tha usse unit ke baare mein kuch pata hi nahi tha. Puri unit khol ke dekha, phir band kar gaya bina fix kiye. We have a big client visit next week. Please prioritize.","2023-09-07 10:46:00","Phone","English","CUST-77042","Food Processing Unit","Visakhapatnam","Andhra Pradesh","Refrigeration","Supermarket Ref SMR-MultiDeck","Debit Card","Yes","Partially Processed","DTDC","2","Pending Customer","45","120","No","4","Tablet","4.0.0","2"
"CMP-2024-001787","Technician suggested we buy a new unit. But this unit is only 14 months old!! Under warranty. Will escalate legally if needed.","2024-03-19 18:22:00","Web Portal","English","CUST-94558","Data Centre","Vijayawada","Andhra Pradesh","Air Purifiers","Klarwind KW-300","Net Banking","No","Not Requested","Mahindra Logistics","15","In Progress","15","1","Yes","1","Android Phone","5.1.3","0"
"CMP-2024-001788","Rattling noise from FCU started after technician visited. Did they tighten something wrongly? Escalating to consumer forum if not resolved by tomorrow.","2023-08-03 13:54:00","Email","Hinglish","CUST-81143","Data Centre","Vijayawada","Andhra Pradesh","Commercial","Air Handler AHU-3000","RTGS","No","Not Requested","Blue Dart","12","Pending Customer","2880","168","No","2","Tablet","2.8.5","1"
"CMP-2025-001789","Requested refund on 3rd April. Today is 14th May. Still no credit to my account. Nobody is answering properly. 😡 Very frustrated.","2024-01-02 19:47:00","Mobile App","English","CUST-21666","Supermarket","Vijayawada","Andhra Pradesh","Air Purifiers","Klarwind KW-300","Credit Card","No","Not Requested","Rivigo","12","In Progress","480","12","Yes","2","Desktop","4.1.2","0"
"CMP-2024-001790","Spare part availability is very poor for older models. Our unit is only 4 years old and parts are already out of stock??","2024-09-12 01:36:00","Web Portal","English","CUST-58453","Food Processing Unit","Ranchi","Jharkhand","Refrigeration","Modular Cold Room MCR-10","Cash","No","Not Requested","FedEx","0","Pending Parts","10","72","No","5","Desktop","3.2.1","1"
"CMP-2024-001791","Condensate drain is blocked. Water overflowing inside the unit and dropping on floor. Health hazard. Complaint ID from last time: 84836955","2024-07-05 05:31:00","Service Center","Telugu","CUST-18072","Pharma Company","Raipur","Chhattisgarh","Light Commercial","Ducted 40MAQ","Cheque","No","Not Requested","XpressBees","1","Pending Customer","180","720","No","4","Tablet","3.1.0","0"
"CMP-2023-001792","Heat rejection from outdoor units is excessive. Adjacent areas are getting very hot. Ventilation design issue or unit fault? Complaint ID from last time: 27610023","2025-04-13 02:42:00","WhatsApp","English","CUST-91777","HVAC Contractor","Nashik","Maharashtra","Refrigeration","Evaporator Unit EU-5000","Debit Card","Yes","Processed","Ekart","10","Closed","25","0","No","2","iPhone","4.0.0","0"
"CMP-2024-001793","Third breakdown this year. We have CCTV footage of the same issue recurring. Requesting senior engineer visit and root cause analysis.","2023-04-26 17:33:00","Phone","Hindi","CUST-96810","Office Admin","Pune","Maharashtra","Light Commercial","Ducted 40RUQ","Cash","No","Not Requested","Carrier Own Fleet","3","Escalated","25","6","No","3","iPhone","4.1.2","0"
"CMP-2025-001794","AMC contract signed 6 months ago. Only one service visit done so far. Quarterly service is not happening as promised. Escalating to consumer forum if not resolved by tomorrow.","2023-09-09 23:32:00","Service Center","Kannada","CUST-90777","Warehouse Operator","Howrah","West Bengal","Commercial","Fan Coil Unit FCU-400","Net Banking","No","Not Requested","Blue Dart","1","Resolved","20","2","No","4","Tablet","4.1.2","2"
"CMP-2024-001795","The drain pan is overflowing. Unit installed 6 months ago and this is the 3rd time this is happening. Poor installation quality suspected. Under warranty. Do not charge us.","2023-04-25 01:51:00","Mobile App","English","CUST-97636","Facility Team","Guwahati","Assam","Commercial","Air Handler AHU-3000","Net Banking","No","Not Requested","Amazon Logistics","3","Resolved","45","6","No","1","Windows Tablet","3.2.1","2"
"CMP-2025-001796","5th visit by technician. Same issue. Either the team is incompetent or they are hiding a design defect. I want a senior engineer. Escalating to consumer forum if not resolved by tomorrow.","2023-03-02 10:47:00","SMS","Hinglish","CUST-85231","Retail Store","Agra","Uttar Pradesh","Commercial","Controls EcoAdvance","UPI","No","Not Requested","Ekart","20","In Progress","30","240","Yes","2","iPad","3.3.5","0"
"CMP-2023-001797","Electrical connections were left exposed during installation. Safety hazard. Had to call an electrician to fix. We have a big client visit next week. Please prioritize.","2023-06-29 02:05:00","Dealer","English","CUST-11139","Warehouse Operator","Rajkot","Gujarat","Light Commercial","Cassette 42UFC","EMI","No","Not Requested","DTDC","2","Closed","5","336","No","1","Laptop","4.1.2","4"
"CMP-2025-001798","Our factory expansion was delayed because Carrier could not install the HVAC on time. We are losing lakhs daily. Where is the accountability?","2023-09-03 08:16:00","Chat Support","English","CUST-81010","Bank Branch","Vadodara","Gujarat","Commercial","Fan Coil Unit FCU-200","Purchase Order","Yes","Under Review","Amazon Logistics","1","Closed","120","48","No","5","Desktop","5.2.1","1"
"CMP-2023-001799","Evaporator icing up completely within 6 hours. Has to be manually defrosted. Happened every day this week.","2024-04-03 11:26:00","Web Portal","Hinglish","CUST-43702","Bank Branch","Mumbai","Maharashtra","Air Purifiers","Air One AO-200","RTGS","Yes","Rejected","Amazon Logistics","10","Closed","240","168","No","5","Laptop","4.1.2","0"
"CMP-2023-001800","Our cold room compressor is producing abnormal high-pitched squealing. Running but worrying about failure. 😡 Very frustrated.","2024-01-24 10:55:00","Email","Hinglish","CUST-90003","Restaurant Owner","Delhi","Delhi","Air Purifiers","Klarwind KW-300","Debit Card","No","Not Requested","Rivigo","12","Resolved","10","36","Yes","2","iPhone","4.3.1","0"
"CMP-2024-001801","Refund rejected saying 'product opened'. But your own technician opened it during inspection! This is fraud.","2024-01-06 08:53:00","WhatsApp","English","CUST-43736","Hotel","Surat","Gujarat","Air Purifiers","Klarwind KW-500","UPI","No","Not Requested","XpressBees","5","Closed","30","6","No","4","Laptop","3.3.5","1"
"CMP-2023-001802","AMC renewal done but service schedule not shared. Who is my assigned service engineer? No one tells me. Under warranty. Do not charge us.","2023-02-20 21:03:00","Dealer","English","CUST-31128","Restaurant Owner","Kota","Rajasthan","Refrigeration","Screw Compressor Rack SR-50","UPI","No","Not Requested","Carrier Own Fleet","3","In Progress","5","0","No","3","iPhone","2.8.5","1"
"CMP-2024-001803","Supermarket display cases temperature alarm triggering 3-4 times per day. Staff constantly resetting. Major issue. This is absolutely ridiculous!!!","2025-03-30 11:56:00","Phone","Tamil","CUST-17987","Educational Institution","Ghaziabad","Uttar Pradesh","Air Purifiers","OptiClean OC-400","Purchase Order","No","Not Requested","Shadowfax","1","In Progress","480","6","Yes","1","Tablet","4.1.2","1"
"CMP-2025-001804","Water leak from ceiling mounted cassette unit. Staining the false ceiling and dripping on expensive equipment below. Highly disappointed.","2024-11-04 18:47:00","SMS","English","CUST-54486","Industrial Facility","Patna","Bihar","Light Commercial","Ducted 40RUQ","NEFT","No","Not Requested","XpressBees","0","In Progress","30","48","No","2","Windows Tablet","3.1.0","2"
"CMP-2023-001805","Recurring issue since installation. Always cooling problem. 4 visits, 4 temporary fixes. We want permanent solution or replacement.","2024-11-28 23:48:00","Service Center","English","CUST-24626","Cold Storage Operator","Nagpur","Maharashtra","Light Commercial","Ducted 40MAQ","NEFT","No","Not Requested","Ekart","0","Re-opened","30","12","No","4","Laptop","5.1.3","2"
"CMP-2025-001806","The FCU in server room has stopped maintaining temperature. Server temps rising. Critical situation - please escalate immediately. Third time raising this complaint.","2024-09-06 02:03:00","WhatsApp","English","CUST-24612","Bank Branch","Howrah","West Bengal","Light Commercial","Floor Standing 42NQ","Net Banking","Yes","Rejected","XpressBees","20","Resolved","8","336","No","5","Tablet","2.8.5","0"
"CMP-2024-001807","EcoAdvance controller crashing randomly. Display goes blank. Restarts after 10-15 mins. Very disruptive for our hotel operations. Complaint ID from last time: 31197789","2023-04-20 13:25:00","Walk-in","English","CUST-23970","Educational Institution","Chennai","Tamil Nadu","Commercial","Chiller AquaEdge 19DV","NEFT","Yes","Pending","Delhivery","0","Re-opened","180","2","Yes","2","iPhone","3.2.1","6"
"CMP-2023-001808","High electricity consumption despite energy saving mode being on. Something is wrong with the inverter control. Complaint ID from last time: 51000366","2024-04-27 09:15:00","Chat Support","Kannada","CUST-72231","Restaurant Owner","Jabalpur","Madhya Pradesh","Air Purifiers","Air One AO-200","Debit Card","No","Not Requested","Rivigo","10","Pending Customer","480","4","No","1","iPhone","3.1.0","1"
"CMP-2023-001809","Login OTP not coming. Tried 3 times. Customer care line is always busy. App is useless. Will share on social media if no action.","2025-04-25 03:05:00","WhatsApp","Hinglish","CUST-97001","Mall Operator","Bengaluru","Karnataka","Light Commercial","Cassette 42UFS","Credit Card","No","Not Requested","FedEx","2","Escalated","300","1","No","1","Laptop","5.0.0","3"
"CMP-2025-001810","App pe temperature change karte hain toh unit nahi sunta. 5 minute baad update hota hai. Itni delay kyun? Will share on social media if no action.","2025-04-16 22:43:00","Mobile App","Hinglish","CUST-59290","Restaurant Owner","Hyderabad","Telangana","Refrigeration","Evaporator Unit EU-5000","Debit Card","Yes","Rejected","Carrier Own Fleet","0","Escalated","180","96","No","5","Windows Tablet","4.1.2","1"
"CMP-2023-001811","AMC renewal done but service schedule not shared. Who is my assigned service engineer? No one tells me. Under warranty. Do not charge us.","2024-02-04 02:31:00","Mobile App","Hindi","CUST-67699","Bank Branch","Mumbai","Maharashtra","Air Purifiers","Air One AO-100","RTGS","No","Not Requested","Delhivery","12","Resolved","15","2","No","1","iPad","4.3.1","2"
"CMP-2023-001812","Evaporator icing up completely within 6 hours. Has to be manually defrosted. Happened every day this week.","2024-09-24 20:59:00","Dealer","English","CUST-94778","Industrial Facility","Kochi","Kerala","Refrigeration","Condensing Unit CR-10HP","Debit Card","Yes","Processed","Blue Dart","1","Pending Customer","180","96","No","5","Tablet","4.2.0","1"
"CMP-2023-001813","Pani tapat raha hai AC se. Below mein customer seating area hai. Please immediately send someone. Highly disappointed.","2024-10-16 14:39:00","Email","Tamil","CUST-78770","Pharma Company","Jabalpur","Madhya Pradesh","Commercial","Controls i-Vu Open","EMI","No","Not Requested","Carrier Own Fleet","1","Pending Customer","120","0","No","3","Laptop","4.1.2","4"
"CMP-2024-001814","Refrigerant pipes run visibly through office wall without proper ducting. Installation is ugly and not as agreed.","2023-12-24 23:18:00","WhatsApp","Hindi","CUST-86140","Warehouse Operator","Noida","Uttar Pradesh","Air Purifiers","Klarwind KW-300","Cheque","No","Not Requested","Delhivery","0","Pending Customer","180","0","No","5","Laptop","2.8.5","0"
"CMP-2024-001815","Our screw compressor rack is showing abnormal discharge pressure. Suction is fine. Need expert diagnosis ASAP.","2023-12-08 16:00:00","Social Media","English","CUST-67551","Mall Operator","Mysuru","Karnataka","Air Purifiers","Air One AO-100","Debit Card","Yes","Under Review","Ekart","3","Closed","240","504","Yes","5","Tablet","2.9.8","1"
"CMP-2024-001816","Unit consuming 40% more power than rated. Energy meter data shared with your team. No action taken. We have a big client visit next week. Please prioritize.","2023-07-15 10:04:00","Social Media","Hinglish","CUST-55988","Food Processing Unit","Chennai","Tamil Nadu","Air Purifiers","Klarwind KW-300","Net Banking","Yes","Under Review","Ekart","25","In Progress","30","72","No","1","Android Phone","4.1.2","3"
"CMP-2024-001817","Requested refund on 3rd April. Today is 14th May. Still no credit to my account. Nobody is answering properly. Third time raising this complaint.","2024-05-19 10:33:00","Email","English","CUST-84486","Restaurant Owner","Lucknow","Uttar Pradesh","Air Purifiers","Klarwind KW-500","Debit Card","Yes","Processed","DTDC","5","Open","30","36","No","2","Android Phone","2.9.8","1"
"CMP-2023-001818","Unit goes into protection mode due to high discharge temperature. Error E12 visible on panel. Ambient temp is 42C but unit is rated for 50C. Under warranty. Do not charge us.","2023-08-10 20:06:00","Dealer","Hinglish","CUST-28768","Food Processing Unit","Ludhiana","Punjab","Light Commercial","Floor Standing 42NQ","NEFT","No","Not Requested","Blue Dart","0","Open","5","168","No","1","Windows Tablet","5.0.0","0"
"CMP-2024-001819","Compressor making very loud knocking sound since morning. Afraid it might fail completely. Please send technician. We have a big client visit next week. Please prioritize.","2024-01-26 23:55:00","Phone","Hinglish","CUST-11138","Cold Storage Operator","Ahmedabad","Gujarat","Commercial","Controls i-Vu Open","RTGS","No","Not Requested","Mahindra Logistics","0","Open","360","2","No","1","Android Phone","3.1.0","1"
"CMP-2023-001820","Controller mein kuch bhi set karo, unit apna mann se kaam karta hai. Kya issue hai?","2025-02-02 01:07:00","Phone","Kannada","CUST-81572","Office Admin","Noida","Uttar Pradesh","Refrigeration","Evaporator Unit EU-5000","UPI","Yes","Partially Processed","Shadowfax","1","Open","60","168","No","2","Tablet","5.1.3","0"
"CMP-2023-001821","Compressor trip ho raha hai bar bar. Error code E05 aa raha hai display mein. Kya karna chahiye?","2025-01-31 04:23:00","Phone","Hinglish","CUST-59956","HVAC Contractor","Bhubaneswar","Odisha","Light Commercial","Carrier VRF X Power 40VYX","EMI","No","Not Requested","FedEx","1","Pending Parts","300","8","Yes","1","iPad","5.0.0","0"
"CMP-2023-001822","Power factor of the unit is poor. Our electrical load increased significantly after Carrier system was installed. Please resolve on priority.","2025-01-03 02:54:00","Social Media","Hindi","CUST-28602","Facility Team","Visakhapatnam","Andhra Pradesh","Commercial","Chiller AquaEdge 19DV","Cash","Yes","Under Review","Carrier Own Fleet","0","Resolved","60","8","No","2","Laptop","4.0.0","2"
"CMP-2024-001823","App is not connecting to my unit. Shows 'Device Offline' even though unit is running. WiFi is strong. Highly disappointed.","2023-06-07 00:09:00","Email","English","CUST-21809","Industrial Facility","Guwahati","Assam","Light Commercial","Cassette 42UFC","UPI","Yes","Under Review","FedEx","0","Pending Parts","120","336","No","4","Tablet","3.3.5","1"
"CMP-2025-001824","Product registered on your portal. Warranty active. But system is still asking us to pay for repair. Frustrated with this process. Third time raising this complaint.","2023-08-24 01:44:00","Chat Support","English","CUST-64711","Cold Storage Operator","Aurangabad","Maharashtra","Refrigeration","Condensing Unit CR-5HP","Purchase Order","No","Not Requested","Blue Dart","3","Pending Parts","5","72","No","1","Tablet","3.2.1","0"
"CMP-2024-001825","Unit failed 13 months after purchase. You are saying warranty expired. But issue started within warranty period and was reported. Records available. 😡 Very frustrated.","2024-02-21 11:29:00","Service Center","Tamil","CUST-25471","Restaurant Owner","Hubballi","Karnataka","Refrigeration","Modular Cold Room MCR-25","RTGS","No","Not Requested","Amazon Logistics","3","Re-opened","480","720","No","2","Tablet","5.0.0","1"
"CMP-2023-001826","The iOS app version 4.2.0 randomly logs me out. Have to re-enter credentials daily. Bug please fix. Under warranty. Do not charge us.","2023-11-09 19:49:00","Mobile App","English","CUST-50023","Facility Team","Tirupur","Tamil Nadu","Air Purifiers","OptiClean OC-800","Credit Card","No","Not Requested","Blue Dart","0","Resolved","5","6","No","4","iPhone","4.3.1","0"
"CMP-2024-001827","Same fault code keeps returning every 3-4 weeks. Error E07. Capacitor changed, still same. Something else is the root cause. 😡 Very frustrated.","2025-03-19 10:46:00","Web Portal","English","CUST-55758","Cold Storage Operator","Rajkot","Gujarat","Light Commercial","Ducted 40MAQ","EMI","No","Not Requested","FedEx","20","Re-opened","10","120","No","1","Windows Tablet","3.3.5","0"
"CMP-2023-001828","Nobody from service team is responding. Emails bouncing. Phone numbers not working. Is Carrier shutting down?","2024-01-10 21:29:00","Service Center","English","CUST-23015","Maintenance Manager","Kolkata","West Bengal","Commercial","Air Handler AHU-5000","RTGS","No","Not Requested","Rivigo","1","Pending Parts","120","8","No","1","Desktop","4.0.0","2"
"CMP-2023-001829","Waiting for spare parts for 35 days. Technician has identified fault. Parts stuck in warehouse apparently. No timeline given.","2024-01-21 06:57:00","Chat Support","English","CUST-93569","Commercial Building Operator","Delhi","Delhi","Air Purifiers","Air One AO-200","Purchase Order","No","Not Requested","DTDC","20","In Progress","8","24","Yes","4","iPad","3.2.1","0"
"CMP-2023-001830","Refrigerant pipes run visibly through office wall without proper ducting. Installation is ugly and not as agreed. Escalating to consumer forum if not resolved by tomorrow.","2023-05-22 00:43:00","Dealer","English","CUST-62032","Bank Branch","Kochi","Kerala","Light Commercial","Floor Standing 42NQ","Cheque","No","Not Requested","Ekart","2","Open","120","24","Yes","2","Laptop","4.0.0","1"
"CMP-2024-001831","AMC coverage says parts are included but technician is asking us to pay for capacitor. Conflict with contract terms. Will share on social media if no action.","2023-08-23 19:32:00","Service Center","English","CUST-46217","Hotel","Coimbatore","Tamil Nadu","Light Commercial","Floor Standing 42CF","NEFT","No","Not Requested","Shadowfax","7","Open","60","168","No","4","Windows Tablet","4.3.1","0"
"CMP-2024-001832","Installation scheduled 4 times. Cancelled 4 times by Carrier. We are a hospital. Patients are suffering. Please treat this as highest priority. Will share on social media if no action.","2023-11-15 01:22:00","Social Media","English","CUST-96067","IT Park","Visakhapatnam","Andhra Pradesh","Light Commercial","Carrier VRF X Power 38VYX","Cash","Yes","Approved","Rivigo","0","Resolved","5","72","No","1","Laptop","2.9.8","2"
"CMP-2025-001833","Capacitor replaced 3 weeks ago. Failed again. Is this a genuine Carrier part or counterfeit? Demanding certificate of authenticity.","2023-01-22 00:07:00","Mobile App","Hindi","CUST-87535","Data Centre","Meerut","Uttar Pradesh","Commercial","Air Handler AHU-5000","Cash","No","Not Requested","Rivigo","15","Closed","120","24","Yes","1","Windows Tablet","4.2.0","1"
"CMP-2025-001834","Nobody from service team is responding. Emails bouncing. Phone numbers not working. Is Carrier shutting down? Will share on social media if no action.","2025-03-31 07:59:00","Email","English","CUST-98037","Hospital","Madurai","Tamil Nadu","Air Purifiers","OptiClean OC-800","RTGS","No","Not Requested","Shadowfax","15","Resolved","240","24","No","1","Windows Tablet","4.0.0","1"
"CMP-2024-001835","Installation was scheduled for 3rd May. Today is 12th May. No one has come. No call. No update. Is this how Carrier treats commercial customers?","2023-08-15 03:47:00","Phone","English","CUST-68314","Commercial Building Operator","Pune","Maharashtra","Refrigeration","Condensing Unit CR-10HP","UPI","Yes","Under Review","Ekart","30","Resolved","60","720","No","2","Android Phone","4.2.0","0"
"CMP-2024-001836","Unit delivered without accessories. Remote, drain pipes, all missing. Had to chase dealer for 1 week. Please don't just close the ticket without solving the issue.","2023-03-12 07:20:00","SMS","Hinglish","CUST-38278","Commercial Building Operator","Hubballi","Karnataka","Commercial","Air Handler AHU-3000","RTGS","Yes","Under Review","Delhivery","15","Pending Parts","20","504","No","1","Laptop","4.1.2","1"
"CMP-2025-001837","Installation was scheduled for 3rd May. Today is 12th May. No one has come. No call. No update. Is this how Carrier treats commercial customers? Third time raising this complaint.","2024-11-07 17:42:00","Service Center","Hinglish","CUST-48438","Hospital","Tiruchirappalli","Tamil Nadu","Refrigeration","Screw Compressor Rack SR-50","RTGS","Yes","Rejected","Ekart","25","Re-opened","60","8","Yes","5","Laptop","5.2.1","5"
"CMP-2023-001838","Because of your equipment failure, our restaurant had to shut for 2 days. Loss of business and spoiled inventory. This is unacceptable. Will share on social media if no action.","2024-08-01 08:18:00","Phone","English","CUST-47438","Bank Branch","Bhopal","Madhya Pradesh","Light Commercial","Cassette 42UFS","Debit Card","Yes","Rejected","FedEx","2","Pending Customer","60","1","No","1","Windows Tablet","3.3.5","0"
"CMP-2025-001839","Compressor seized. Cold room temperature rising. We have Rs 15 lakh worth of pharmaceutical stock inside. URGENT. Will share on social media if no action.","2023-06-25 04:38:00","SMS","English","CUST-66038","Commercial Building Operator","Meerut","Uttar Pradesh","Commercial","Fan Coil Unit FCU-400","Credit Card","No","Not Requested","Ekart","1","Re-opened","10","24","No","4","Tablet","4.1.2","4"
"CMP-2024-001840","Vibration from the compressor unit is shaking the entire wall. Noise level measured at 78 dB. Far above spec. 😡 Very frustrated.","2023-05-05 20:56:00","Mobile App","English","CUST-55394","Hotel","Howrah","West Bengal","Light Commercial","Cassette 42UFS","Cheque","No","Not Requested","Ekart","3","Pending Customer","30","36","No","2","iPhone","3.1.0","4"
"CMP-2024-001841","Cold room not reaching setpoint of -18C. Best we get is -12C. Compressor running 100% time. Possible refrigerant undercharge.","2024-04-12 23:24:00","Dealer","English","CUST-15847","Cold Storage Operator","Jodhpur","Rajasthan","Air Purifiers","Klarwind KW-500","EMI","Yes","Partially Processed","Delhivery","30","In Progress","8","240","Yes","1","Laptop","4.2.0","5"
"CMP-2025-001842","We paid full amount in advance for installation. 3 weeks passed, no installation team. This is beyond frustrating. This is absolutely ridiculous!!!","2023-01-15 21:48:00","Mobile App","English","CUST-84554","Pharma Company","Ghaziabad","Uttar Pradesh","Air Purifiers","OptiClean OC-400","UPI","Yes","Under Review","FedEx","0","Open","5","4","Yes","2","Android Phone","5.1.3","0"
"CMP-2023-001843","Freezer unit stopped working last night. Fish stock worth Rs 3 lakh completely spoiled. Carrier will be held responsible.","2024-08-02 03:32:00","Chat Support","Hinglish","CUST-38886","Educational Institution","Ahmedabad","Gujarat","Refrigeration","Evaporator Unit EU-5000","Net Banking","Yes","Processed","Carrier Own Fleet","0","In Progress","240","0","Yes","1","Windows Tablet","4.2.0","1"
"CMP-2024-001844","Cooling has been erratic since last 4 days. Some zones are ice cold, others are like a furnace. Have called support 3 times but no resolution. Third time raising this complaint.","2023-05-15 09:38:00","Phone","English","CUST-26868","Mall Operator","Guwahati","Assam","Light Commercial","Ducted 40MAQ","EMI","Yes","Processed","FedEx","15","In Progress","360","504","No","1","iPhone","3.2.1","1"
"CMP-2024-001845","Recurring issue since installation. Always cooling problem. 4 visits, 4 temporary fixes. We want permanent solution or replacement. Will share on social media if no action.","2024-09-23 07:31:00","Dealer","Hindi","CUST-58482","Office Admin","Kolkata","West Bengal","Light Commercial","Carrier VRF X Power 40VYX","Cheque","No","Not Requested","XpressBees","15","In Progress","180","24","Yes","2","Laptop","3.3.5","0"
"CMP-2023-001846","Power factor of the unit is poor. Our electrical load increased significantly after Carrier system was installed.","2023-08-28 10:01:00","Web Portal","English","CUST-47126","Cold Storage Operator","Mumbai","Maharashtra","Refrigeration","Inverter Condensing Unit ICU-5","Purchase Order","No","Not Requested","XpressBees","1","Re-opened","90","336","No","4","Laptop","5.2.1","4"
"CMP-2024-001847","Refund rejected saying 'product opened'. But your own technician opened it during inspection! This is fraud.","2025-02-15 04:57:00","Walk-in","English","CUST-76860","Educational Institution","Allahabad","Uttar Pradesh","Refrigeration","Inverter Condensing Unit ICU-5","Credit Card","Yes","Pending","Ekart","0","Pending Customer","10","24","No","1","Desktop","3.1.0","2"
"CMP-2025-001848","Delivery delayed by 12 days. Installation could not happen. Our inauguration date missed. Carrier responsible. 😡 Very frustrated.","2024-05-05 15:05:00","Web Portal","English","CUST-21374","Retail Store","Agra","Uttar Pradesh","Light Commercial","Ducted 40RUQ","NEFT","Yes","Pending","FedEx","20","Re-opened","120","8","Yes","1","Laptop","4.3.1","6"
"CMP-2024-001849","Wrong model delivered. Ordered 5HP condensing unit, received 3HP. This is a basic error. We have a big client visit next week. Please prioritize.","2024-03-27 21:31:00","Service Center","English","CUST-50814","Hotel","Bengaluru","Karnataka","Air Purifiers","Klarwind KW-300","Purchase Order","No","Not Requested","DTDC","1","Resolved","15","2","Yes","3","Windows Tablet","4.1.2","0"
"CMP-2025-001850","Service engineer came without tools. Wasted our time. Came again next day with wrong parts. Still not fixed. Highly disappointed.","2023-03-23 21:00:00","Dealer","English","CUST-61716","Maintenance Manager","Varanasi","Uttar Pradesh","Air Purifiers","Klarwind KW-500","EMI","Yes","Processed","Rivigo","1","Re-opened","15","24","Yes","1","Tablet","5.1.3","0"
"CMP-2024-001851","Temperature probe giving wrong readings. Actual temp -5C but display shows -20C. How can we trust this system? 😡 Very frustrated.","2024-09-05 02:29:00","Chat Support","English","CUST-64622","Office Admin","Madurai","Tamil Nadu","Commercial","Heat Pump 30RQV","Purchase Order","No","Not Requested","Delhivery","7","Pending Customer","12","1","Yes","3","iPhone","5.0.0","0"
"CMP-2024-001852","Because of your equipment failure, our restaurant had to shut for 2 days. Loss of business and spoiled inventory. This is unacceptable. Escalating to consumer forum if not resolved by tomorrow.","2023-07-11 12:51:00","Walk-in","English","CUST-94079","Restaurant Owner","Chennai","Tamil Nadu","Air Purifiers","Klarwind KW-300","NEFT","Yes","Pending","Amazon Logistics","3","Open","20","336","No","5","iPad","3.2.1","2"
"CMP-2023-001853","Unit consuming 40% more power than rated. Energy meter data shared with your team. No action taken. Third time raising this complaint.","2024-12-06 02:01:00","Social Media","English","CUST-92917","Bank Branch","Surat","Gujarat","Refrigeration","Modular Cold Room MCR-10","NEFT","Yes","Approved","Rivigo","30","Re-opened","180","4","No","5","Laptop","4.3.1","0"
"CMP-2024-001854","BMS controller not responding to commands. Manual override also not working. Entire floor temperature uncontrolled.","2023-12-19 23:12:00","SMS","Hinglish","CUST-92173","Industrial Facility","Mysuru","Karnataka","Air Purifiers","OptiClean OC-400","Purchase Order","No","Not Requested","Carrier Own Fleet","7","In Progress","20","2","Yes","3","iPad","4.2.0","0"
"CMP-2024-001855","Compressor making very loud knocking sound since morning. Afraid it might fail completely. Please send technician. Please resolve on priority.","2023-09-07 15:46:00","Web Portal","English","CUST-20174","Industrial Facility","Patna","Bihar","Light Commercial","Carrier VRF X Power 38VYX","Debit Card","Yes","Partially Processed","Mahindra Logistics","1","Re-opened","240","168","No","1","iPad","5.0.0","0"
"CMP-2025-001856","Our cold room compressor is producing abnormal high-pitched squealing. Running but worrying about failure. Under warranty. Do not charge us.","2023-10-01 17:49:00","WhatsApp","English","CUST-54650","Office Admin","Navi Mumbai","Maharashtra","Air Purifiers","Klarwind KW-500","Cash","No","Not Requested","Shadowfax","30","Escalated","10","36","No","4","Windows Tablet","3.1.0","2"
"CMP-2025-001857","Due to cold room failure, Rs 8 lakh worth of vegetables spoiled overnight. Who will compensate? Unit is under AMC. Under warranty. Do not charge us.","2023-04-05 08:22:00","Service Center","English","CUST-65589","Facility Team","Hubballi","Karnataka","Refrigeration","Evaporator Unit EU-3000","Cheque","No","Not Requested","Ekart","0","Pending Customer","15","336","No","2","Windows Tablet","5.0.0","0"
"CMP-2023-001858","Yaar gas toh phir se leak ho gayi. Teen mahine mein teesri baar. Yeh kab tak chalega?","2024-11-12 15:40:00","Email","English","CUST-26640","Retail Store","Madurai","Tamil Nadu","Refrigeration","Evaporator Unit EU-5000","Cheque","No","Not Requested","Amazon Logistics","12","Pending Customer","20","336","Yes","4","iPhone","3.1.0","0"
"CMP-2023-001859","Nobody from service team is responding. Emails bouncing. Phone numbers not working. Is Carrier shutting down? 😡 Very frustrated.","2025-01-25 19:05:00","SMS","Kannada","CUST-80846","Pharma Company","Chandigarh","Punjab","Air Purifiers","OptiClean OC-400","EMI","No","Not Requested","Amazon Logistics","5","Resolved","5","24","No","5","iPhone","3.3.5","6"
"CMP-2025-001860","Because of your equipment failure, our restaurant had to shut for 2 days. Loss of business and spoiled inventory. This is unacceptable. 😡 Very frustrated.","2023-12-02 15:45:00","Dealer","English","CUST-38097","Supermarket","Raipur","Chhattisgarh","Light Commercial","Carrier VRF X Power 38VYX","Cheque","Yes","Approved","Blue Dart","1","In Progress","30","8","No","2","Desktop","5.0.0","5"
"CMP-2023-001861","Requested refund on 3rd April. Today is 14th May. Still no credit to my account. Nobody is answering properly. This is absolutely ridiculous!!!","2023-11-19 11:47:00","SMS","Hindi","CUST-68134","Restaurant Owner","Ahmedabad","Gujarat","Air Purifiers","OptiClean OC-400","Net Banking","No","Not Requested","FedEx","30","Resolved","15","72","No","2","Laptop","4.3.1","0"
"CMP-2023-001862","Capacitor replaced 3 weeks ago. Failed again. Is this a genuine Carrier part or counterfeit? Demanding certificate of authenticity. Will share on social media if no action.","2024-06-22 22:33:00","SMS","Kannada","CUST-66174","HVAC Contractor","Pune","Maharashtra","Refrigeration","Supermarket Ref SMR-MultiDeck","Purchase Order","No","Not Requested","Shadowfax","25","Re-opened","2880","36","No","3","iPad","2.9.8","1"
"CMP-2023-001863","Outdoor unit is extremely hot to touch. Fan seems to be running slowly. Is this a condenser issue? We have a big client visit next week. Please prioritize.","2024-06-18 18:50:00","Social Media","English","CUST-55285","Mall Operator","Pune","Maharashtra","Refrigeration","Condensing Unit CR-10HP","EMI","No","Not Requested","FedEx","2","In Progress","180","120","No","2","iPhone","4.2.0","0"
"CMP-2024-001864","Refrigerant pipes run visibly through office wall without proper ducting. Installation is ugly and not as agreed.","2024-08-16 19:33:00","Email","English","CUST-77687","HVAC Contractor","Kota","Rajasthan","Refrigeration","Modular Cold Room MCR-10","UPI","No","Not Requested","Amazon Logistics","3","Pending Customer","8","0","No","1","iPhone","5.2.1","1"
"CMP-2024-001865","Indoor unit is not level. Water not draining properly because of tilt. Poor workmanship. Please don't just close the ticket without solving the issue.","2025-04-05 17:54:00","Dealer","English","CUST-97908","Restaurant Owner","Hubballi","Karnataka","Refrigeration","Modular Cold Room MCR-25","EMI","Yes","Under Review","Blue Dart","20","Re-opened","45","240","Yes","5","Tablet","4.0.0","1"
"CMP-2023-001866","Defrost cycle seems to be running too long. Temperature rises to +5C during defrost. Products are thawing partially.","2023-02-26 22:15:00","Web Portal","English","CUST-46654","Educational Institution","Hubballi","Karnataka","Refrigeration","Screw Compressor Rack SR-50","UPI","No","Not Requested","Carrier Own Fleet","1","Closed","30","48","Yes","1","Tablet","4.3.1","6"
"CMP-2023-001867","We paid full amount in advance for installation. 3 weeks passed, no installation team. This is beyond frustrating. This is absolutely ridiculous!!!","2024-04-23 12:54:00","Web Portal","Hinglish","CUST-82185","Commercial Building Operator","Navi Mumbai","Maharashtra","Light Commercial","Floor Standing 42CF","EMI","Yes","Pending","Blue Dart","0","Resolved","720","72","No","4","iPad","4.0.0","0"
"CMP-2025-001868","Temperature probe giving wrong readings. Actual temp -5C but display shows -20C. How can we trust this system? Please resolve on priority.","2025-03-13 22:17:00","SMS","English","CUST-12151","Facility Team","Hyderabad","Telangana","Air Purifiers","OptiClean OC-400","Credit Card","Yes","Under Review","Mahindra Logistics","7","Pending Customer","20","48","No","5","Desktop","4.0.0","3"
"CMP-2024-001869","Called for emergency service. Was told technician will come in 4 hours. Waited 11 hours. No show. Please don't just close the ticket without solving the issue.","2024-04-12 04:09:00","WhatsApp","English","CUST-66266","Maintenance Manager","Faridabad","Haryana","Commercial","Chiller AquaEdge 19DV","UPI","No","Not Requested","Blue Dart","0","Resolved","360","1","No","1","iPad","4.2.0","0"
"CMP-2024-001870","Unit delivered without accessories. Remote, drain pipes, all missing. Had to chase dealer for 1 week. This is absolutely ridiculous!!!","2024-01-02 07:55:00","Social Media","English","CUST-95076","Data Centre","Mysuru","Karnataka","Commercial","Air Handler AHU-5000","Cheque","No","Not Requested","DTDC","2","Open","360","96","No","1","Android Phone","3.1.0","6"
"CMP-2025-001871","I was promised callback in 2 hours. No call came. This has happened twice. Zero accountability. Please resolve on priority.","2023-05-28 08:16:00","Walk-in","English","CUST-67164","Facility Team","Kanpur","Uttar Pradesh","Light Commercial","Ducted 40MAQ","Net Banking","Yes","Rejected","Rivigo","12","Closed","30","4","No","1","iPad","2.9.8","5"
"CMP-2025-001872","Gas leakage from the indoor unit. There is an oily stain near copper pipe joints. Very concerning.","2023-11-21 13:37:00","Walk-in","Hinglish","CUST-15451","IT Park","Mumbai","Maharashtra","Air Purifiers","OptiClean OC-800","Cheque","No","Not Requested","Carrier Own Fleet","0","Open","120","240","No","3","Laptop","3.2.1","0"
"CMP-2023-001873","Unit goes into protection mode due to high discharge temperature. Error E12 visible on panel. Ambient temp is 42C but unit is rated for 50C. We have a big client visit next week. Please prioritize.","2024-08-14 19:14:00","Social Media","English","CUST-19076","HVAC Contractor","Vadodara","Gujarat","Light Commercial","Floor Standing 42NQ","EMI","No","Not Requested","Shadowfax","25","Resolved","480","720","No","1","iPad","2.8.5","1"
"CMP-2025-001874","The outdoor unit is making a horrible grinding noise especially at night. Neighbours are complaining.","2024-07-27 06:47:00","Phone","Hinglish","CUST-22576","Hospital","Madurai","Tamil Nadu","Refrigeration","Modular Cold Room MCR-10","NEFT","No","Not Requested","Rivigo","20","Pending Parts","90","48","Yes","4","Android Phone","5.1.3","2"
"CMP-2024-001875","Cooling inconsistent since installation 3 months ago. Raised ticket twice before. Still same issue. Please resolve on priority.","2024-05-26 20:54:00","Email","Hindi","CUST-58858","HVAC Contractor","Howrah","West Bengal","Refrigeration","Inverter Condensing Unit ICU-5","EMI","No","Not Requested","Blue Dart","15","Pending Parts","180","8","No","1","iPad","5.2.1","0"
"CMP-2024-001876","Due to cold room failure, Rs 8 lakh worth of vegetables spoiled overnight. Who will compensate? Unit is under AMC.","2025-03-09 21:49:00","Web Portal","English","CUST-16898","Pharma Company","Meerut","Uttar Pradesh","Air Purifiers","Air One AO-200","Cheque","Yes","Rejected","Blue Dart","20","Open","120","0","No","5","Windows Tablet","4.2.0","1"
"CMP-2024-001877","High electricity consumption despite energy saving mode being on. Something is wrong with the inverter control. 😡 Very frustrated.","2024-05-14 08:14:00","Service Center","English","CUST-84311","Bank Branch","Bengaluru","Karnataka","Light Commercial","Carrier VRF X Power 40VYX","Net Banking","Yes","Partially Processed","Shadowfax","25","Open","1440","6","Yes","2","Laptop","4.3.1","2"
"CMP-2024-001878","R410A leak suspected. Cooling efficiency dropped suddenly and compressor running continuously. Please send someone today.","2023-05-14 13:41:00","Dealer","Kannada","CUST-98308","Hospital","Bhopal","Madhya Pradesh","Refrigeration","Screw Compressor Rack SR-50","UPI","No","Not Requested","Rivigo","1","Escalated","240","36","Yes","1","Tablet","4.0.0","0"
"CMP-2024-001879","Defrost cycle seems to be running too long. Temperature rises to +5C during defrost. Products are thawing partially. Highly disappointed.","2025-01-25 05:32:00","Service Center","English","CUST-92978","Hospital","Nashik","Maharashtra","Refrigeration","Inverter Condensing Unit ICU-10","Cheque","No","Not Requested","FedEx","30","Open","20","72","No","4","Android Phone","3.1.0","0"
"CMP-2025-001880","Temperature probe giving wrong readings. Actual temp -5C but display shows -20C. How can we trust this system?","2023-04-05 10:17:00","Web Portal","Hindi","CUST-81237","Facility Team","Amritsar","Punjab","Commercial","Controls i-Vu Open","Credit Card","No","Not Requested","Mahindra Logistics","10","In Progress","60","72","Yes","3","iPad","3.2.1","5"
"CMP-2025-001881","Pipe insulation not done properly. Condensation forming on pipes and dripping. Basic installation mistake. This is absolutely ridiculous!!!","2023-04-24 14:05:00","Email","English","CUST-63303","Commercial Building Operator","Rajkot","Gujarat","Light Commercial","Floor Standing 42CF","Cheque","No","Not Requested","Rivigo","2","Pending Customer","60","96","No","4","iPhone","2.8.5","6"
"CMP-2023-001882","Warranty document says 5 years comprehensive. Your service team is claiming 1 year. Please clarify and honour the warranty.","2023-06-22 21:14:00","Mobile App","English","CUST-27403","Restaurant Owner","Jabalpur","Madhya Pradesh","Commercial","Heat Pump 30RQV","Net Banking","No","Not Requested","FedEx","30","Closed","480","72","Yes","2","Tablet","2.8.5","6"
"CMP-2023-001883","Ghar mein rat ko bahut awaaz aati hai outdoor unit se. Neend nahi aa rahi. Koi solution hai?","2024-11-06 11:48:00","Web Portal","English","CUST-21364","Commercial Building Operator","Kolkata","West Bengal","Light Commercial","Cassette 42UFS","UPI","Yes","Processed","DTDC","1","Re-opened","5","12","No","3","Desktop","5.0.0","1"
"CMP-2024-001884","Ghar mein rat ko bahut awaaz aati hai outdoor unit se. Neend nahi aa rahi. Koi solution hai? Under warranty. Do not charge us.","2025-02-20 12:04:00","Chat Support","Hindi","CUST-63387","Educational Institution","Surat","Gujarat","Light Commercial","Carrier VRF X Power 40VYX","EMI","No","Not Requested","Carrier Own Fleet","1","Closed","10","24","Yes","3","Windows Tablet","5.2.1","4"
"CMP-2025-001885","Compressor failure within 18 months. Manufacturer warranty should cover this. Do not send me to dealer. Carrier must take responsibility. Highly disappointed.","2024-09-16 15:09:00","Chat Support","Hindi","CUST-65033","Hotel","Gurugram","Haryana","Refrigeration","Inverter Condensing Unit ICU-10","Cheque","Yes","Processed","Mahindra Logistics","0","Pending Parts","12","0","No","4","Desktop","3.3.5","4"
"CMP-2023-001886","Yaar gas toh phir se leak ho gayi. Teen mahine mein teesri baar. Yeh kab tak chalega?","2023-10-24 03:23:00","WhatsApp","Hinglish","CUST-66621","Restaurant Owner","Patna","Bihar","Air Purifiers","Klarwind KW-500","Debit Card","No","Not Requested","DTDC","0","Open","120","24","No","1","Desktop","2.9.8","0"
"CMP-2024-001887","Strange whistling sound from indoor unit. Happens when set below 22C. Very irritating during meetings. We have a big client visit next week. Please prioritize.","2024-09-19 03:17:00","Dealer","Hindi","CUST-24309","Cold Storage Operator","Mysuru","Karnataka","Air Purifiers","Klarwind KW-500","RTGS","No","Not Requested","Ekart","5","Re-opened","240","0","No","1","Windows Tablet","2.9.8","0"
"CMP-2023-001888","Requested refund on 3rd April. Today is 14th May. Still no credit to my account. Nobody is answering properly. Complaint ID from last time: 78109071","2024-05-08 20:06:00","SMS","English","CUST-55195","Hotel","Patna","Bihar","Air Purifiers","Klarwind KW-500","NEFT","No","Not Requested","XpressBees","20","Pending Customer","720","24","Yes","2","iPad","4.0.0","6"
"CMP-2025-001889","Our screw compressor rack is showing abnormal discharge pressure. Suction is fine. Need expert diagnosis ASAP. This is absolutely ridiculous!!!","2023-09-05 16:33:00","Phone","English","CUST-80894","Maintenance Manager","Ghaziabad","Uttar Pradesh","Light Commercial","Floor Standing 42NQ","Net Banking","No","Not Requested","XpressBees","0","Open","300","1","No","4","Windows Tablet","4.3.1","2"
"CMP-2024-001890","Electricity bill doubled after installation of new Carrier unit. Star rating says 5-star but consumption is huge.","2024-06-07 02:53:00","Social Media","Hinglish","CUST-40247","Industrial Facility","Chennai","Tamil Nadu","Commercial","Fan Coil Unit FCU-200","Cash","No","Not Requested","FedEx","7","Resolved","60","336","No","2","iPhone","5.0.0","2"
"CMP-2024-001891","Support agent was dismissive and rude. Did not let me complete my complaint. Terrible customer experience.","2023-09-24 14:14:00","Walk-in","English","CUST-52909","Hospital","Surat","Gujarat","Refrigeration","Supermarket Ref SMR-MultiDeck","RTGS","Yes","Under Review","Ekart","0","Pending Customer","240","24","Yes","1","iPhone","4.1.2","5"
"CMP-2023-001892","Installation team came, looked at the site, and left saying they need special equipment. No one has returned since. 10 days now.","2025-01-02 00:39:00","Social Media","Hinglish","CUST-70082","Retail Store","Amritsar","Punjab","Air Purifiers","Klarwind KW-500","RTGS","Yes","Rejected","XpressBees","7","In Progress","240","168","No","1","iPad","3.2.1","0"
"CMP-2025-001893","Our factory expansion was delayed because Carrier could not install the HVAC on time. We are losing lakhs daily. Where is the accountability? Third time raising this complaint.","2023-02-11 01:26:00","WhatsApp","Hinglish","CUST-94663","Bank Branch","Tiruchirappalli","Tamil Nadu","Light Commercial","Ducted 40MAQ","UPI","No","Not Requested","Amazon Logistics","5","Pending Customer","240","336","Yes","1","iPhone","5.1.3","4"
"CMP-2025-001894","Strange whistling sound from indoor unit. Happens when set below 22C. Very irritating during meetings. Under warranty. Do not charge us.","2023-11-26 05:38:00","Mobile App","Hinglish","CUST-68353","Food Processing Unit","Ludhiana","Punjab","Refrigeration","Inverter Condensing Unit ICU-10","RTGS","Yes","Approved","Rivigo","1","Pending Customer","240","24","Yes","3","Laptop","5.0.0","0"
"CMP-2024-001895","Cold room not reaching setpoint of -18C. Best we get is -12C. Compressor running 100% time. Possible refrigerant undercharge. Escalating to consumer forum if not resolved by tomorrow.","2023-08-18 20:48:00","Social Media","Hinglish","CUST-56718","Industrial Facility","Madurai","Tamil Nadu","Air Purifiers","Klarwind KW-300","Debit Card","Yes","Rejected","Rivigo","5","Pending Customer","60","72","No","4","iPad","5.0.0","3"
"CMP-2025-001896","Heat rejection from outdoor units is excessive. Adjacent areas are getting very hot. Ventilation design issue or unit fault?","2024-01-16 09:13:00","Email","Hinglish","CUST-35204","Facility Team","Hubballi","Karnataka","Light Commercial","Carrier VRF X Power 40VYX","Net Banking","Yes","Rejected","DTDC","0","Escalated","10","72","No","1","Laptop","3.1.0","0"
"CMP-2025-001897","Third breakdown this year. We have CCTV footage of the same issue recurring. Requesting senior engineer visit and root cause analysis.","2023-01-18 17:02:00","SMS","English","CUST-15098","Industrial Facility","Delhi","Delhi","Light Commercial","Ducted 40MAQ","Debit Card","No","Not Requested","Delhivery","5","Pending Customer","120","6","No","2","iPad","4.3.1","0"
"CMP-2023-001898","i-Vu controller shows error 'Communication Lost' since last night. Unable to control any zone from central panel. Third time raising this complaint.","2025-04-18 07:40:00","WhatsApp","English","CUST-26726","Hotel","Kochi","Kerala","Air Purifiers","Air One AO-100","UPI","No","Not Requested","DTDC","15","Open","45","96","Yes","1","Laptop","5.0.0","2"
"CMP-2024-001899","Product registered on your portal. Warranty active. But system is still asking us to pay for repair. Frustrated with this process. Please resolve on priority.","2024-03-08 17:19:00","WhatsApp","English","CUST-32923","Cold Storage Operator","Nagpur","Maharashtra","Air Purifiers","Air One AO-100","NEFT","No","Not Requested","Shadowfax","0","Escalated","25","168","No","5","Windows Tablet","4.0.0","0"
"CMP-2023-001900","High electricity consumption despite energy saving mode being on. Something is wrong with the inverter control. Complaint ID from last time: 19732381","2023-10-28 10:21:00","WhatsApp","English","CUST-83293","IT Park","Varanasi","Uttar Pradesh","Light Commercial","Floor Standing 42CF","Credit Card","No","Not Requested","Ekart","15","Pending Parts","60","1","No","5","iPhone","3.1.0","2"
"CMP-2024-001901","Heat rejection from outdoor units is excessive. Adjacent areas are getting very hot. Ventilation design issue or unit fault? We have a big client visit next week. Please prioritize.","2024-08-06 18:38:00","Chat Support","English","CUST-97540","Mall Operator","Ahmedabad","Gujarat","Commercial","Chiller 30XW-V","EMI","No","Not Requested","Mahindra Logistics","10","Pending Parts","12","12","No","1","Tablet","5.2.1","0"
"CMP-2023-001902","Controller touchscreen unresponsive. Had to manually switch off from breaker. Need replacement. Highly disappointed.","2024-04-08 06:21:00","Web Portal","English","CUST-31734","IT Park","Bengaluru","Karnataka","Light Commercial","Floor Standing 42CF","Cheque","No","Not Requested","Rivigo","30","Pending Customer","120","0","No","4","iPhone","3.2.1","0"
"CMP-2024-001903","Carrier mobile app crashes every time I try to view energy reports. Android 13, latest app version. Highly disappointed.","2025-03-16 19:59:00","Dealer","Tamil","CUST-57665","Maintenance Manager","Gurugram","Haryana","Light Commercial","Cassette 42UFS","Credit Card","Yes","Rejected","Mahindra Logistics","0","In Progress","10","2","No","1","Windows Tablet","3.3.5","1"
"CMP-2024-001904","I am a loyal Carrier customer since 2015. Never faced such repeated breakdowns. Something is wrong with this new model batch. Please don't just close the ticket without solving the issue.","2024-09-14 06:21:00","Social Media","English","CUST-36713","HVAC Contractor","Surat","Gujarat","Light Commercial","Cassette 42UFS","NEFT","No","Not Requested","Amazon Logistics","15","Resolved","20","6","No","5","Windows Tablet","5.1.3","0"
"CMP-2023-001905","Wrong model delivered. Ordered 5HP condensing unit, received 3HP. This is a basic error.","2023-11-21 03:51:00","Mobile App","Telugu","CUST-23608","Maintenance Manager","Mumbai","Maharashtra","Air Purifiers","Klarwind KW-500","EMI","Yes","Pending","XpressBees","0","Escalated","10","48","No","4","Windows Tablet","3.3.5","6"
"CMP-2023-001906","Delivery delayed by 12 days. Installation could not happen. Our inauguration date missed. Carrier responsible. This is absolutely ridiculous!!!","2024-12-06 07:44:00","Chat Support","Telugu","CUST-33370","Maintenance Manager","Agra","Uttar Pradesh","Light Commercial","Floor Standing 42CF","Credit Card","Yes","Approved","Amazon Logistics","0","In Progress","300","72","No","4","iPhone","4.2.0","2"
"CMP-2025-001907","Temperature in storage went to 12C during night without any alarm. Dairy products spoiled. Need investigation.","2023-06-19 04:19:00","Dealer","English","CUST-26112","HVAC Contractor","Surat","Gujarat","Commercial","Controls EcoAdvance","Credit Card","No","Not Requested","Blue Dart","0","Open","2880","240","No","3","Desktop","3.2.1","4"
"CMP-2025-001908","Smell of refrigerant inside the machine room. Possible gas leak. Evacuation precaution taken. Please send certified technician. Complaint ID from last time: 75331702","2023-07-28 07:31:00","Chat Support","Hinglish","CUST-10223","Educational Institution","Faridabad","Haryana","Commercial","Chiller 30XW-V","UPI","No","Not Requested","Mahindra Logistics","20","Re-opened","20","120","No","1","Android Phone","5.0.0","1"
"CMP-2023-001909","Pani tapat raha hai AC se. Below mein customer seating area hai. Please immediately send someone. We have a big client visit next week. Please prioritize.","2024-08-12 13:17:00","Service Center","Kannada","CUST-42954","Office Admin","Nagpur","Maharashtra","Light Commercial","Cassette 42UFS","Debit Card","Yes","Pending","Shadowfax","30","Escalated","2880","72","Yes","4","iPhone","3.3.5","0"
"CMP-2025-001910","Wrong model delivered. Ordered 5HP condensing unit, received 3HP. This is a basic error. Highly disappointed.","2024-10-19 20:19:00","Chat Support","English","CUST-42343","Office Admin","Ludhiana","Punjab","Refrigeration","Supermarket Ref SMR-MultiDeck","RTGS","No","Not Requested","FedEx","30","Re-opened","10","24","No","4","Laptop","5.2.1","1"
"CMP-2024-001911","R410A leak suspected. Cooling efficiency dropped suddenly and compressor running continuously. Please send someone today. Highly disappointed.","2025-04-30 09:32:00","SMS","English","CUST-34506","Data Centre","Aurangabad","Maharashtra","Light Commercial","Carrier VRF X Power 38VYX","Purchase Order","No","Not Requested","Carrier Own Fleet","0","Re-opened","90","0","No","3","Desktop","3.3.5","0"
"CMP-2025-001912","Chat support is completely useless. Gives only scripted responses. Cannot escalate from chat. Very bad experience. Highly disappointed.","2024-12-09 23:41:00","Phone","English","CUST-46816","Warehouse Operator","Lucknow","Uttar Pradesh","Air Purifiers","Air One AO-100","Cash","No","Not Requested","Ekart","0","Re-opened","90","1","Yes","1","iPhone","3.3.5","0"
"CMP-2025-001913","Our central AC unit stopped working last night. We are a 24x7 operations center and this is causing massive disruption. Escalate please. We have a big client visit next week. Please prioritize.","2024-09-11 20:25:00","Web Portal","English","CUST-49005","Retail Store","Amritsar","Punjab","Light Commercial","Cassette 42UFS","Net Banking","No","Not Requested","Amazon Logistics","15","Closed","25","168","No","2","Tablet","2.8.5","0"
"CMP-2025-001914","Indoor unit delivered but outdoor unit still not received after 3 weeks. How do you expect us to use half a system? Highly disappointed.","2023-01-05 02:44:00","Web Portal","English","CUST-38914","Hospital","Allahabad","Uttar Pradesh","Light Commercial","Cassette 42UFS","Cash","Yes","Approved","XpressBees","30","Re-opened","12","48","Yes","1","Android Phone","4.1.2","3"
"CMP-2025-001915","The drain pan is overflowing. Unit installed 6 months ago and this is the 3rd time this is happening. Poor installation quality suspected.","2025-03-26 06:34:00","Mobile App","Hinglish","CUST-52766","Hospital","Meerut","Uttar Pradesh","Commercial","Heat Pump 30RQV","EMI","No","Not Requested","Delhivery","1","Re-opened","1440","96","No","1","Android Phone","4.1.2","0"
"CMP-2023-001916","I am a loyal Carrier customer since 2015. Never faced such repeated breakdowns. Something is wrong with this new model batch. Will share on social media if no action.","2024-04-07 16:38:00","Email","Hinglish","CUST-76149","Facility Team","Bengaluru","Karnataka","Refrigeration","Evaporator Unit EU-5000","Credit Card","No","Not Requested","Blue Dart","7","Closed","20","504","No","1","Android Phone","3.3.5","0"
"CMP-2023-001917","Warranty claim rejected citing 'improper installation'. But installation was done by your own authorized dealer. Who is responsible?","2024-08-29 20:09:00","Email","English","CUST-29981","Hospital","Nagpur","Maharashtra","Commercial","Fan Coil Unit FCU-400","UPI","Yes","Partially Processed","Rivigo","2","Escalated","30","720","Yes","1","Windows Tablet","4.2.0","0"
"CMP-2023-001918","Condensate drain is blocked. Water overflowing inside the unit and dropping on floor. Health hazard. Please resolve on priority.","2024-03-25 17:29:00","Dealer","English","CUST-79920","Retail Store","Bhopal","Madhya Pradesh","Refrigeration","Modular Cold Room MCR-10","EMI","No","Not Requested","Amazon Logistics","3","Resolved","1440","168","No","2","Desktop","3.2.1","3"
"CMP-2024-001919","Refund rejected saying 'product opened'. But your own technician opened it during inspection! This is fraud.","2024-01-27 16:04:00","Mobile App","Hindi","CUST-98636","Educational Institution","Tirupur","Tamil Nadu","Air Purifiers","OptiClean OC-400","Purchase Order","No","Not Requested","DTDC","1","Re-opened","15","2","No","5","Tablet","3.2.1","0"
"CMP-2023-001920","The unit completely stopped cooling from yesterday afternoon. We have 40+ staff sitting in 38 degree heat. This is completely unacceptable for a premium brand like Carrier. Please send someone immediately.","2025-02-11 02:44:00","SMS","English","CUST-87448","Pharma Company","Bhopal","Madhya Pradesh","Light Commercial","Cassette 42UFC","RTGS","Yes","Processed","Amazon Logistics","15","Open","240","72","No","3","iPad","3.3.5","1"
"CMP-2023-001921","Recurring issue since installation. Always cooling problem. 4 visits, 4 temporary fixes. We want permanent solution or replacement. Third time raising this complaint.","2023-03-30 21:24:00","Chat Support","English","CUST-99634","Pharma Company","Kanpur","Uttar Pradesh","Air Purifiers","Klarwind KW-500","EMI","No","Not Requested","Rivigo","15","In Progress","5","24","No","3","iPhone","4.0.0","0"
"CMP-2023-001922","Our factory expansion was delayed because Carrier could not install the HVAC on time. We are losing lakhs daily. Where is the accountability? Third time raising this complaint.","2023-06-12 05:26:00","Walk-in","Hinglish","CUST-45094","Hotel","Vijayawada","Andhra Pradesh","Air Purifiers","Klarwind KW-300","RTGS","No","Not Requested","Ekart","1","Pending Customer","10","240","No","4","Laptop","5.1.3","0"
"CMP-2023-001923","Delivery delayed by 12 days. Installation could not happen. Our inauguration date missed. Carrier responsible. Please resolve on priority.","2024-12-02 19:03:00","Phone","Kannada","CUST-17713","Retail Store","Kota","Rajasthan","Commercial","Chiller AquaEdge 19DV","EMI","No","Not Requested","Carrier Own Fleet","1","In Progress","720","120","Yes","1","Android Phone","3.1.0","0"
"CMP-2024-001924","Due to cold room failure, Rs 8 lakh worth of vegetables spoiled overnight. Who will compensate? Unit is under AMC. Please resolve on priority.","2024-06-06 18:00:00","Phone","English","CUST-16304","Educational Institution","Pune","Maharashtra","Light Commercial","Ducted 40RUQ","RTGS","No","Not Requested","Ekart","0","Pending Parts","360","168","No","1","iPhone","5.0.0","0"
"CMP-2024-001925","Capacitor replaced 3 weeks ago. Failed again. Is this a genuine Carrier part or counterfeit? Demanding certificate of authenticity.","2024-07-12 02:54:00","Chat Support","English","CUST-79702","Restaurant Owner","Patna","Bihar","Refrigeration","Supermarket Ref SMR-MultiDeck","Cash","No","Not Requested","Blue Dart","20","In Progress","5","24","No","4","Laptop","4.0.0","0"
"CMP-2025-001926","Waiting for spare parts for 35 days. Technician has identified fault. Parts stuck in warehouse apparently. No timeline given. Need resolution within 24 hours.","2023-06-26 09:40:00","Phone","Telugu","CUST-49438","Restaurant Owner","Delhi","Delhi","Air Purifiers","Air One AO-100","NEFT","No","Not Requested","Shadowfax","0","Closed","15","96","Yes","2","iPhone","4.1.2","0"
"CMP-2023-001927","Yaar gas toh phir se leak ho gayi. Teen mahine mein teesri baar. Yeh kab tak chalega?","2023-03-04 08:06:00","Chat Support","English","CUST-21703","Office Admin","Nagpur","Maharashtra","Commercial","Fan Coil Unit FCU-400","Credit Card","No","Not Requested","FedEx","25","In Progress","360","1","No","2","Laptop","2.8.5","6"
"CMP-2025-001928","Partial refund received but deducted 20% without any explanation. No one is telling me why. I want full refund. Need resolution within 24 hours.","2023-11-13 16:58:00","Phone","Hinglish","CUST-23840","Educational Institution","Faridabad","Haryana","Refrigeration","Evaporator Unit EU-5000","Net Banking","No","Not Requested","Amazon Logistics","10","Closed","8","96","No","1","iPhone","4.1.2","0"
"CMP-2024-001929","Carrier mobile app crashes every time I try to view energy reports. Android 13, latest app version.","2024-02-22 00:42:00","Mobile App","Hinglish","CUST-98739","Maintenance Manager","Pune","Maharashtra","Refrigeration","Supermarket Ref SMR-Island","Net Banking","No","Not Requested","DTDC","0","In Progress","300","2","No","1","Laptop","5.1.3","6"
"CMP-2023-001930","AMC renewal done but service schedule not shared. Who is my assigned service engineer? No one tells me. This is absolutely ridiculous!!!","2025-01-14 23:59:00","SMS","English","CUST-49940","IT Park","Bengaluru","Karnataka","Air Purifiers","OptiClean OC-800","Cash","Yes","Approved","FedEx","15","Pending Parts","120","168","No","4","Android Phone","2.8.5","0"
"CMP-2024-001931","Because of your equipment failure, our restaurant had to shut for 2 days. Loss of business and spoiled inventory. This is unacceptable.","2023-02-09 15:01:00","Phone","Hinglish","CUST-96132","Supermarket","Hubballi","Karnataka","Air Purifiers","OptiClean OC-800","EMI","No","Not Requested","Ekart","20","Pending Parts","360","24","Yes","2","iPad","4.3.1","1"
"CMP-2024-001932","Unit consuming 40% more power than rated. Energy meter data shared with your team. No action taken. Complaint ID from last time: 57615033","2025-04-24 19:51:00","SMS","Hinglish","CUST-94621","HVAC Contractor","Chandigarh","Punjab","Commercial","Controls i-Vu Open","Cheque","Yes","Under Review","FedEx","1","Escalated","30","1","No","4","iPhone","4.1.2","1"
"CMP-2023-001933","Third breakdown this year. We have CCTV footage of the same issue recurring. Requesting senior engineer visit and root cause analysis. Escalating to consumer forum if not resolved by tomorrow.","2023-08-13 18:34:00","Chat Support","English","CUST-11258","Bank Branch","Mumbai","Maharashtra","Air Purifiers","Klarwind KW-500","Credit Card","No","Not Requested","Mahindra Logistics","30","Pending Customer","720","72","No","5","Windows Tablet","3.1.0","0"
"CMP-2024-001934","There is a clear rattling from the compressor section. Technician visited and said 'nothing serious' but noise is getting worse daily.","2024-11-19 23:52:00","Chat Support","English","CUST-90044","Facility Team","Guwahati","Assam","Commercial","Fan Coil Unit FCU-200","Cash","No","Not Requested","Shadowfax","0","Closed","180","24","No","1","iPad","3.2.1","0"
"CMP-2025-001935","Installation scheduled 4 times. Cancelled 4 times by Carrier. We are a hospital. Patients are suffering. Please treat this as highest priority. Third time raising this complaint.","2023-03-23 13:44:00","Web Portal","English","CUST-68336","IT Park","Hyderabad","Telangana","Refrigeration","Supermarket Ref SMR-Island","Cash","Yes","Approved","Shadowfax","30","Closed","10","12","No","1","Tablet","3.2.1","5"
"CMP-2024-001936","Spare part availability is very poor for older models. Our unit is only 4 years old and parts are already out of stock?? Please resolve on priority.","2025-03-25 14:48:00","Service Center","English","CUST-57397","Warehouse Operator","Chandigarh","Punjab","Refrigeration","Inverter Condensing Unit ICU-10","RTGS","Yes","Rejected","FedEx","3","Closed","60","0","Yes","4","Windows Tablet","5.2.1","2"
"CMP-2025-001937","Because of your equipment failure, our restaurant had to shut for 2 days. Loss of business and spoiled inventory. This is unacceptable. Highly disappointed.","2024-06-22 14:03:00","Service Center","English","CUST-20576","Maintenance Manager","Surat","Gujarat","Commercial","Air Handler AHU-5000","UPI","Yes","Under Review","XpressBees","2","Closed","25","0","No","2","Tablet","2.8.5","0"
"CMP-2024-001938","Cooling performance dropped drastically. Was giving 18C earlier, now barely reaching 26C even at full blast. Something is wrong. Please don't just close the ticket without solving the issue.","2025-02-09 05:13:00","Dealer","Hindi","CUST-31306","IT Park","Thane","Maharashtra","Light Commercial","Cassette 42UFC","EMI","No","Not Requested","Shadowfax","0","Escalated","60","96","No","4","Desktop","4.3.1","0"
"CMP-2024-001939","5th visit by technician. Same issue. Either the team is incompetent or they are hiding a design defect. I want a senior engineer. Third time raising this complaint.","2023-04-15 15:29:00","SMS","English","CUST-17502","IT Park","Jodhpur","Rajasthan","Commercial","Air Handler AHU-5000","Purchase Order","No","Not Requested","XpressBees","1","Closed","180","336","No","1","Laptop","3.1.0","5"
"CMP-2023-001940","Smell of refrigerant inside the machine room. Possible gas leak. Evacuation precaution taken. Please send certified technician.","2023-02-28 23:40:00","Chat Support","English","CUST-28676","Mall Operator","Delhi","Delhi","Air Purifiers","Air One AO-200","Purchase Order","No","Not Requested","Carrier Own Fleet","20","Open","5","2","No","4","Desktop","4.1.2","0"
"CMP-2024-001941","Indoor unit delivered but outdoor unit still not received after 3 weeks. How do you expect us to use half a system?","2025-04-01 05:01:00","WhatsApp","English","CUST-69113","Facility Team","Chandigarh","Punjab","Light Commercial","Ducted 40RUQ","Purchase Order","No","Not Requested","Blue Dart","15","Escalated","300","1","Yes","3","Windows Tablet","5.0.0","6"
"CMP-2025-001942","The FCU in server room has stopped maintaining temperature. Server temps rising. Critical situation - please escalate immediately.","2023-08-21 20:29:00","Service Center","English","CUST-65108","IT Park","Navi Mumbai","Maharashtra","Air Purifiers","Air One AO-200","Cheque","No","Not Requested","Carrier Own Fleet","5","Resolved","45","6","No","4","Tablet","4.1.2","1"
"CMP-2024-001943","Refrigerant pipes run visibly through office wall without proper ducting. Installation is ugly and not as agreed. 😡 Very frustrated.","2024-03-23 11:33:00","Walk-in","Hindi","CUST-67539","Educational Institution","Nashik","Maharashtra","Refrigeration","Inverter Condensing Unit ICU-5","RTGS","Yes","Partially Processed","Shadowfax","3","Closed","15","336","Yes","3","Desktop","4.3.1","2"
"CMP-2025-001944","Controller mein kuch bhi set karo, unit apna mann se kaam karta hai. Kya issue hai? Need resolution within 24 hours.","2024-05-17 06:20:00","Phone","English","CUST-82190","Food Processing Unit","Navi Mumbai","Maharashtra","Refrigeration","Condensing Unit CR-10HP","NEFT","No","Not Requested","DTDC","10","Closed","720","504","No","2","Laptop","4.1.2","1"
"CMP-2024-001945","Installation scheduled 4 times. Cancelled 4 times by Carrier. We are a hospital. Patients are suffering. Please treat this as highest priority. Please resolve on priority.","2024-05-24 15:55:00","Chat Support","English","CUST-17178","Pharma Company","Tiruchirappalli","Tamil Nadu","Refrigeration","Screw Compressor Rack SR-50","NEFT","No","Not Requested","Delhivery","0","Pending Customer","10","168","Yes","4","Laptop","5.1.3","3"
"CMP-2024-001946","App is not connecting to my unit. Shows 'Device Offline' even though unit is running. WiFi is strong. We have a big client visit next week. Please prioritize.","2023-11-22 03:22:00","Web Portal","English","CUST-27385","Office Admin","Kochi","Kerala","Commercial","Fan Coil Unit FCU-400","EMI","No","Not Requested","XpressBees","1","Re-opened","2880","2","Yes","2","Windows Tablet","5.1.3","0"
"CMP-2024-001947","Pani tapat raha hai AC se. Below mein customer seating area hai. Please immediately send someone. Escalating to consumer forum if not resolved by tomorrow.","2024-09-20 13:29:00","Email","English","CUST-53879","Commercial Building Operator","Hubballi","Karnataka","Light Commercial","Ducted 40MAQ","Cheque","Yes","Pending","Delhivery","10","Pending Parts","120","96","No","1","Desktop","5.2.1","0"
"CMP-2025-001948","AMC renewal done but service schedule not shared. Who is my assigned service engineer? No one tells me. Please resolve on priority.","2025-03-28 14:45:00","Phone","English","CUST-38090","Office Admin","Howrah","West Bengal","Commercial","Air Handler AHU-3000","Net Banking","Yes","Partially Processed","Amazon Logistics","1","Open","8","0","No","1","Windows Tablet","4.2.0","4"
"CMP-2024-001949","AMC coverage says parts are included but technician is asking us to pay for capacitor. Conflict with contract terms.","2023-07-12 04:42:00","Phone","Hinglish","CUST-93175","Restaurant Owner","Rajkot","Gujarat","Refrigeration","Evaporator Unit EU-5000","NEFT","No","Not Requested","Rivigo","7","Pending Customer","1440","0","No","1","Tablet","4.1.2","6"
"CMP-2025-001950","Unit goes into protection mode due to high discharge temperature. Error E12 visible on panel. Ambient temp is 42C but unit is rated for 50C. Third time raising this complaint.","2023-05-26 15:06:00","SMS","English","CUST-71110","Warehouse Operator","Tirupur","Tamil Nadu","Light Commercial","Carrier VRF X Power 38VYX","NEFT","No","Not Requested","Shadowfax","1","Closed","120","720","Yes","1","Windows Tablet","3.1.0","0"
"CMP-2024-001951","Due to cold room failure, Rs 8 lakh worth of vegetables spoiled overnight. Who will compensate? Unit is under AMC. Third time raising this complaint.","2023-10-25 12:46:00","Walk-in","Hinglish","CUST-79719","Bank Branch","Raipur","Chhattisgarh","Refrigeration","Condensing Unit CR-5HP","NEFT","Yes","Rejected","FedEx","7","In Progress","15","0","No","4","iPad","3.3.5","0"
"CMP-2025-001952","App update 5.1.3 broke everything. Before update all features worked fine. Please rollback or fix.","2023-05-27 04:02:00","WhatsApp","Telugu","CUST-19697","Facility Team","Madurai","Tamil Nadu","Commercial","Fan Coil Unit FCU-200","EMI","Yes","Pending","Ekart","25","Closed","8","96","No","2","Windows Tablet","4.3.1","4"
"CMP-2023-001953","Called for emergency service. Was told technician will come in 4 hours. Waited 11 hours. No show.","2025-02-07 01:13:00","WhatsApp","English","CUST-66480","Supermarket","Navi Mumbai","Maharashtra","Light Commercial","Carrier VRF X Power 38VYX","Cash","No","Not Requested","Amazon Logistics","7","Resolved","240","336","No","4","Desktop","4.3.1","2"
"CMP-2025-001954","Technician visited, claimed to fix the issue, unit failed again within 6 hours. What kind of service is this? Escalating to consumer forum if not resolved by tomorrow.","2024-04-02 22:27:00","Service Center","English","CUST-17225","Commercial Building Operator","Jabalpur","Madhya Pradesh","Air Purifiers","OptiClean OC-400","Net Banking","Yes","Under Review","FedEx","10","Pending Customer","2880","48","No","4","iPhone","3.3.5","2"
"CMP-2023-001955","AC gas leaking. Technician came 10 days ago and topped up. Same problem again. Are they not fixing root cause?? Highly disappointed.","2025-01-23 19:10:00","Web Portal","English","CUST-72545","Educational Institution","Pune","Maharashtra","Air Purifiers","Klarwind KW-500","Net Banking","Yes","Processed","Blue Dart","30","Re-opened","8","336","No","1","Windows Tablet","2.8.5","1"
"CMP-2024-001956","Refund pending since 3 weeks. Very disappointing experience. Will not recommend Carrier to anyone. Escalating to consumer forum if not resolved by tomorrow.","2023-04-23 11:51:00","Dealer","Hinglish","CUST-73761","Industrial Facility","Pune","Maharashtra","Commercial","Fan Coil Unit FCU-200","NEFT","No","Not Requested","FedEx","12","Pending Customer","2880","240","No","5","Desktop","4.3.1","0"
"CMP-2024-001957","Temperature probe giving wrong readings. Actual temp -5C but display shows -20C. How can we trust this system? Complaint ID from last time: 31090358","2024-05-30 22:30:00","WhatsApp","English","CUST-34956","Retail Store","Hubballi","Karnataka","Refrigeration","Inverter Condensing Unit ICU-10","Credit Card","No","Not Requested","Mahindra Logistics","0","Resolved","180","72","No","2","Windows Tablet","3.1.0","1"
"CMP-2023-001958","Spare part availability is very poor for older models. Our unit is only 4 years old and parts are already out of stock?? 😡 Very frustrated.","2024-08-05 15:02:00","Dealer","Hindi","CUST-91918","Facility Team","Raipur","Chhattisgarh","Commercial","Air Handler AHU-5000","Purchase Order","No","Not Requested","XpressBees","10","Escalated","20","72","No","3","Desktop","4.3.1","1"
"CMP-2023-001959","Same fault code keeps returning every 3-4 weeks. Error E07. Capacitor changed, still same. Something else is the root cause.","2023-01-05 01:34:00","WhatsApp","English","CUST-26754","Warehouse Operator","Ludhiana","Punjab","Light Commercial","Ducted 40MAQ","Net Banking","Yes","Under Review","Shadowfax","7","Pending Customer","180","2","Yes","5","Tablet","3.1.0","3"
"CMP-2024-001960","Due to cold room failure, Rs 8 lakh worth of vegetables spoiled overnight. Who will compensate? Unit is under AMC. This is absolutely ridiculous!!!","2025-04-08 14:52:00","Walk-in","Hinglish","CUST-90458","Hotel","Bhubaneswar","Odisha","Commercial","Controls EcoAdvance","UPI","No","Not Requested","Blue Dart","25","Pending Parts","90","2","No","1","Tablet","5.1.3","0"
"CMP-2024-001961","AMC coverage says parts are included but technician is asking us to pay for capacitor. Conflict with contract terms. Complaint ID from last time: 02731603","2023-02-24 04:44:00","Mobile App","English","CUST-12046","Cold Storage Operator","Nagpur","Maharashtra","Light Commercial","Floor Standing 42NQ","Credit Card","No","Not Requested","XpressBees","20","Resolved","240","48","Yes","2","Tablet","4.1.2","4"
"CMP-2024-001962","Ghar mein rat ko bahut awaaz aati hai outdoor unit se. Neend nahi aa rahi. Koi solution hai?","2023-10-12 05:45:00","Social Media","English","CUST-11095","Supermarket","Mumbai","Maharashtra","Commercial","Air Handler AHU-5000","UPI","No","Not Requested","Amazon Logistics","5","Re-opened","480","48","No","2","Android Phone","5.0.0","2"
"CMP-2025-001963","App is not connecting to my unit. Shows 'Device Offline' even though unit is running. WiFi is strong. Please resolve on priority.","2024-10-19 23:09:00","Web Portal","Tamil","CUST-40842","HVAC Contractor","Agra","Uttar Pradesh","Commercial","Air Handler AHU-5000","RTGS","Yes","Pending","Mahindra Logistics","0","Pending Parts","120","336","Yes","2","iPad","4.3.1","0"
"CMP-2023-001964","Pipe insulation not done properly. Condensation forming on pipes and dripping. Basic installation mistake. Please resolve on priority.","2024-10-21 23:17:00","Service Center","Hinglish","CUST-41291","Data Centre","Indore","Madhya Pradesh","Light Commercial","Carrier VRF X Power 38VYX","EMI","No","Not Requested","Shadowfax","0","Closed","8","8","No","5","Windows Tablet","2.8.5","6"
"CMP-2023-001965","R410A leak suspected. Cooling efficiency dropped suddenly and compressor running continuously. Please send someone today. Under warranty. Do not charge us.","2025-03-01 10:29:00","Walk-in","English","CUST-37785","Hotel","Howrah","West Bengal","Light Commercial","Ducted 40MAQ","UPI","No","Not Requested","Blue Dart","2","Closed","45","48","No","4","Windows Tablet","4.2.0","0"
"CMP-2023-001966","Installation scheduled 4 times. Cancelled 4 times by Carrier. We are a hospital. Patients are suffering. Please treat this as highest priority. Please resolve on priority.","2024-09-22 07:10:00","Dealer","Telugu","CUST-46677","Facility Team","Amritsar","Punjab","Commercial","Air Handler AHU-5000","Cash","No","Not Requested","Ekart","7","Re-opened","10","2","Yes","1","Laptop","4.2.0","1"
"CMP-2024-001967","There is a clear rattling from the compressor section. Technician visited and said 'nothing serious' but noise is getting worse daily.","2024-10-04 01:34:00","WhatsApp","English","CUST-31630","IT Park","Amritsar","Punjab","Air Purifiers","Air One AO-200","Purchase Order","No","Not Requested","Shadowfax","0","Pending Parts","15","1","No","2","Tablet","4.3.1","6"
"CMP-2023-001968","Support team gave me wrong information. Said parts available, technician confirmed they are not. Someone is lying.","2023-03-31 22:01:00","Service Center","English","CUST-75884","Pharma Company","Patna","Bihar","Light Commercial","Carrier VRF X Power 40VYX","EMI","No","Not Requested","Blue Dart","0","Pending Customer","30","24","No","1","iPhone","3.2.1","2"
"CMP-2025-001969","EcoAdvance controller crashing randomly. Display goes blank. Restarts after 10-15 mins. Very disruptive for our hotel operations. Will share on social media if no action.","2024-10-24 12:34:00","Dealer","English","CUST-42812","Facility Team","Tiruchirappalli","Tamil Nadu","Air Purifiers","OptiClean OC-400","Cheque","Yes","Partially Processed","XpressBees","3","Resolved","5","240","No","5","iPad","2.9.8","1"
"CMP-2024-001970","Current draw is 18A against rated 12A. Motor or capacitor issue suspected. Please send service team. Please don't just close the ticket without solving the issue.","2024-01-13 12:40:00","Web Portal","English","CUST-47990","Data Centre","Ahmedabad","Gujarat","Commercial","Controls i-Vu Open","EMI","Yes","Approved","Amazon Logistics","2","Escalated","10","48","No","2","Laptop","5.2.1","1"
"CMP-2024-001971","AMC contact number is always busy. Emails are not replied. How are we supposed to raise service requests?","2024-07-24 02:24:00","SMS","Hinglish","CUST-21275","IT Park","Aurangabad","Maharashtra","Commercial","Air Handler AHU-5000","Credit Card","No","Not Requested","Amazon Logistics","0","Resolved","8","504","No","3","Laptop","3.2.1","0"
"CMP-2024-001972","High electricity consumption despite energy saving mode being on. Something is wrong with the inverter control.","2023-01-19 01:01:00","Email","English","CUST-39840","Restaurant Owner","Chennai","Tamil Nadu","Light Commercial","Cassette 42UFS","NEFT","No","Not Requested","Shadowfax","0","Closed","5","4","Yes","3","iPad","2.8.5","1"
"CMP-2023-001973","Supermarket display cases temperature alarm triggering 3-4 times per day. Staff constantly resetting. Major issue. 😡 Very frustrated.","2023-09-13 20:28:00","Dealer","English","CUST-52244","Cold Storage Operator","Hyderabad","Telangana","Air Purifiers","Air One AO-200","EMI","No","Not Requested","DTDC","20","Escalated","25","168","No","1","iPad","5.0.0","3"
"CMP-2024-001974","Compressor trip ho raha hai bar bar. Error code E05 aa raha hai display mein. Kya karna chahiye? Need resolution within 24 hours.","2025-03-18 07:14:00","Social Media","English","CUST-59266","Commercial Building Operator","Varanasi","Uttar Pradesh","Commercial","Controls EcoAdvance","EMI","No","Not Requested","Shadowfax","25","In Progress","15","168","No","2","Windows Tablet","2.9.8","0"
"CMP-2024-001975","Third breakdown this year. We have CCTV footage of the same issue recurring. Requesting senior engineer visit and root cause analysis. Please don't just close the ticket without solving the issue.","2025-03-21 09:59:00","Social Media","Tamil","CUST-65603","Commercial Building Operator","Kota","Rajasthan","Refrigeration","Screw Compressor Rack SR-50","RTGS","No","Not Requested","Mahindra Logistics","0","Pending Parts","360","24","No","3","Android Phone","3.1.0","1"
"CMP-2024-001976","Compressor seized. Cold room temperature rising. We have Rs 15 lakh worth of pharmaceutical stock inside. URGENT. Escalating to consumer forum if not resolved by tomorrow.","2023-10-13 14:49:00","Mobile App","Hindi","CUST-22233","Retail Store","Varanasi","Uttar Pradesh","Refrigeration","Evaporator Unit EU-3000","EMI","No","Not Requested","Carrier Own Fleet","0","Open","300","36","No","4","Desktop","4.1.2","6"
"CMP-2023-001977","Defrost cycle seems to be running too long. Temperature rises to +5C during defrost. Products are thawing partially. Will share on social media if no action.","2024-06-10 14:43:00","Social Media","Hinglish","CUST-31948","Mall Operator","Ghaziabad","Uttar Pradesh","Commercial","Fan Coil Unit FCU-200","Net Banking","No","Not Requested","XpressBees","20","Pending Customer","30","504","No","1","iPad","4.0.0","0"
"CMP-2025-001978","Heat rejection from outdoor units is excessive. Adjacent areas are getting very hot. Ventilation design issue or unit fault?","2024-03-03 04:12:00","SMS","Hindi","CUST-95095","Office Admin","Ludhiana","Punjab","Air Purifiers","Klarwind KW-300","NEFT","Yes","Under Review","DTDC","0","Closed","240","336","Yes","4","Desktop","5.1.3","6"
"CMP-2024-001979","Water dripping from the indoor unit directly onto our workstations. Urgent issue. Data could be damaged. Escalating to consumer forum if not resolved by tomorrow.","2023-09-20 06:27:00","Walk-in","Tamil","CUST-16162","Data Centre","Visakhapatnam","Andhra Pradesh","Commercial","Heat Pump 30RQV","Net Banking","No","Not Requested","FedEx","0","Resolved","45","1","Yes","1","Laptop","3.3.5","2"
"CMP-2025-001980","Unit failed 13 months after purchase. You are saying warranty expired. But issue started within warranty period and was reported. Records available.","2023-03-06 21:55:00","Chat Support","English","CUST-76953","Food Processing Unit","Pune","Maharashtra","Refrigeration","Modular Cold Room MCR-25","Credit Card","Yes","Rejected","Shadowfax","3","Open","360","4","Yes","1","Tablet","2.8.5","0"
"CMP-2023-001981","Carrier mobile app crashes every time I try to view energy reports. Android 13, latest app version. Highly disappointed.","2023-11-16 12:06:00","SMS","English","CUST-72086","Restaurant Owner","Kochi","Kerala","Commercial","Controls EcoAdvance","NEFT","Yes","Rejected","FedEx","20","Pending Customer","60","96","Yes","2","iPhone","4.0.0","4"
"CMP-2024-001982","This is the 6th breakdown in 8 months. Every time technician comes, 'fixes' it, and within 2 weeks same problem returns. ENOUGH.","2024-12-07 06:24:00","Web Portal","English","CUST-77178","Pharma Company","Vijayawada","Andhra Pradesh","Air Purifiers","OptiClean OC-400","Cheque","Yes","Pending","Blue Dart","0","Closed","45","24","No","2","iPad","4.2.0","0"
"CMP-2023-001983","This is the 6th breakdown in 8 months. Every time technician comes, 'fixes' it, and within 2 weeks same problem returns. ENOUGH. Third time raising this complaint.","2024-09-20 13:54:00","SMS","Kannada","CUST-98953","IT Park","Allahabad","Uttar Pradesh","Commercial","Fan Coil Unit FCU-400","NEFT","Yes","Rejected","Carrier Own Fleet","2","Closed","240","48","Yes","2","Desktop","2.9.8","0"
"CMP-2025-001984","Unit consuming 40% more power than rated. Energy meter data shared with your team. No action taken. Need resolution within 24 hours.","2023-10-11 01:56:00","Dealer","English","CUST-88456","Hospital","Kota","Rajasthan","Air Purifiers","OptiClean OC-800","Cheque","Yes","Pending","Ekart","2","Re-opened","10","2","Yes","4","Tablet","2.8.5","0"
"CMP-2023-001985","Delivery delayed by 12 days. Installation could not happen. Our inauguration date missed. Carrier responsible. Please resolve on priority.","2024-10-24 00:23:00","Email","Hinglish","CUST-22460","Cold Storage Operator","Indore","Madhya Pradesh","Light Commercial","Ducted 40MAQ","UPI","No","Not Requested","Delhivery","15","Escalated","15","0","No","5","Laptop","5.2.1","0"
"CMP-2023-001986","Every time I call, I have to explain the entire problem from scratch. Don't you maintain complaint history? Third time raising this complaint.","2023-06-27 07:48:00","Social Media","English","CUST-77152","Industrial Facility","Madurai","Tamil Nadu","Light Commercial","Carrier VRF X Power 38VYX","RTGS","Yes","Processed","Mahindra Logistics","0","Re-opened","300","168","Yes","5","Laptop","3.1.0","0"
"CMP-2025-001987","Smell of refrigerant inside the machine room. Possible gas leak. Evacuation precaution taken. Please send certified technician.","2023-09-12 23:13:00","Walk-in","English","CUST-20789","Commercial Building Operator","Bhopal","Madhya Pradesh","Air Purifiers","Air One AO-200","Net Banking","No","Not Requested","Rivigo","0","Resolved","15","72","No","1","iPad","4.1.2","0"
"CMP-2025-001988","Requested refund on 3rd April. Today is 14th May. Still no credit to my account. Nobody is answering properly. Please resolve on priority.","2023-03-21 17:41:00","WhatsApp","English","CUST-47412","Cold Storage Operator","Jabalpur","Madhya Pradesh","Light Commercial","Cassette 42UFS","Cheque","No","Not Requested","FedEx","2","Re-opened","5","24","Yes","2","iPad","2.8.5","3"
"CMP-2025-001989","Commissioning not done properly. Unit was just switched on and technician left. No testing, no parameter setting. Please resolve on priority.","2024-03-19 06:28:00","Social Media","Tamil","CUST-38159","Cold Storage Operator","Howrah","West Bengal","Commercial","Fan Coil Unit FCU-200","RTGS","Yes","Pending","Amazon Logistics","15","Resolved","480","504","No","4","Desktop","5.0.0","5"
"CMP-2025-001990","Cooling performance dropped drastically. Was giving 18C earlier, now barely reaching 26C even at full blast. Something is wrong. This is absolutely ridiculous!!!","2023-10-03 02:00:00","Walk-in","English","CUST-86837","Maintenance Manager","Tiruchirappalli","Tamil Nadu","Commercial","Heat Pump 30RQV","RTGS","No","Not Requested","Carrier Own Fleet","5","Resolved","1440","36","No","2","Desktop","4.1.2","2"
"CMP-2025-001991","Capacitor replaced 3 weeks ago. Failed again. Is this a genuine Carrier part or counterfeit? Demanding certificate of authenticity. Please don't just close the ticket without solving the issue.","2024-05-09 10:59:00","Mobile App","Hinglish","CUST-27863","Educational Institution","Pune","Maharashtra","Air Purifiers","OptiClean OC-800","Cash","Yes","Processed","FedEx","3","Pending Customer","60","168","Yes","2","Windows Tablet","4.3.1","1"
"CMP-2023-001992","Cooling performance dropped drastically. Was giving 18C earlier, now barely reaching 26C even at full blast. Something is wrong. Under warranty. Do not charge us.","2023-06-18 09:33:00","Mobile App","Hinglish","CUST-26949","Pharma Company","Pune","Maharashtra","Air Purifiers","Klarwind KW-300","EMI","No","Not Requested","XpressBees","7","Open","90","240","Yes","2","Windows Tablet","3.1.0","2"
"CMP-2023-001993","Outdoor unit is extremely hot to touch. Fan seems to be running slowly. Is this a condenser issue? Please resolve on priority.","2023-02-06 18:52:00","WhatsApp","English","CUST-33191","Hotel","Mumbai","Maharashtra","Air Purifiers","Klarwind KW-300","UPI","No","Not Requested","Carrier Own Fleet","10","Re-opened","1440","4","No","1","Windows Tablet","3.3.5","0"
"CMP-2025-001994","EcoAdvance controller crashing randomly. Display goes blank. Restarts after 10-15 mins. Very disruptive for our hotel operations. Please resolve on priority.","2024-05-05 19:35:00","WhatsApp","English","CUST-70766","Bank Branch","Jodhpur","Rajasthan","Light Commercial","Carrier VRF X Power 40VYX","Purchase Order","No","Not Requested","XpressBees","10","Escalated","20","240","No","1","iPhone","3.3.5","1"
"CMP-2024-001995","Compressor making very loud knocking sound since morning. Afraid it might fail completely. Please send technician. Under warranty. Do not charge us.","2023-04-19 11:03:00","Dealer","Hinglish","CUST-52960","Hospital","Kochi","Kerala","Refrigeration","Modular Cold Room MCR-10","EMI","No","Not Requested","Rivigo","20","Resolved","10","2","Yes","4","Android Phone","4.2.0","0"
"CMP-2023-001996","Controller mein kuch bhi set karo, unit apna mann se kaam karta hai. Kya issue hai? Please don't just close the ticket without solving the issue.","2024-12-07 09:36:00","Mobile App","English","CUST-23474","Food Processing Unit","Pune","Maharashtra","Air Purifiers","OptiClean OC-400","Credit Card","No","Not Requested","FedEx","12","Re-opened","30","504","No","5","Tablet","2.8.5","0"
"CMP-2023-001997","Controller touchscreen unresponsive. Had to manually switch off from breaker. Need replacement. Escalating to consumer forum if not resolved by tomorrow.","2024-12-16 04:36:00","SMS","Hindi","CUST-67879","Educational Institution","Tiruchirappalli","Tamil Nadu","Refrigeration","Supermarket Ref SMR-MultiDeck","Cash","Yes","Rejected","Amazon Logistics","3","Pending Customer","10","48","Yes","4","iPad","5.0.0","0"
"CMP-2025-001998","Ghar mein rat ko bahut awaaz aati hai outdoor unit se. Neend nahi aa rahi. Koi solution hai? Escalating to consumer forum if not resolved by tomorrow.","2024-01-11 06:14:00","Dealer","English","CUST-55787","Data Centre","Lucknow","Uttar Pradesh","Commercial","Controls EcoAdvance","Net Banking","No","Not Requested","Amazon Logistics","0","Pending Customer","30","24","Yes","5","Desktop","5.1.3","2"
"CMP-2025-001999","Indoor unit delivered but outdoor unit still not received after 3 weeks. How do you expect us to use half a system?","2023-03-07 10:19:00","WhatsApp","English","CUST-24735","Mall Operator","Ranchi","Jharkhand","Air Purifiers","OptiClean OC-400","NEFT","No","Not Requested","DTDC","2","Pending Parts","90","72","Yes","4","Android Phone","5.0.0","1"
"CMP-2023-002000","Because of your equipment failure, our restaurant had to shut for 2 days. Loss of business and spoiled inventory. This is unacceptable. Please don't just close the ticket without solving the issue.","2023-09-28 00:48:00","Email","Hindi","CUST-22169","Bank Branch","Chandigarh","Punjab","Commercial","Air Handler AHU-5000","Debit Card","Yes","Processed","Ekart","2","Resolved","20","48","No","4","iPhone","3.3.5","6"
