complaint_id,customer_name,date_time,product_type,equipment_model,complaint_description,service_location_city,service_location_state,customer_segment,resolution_status,technician_notes,communication_channel,warranty_status,resolution_time_hours,csat_score
HVAC-2024-00001,Karen Ramirez,2024-08-23 19:14:00,Central Air Conditioner,CAC-2500E,"After maintenance on our CAC-2500E, the system performance got worse. The technician may have damaged something.",Tucson,Arizona,Commercial,Escalated,,Phone,Extended,,3.0
HVAC-2024-00002,Christine Wright,2024-01-25 15:05:00,Smart Thermostat,ST-500AI,"Complete system failure of our Smart Thermostat ST-500AI. No power, no response, totally dead. Building has no climate control.",Seattle,Washington,Industrial,Resolved,Routine inspection revealed blocked condenser coil. Cleaned coils and replaced filters. System performance improved but flame sensor showing wear.,Email,Extended,21.193183464418006,1.7
HVAC-2025-00003,Justin Phillips,2025-03-07 21:25:00,Heat Pump,HP-2800Plus,Our HP-2800Plus is supposed to be a high-efficiency unit but we're paying more than with our old system. Very misleading marketing.,Memphis,Tennessee,Residential,Open,Emergency service call. Found refrigerant leak in evaporator coil. Temporary fix applied. Permanent repair requires igniter — on backorder.,Social Media,Expired,,3.3
HVAC-2025-00004,Ryan Smith,2025-12-18 06:43:00,Furnace,FRN-5500E,The Furnace FRN-5500E makes a high-pitched squealing noise during operation. We cannot sleep or work from home because of it.,Denver,Colorado,Commercial,Resolved,,Phone,Expired,44.589112939447475,3.3
HVAC-2025-00005,William Morales,2025-12-16 06:07:00,Packaged HVAC Unit,PKG-6500E,The PKG-6500E control board has failed. The entire system is non-functional. We have a commercial building full of employees with no AC.,Columbus,Ohio,Industrial,Escalated,,Email,Active,,2.9
HVAC-2024-00006,Angela Walker,2024-01-19 13:37:00,Rooftop Unit,RTU-8000Pro,Our RTU-8000Pro thermostat app shows 'Device Offline' constantly. Have reset the router and thermostat multiple times.,Seattle,Washington,Residential,Resolved,Warranty repair completed. worn compressor bearings was covered. Replaced refrigerant line set. System tested and operational.,Phone,Active,18.30345024138995,3.0
HVAC-2025-00007,Jeffrey Gonzalez,2025-06-26 09:15:00,Boiler,BLR-6500Pro,Heating system BLR-6500Pro fails to ignite. We've tried resetting multiple times. Temperature is dangerously low at 84°F.,Los Angeles,California,Residential,Resolved,Unit is beyond repair. faulty reversing valve too severe. Recommended full system replacement with newer CAC-6000Ultra model.,Email,Active,31.47716085008786,3.3
HVAC-2025-00008,Nicholas Lee,2025-08-05 12:18:00,Rooftop Unit,RTU-12000X,The Rooftop Unit (RTU-12000X) stopped providing cold air yesterday. It's blowing warm air instead. Our office is unbearable at 86°F.,San Francisco,California,Industrial,Resolved,Unit is beyond repair. damaged ductwork too severe. Recommended full system replacement with commercial-grade RTU-15000Ultra.,Chat,Expired,13.375104756827225,2.7
HVAC-2025-00009,Larry Gonzalez,2025-08-08 14:25:00,Rooftop Unit,RTU-12000X,AC unit RTU-12000X has completely stopped cooling. Thermostat shows 42°F but the system is running constantly. Very frustrated.,Minneapolis,Minnesota,Commercial,In Progress,Customer complaint verified. cracked heat exchanger confirmed. Ordered replacement filter drier. Follow-up scheduled in 7 days.,Email,Extended,15.897070776877799,2.4
HVAC-2025-00010,Amanda Clark,2025-07-22 09:56:00,Ductless Mini-Split,DMS-1500S,The cooling capacity of our DMS-1500S has dropped significantly. Rooms are at 46°F despite running 24/7. Need immediate service.,Minneapolis,Minnesota,Residential,Closed,,Social Media,Active,50.20802851909466,1.9
HVAC-2024-00011,Jennifer Rivera,2024-01-18 07:53:00,Packaged HVAC Unit,PKG-6500E,"The PKG-6500E runs continuously without cycling off, leading to massive energy bills. Something is wrong with the efficiency.",Columbus,Ohio,Commercial,Open,Warranty repair completed. electrical short in wiring harness was covered. Replaced contactor. System tested and operational.,Phone,Active,,4.4
HVAC-2025-00012,Emily Rodriguez,2025-11-08 12:52:00,Ductless Mini-Split,DMS-1200Q,The pilot light on our DMS-1200Q keeps going out. Furnace won't stay on. House temperature dropping to 87°F overnight.,Memphis,Tennessee,Residential,Escalated,Unit is beyond repair. failed control board too severe. Recommended full system replacement with latest VRF-25000Ultra system.,CRM,Active,,2.3
HVAC-2025-00013,Debra Sanchez,2025-06-14 22:07:00,Packaged HVAC Unit,PKG-9000Ultra,"Total system failure on our PKG-9000Ultra. Fan motor, compressor, and control board all failed simultaneously. Suspecting electrical issue.",Kansas City,Missouri,Industrial,In Progress,,Phone,Expired,63.35060113085708,2.6
HVAC-2025-00014,Justin Adams,2025-02-22 18:43:00,Heat Pump,HP-1800Eco,Banging noises from the ductwork connected to HP-1800Eco every time the system starts. Sounds like something is loose inside.,New York,New York,Commercial,In Progress,,Chat,Active,102.10769913300813,3.3
HVAC-2024-00015,Susan Diaz,2024-12-15 19:56:00,Boiler,BLR-6500Pro,"Installer damaged our wall and ceiling during Boiler BLR-6500Pro installation. Also, the system is not balanced — one room is freezing while another is hot.",Pittsburgh,Pennsylvania,Residential,Resolved,Emergency service call. Found loose electrical connections. Temporary fix applied. Permanent repair requires thermostat — on backorder.,Email,Active,111.59351382233258,2.0
HVAC-2025-00016,Jeffrey Martinez,2025-06-06 21:28:00,Rooftop Unit,RTU-6000S,Our Rooftop Unit RTU-6000S stopped heating entirely during the coldest week of winter. Indoor temp dropped to 73°F. This is a safety concern.,Nashville,Tennessee,Commercial,Escalated,,Phone,Extended,,2.0
HVAC-2025-00017,Rebecca Lewis,2025-03-13 06:54:00,Ductless Mini-Split,DMS-900Eco,SEER rating of our Ductless Mini-Split DMS-900Eco seems much lower than advertised. Energy consumption is 34% higher than expected.,Pittsburgh,Pennsylvania,Residential,Open,Unit is beyond repair. thermostat malfunction too severe. Recommended full system replacement with newer CAC-6000Ultra model.,Email,Extended,,4.9
HVAC-2024-00018,Emily Turner,2024-07-03 19:08:00,Packaged HVAC Unit,PKG-4000S,The PKG-4000S was installed 11 weeks ago but the installer used the wrong size ducts. System is extremely inefficient now.,Memphis,Tennessee,Residential,In Progress,,Email,Expired,59.35008988411479,4.6
HVAC-2024-00019,Charles Flores,2024-02-16 09:36:00,Heat Pump,HP-4200Max,Our Heat Pump HP-4200Max stopped heating entirely during the coldest week of winter. Indoor temp dropped to 85°F. This is a safety concern.,San Francisco,California,Residential,In Progress,,Email,Expired,115.72069980394264,2.9
HVAC-2025-00020,Janet Wright,2025-07-01 19:52:00,Central Air Conditioner,CAC-2500E,"After the technician visited last week, the CAC-2500E still isn't cooling properly. This is our 5th service call for the same issue.",Albuquerque,New Mexico,Residential,Closed,Multiple issues found: electrical short in wiring harness. Complete overhaul recommended. Estimate provided to customer. Awaiting approval.,Chat,Extended,119.99861756779661,2.4
HVAC-2025-00021,Gary Walker,2025-03-11 14:56:00,Rooftop Unit,RTU-6000S,The maintenance technician for our RTU-6000S didn't bring the right parts and left the job incomplete. Still waiting for resolution.,St. Louis,Missouri,Commercial,In Progress,Multiple issues found: compressor failure. Complete overhaul recommended. Estimate provided to customer. Awaiting approval.,Phone,Void,36.08105152223097,4.2
HVAC-2024-00022,Emma Torres,2024-05-04 12:20:00,Boiler,BLR-9500Ultra,Our electricity bill has increased by 54% since installing the Boiler BLR-9500Ultra. This unit was supposed to be energy efficient.,Denver,Colorado,Commercial,Closed,Unit is beyond repair. electrical short in wiring harness too severe. Recommended full system replacement with high-efficiency FRN-9800HE.,Social Media,Active,250.2623263509358,2.8
HVAC-2025-00023,David Phillips,2025-11-04 06:36:00,Ductless Mini-Split,DMS-900Eco,The DMS-900Eco control board has failed. The entire system is non-functional. We have a commercial building full of employees with no AC.,Tampa,Florida,Residential,Resolved,,Phone,Active,113.04550441863618,2.0
HVAC-2025-00024,Raymond Hernandez,2025-06-10 19:19:00,VRF System,VRF-20000X,Installation team left a mess and didn't complete the VRF-20000X installation properly. Wires are exposed and the unit vibrates excessively.,Pittsburgh,Pennsylvania,Commercial,Resolved,,Social Media,Void,38.07721655506242,2.6
HVAC-2024-00025,Andrew Cruz,2024-02-21 10:58:00,Furnace,FRN-5500E,The Furnace (FRN-5500E) stopped providing cold air yesterday. It's blowing warm air instead. Our office is unbearable at 48°F.,Charlotte,North Carolina,Commercial,Open,Customer complaint verified. failed control board confirmed. Ordered replacement reversing valve. Follow-up scheduled in 14 days.,Phone,Active,,2.6
HVAC-2024-00026,Brian Evans,2024-01-16 22:41:00,Packaged HVAC Unit,PKG-4000S,The cooling capacity of our PKG-4000S has dropped significantly. Rooms are at 70°F despite running 24/7. Need immediate service.,Tucson,Arizona,Industrial,In Progress,Emergency service call. Found failed ignition system. Temporary fix applied. Permanent repair requires compressor — on backorder.,Chat,Expired,84.64303155932619,1.7
HVAC-2024-00027,Stephen Taylor,2024-10-22 20:26:00,Heat Pump,HP-3500Elite,Loud buzzing/humming noise coming from the outdoor unit HP-3500Elite. Neighbors have complained about the noise level.,Las Vegas,Nevada,Residential,Resolved,,Survey,Expired,257.27689582801355,2.6
HVAC-2025-00028,David Scott,2025-08-27 21:30:00,Boiler,BLR-9500Ultra,The Boiler BLR-9500Ultra has a refrigerant leak. We can smell chemicals and the cooling has stopped. This could be a health hazard.,Portland,Oregon,Residential,Open,Warranty repair completed. faulty capacitor was covered. Replaced thermostat. System tested and operational.,Phone,Expired,,1.3
HVAC-2025-00029,Jacob Carter,2025-09-15 16:55:00,Air Handler,AH-2000S,Integration between AH-2000S and our home automation system broke after the last update. None of the smart features work now.,Los Angeles,California,Industrial,In Progress,,Email,Extended,142.73423134026163,3.0
HVAC-2025-00030,Sharon Gonzalez,2025-11-11 21:55:00,Furnace,FRN-8500Elite,The Furnace FRN-8500Elite is making an extremely loud grinding noise that wakes us up at night. It's been going on for 17 days.,Richmond,Virginia,Residential,Open,Customer complaint verified. defective expansion valve confirmed. Ordered replacement reversing valve. Follow-up scheduled in 7 days.,Chat,Void,,4.2
HVAC-2025-00031,Andrew Lee,2025-08-20 13:31:00,Heat Pump,HP-4200Max,Our HP-4200Max thermostat app shows 'Device Offline' constantly. Have reset the router and thermostat multiple times.,Cincinnati,Ohio,Residential,Resolved,Unit is beyond repair. failed ignition system too severe. Recommended full system replacement with newer CAC-6000Ultra model.,Phone,Active,11.082357517197702,4.4
HVAC-2025-00032,Andrew Robinson,2025-05-01 18:17:00,Smart Thermostat,ST-400Plus,The cooling capacity of our ST-400Plus has dropped significantly. Rooms are at 78°F despite running 24/7. Need immediate service.,Phoenix,Arizona,Commercial,Resolved,,Social Media,Active,103.45066486454182,2.5
HVAC-2024-00033,Lisa Allen,2024-06-03 15:20:00,Smart Thermostat,ST-300Pro,Maintenance was performed on ST-300Pro but the filter was not replaced and the coils were not cleaned. Paid full price for incomplete work.,Raleigh,North Carolina,Residential,Open,,Chat,Void,,4.7
HVAC-2025-00034,Mark Rodriguez,2025-08-19 18:52:00,Boiler,BLR-5000S,Our Boiler BLR-5000S lost all refrigerant. The system is 8 months old. Suspected manufacturing defect in the line set.,Columbus,Ohio,Residential,In Progress,Inspected unit on-site. Found damaged ductwork. Replaced relay switch. System operational now.,Phone,Extended,68.2460711054857,2.8
HVAC-2025-00035,Melissa Rivera,2025-08-20 19:17:00,Boiler,BLR-5000S,Maintenance was performed on BLR-5000S but the filter was not replaced and the coils were not cleaned. Paid full price for incomplete work.,Miami,Florida,Commercial,In Progress,Warranty repair completed. low refrigerant charge was covered. Replaced relay switch. System tested and operational.,Email,Active,126.96102071246737,4.9
HVAC-2024-00036,Dorothy Walker,2024-05-26 06:17:00,Packaged HVAC Unit,PKG-5500Pro,The Packaged HVAC Unit (PKG-5500Pro) stopped providing cold air yesterday. It's blowing warm air instead. Our office is unbearable at 92°F.,Detroit,Michigan,Industrial,Resolved,Customer complaint verified. electrical short in wiring harness confirmed. Ordered replacement condenser coil. Follow-up scheduled in 11 days.,Survey,Active,146.09745371511536,1.8
HVAC-2024-00037,Carolyn Cruz,2024-03-24 22:19:00,Central Air Conditioner,CAC-5000Pro,We've been waiting 5 days for a maintenance appointment for our Central Air Conditioner CAC-5000Pro. No callbacks despite multiple requests.,Memphis,Tennessee,Commercial,Open,,Service Portal,Extended,,2.3
HVAC-2024-00038,Debra Stewart,2024-06-14 16:52:00,Heat Pump,HP-1800Eco,AC unit HP-1800Eco has completely stopped cooling. Thermostat shows 42°F but the system is running constantly. Very frustrated.,Memphis,Tennessee,Residential,Resolved,Unit is beyond repair. faulty capacitor too severe. Recommended full system replacement with upgraded HP-4200Max system.,Email,Active,45.80192662317579,3.4
HVAC-2024-00039,Brenda Brown,2024-02-05 21:14:00,Heat Pump,HP-2200DX,"After the technician visited last week, the HP-2200DX still isn't cooling properly. This is our 3rd service call for the same issue.",Chicago,Illinois,Residential,Resolved,Multiple issues found: cracked heat exchanger. Complete overhaul recommended. Estimate provided to customer. Awaiting approval.,Phone,Active,41.090091469766975,2.4
HVAC-2024-00040,William Miller,2024-12-24 22:13:00,Packaged HVAC Unit,PKG-7000X,"After maintenance on our PKG-7000X, the system performance got worse. The technician may have damaged something.",Kansas City,Missouri,Residential,In Progress,,Email,Expired,262.80208334909105,3.7
HVAC-2024-00041,Thomas Carter,2024-03-01 12:19:00,VRF System,VRF-20000X,The VRF System (VRF-20000X) stopped providing cold air yesterday. It's blowing warm air instead. Our office is unbearable at 55°F.,San Francisco,California,Commercial,Escalated,Routine inspection revealed failed ignition system. Cleaned coils and replaced filters. System performance improved but drain pan showing wear.,Phone,Active,,2.4
HVAC-2025-00042,Sharon Wilson,2025-06-10 09:25:00,Ductless Mini-Split,DMS-1500S,"Installer damaged our wall and ceiling during Ductless Mini-Split DMS-1500S installation. Also, the system is not balanced — one room is freezing while another is hot.",Houston,Texas,Industrial,In Progress,,Service Portal,Expired,117.09604673715114,3.1
HVAC-2025-00043,Benjamin Murphy,2025-03-12 10:15:00,VRF System,VRF-10000S,The VRF-10000S furnace is blowing cold air instead of warm. It's 63°F inside and we have elderly family members at home.,Chicago,Illinois,Residential,In Progress,,Chat,Extended,79.35006324121122,1.9
HVAC-2024-00044,Nicholas Roberts,2024-01-10 20:28:00,VRF System,VRF-18000E,The VRF-18000E was installed 11 weeks ago but the installer used the wrong size ducts. System is extremely inefficient now.,Miami,Florida,Residential,Escalated,,Phone,Extended,,3.8
HVAC-2024-00045,Scott Miller,2024-08-08 20:28:00,Rooftop Unit,RTU-12000X,The RTU-12000X was installed 6 weeks ago but the installer used the wrong size ducts. System is extremely inefficient now.,Louisville,Kentucky,Residential,In Progress,,Email,Active,71.03818114856053,3.0
HVAC-2025-00046,Debra Lopez,2025-08-05 08:19:00,Smart Thermostat,ST-500AI,The smart thermostat ST-500AI is not syncing with the HVAC system. Temperature readings are inaccurate by 12°F.,Buffalo,New York,Residential,Escalated,,CRM,Expired,,4.2
HVAC-2025-00047,Jennifer Evans,2025-01-25 10:38:00,Air Handler,AH-3500E,We've been waiting 12 days for a maintenance appointment for our Air Handler AH-3500E. No callbacks despite multiple requests.,Kansas City,Missouri,Residential,In Progress,Routine inspection revealed faulty capacitor. Cleaned coils and replaced filters. System performance improved but filter drier showing wear.,Social Media,Expired,304.0711623303357,4.2
HVAC-2024-00048,Jessica Torres,2024-12-26 10:55:00,Ductless Mini-Split,DMS-2400Max,Banging noises from the ductwork connected to DMS-2400Max every time the system starts. Sounds like something is loose inside.,Nashville,Tennessee,Residential,Resolved,Warranty repair completed. frozen evaporator coil was covered. Replaced heat exchanger. System tested and operational.,Email,Void,241.33952049503225,3.5
HVAC-2025-00049,Jacob Moore,2025-06-03 17:14:00,Furnace,FRN-6000S,Brand new Furnace FRN-6000S installed 7 weeks ago cannot maintain temperature below 95°F. Extremely disappointed.,Houston,Texas,Residential,Open,,Social Media,Active,,1.6
HVAC-2025-00050,Brandon Rivera,2025-04-03 09:53:00,Boiler,BLR-9500Ultra,Our BLR-9500Ultra smart thermostat firmware update bricked the device. Screen is blank and we can't control our HVAC system at all.,Albuquerque,New Mexico,Commercial,Open,Customer complaint verified. frozen evaporator coil confirmed. Ordered replacement expansion valve. Follow-up scheduled in 6 days.,Chat,Active,,3.3
HVAC-2025-00051,Jennifer Rivera,2025-06-09 06:22:00,Air Handler,AH-4500Pro,The AH-4500Pro furnace is blowing cold air instead of warm. It's 71°F inside and we have elderly family members at home.,Dallas,Texas,Residential,Resolved,,Chat,Extended,88.75206420785273,2.2
HVAC-2024-00052,Deborah Baker,2024-04-10 17:55:00,Furnace,FRN-8500Elite,The FRN-8500Elite installation crew was unprofessional and left refrigerant lines exposed. System is now leaking refrigerant.,Las Vegas,Nevada,Industrial,In Progress,Multiple issues found: frozen evaporator coil. Complete overhaul recommended. Estimate provided to customer. Awaiting approval.,Phone,Active,149.87578879001416,4.2
HVAC-2024-00053,Linda Martinez,2024-08-23 20:22:00,Boiler,BLR-9500Ultra,Our Boiler BLR-9500Ultra had a catastrophic compressor failure. Loud bang followed by complete shutdown. Potential safety hazard.,Tucson,Arizona,Residential,Closed,Customer complaint verified. thermostat malfunction confirmed. Ordered replacement blower motor. Follow-up scheduled in 6 days.,Email,Void,34.39753248883319,3.0
HVAC-2025-00054,Amy Roberts,2025-12-15 08:36:00,Air Handler,AH-2000S,We chose the Air Handler AH-2000S specifically for its energy star rating but our bills have skyrocketed by 71% this quarter.,Minneapolis,Minnesota,Residential,Resolved,Multiple issues found: dirty air filter causing restricted airflow. Complete overhaul recommended. Estimate provided to customer. Awaiting approval.,Chat,Active,45.21114492788592,4.2
HVAC-2025-00055,Patricia Campbell,2025-07-28 11:45:00,Heat Pump,HP-1800Eco,Our Heat Pump HP-1800Eco is leaking refrigerant. Green residue visible on the outdoor unit. Children play near it — very concerned about safety.,New York,New York,Commercial,Resolved,Customer complaint verified. thermostat malfunction confirmed. Ordered replacement flame sensor. Follow-up scheduled in 13 days.,Phone,Active,18.387470900527155,2.6
HVAC-2025-00056,Carol Lewis,2025-07-05 11:49:00,Smart Thermostat,ST-200Eco,Preventive maintenance on our Smart Thermostat ST-200Eco was done poorly. Now the system is short-cycling every 6 minutes.,Minneapolis,Minnesota,Residential,Closed,Customer complaint verified. burned-out fan motor confirmed. Ordered replacement igniter. Follow-up scheduled in 12 days.,Phone,Active,58.189073113745806,2.5
HVAC-2024-00057,Anthony Turner,2024-02-06 16:53:00,Rooftop Unit,RTU-15000Ultra,The indoor unit of our Rooftop Unit RTU-15000Ultra produces a constant whistling noise. Very annoying and disruptive.,Pittsburgh,Pennsylvania,Residential,Closed,,Phone,Void,260.8953369645846,2.8
HVAC-2025-00058,Christopher Gonzalez,2025-02-24 17:25:00,Central Air Conditioner,CAC-4000S,Maintenance was performed on CAC-4000S but the filter was not replaced and the coils were not cleaned. Paid full price for incomplete work.,Minneapolis,Minnesota,Commercial,Resolved,Unit is beyond repair. defective expansion valve too severe. Recommended full system replacement with commercial-grade RTU-15000Ultra.,Phone,Active,48.18718617953888,3.3
HVAC-2024-00059,Susan Parker,2024-12-19 17:03:00,Air Handler,AH-3500E,"After the technician visited last week, the AH-3500E still isn't cooling properly. This is our 4th service call for the same issue.",Las Vegas,Nevada,Residential,Resolved,Warranty repair completed. compressor failure was covered. Replaced fan motor. System tested and operational.,CRM,Expired,50.86273455632688,1.5
HVAC-2024-00060,Nicholas Garcia,2024-04-05 09:25:00,Packaged HVAC Unit,PKG-9000Ultra,"After the technician visited last week, the PKG-9000Ultra still isn't cooling properly. This is our 5th service call for the same issue.",Columbus,Ohio,Commercial,In Progress,,Service Portal,Extended,36.645492574601796,2.5
HVAC-2025-00061,Frank Brown,2025-05-23 15:30:00,Furnace,FRN-6000S,Brand new Furnace FRN-6000S installed 10 weeks ago cannot maintain temperature below 71°F. Extremely disappointed.,Houston,Texas,Residential,Resolved,,Service Portal,Expired,134.66778948454413,3.0
HVAC-2024-00062,Anthony Adams,2024-05-14 12:26:00,Packaged HVAC Unit,PKG-6500E,Our annual service contract for Packaged HVAC Unit PKG-6500E has not been honored. Three scheduled visits were cancelled without notice.,Oklahoma City,Oklahoma,Commercial,Closed,Inspected unit on-site. Found failed ignition system. Replaced control board. System operational now.,CRM,Expired,28.42826181273368,2.4
HVAC-2025-00063,Ronald Hall,2025-08-11 21:22:00,Boiler,BLR-7000E,Electrical failure in BLR-7000E. Circuit breaker keeps tripping. Possible fire hazard. Need emergency service immediately.,Buffalo,New York,Industrial,Escalated,Routine inspection revealed electrical short in wiring harness. Cleaned coils and replaced filters. System performance improved but blower motor showing wear.,Phone,Active,,1.8
HVAC-2024-00064,Charles Evans,2024-01-21 13:03:00,Furnace,FRN-6000S,"Complete system failure of our Furnace FRN-6000S. No power, no response, totally dead. Building has no climate control.",Chicago,Illinois,Residential,Resolved,Routine inspection revealed burned-out fan motor. Cleaned coils and replaced filters. System performance improved but control board showing wear.,Phone,Extended,2.6114106760413436,2.1
HVAC-2025-00065,Sarah Reyes,2025-03-02 06:19:00,Boiler,BLR-9500Ultra,Our BLR-9500Ultra is supposed to be a high-efficiency unit but we're paying more than with our old system. Very misleading marketing.,Pittsburgh,Pennsylvania,Commercial,Closed,Performed diagnostics on BLR-9500Ultra. cracked heat exchanger detected. Recommended control board replacement. Customer approved repair.,Email,Expired,218.35047032089946,3.6
HVAC-2025-00066,Kimberly Roberts,2025-11-27 19:32:00,Heat Pump,HP-1800Eco,Heating system HP-1800Eco fails to ignite. We've tried resetting multiple times. Temperature is dangerously low at 84°F.,Orlando,Florida,Residential,Resolved,,Phone,Active,40.18499707003977,2.0
HVAC-2025-00067,Melissa Turner,2025-07-23 09:40:00,Packaged HVAC Unit,PKG-9000Ultra,Our Packaged HVAC Unit PKG-9000Ultra heating stopped working mid-winter. We have a newborn baby and the temp is 75°F inside. URGENT help needed!,Tampa,Florida,Residential,In Progress,,Service Portal,Expired,55.68748338693909,3.5
HVAC-2024-00068,Linda Collins,2024-03-06 16:54:00,Boiler,BLR-7000E,Our BLR-7000E is supposed to be a high-efficiency unit but we're paying more than with our old system. Very misleading marketing.,Louisville,Kentucky,Residential,Resolved,,Social Media,Expired,302.8357073620194,3.3
HVAC-2025-00069,Raymond Moore,2025-01-06 10:49:00,Air Handler,AH-5000Elite,My Air Handler model AH-5000Elite is not cooling at all. The house temperature is 73°F and it won't go below that. We've been suffering in this heat for 15 days now.,Raleigh,North Carolina,Residential,Closed,Multiple issues found: clogged condensate drain. Complete overhaul recommended. Estimate provided to customer. Awaiting approval.,Email,Void,65.90940133933624,1.7
HVAC-2025-00070,Laura Miller,2025-06-07 09:02:00,Smart Thermostat,ST-500AI,The ST-500AI is consuming way too much energy. Our utility bill went from $176 to $261 per month since installation.,Raleigh,North Carolina,Commercial,Closed,Unit is beyond repair. electrical short in wiring harness too severe. Recommended full system replacement with latest VRF-25000Ultra system.,CRM,Active,30.071416147754476,3.8
HVAC-2025-00071,Rachel Turner,2025-06-02 11:40:00,Central Air Conditioner,CAC-4000S,Heating failure on our commercial CAC-4000S. Building occupants complaining about 52°F temperatures. Multiple offices affected.,Salt Lake City,Utah,Commercial,Open,Emergency service call. Found frozen evaporator coil. Temporary fix applied. Permanent repair requires thermostat — on backorder.,Email,Expired,,2.5
HVAC-2025-00072,Paul Carter,2025-07-08 14:13:00,Packaged HVAC Unit,PKG-4000S,Our PKG-4000S has developed a loud rattling sound when it cycles on. The noise level is unbearable and affects our daily life.,Sacramento,California,Commercial,Closed,,CRM,Active,245.6637856367622,2.6
HVAC-2025-00073,Kenneth Clark,2025-05-13 20:34:00,VRF System,VRF-20000X,Our electricity bill has increased by 41% since installing the VRF System VRF-20000X. This unit was supposed to be energy efficient.,Indianapolis,Indiana,Residential,Resolved,Warranty repair completed. failed control board was covered. Replaced condenser coil. System tested and operational.,CRM,Expired,271.3238519569669,4.2
HVAC-2025-00074,Samuel Davis,2025-09-24 21:29:00,Air Handler,AH-3000X,Banging noises from the ductwork connected to AH-3000X every time the system starts. Sounds like something is loose inside.,Boston,Massachusetts,Commercial,Resolved,Emergency service call. Found defective expansion valve. Temporary fix applied. Permanent repair requires relay switch — on backorder.,Phone,Expired,68.36766949849574,4.7
HVAC-2025-00075,Daniel Wilson,2025-01-01 06:33:00,Heat Pump,HP-2200DX,Post-installation inspection revealed that the Heat Pump HP-2200DX was installed without proper drainage. Basement flooding has occurred.,Charlotte,North Carolina,Residential,In Progress,Inspected unit on-site. Found blocked condenser coil. Replaced drain pan. System operational now.,Chat,Expired,74.61400622287022,4.8
HVAC-2025-00076,Richard Garcia,2025-02-13 21:03:00,Rooftop Unit,RTU-8000Pro,Technician found a refrigerant leak in our RTU-8000Pro for the third time this year. Clearly a manufacturing defect in the coils.,Phoenix,Arizona,Commercial,Open,Emergency service call. Found failed control board. Temporary fix applied. Permanent repair requires blower motor — on backorder.,CRM,Expired,,3.0
HVAC-2025-00077,Sandra Martinez,2025-10-22 16:24:00,VRF System,VRF-10000S,Our VRF System VRF-10000S heating stopped working mid-winter. We have a newborn baby and the temp is 40°F inside. URGENT help needed!,Minneapolis,Minnesota,Commercial,Resolved,Customer complaint verified. frozen evaporator coil confirmed. Ordered replacement evaporator coil. Follow-up scheduled in 11 days.,Phone,Expired,42.811420785905256,1.7
HVAC-2025-00078,Kenneth Campbell,2025-07-03 15:51:00,VRF System,VRF-18000E,The VRF System VRF-18000E makes a high-pitched squealing noise during operation. We cannot sleep or work from home because of it.,Portland,Oregon,Commercial,Open,,Phone,Expired,,4.2
HVAC-2025-00079,Eric Perez,2025-07-28 18:00:00,Central Air Conditioner,CAC-2500E,Brand new Central Air Conditioner CAC-2500E installed 2 weeks ago cannot maintain temperature below 61°F. Extremely disappointed.,Tampa,Florida,Residential,Escalated,Customer complaint verified. compressor failure confirmed. Ordered replacement fan motor. Follow-up scheduled in 7 days.,Social Media,Expired,,2.0
HVAC-2025-00080,Scott Moore,2025-02-01 18:21:00,Furnace,FRN-7500Pro,SEER rating of our Furnace FRN-7500Pro seems much lower than advertised. Energy consumption is 36% higher than expected.,Cleveland,Ohio,Residential,Closed,Routine inspection revealed failed control board. Cleaned coils and replaced filters. System performance improved but drain pan showing wear.,Email,Expired,278.11955876587905,4.0
HVAC-2024-00081,Amy Moore,2024-08-24 20:45:00,VRF System,VRF-15000Pro,Heating failure on our commercial VRF-15000Pro. Building occupants complaining about 58°F temperatures. Multiple offices affected.,San Francisco,California,Residential,In Progress,Customer complaint verified. failed ignition system confirmed. Ordered replacement condenser coil. Follow-up scheduled in 11 days.,Social Media,Extended,95.88750664752261,2.3
HVAC-2025-00082,Stephanie Nelson,2025-01-23 08:06:00,Ductless Mini-Split,DMS-900Eco,Maintenance was performed on DMS-900Eco but the filter was not replaced and the coils were not cleaned. Paid full price for incomplete work.,Portland,Oregon,Commercial,Resolved,,Chat,Active,330.62349155225036,4.0
HVAC-2024-00083,Anthony Morris,2024-02-16 09:18:00,Air Handler,AH-3000X,"Complete system failure of our Air Handler AH-3000X. No power, no response, totally dead. Building has no climate control.",Raleigh,North Carolina,Industrial,Open,,CRM,Expired,,1.7
HVAC-2025-00084,Jason Roberts,2025-07-08 18:40:00,Heat Pump,HP-4200Max,Our HP-4200Max compressor makes a terrible clicking and vibrating noise. It gets worse at night. Multiple complaints from family.,New York,New York,Residential,Resolved,Emergency service call. Found worn compressor bearings. Temporary fix applied. Permanent repair requires evaporator coil — on backorder.,Email,Expired,297.655938809532,3.3
HVAC-2025-00085,Joshua Hernandez,2025-12-20 18:39:00,Ductless Mini-Split,DMS-1800Pro,The cooling capacity of our DMS-1800Pro has dropped significantly. Rooms are at 86°F despite running 24/7. Need immediate service.,Milwaukee,Wisconsin,Commercial,In Progress,,CRM,Expired,137.45307369879313,2.9
HVAC-2025-00086,Brenda Murphy,2025-02-05 11:20:00,Smart Thermostat,ST-500AI,The ST-500AI is consuming way too much energy. Our utility bill went from $129 to $464 per month since installation.,Tucson,Arizona,Commercial,Closed,Performed diagnostics on ST-500AI. defective expansion valve detected. Recommended coil replacement. Customer approved repair.,Service Portal,Expired,72.00214525603373,3.2
HVAC-2024-00087,Ashley Hill,2024-07-09 17:34:00,Boiler,BLR-9500Ultra,Our BLR-9500Ultra compressor makes a terrible clicking and vibrating noise. It gets worse at night. Multiple complaints from family.,Miami,Florida,Commercial,Resolved,Routine inspection revealed corroded heat exchanger. Cleaned coils and replaced filters. System performance improved but refrigerant line set showing wear.,Phone,Expired,249.40429282384508,4.0
HVAC-2025-00088,Gregory Gonzalez,2025-10-18 14:38:00,Central Air Conditioner,CAC-4000S,The Central Air Conditioner CAC-4000S parts warranty should cover this repair but the dealer says it's a labor issue. Total runaround for 8 weeks.,Richmond,Virginia,Residential,Closed,Performed diagnostics on CAC-4000S. blocked condenser coil detected. Recommended electrical rewiring. Customer approved repair.,Phone,Expired,320.3863293039018,1.8
HVAC-2025-00089,Justin Smith,2025-08-13 20:04:00,Air Handler,AH-3000X,The cooling capacity of our AH-3000X has dropped significantly. Rooms are at 93°F despite running 24/7. Need immediate service.,Atlanta,Georgia,Residential,Resolved,,Social Media,Extended,78.57008644820502,2.5
HVAC-2024-00090,Frank Taylor,2024-11-02 09:40:00,Heat Pump,HP-4200Max,Our HP-4200Max failed within the first year and the company is blaming us for the failure. This is clearly a manufacturing defect.,Memphis,Tennessee,Residential,Closed,Multiple issues found: electrical short in wiring harness. Complete overhaul recommended. Estimate provided to customer. Awaiting approval.,Phone,Expired,333.3229423331798,1.6
HVAC-2024-00091,Elizabeth Robinson,2024-03-05 13:33:00,Packaged HVAC Unit,PKG-5500Pro,Warranty repair on Packaged HVAC Unit PKG-5500Pro has been pending for 11 weeks. We're without heating/cooling and no loaner was provided.,Tucson,Arizona,Residential,Resolved,Emergency service call. Found cracked heat exchanger. Temporary fix applied. Permanent repair requires fan motor — on backorder.,CRM,Void,146.51897027821963,1.2
HVAC-2025-00092,Jessica Roberts,2025-08-12 12:40:00,Heat Pump,HP-2200DX,Loud buzzing/humming noise coming from the outdoor unit HP-2200DX. Neighbors have complained about the noise level.,Detroit,Michigan,Industrial,Resolved,,Email,Active,302.082486159746,2.4
HVAC-2024-00093,Amy Martinez,2024-11-17 22:12:00,Air Handler,AH-2000S,The indoor unit of our Air Handler AH-2000S produces a constant whistling noise. Very annoying and disruptive.,Milwaukee,Wisconsin,Residential,Open,,CRM,Void,,2.3
HVAC-2025-00094,Karen Adams,2025-05-14 18:05:00,Central Air Conditioner,CAC-2500E,Our new Central Air Conditioner CAC-2500E installation is terrible. The condensate drain was connected wrong and water is leaking into the ceiling.,Richmond,Virginia,Residential,In Progress,Routine inspection revealed loose electrical connections. Cleaned coils and replaced filters. System performance improved but capacitor showing wear.,Phone,Active,155.03167683872869,4.9
HVAC-2025-00095,Patricia Nelson,2025-02-17 22:50:00,Heat Pump,HP-1800Eco,Our HP-1800Eco compressor makes a terrible clicking and vibrating noise. It gets worse at night. Multiple complaints from family.,Nashville,Tennessee,Residential,Open,Routine inspection revealed corroded heat exchanger. Cleaned coils and replaced filters. System performance improved but control board showing wear.,Survey,Active,,4.3
HVAC-2024-00096,Jack Turner,2024-01-08 07:30:00,Packaged HVAC Unit,PKG-6500E,The Packaged HVAC Unit PKG-6500E smart thermostat keeps disconnecting from WiFi. Cannot control temperature remotely anymore.,Columbus,Ohio,Residential,In Progress,Routine inspection revealed faulty capacitor. Cleaned coils and replaced filters. System performance improved but control board showing wear.,Service Portal,Extended,189.33965062664356,4.7
HVAC-2025-00097,Betty Young,2025-01-01 17:12:00,Ductless Mini-Split,DMS-2400Max,The pilot light on our DMS-2400Max keeps going out. Furnace won't stay on. House temperature dropping to 55°F overnight.,Tampa,Florida,Commercial,In Progress,Unit is beyond repair. clogged condensate drain too severe. Recommended full system replacement with high-efficiency FRN-9800HE.,Chat,Expired,71.8195303282083,2.5
HVAC-2024-00098,Emma Davis,2024-01-28 22:26:00,Air Handler,AH-3000X,We purchased the Air Handler AH-3000X 1 months ago and it's already failing to cool. Temperature stuck at 72°F. Unacceptable quality.,Columbus,Ohio,Residential,Resolved,Warranty repair completed. refrigerant leak in evaporator coil was covered. Replaced thermostat. System tested and operational.,Chat,Expired,108.50337152536149,2.3
HVAC-2024-00099,Alexander Garcia,2024-05-18 17:49:00,Furnace,FRN-7500Pro,Our new Furnace FRN-7500Pro installation is terrible. The condensate drain was connected wrong and water is leaking into the ceiling.,San Francisco,California,Residential,Resolved,Customer complaint verified. burned-out fan motor confirmed. Ordered replacement control board. Follow-up scheduled in 4 days.,CRM,Active,136.4458923676088,2.9
HVAC-2024-00100,Debra Hernandez,2024-09-04 20:06:00,Smart Thermostat,ST-300Pro,The ST-300Pro furnace is blowing cold air instead of warm. It's 83°F inside and we have elderly family members at home.,Minneapolis,Minnesota,Residential,Open,,Survey,Active,,2.3
HVAC-2024-00101,Linda Lopez,2024-06-09 14:28:00,Packaged HVAC Unit,PKG-7000X,Scheduled maintenance for Packaged HVAC Unit PKG-7000X was missed twice. No one contacted us to reschedule. Very poor service.,Detroit,Michigan,Residential,Resolved,Unit is beyond repair. defective expansion valve too severe. Recommended full system replacement with upgraded HP-4200Max system.,Phone,Active,143.13344366514215,3.7
HVAC-2025-00102,Dorothy Robinson,2025-07-09 11:01:00,Furnace,FRN-8500Elite,The heat pump FRN-8500Elite is not providing adequate heating. House is at 79°F despite thermostat set to 72°F. Very concerned about pipes freezing.,Orlando,Florida,Commercial,Open,,CRM,Active,,2.4
HVAC-2024-00103,Kevin Sanchez,2024-07-27 21:34:00,Heat Pump,HP-3500Elite,"Total system failure on our HP-3500Elite. Fan motor, compressor, and control board all failed simultaneously. Suspecting electrical issue.",San Antonio,Texas,Residential,Open,Multiple issues found: low refrigerant charge. Complete overhaul recommended. Estimate provided to customer. Awaiting approval.,Phone,Expired,,2.0
HVAC-2024-00104,Alexander Rivera,2024-06-11 15:20:00,Smart Thermostat,ST-300Pro,Integration between ST-300Pro and our home automation system broke after the last update. None of the smart features work now.,Minneapolis,Minnesota,Industrial,Resolved,,Email,Expired,167.80160627462809,3.0
HVAC-2024-00105,Mary King,2024-02-08 17:20:00,VRF System,VRF-15000Pro,"After annual maintenance, our VRF System VRF-15000Pro stopped heating. Now at 57°F. This was working fine before the tech came.",Boston,Massachusetts,Commercial,Closed,Multiple issues found: blocked condenser coil. Complete overhaul recommended. Estimate provided to customer. Awaiting approval.,CRM,Expired,88.05574176181193,2.2
HVAC-2025-00106,Lisa Carter,2025-06-26 13:10:00,Heat Pump,HP-1800Eco,Our Heat Pump HP-1800Eco heating stopped working mid-winter. We have a newborn baby and the temp is 88°F inside. URGENT help needed!,Tucson,Arizona,Residential,Escalated,,Phone,Active,,1.6
HVAC-2025-00107,Barbara Nguyen,2025-08-22 15:19:00,Heat Pump,HP-2800Plus,The Heat Pump (HP-2800Plus) stopped providing cold air yesterday. It's blowing warm air instead. Our office is unbearable at 59°F.,Portland,Oregon,Residential,Resolved,Customer complaint verified. thermostat malfunction confirmed. Ordered replacement condenser coil. Follow-up scheduled in 5 days.,Chat,Expired,12.938795679628425,1.5
HVAC-2025-00108,Christine Hall,2025-06-02 14:28:00,VRF System,VRF-10000S,Warranty claim for VRF-10000S was denied citing 'improper installation' even though their own certified technician installed it.,Memphis,Tennessee,Residential,Escalated,Customer complaint verified. electrical short in wiring harness confirmed. Ordered replacement heat exchanger. Follow-up scheduled in 4 days.,Chat,Active,,1.1
HVAC-2024-00109,Benjamin Jackson,2024-07-04 20:11:00,Air Handler,AH-3500E,Our AH-3500E thermostat app shows 'Device Offline' constantly. Have reset the router and thermostat multiple times.,Boston,Massachusetts,Industrial,Escalated,,Phone,Expired,,3.3
HVAC-2025-00110,Andrew Hall,2025-07-04 19:09:00,Packaged HVAC Unit,PKG-9000Ultra,Our PKG-9000Ultra failed within the first year and the company is blaming us for the failure. This is clearly a manufacturing defect.,Detroit,Michigan,Commercial,Resolved,,Service Portal,Active,42.6482210201045,2.2
HVAC-2025-00111,Joshua Cruz,2025-09-12 06:21:00,Packaged HVAC Unit,PKG-4000S,Our PKG-4000S failed within the first year and the company is blaming us for the failure. This is clearly a manufacturing defect.,San Antonio,Texas,Residential,Escalated,Inspected unit on-site. Found dirty air filter causing restricted airflow. Replaced igniter. System operational now.,CRM,Expired,,1.3
HVAC-2024-00112,Cynthia Gomez,2024-02-06 12:56:00,Smart Thermostat,ST-700Ultra,The Smart Thermostat ST-700Ultra thermostat's geofencing feature stopped working. AC runs all day even when nobody is home. Wasting energy.,Los Angeles,California,Commercial,In Progress,Performed diagnostics on ST-700Ultra. clogged condensate drain detected. Recommended warranty claim processing. Customer approved repair.,Email,Void,239.11993403217198,2.8
HVAC-2024-00113,Mary Lewis,2024-08-09 19:32:00,Heat Pump,HP-2200DX,"After maintenance on our HP-2200DX, the system performance got worse. The technician may have damaged something.",Houston,Texas,Industrial,Closed,Inspected unit on-site. Found dirty air filter causing restricted airflow. Replaced capacitor. System operational now.,Social Media,Expired,51.399021777047714,2.5
HVAC-2025-00114,Donald Davis,2025-08-03 16:17:00,Packaged HVAC Unit,PKG-9000Ultra,"After annual maintenance, our Packaged HVAC Unit PKG-9000Ultra stopped heating. Now at 95°F. This was working fine before the tech came.",Orlando,Florida,Industrial,In Progress,Inspected unit on-site. Found worn compressor bearings. Replaced flame sensor. System operational now.,Social Media,Extended,37.2573512064404,1.8
HVAC-2024-00115,Raymond White,2024-08-11 13:43:00,VRF System,VRF-10000S,The VRF System VRF-10000S thermostat's geofencing feature stopped working. AC runs all day even when nobody is home. Wasting energy.,Richmond,Virginia,Commercial,Resolved,,Service Portal,Active,106.46390376461679,2.5
HVAC-2024-00116,Betty Baker,2024-01-16 12:32:00,Boiler,BLR-6500Pro,Our Boiler BLR-6500Pro heating stopped working mid-winter. We have a newborn baby and the temp is 84°F inside. URGENT help needed!,Denver,Colorado,Industrial,Resolved,Multiple issues found: damaged ductwork. Complete overhaul recommended. Estimate provided to customer. Awaiting approval.,Phone,Active,102.80029290759457,1.8
HVAC-2024-00117,Mary Adams,2024-09-05 19:40:00,VRF System,VRF-10000S,Our VRF-10000S has developed a loud rattling sound when it cycles on. The noise level is unbearable and affects our daily life.,Salt Lake City,Utah,Residential,Closed,Routine inspection revealed loose electrical connections. Cleaned coils and replaced filters. System performance improved but evaporator coil showing wear.,Email,Active,73.40787440282236,3.1
HVAC-2025-00118,Janet Taylor,2025-07-14 10:21:00,Rooftop Unit,RTU-8000Pro,The Rooftop Unit RTU-8000Pro smart thermostat keeps disconnecting from WiFi. Cannot control temperature remotely anymore.,Albuquerque,New Mexico,Residential,In Progress,Customer complaint verified. refrigerant leak in evaporator coil confirmed. Ordered replacement blower motor. Follow-up scheduled in 6 days.,Service Portal,Void,140.3124593963691,2.7
HVAC-2024-00119,Susan Thomas,2024-07-07 06:19:00,Central Air Conditioner,CAC-6000Ultra,Heating system CAC-6000Ultra fails to ignite. We've tried resetting multiple times. Temperature is dangerously low at 45°F.,Raleigh,North Carolina,Commercial,Resolved,Unit is beyond repair. faulty reversing valve too severe. Recommended full system replacement with high-efficiency FRN-9800HE.,Phone,Expired,18.185295711617457,3.2
HVAC-2024-00120,Donna King,2024-08-27 21:09:00,Heat Pump,HP-4200Max,The heat pump HP-4200Max is not providing adequate heating. House is at 76°F despite thermostat set to 72°F. Very concerned about pipes freezing.,Atlanta,Georgia,Commercial,Open,Emergency service call. Found defective expansion valve. Temporary fix applied. Permanent repair requires igniter — on backorder.,Social Media,Void,,2.4
HVAC-2025-00121,Lisa Anderson,2025-06-06 09:25:00,Heat Pump,HP-3500Elite,Post-installation inspection revealed that the Heat Pump HP-3500Elite was installed without proper drainage. Basement flooding has occurred.,Milwaukee,Wisconsin,Industrial,In Progress,Multiple issues found: low refrigerant charge. Complete overhaul recommended. Estimate provided to customer. Awaiting approval.,Email,Extended,135.1834518996278,3.9
HVAC-2025-00122,Helen Gonzalez,2025-01-01 22:49:00,Central Air Conditioner,CAC-5000Pro,The Central Air Conditioner (CAC-5000Pro) stopped providing cold air yesterday. It's blowing warm air instead. Our office is unbearable at 64°F.,Pittsburgh,Pennsylvania,Commercial,In Progress,Warranty repair completed. defective expansion valve was covered. Replaced control board. System tested and operational.,Service Portal,Extended,89.13234735868066,2.9
HVAC-2024-00123,Amy Williams,2024-01-18 18:25:00,Ductless Mini-Split,DMS-2400Max,Our new Ductless Mini-Split DMS-2400Max installation is terrible. The condensate drain was connected wrong and water is leaking into the ceiling.,Portland,Oregon,Residential,Resolved,Customer complaint verified. defective expansion valve confirmed. Ordered replacement igniter. Follow-up scheduled in 5 days.,Chat,Active,85.7468079724846,2.9
HVAC-2024-00124,Lisa Murphy,2024-08-04 13:00:00,Air Handler,AH-3000X,My Air Handler model AH-3000X is not cooling at all. The house temperature is 90°F and it won't go below that. We've been suffering in this heat for 3 days now.,Sacramento,California,Residential,Resolved,Warranty repair completed. thermostat malfunction was covered. Replaced relay switch. System tested and operational.,Survey,Expired,65.31801911550575,1.7
HVAC-2024-00125,Justin Morris,2024-10-25 20:29:00,Air Handler,AH-3000X,The cooling capacity of our AH-3000X has dropped significantly. Rooms are at 77°F despite running 24/7. Need immediate service.,Cincinnati,Ohio,Industrial,Open,,Email,Expired,,3.4
HVAC-2025-00126,Alexander Thompson,2025-06-27 16:45:00,Furnace,FRN-5500E,Technician found a refrigerant leak in our FRN-5500E for the third time this year. Clearly a manufacturing defect in the coils.,Buffalo,New York,Commercial,In Progress,Unit is beyond repair. thermostat malfunction too severe. Recommended full system replacement with upgraded HP-4200Max system.,Chat,Active,42.744642546032566,2.3
HVAC-2025-00127,Brenda Lewis,2025-12-05 07:44:00,Smart Thermostat,ST-500AI,Post-installation inspection revealed that the Smart Thermostat ST-500AI was installed without proper drainage. Basement flooding has occurred.,Tampa,Florida,Residential,Resolved,Performed diagnostics on ST-500AI. refrigerant leak in evaporator coil detected. Recommended duct sealing and insulation. Customer approved repair.,Email,Expired,105.041848736687,4.0
HVAC-2024-00128,Jason Scott,2024-07-25 12:18:00,Rooftop Unit,RTU-6000S,Our RTU-6000S thermostat app shows 'Device Offline' constantly. Have reset the router and thermostat multiple times.,Tucson,Arizona,Residential,Resolved,Emergency service call. Found blocked condenser coil. Temporary fix applied. Permanent repair requires refrigerant line set — on backorder.,Phone,Active,176.54176771006024,3.1
HVAC-2025-00129,Brian Lewis,2025-05-03 16:33:00,Furnace,FRN-7500Pro,Our annual service contract for Furnace FRN-7500Pro has not been honored. Three scheduled visits were cancelled without notice.,Seattle,Washington,Industrial,Resolved,,Survey,Active,186.13029086699925,3.2
HVAC-2024-00130,Angela Edwards,2024-04-22 16:24:00,Smart Thermostat,ST-700Ultra,The Smart Thermostat ST-700Ultra parts warranty should cover this repair but the dealer says it's a labor issue. Total runaround for 8 weeks.,Denver,Colorado,Residential,Resolved,,Phone,Void,277.65177307070894,1.6
HVAC-2024-00131,Kimberly Evans,2024-09-01 20:45:00,Packaged HVAC Unit,PKG-5500Pro,Our new Packaged HVAC Unit PKG-5500Pro installation is terrible. The condensate drain was connected wrong and water is leaking into the ceiling.,Sacramento,California,Residential,Open,Customer complaint verified. loose electrical connections confirmed. Ordered replacement relay switch. Follow-up scheduled in 13 days.,Phone,Active,,4.5
HVAC-2025-00132,Samantha Jackson,2025-09-13 18:52:00,Air Handler,AH-5000Elite,Loud buzzing/humming noise coming from the outdoor unit AH-5000Elite. Neighbors have complained about the noise level.,Houston,Texas,Residential,Resolved,Customer complaint verified. frozen evaporator coil confirmed. Ordered replacement blower motor. Follow-up scheduled in 11 days.,Phone,Active,269.57495300937677,3.6
HVAC-2024-00133,Dorothy Taylor,2024-02-28 20:41:00,Smart Thermostat,ST-500AI,Heating system ST-500AI fails to ignite. We've tried resetting multiple times. Temperature is dangerously low at 45°F.,Buffalo,New York,Residential,Resolved,Performed diagnostics on ST-500AI. corroded heat exchanger detected. Recommended duct sealing and insulation. Customer approved repair.,Phone,Active,70.51028710222592,3.4
HVAC-2025-00134,Janet Nelson,2025-06-14 11:00:00,Ductless Mini-Split,DMS-1200Q,SEER rating of our Ductless Mini-Split DMS-1200Q seems much lower than advertised. Energy consumption is 72% higher than expected.,Orlando,Florida,Residential,In Progress,,Social Media,Expired,283.5560992800549,2.4
HVAC-2025-00135,Mark Nguyen,2025-10-25 12:58:00,Boiler,BLR-9500Ultra,The Boiler BLR-9500Ultra parts warranty should cover this repair but the dealer says it's a labor issue. Total runaround for 9 weeks.,Miami,Florida,Commercial,Resolved,Routine inspection revealed clogged condensate drain. Cleaned coils and replaced filters. System performance improved but fan motor showing wear.,Service Portal,Expired,262.26469433867646,1.5
HVAC-2024-00136,George Roberts,2024-08-24 21:22:00,Rooftop Unit,RTU-10000E,The Rooftop Unit (RTU-10000E) stopped providing cold air yesterday. It's blowing warm air instead. Our office is unbearable at 63°F.,Miami,Florida,Residential,Resolved,,Phone,Active,11.020584297538088,1.9
HVAC-2024-00137,Nicholas Moore,2024-06-17 14:24:00,Boiler,BLR-8000HE,"The Boiler BLR-8000HE was installed incorrectly. Ductwork is leaking air, and the unit was placed in the wrong location.",Seattle,Washington,Residential,Resolved,,CRM,Expired,83.06605471295266,3.8
HVAC-2025-00138,Kimberly White,2025-02-01 13:02:00,Ductless Mini-Split,DMS-1200Q,"Installer damaged our wall and ceiling during Ductless Mini-Split DMS-1200Q installation. Also, the system is not balanced — one room is freezing while another is hot.",Minneapolis,Minnesota,Commercial,In Progress,Customer complaint verified. defective expansion valve confirmed. Ordered replacement drain pan. Follow-up scheduled in 9 days.,Chat,Active,97.85216507379619,2.2
HVAC-2025-00139,Karen Gonzalez,2025-02-15 08:14:00,Air Handler,AH-3500E,"Installer damaged our wall and ceiling during Air Handler AH-3500E installation. Also, the system is not balanced — one room is freezing while another is hot.",Kansas City,Missouri,Residential,Open,Performed diagnostics on AH-3500E. failed ignition system detected. Recommended warranty claim processing. Customer approved repair.,Phone,Extended,,3.3
HVAC-2024-00140,Rachel Gonzalez,2024-06-23 22:27:00,VRF System,VRF-18000E,My VRF System model VRF-18000E is not cooling at all. The house temperature is 94°F and it won't go below that. We've been suffering in this heat for 26 days now.,Seattle,Washington,Industrial,Resolved,,Survey,Active,135.95785037866696,3.3
HVAC-2024-00141,Larry Campbell,2024-02-13 12:44:00,Packaged HVAC Unit,PKG-4000S,The indoor unit of our Packaged HVAC Unit PKG-4000S produces a constant whistling noise. Very annoying and disruptive.,Orlando,Florida,Residential,Open,,Email,Expired,,3.6
HVAC-2024-00142,Samantha Smith,2024-09-04 12:32:00,Air Handler,AH-4500Pro,The maintenance technician for our AH-4500Pro didn't bring the right parts and left the job incomplete. Still waiting for resolution.,Milwaukee,Wisconsin,Commercial,Escalated,Unit is beyond repair. burned-out fan motor too severe. Recommended full system replacement with latest VRF-25000Ultra system.,Chat,Expired,,3.2
HVAC-2024-00143,Scott Robinson,2024-07-25 11:40:00,Furnace,FRN-8500Elite,Our FRN-8500Elite smart thermostat firmware update bricked the device. Screen is blank and we can't control our HVAC system at all.,Albuquerque,New Mexico,Residential,In Progress,,Social Media,Extended,101.81013584045209,2.1
HVAC-2025-00144,Brenda Martinez,2025-12-12 14:14:00,Central Air Conditioner,CAC-2500E,"After maintenance on our CAC-2500E, the system performance got worse. The technician may have damaged something.",St. Louis,Missouri,Industrial,Resolved,Inspected unit on-site. Found clogged condensate drain. Replaced fan motor. System operational now.,Email,Active,65.41141007498024,3.5
HVAC-2024-00145,Dorothy Johnson,2024-07-16 09:16:00,Smart Thermostat,ST-500AI,Post-installation inspection revealed that the Smart Thermostat ST-500AI was installed without proper drainage. Basement flooding has occurred.,Dallas,Texas,Residential,Escalated,,Phone,Expired,,3.2
HVAC-2024-00146,Susan Thomas,2024-12-16 12:15:00,Packaged HVAC Unit,PKG-5500Pro,SEER rating of our Packaged HVAC Unit PKG-5500Pro seems much lower than advertised. Energy consumption is 37% higher than expected.,Portland,Oregon,Industrial,In Progress,,Phone,Active,210.89978293163313,2.5
HVAC-2024-00147,Daniel Collins,2024-05-25 10:03:00,Boiler,BLR-7000E,The Boiler BLR-7000E has a refrigerant leak. We can smell chemicals and the cooling has stopped. This could be a health hazard.,Louisville,Kentucky,Commercial,Resolved,,Chat,Expired,48.458596896582954,2.4
HVAC-2025-00148,Nancy Taylor,2025-04-16 16:23:00,Rooftop Unit,RTU-6000S,Our Rooftop Unit RTU-6000S had a catastrophic compressor failure. Loud bang followed by complete shutdown. Potential safety hazard.,New York,New York,Residential,In Progress,,Social Media,Active,102.81047829441671,1.6
HVAC-2025-00149,Richard Edwards,2025-08-10 14:35:00,Ductless Mini-Split,DMS-1200Q,"Total system failure on our DMS-1200Q. Fan motor, compressor, and control board all failed simultaneously. Suspecting electrical issue.",Pittsburgh,Pennsylvania,Residential,Open,Unit is beyond repair. defective expansion valve too severe. Recommended full system replacement with commercial-grade RTU-15000Ultra.,Phone,Active,,2.7
HVAC-2025-00150,Brandon Phillips,2025-09-03 18:39:00,Packaged HVAC Unit,PKG-9000Ultra,The smart thermostat PKG-9000Ultra is not syncing with the HVAC system. Temperature readings are inaccurate by 12°F.,Tampa,Florida,Residential,Closed,Performed diagnostics on PKG-9000Ultra. frozen evaporator coil detected. Recommended warranty claim processing. Customer approved repair.,CRM,Expired,312.5698667665077,3.3
HVAC-2025-00151,Ronald Wilson,2025-12-06 11:54:00,Heat Pump,HP-2200DX,Warranty claim for HP-2200DX was denied citing 'improper installation' even though their own certified technician installed it.,Houston,Texas,Residential,In Progress,,Phone,Expired,253.91463370815836,1.3
HVAC-2024-00152,Jeffrey Moore,2024-07-01 07:42:00,Boiler,BLR-7000E,My Boiler model BLR-7000E is not cooling at all. The house temperature is 39°F and it won't go below that. We've been suffering in this heat for 25 days now.,Indianapolis,Indiana,Industrial,In Progress,Emergency service call. Found failed control board. Temporary fix applied. Permanent repair requires blower motor — on backorder.,Email,Void,92.65580246833444,2.0
HVAC-2024-00153,Donna Robinson,2024-01-12 15:30:00,Rooftop Unit,RTU-8000Pro,The Rooftop Unit RTU-8000Pro main board is fried after a power surge. System completely down for our 10-floor office building.,Richmond,Virginia,Residential,Closed,Routine inspection revealed low refrigerant charge. Cleaned coils and replaced filters. System performance improved but contactor showing wear.,Service Portal,Expired,3.0776467500073137,1.9
HVAC-2025-00154,Matthew Adams,2025-08-14 12:54:00,Rooftop Unit,RTU-15000Ultra,Our RTU-15000Ultra thermostat app shows 'Device Offline' constantly. Have reset the router and thermostat multiple times.,Dallas,Texas,Residential,In Progress,Unit is beyond repair. failed control board too severe. Recommended full system replacement with high-efficiency FRN-9800HE.,Chat,Expired,97.25999478813269,3.9
HVAC-2024-00155,Timothy Johnson,2024-07-11 08:53:00,Central Air Conditioner,CAC-6000Ultra,My Central Air Conditioner model CAC-6000Ultra is not cooling at all. The house temperature is 49°F and it won't go below that. We've been suffering in this heat for 4 days now.,Detroit,Michigan,Residential,Escalated,Emergency service call. Found thermostat malfunction. Temporary fix applied. Permanent repair requires contactor — on backorder.,Phone,Expired,,3.2
HVAC-2025-00156,Lisa Scott,2025-02-21 15:12:00,Ductless Mini-Split,DMS-2400Max,Brand new Ductless Mini-Split DMS-2400Max installed 4 weeks ago cannot maintain temperature below 53°F. Extremely disappointed.,Columbus,Ohio,Industrial,Closed,Multiple issues found: corroded heat exchanger. Complete overhaul recommended. Estimate provided to customer. Awaiting approval.,Phone,Active,107.79707040788614,2.1
HVAC-2024-00157,Dorothy Moore,2024-09-16 13:20:00,Air Handler,AH-4500Pro,Scheduled maintenance for Air Handler AH-4500Pro was missed twice. No one contacted us to reschedule. Very poor service.,Buffalo,New York,Commercial,Escalated,Multiple issues found: refrigerant leak in evaporator coil. Complete overhaul recommended. Estimate provided to customer. Awaiting approval.,CRM,Expired,,4.1
HVAC-2025-00158,George Walker,2025-02-27 14:34:00,Central Air Conditioner,CAC-4000S,Heating failure on our commercial CAC-4000S. Building occupants complaining about 73°F temperatures. Multiple offices affected.,Columbus,Ohio,Residential,Escalated,Routine inspection revealed blocked condenser coil. Cleaned coils and replaced filters. System performance improved but relay switch showing wear.,Chat,Expired,,2.7
HVAC-2024-00159,Anthony Morales,2024-07-02 18:42:00,Heat Pump,HP-2800Plus,"After annual maintenance, our Heat Pump HP-2800Plus stopped heating. Now at 50°F. This was working fine before the tech came.",Albuquerque,New Mexico,Residential,Resolved,Inspected unit on-site. Found burned-out fan motor. Replaced evaporator coil. System operational now.,Phone,Active,73.5025276594291,1.6
HVAC-2025-00160,Pamela Rivera,2025-08-07 12:33:00,Heat Pump,HP-4200Max,Our Heat Pump HP-4200Max lost all refrigerant. The system is 36 months old. Suspected manufacturing defect in the line set.,Portland,Oregon,Commercial,Closed,Routine inspection revealed clogged condensate drain. Cleaned coils and replaced filters. System performance improved but condenser coil showing wear.,Chat,Expired,90.04078840055072,2.5
HVAC-2025-00161,Catherine Allen,2025-12-28 17:26:00,Air Handler,AH-3000X,The AH-3000X is consuming way too much energy. Our utility bill went from $164 to $330 per month since installation.,Salt Lake City,Utah,Commercial,In Progress,,Phone,Expired,131.02068855726935,3.7
HVAC-2024-00162,Pamela Phillips,2024-12-04 07:29:00,Boiler,BLR-9500Ultra,The Boiler BLR-9500Ultra makes a high-pitched squealing noise during operation. We cannot sleep or work from home because of it.,Indianapolis,Indiana,Residential,In Progress,Inspected unit on-site. Found damaged ductwork. Replaced relay switch. System operational now.,CRM,Active,92.04797901237269,2.9
HVAC-2024-00163,Larry Martin,2024-12-28 13:47:00,Ductless Mini-Split,DMS-1200Q,Maintenance was performed on DMS-1200Q but the filter was not replaced and the coils were not cleaned. Paid full price for incomplete work.,St. Louis,Missouri,Industrial,Resolved,Customer complaint verified. refrigerant leak in evaporator coil confirmed. Ordered replacement igniter. Follow-up scheduled in 7 days.,Chat,Active,179.99773929646446,3.0
HVAC-2025-00164,Shirley Young,2025-01-25 10:48:00,Ductless Mini-Split,DMS-1800Pro,Our Ductless Mini-Split DMS-1800Pro stopped heating entirely during the coldest week of winter. Indoor temp dropped to 81°F. This is a safety concern.,Minneapolis,Minnesota,Residential,In Progress,Customer complaint verified. defective expansion valve confirmed. Ordered replacement capacitor. Follow-up scheduled in 10 days.,Email,Expired,68.21777795767505,3.5
HVAC-2024-00165,Christopher Torres,2024-02-27 13:12:00,Packaged HVAC Unit,PKG-4000S,The pilot light on our PKG-4000S keeps going out. Furnace won't stay on. House temperature dropping to 81°F overnight.,Columbus,Ohio,Residential,Resolved,Routine inspection revealed corroded heat exchanger. Cleaned coils and replaced filters. System performance improved but flame sensor showing wear.,Phone,Expired,30.6797005681323,2.7
HVAC-2024-00166,Raymond Campbell,2024-04-10 12:50:00,Heat Pump,HP-1800Eco,Brand new Heat Pump HP-1800Eco installed 4 weeks ago cannot maintain temperature below 68°F. Extremely disappointed.,Cleveland,Ohio,Residential,Resolved,Performed diagnostics on HP-1800Eco. compressor failure detected. Recommended warranty claim processing. Customer approved repair.,Service Portal,Active,112.30114338170664,2.8
HVAC-2025-00167,Emily Davis,2025-01-11 21:25:00,Central Air Conditioner,CAC-2500E,Warranty repair on Central Air Conditioner CAC-2500E has been pending for 4 weeks. We're without heating/cooling and no loaner was provided.,Boston,Massachusetts,Residential,Resolved,Performed diagnostics on CAC-2500E. loose electrical connections detected. Recommended warranty claim processing. Customer approved repair.,Email,Active,334.68616688895315,2.5
HVAC-2024-00168,Sharon Jackson,2024-05-07 10:37:00,Air Handler,AH-3000X,Our annual service contract for Air Handler AH-3000X has not been honored. Three scheduled visits were cancelled without notice.,Richmond,Virginia,Commercial,In Progress,Unit is beyond repair. failed control board too severe. Recommended full system replacement with commercial-grade RTU-15000Ultra.,Phone,Expired,302.7549596712604,4.7
HVAC-2024-00169,Sarah Stewart,2024-02-25 14:38:00,VRF System,VRF-15000Pro,SEER rating of our VRF System VRF-15000Pro seems much lower than advertised. Energy consumption is 38% higher than expected.,Pittsburgh,Pennsylvania,Commercial,Resolved,Warranty repair completed. damaged ductwork was covered. Replaced thermostat. System tested and operational.,Phone,Active,34.06794114195061,4.3
HVAC-2024-00170,Jonathan Jones,2024-11-14 18:49:00,Smart Thermostat,ST-300Pro,"The ST-300Pro runs continuously without cycling off, leading to massive energy bills. Something is wrong with the efficiency.",Miami,Florida,Commercial,Escalated,Emergency service call. Found clogged condensate drain. Temporary fix applied. Permanent repair requires evaporator coil — on backorder.,Social Media,Active,,3.7
HVAC-2025-00171,Justin Moore,2025-07-10 07:44:00,Boiler,BLR-9500Ultra,Post-installation inspection revealed that the Boiler BLR-9500Ultra was installed without proper drainage. Basement flooding has occurred.,Louisville,Kentucky,Industrial,Resolved,Emergency service call. Found frozen evaporator coil. Temporary fix applied. Permanent repair requires refrigerant line set — on backorder.,Chat,Active,86.10787760138615,2.5
HVAC-2024-00172,Carolyn Miller,2024-08-13 18:02:00,Smart Thermostat,ST-200Eco,The Smart Thermostat ST-200Eco is making an extremely loud grinding noise that wakes us up at night. It's been going on for 15 days.,Boston,Massachusetts,Industrial,Resolved,Customer complaint verified. faulty reversing valve confirmed. Ordered replacement flame sensor. Follow-up scheduled in 3 days.,Social Media,Active,292.97248029285083,2.5
HVAC-2025-00173,Michael White,2025-08-14 20:05:00,Packaged HVAC Unit,PKG-4000S,Loud buzzing/humming noise coming from the outdoor unit PKG-4000S. Neighbors have complained about the noise level.,St. Louis,Missouri,Commercial,In Progress,Inspected unit on-site. Found blocked condenser coil. Replaced drain pan. System operational now.,Chat,Expired,190.8759566321955,4.5
HVAC-2024-00174,Stephen Rodriguez,2024-08-15 17:59:00,Smart Thermostat,ST-500AI,AC unit ST-500AI has completely stopped cooling. Thermostat shows 92°F but the system is running constantly. Very frustrated.,Miami,Florida,Residential,In Progress,,Email,Active,15.097335162643235,2.4
HVAC-2025-00175,Patricia Reyes,2025-07-05 21:33:00,Furnace,FRN-9800HE,Our Furnace FRN-9800HE heating stopped working mid-winter. We have a newborn baby and the temp is 59°F inside. URGENT help needed!,Albuquerque,New Mexico,Residential,In Progress,Customer complaint verified. defective expansion valve confirmed. Ordered replacement blower motor. Follow-up scheduled in 8 days.,Chat,Expired,117.5524038287963,1.5
HVAC-2024-00176,Gregory Morris,2024-05-04 16:21:00,Heat Pump,HP-3500Elite,Preventive maintenance on our Heat Pump HP-3500Elite was done poorly. Now the system is short-cycling every 7 minutes.,Milwaukee,Wisconsin,Commercial,Resolved,Routine inspection revealed clogged condensate drain. Cleaned coils and replaced filters. System performance improved but blower motor showing wear.,Phone,Active,116.40886492650729,3.0
HVAC-2024-00177,Lisa Roberts,2024-07-19 16:51:00,Central Air Conditioner,CAC-5000Pro,R-410A refrigerant leak detected in CAC-5000Pro. Cooling performance has degraded and we're worried about environmental impact.,Indianapolis,Indiana,Residential,Open,,CRM,Active,,2.1
HVAC-2025-00178,Carol Jackson,2025-12-17 06:51:00,Heat Pump,HP-1800Eco,The pilot light on our HP-1800Eco keeps going out. Furnace won't stay on. House temperature dropping to 83°F overnight.,Jacksonville,Florida,Industrial,In Progress,Routine inspection revealed corroded heat exchanger. Cleaned coils and replaced filters. System performance improved but control board showing wear.,Email,Expired,105.11773307463599,2.1
HVAC-2025-00179,Emily Anderson,2025-07-21 12:20:00,Heat Pump,HP-2800Plus,The Heat Pump HP-2800Plus thermostat's geofencing feature stopped working. AC runs all day even when nobody is home. Wasting energy.,Los Angeles,California,Residential,In Progress,Warranty repair completed. refrigerant leak in evaporator coil was covered. Replaced control board. System tested and operational.,Email,Expired,46.58947510593071,2.4
HVAC-2025-00180,Emma Edwards,2025-11-02 10:01:00,VRF System,VRF-18000E,The VRF System (VRF-18000E) stopped providing cold air yesterday. It's blowing warm air instead. Our office is unbearable at 51°F.,Jacksonville,Florida,Industrial,Open,,Email,Active,,2.9
HVAC-2025-00181,Nicole Taylor,2025-06-26 16:29:00,Packaged HVAC Unit,PKG-9000Ultra,Preventive maintenance on our Packaged HVAC Unit PKG-9000Ultra was done poorly. Now the system is short-cycling every 9 minutes.,Albuquerque,New Mexico,Residential,Resolved,Warranty repair completed. failed control board was covered. Replaced expansion valve. System tested and operational.,Email,Expired,64.02290669516037,4.3
HVAC-2025-00182,Gary Anderson,2025-10-26 19:36:00,Air Handler,AH-3000X,Our new Air Handler AH-3000X installation is terrible. The condensate drain was connected wrong and water is leaking into the ceiling.,Sacramento,California,Residential,In Progress,Performed diagnostics on AH-3000X. defective expansion valve detected. Recommended refrigerant recharge. Customer approved repair.,Social Media,Active,156.6615744885284,3.7
HVAC-2024-00183,Joshua Hill,2024-11-25 10:42:00,Boiler,BLR-5000S,Our annual service contract for Boiler BLR-5000S has not been honored. Three scheduled visits were cancelled without notice.,Detroit,Michigan,Residential,In Progress,Warranty repair completed. refrigerant leak in evaporator coil was covered. Replaced fan motor. System tested and operational.,Chat,Expired,75.45703166378665,4.6
HVAC-2025-00184,George Turner,2025-08-21 16:45:00,Air Handler,AH-2000S,The Air Handler AH-2000S has a refrigerant leak. We can smell chemicals and the cooling has stopped. This could be a health hazard.,Kansas City,Missouri,Residential,Resolved,Multiple issues found: faulty capacitor. Complete overhaul recommended. Estimate provided to customer. Awaiting approval.,Phone,Active,18.41012615122472,2.1
HVAC-2024-00185,Janet Walker,2024-12-15 22:27:00,Furnace,FRN-7500Pro,My Furnace model FRN-7500Pro is not cooling at all. The house temperature is 42°F and it won't go below that. We've been suffering in this heat for 21 days now.,Buffalo,New York,Commercial,Resolved,,Phone,Expired,5.21851860569353,2.5
HVAC-2025-00186,Angela Stewart,2025-01-21 08:43:00,Packaged HVAC Unit,PKG-4000S,We chose the Packaged HVAC Unit PKG-4000S specifically for its energy star rating but our bills have skyrocketed by 62% this quarter.,Richmond,Virginia,Commercial,In Progress,Routine inspection revealed faulty reversing valve. Cleaned coils and replaced filters. System performance improved but filter drier showing wear.,Phone,Active,263.3568997050595,3.4
HVAC-2025-00187,Joseph Thompson,2025-01-03 10:32:00,Smart Thermostat,ST-200Eco,We've been waiting 10 days for a maintenance appointment for our Smart Thermostat ST-200Eco. No callbacks despite multiple requests.,Dallas,Texas,Industrial,In Progress,Performed diagnostics on ST-200Eco. failed ignition system detected. Recommended duct sealing and insulation. Customer approved repair.,Phone,Active,289.3775499782076,2.0
HVAC-2024-00188,Jonathan Robinson,2024-08-07 17:03:00,Furnace,FRN-8500Elite,Our Furnace FRN-8500Elite is leaking refrigerant. Green residue visible on the outdoor unit. Children play near it — very concerned about safety.,Nashville,Tennessee,Commercial,Open,Performed diagnostics on FRN-8500Elite. defective expansion valve detected. Recommended control board replacement. Customer approved repair.,Phone,Active,,2.5
HVAC-2025-00189,Janet Harris,2025-08-20 14:21:00,Air Handler,AH-5000Elite,Loud buzzing/humming noise coming from the outdoor unit AH-5000Elite. Neighbors have complained about the noise level.,Charlotte,North Carolina,Residential,Open,,Social Media,Active,,4.2
HVAC-2024-00190,Nancy Anderson,2024-02-20 09:45:00,Furnace,FRN-6000S,"Installer damaged our wall and ceiling during Furnace FRN-6000S installation. Also, the system is not balanced — one room is freezing while another is hot.",Denver,Colorado,Residential,Resolved,Routine inspection revealed damaged ductwork. Cleaned coils and replaced filters. System performance improved but condenser coil showing wear.,Email,Extended,110.25655747082295,4.4
HVAC-2025-00191,Sharon Ramirez,2025-12-06 20:04:00,Packaged HVAC Unit,PKG-9000Ultra,"The PKG-9000Ultra runs continuously without cycling off, leading to massive energy bills. Something is wrong with the efficiency.",Albuquerque,New Mexico,Industrial,In Progress,Inspected unit on-site. Found dirty air filter causing restricted airflow. Replaced heat exchanger. System operational now.,Email,Expired,43.565193706677924,3.6
HVAC-2025-00192,Dorothy Nelson,2025-07-16 19:25:00,Heat Pump,HP-4200Max,Maintenance was performed on HP-4200Max but the filter was not replaced and the coils were not cleaned. Paid full price for incomplete work.,Dallas,Texas,Residential,Open,Inspected unit on-site. Found dirty air filter causing restricted airflow. Replaced reversing valve. System operational now.,Service Portal,Extended,,3.7
HVAC-2025-00193,David Flores,2025-08-16 08:56:00,Air Handler,AH-3000X,Our AH-3000X is supposed to be a high-efficiency unit but we're paying more than with our old system. Very misleading marketing.,Tucson,Arizona,Commercial,Open,Inspected unit on-site. Found dirty air filter causing restricted airflow. Replaced condenser coil. System operational now.,Phone,Expired,,3.5
HVAC-2024-00194,Michael Flores,2024-04-02 10:31:00,Boiler,BLR-8000HE,"The Boiler BLR-8000HE was installed incorrectly. Ductwork is leaking air, and the unit was placed in the wrong location.",Houston,Texas,Residential,Closed,,Phone,Expired,25.408188300996216,2.5
HVAC-2024-00195,Jeffrey Young,2024-05-25 07:37:00,Heat Pump,HP-4200Max,Extended warranty for Heat Pump HP-4200Max was supposed to cover all parts and labor. Now they're saying refrigerant isn't covered.,New York,New York,Residential,Open,Multiple issues found: dirty air filter causing restricted airflow. Complete overhaul recommended. Estimate provided to customer. Awaiting approval.,Phone,Expired,,1.8
HVAC-2025-00196,Benjamin Hill,2025-02-17 20:26:00,Central Air Conditioner,CAC-5000Pro,The Central Air Conditioner CAC-5000Pro has a refrigerant leak. We can smell chemicals and the cooling has stopped. This could be a health hazard.,Portland,Oregon,Industrial,Resolved,Routine inspection revealed cracked heat exchanger. Cleaned coils and replaced filters. System performance improved but drain pan showing wear.,Phone,Active,60.986740918620505,2.9
HVAC-2025-00197,Daniel Lee,2025-01-10 12:27:00,Central Air Conditioner,CAC-6000Ultra,Our CAC-6000Ultra has developed a loud rattling sound when it cycles on. The noise level is unbearable and affects our daily life.,Nashville,Tennessee,Residential,Escalated,Performed diagnostics on CAC-6000Ultra. defective expansion valve detected. Recommended coil replacement. Customer approved repair.,Survey,Active,,4.8
HVAC-2024-00198,Ryan Harris,2024-06-03 21:37:00,Boiler,BLR-7000E,The Boiler BLR-7000E smart thermostat keeps disconnecting from WiFi. Cannot control temperature remotely anymore.,Albuquerque,New Mexico,Residential,Resolved,Emergency service call. Found faulty capacitor. Temporary fix applied. Permanent repair requires expansion valve — on backorder.,Phone,Expired,66.40393107417476,3.1
HVAC-2024-00199,Jack Young,2024-12-03 19:54:00,Packaged HVAC Unit,PKG-5500Pro,We've been waiting 2 days for a maintenance appointment for our Packaged HVAC Unit PKG-5500Pro. No callbacks despite multiple requests.,Louisville,Kentucky,Residential,Closed,Routine inspection revealed blocked condenser coil. Cleaned coils and replaced filters. System performance improved but evaporator coil showing wear.,Chat,Extended,99.56804809538471,4.2
HVAC-2024-00200,Michelle Lee,2024-07-18 06:44:00,Air Handler,AH-3500E,The heat pump AH-3500E is not providing adequate heating. House is at 95°F despite thermostat set to 72°F. Very concerned about pipes freezing.,Raleigh,North Carolina,Industrial,Open,Unit is beyond repair. worn compressor bearings too severe. Recommended full system replacement with latest VRF-25000Ultra system.,Phone,Expired,,2.5
HVAC-2024-00201,George Reyes,2024-09-26 08:39:00,VRF System,VRF-18000E,Our electricity bill has increased by 38% since installing the VRF System VRF-18000E. This unit was supposed to be energy efficient.,Sacramento,California,Commercial,Open,Unit is beyond repair. thermostat malfunction too severe. Recommended full system replacement with latest VRF-25000Ultra system.,Service Portal,Expired,,2.3
HVAC-2025-00202,Donna Edwards,2025-08-02 08:23:00,Smart Thermostat,ST-700Ultra,"After maintenance on our ST-700Ultra, the system performance got worse. The technician may have damaged something.",Indianapolis,Indiana,Residential,Resolved,Emergency service call. Found failed control board. Temporary fix applied. Permanent repair requires igniter — on backorder.,CRM,Expired,182.46466909710404,4.5
HVAC-2024-00203,Eric Nelson,2024-06-16 17:26:00,Heat Pump,HP-3500Elite,The maintenance technician for our HP-3500Elite didn't bring the right parts and left the job incomplete. Still waiting for resolution.,Tucson,Arizona,Commercial,Open,Performed diagnostics on HP-3500Elite. loose electrical connections detected. Recommended full system replacement. Customer approved repair.,Phone,Active,,4.5
HVAC-2025-00204,Donald Anderson,2025-06-06 11:45:00,Smart Thermostat,ST-700Ultra,The Smart Thermostat ST-700Ultra makes a high-pitched squealing noise during operation. We cannot sleep or work from home because of it.,Richmond,Virginia,Residential,Closed,Warranty repair completed. low refrigerant charge was covered. Replaced blower motor. System tested and operational.,CRM,Expired,226.56475684480358,2.5
HVAC-2024-00205,Pamela Jackson,2024-12-15 16:09:00,Smart Thermostat,ST-400Plus,AC unit ST-400Plus has completely stopped cooling. Thermostat shows 66°F but the system is running constantly. Very frustrated.,Phoenix,Arizona,Industrial,Resolved,Performed diagnostics on ST-400Plus. electrical short in wiring harness detected. Recommended full system replacement. Customer approved repair.,Chat,Expired,52.471326542804746,3.3
HVAC-2025-00206,Nicole Davis,2025-07-07 06:05:00,Boiler,BLR-5000S,The Boiler BLR-5000S thermostat's geofencing feature stopped working. AC runs all day even when nobody is home. Wasting energy.,Richmond,Virginia,Commercial,Resolved,Customer complaint verified. thermostat malfunction confirmed. Ordered replacement capacitor. Follow-up scheduled in 11 days.,Service Portal,Void,137.37094503476928,3.5
HVAC-2025-00207,Emma Carter,2025-05-24 19:08:00,Smart Thermostat,ST-200Eco,Technician found a refrigerant leak in our ST-200Eco for the third time this year. Clearly a manufacturing defect in the coils.,Cincinnati,Ohio,Commercial,Open,Customer complaint verified. loose electrical connections confirmed. Ordered replacement refrigerant line set. Follow-up scheduled in 13 days.,Email,Void,,1.7
HVAC-2025-00208,Andrew Turner,2025-05-08 06:50:00,Air Handler,AH-2000S,"After the technician visited last week, the AH-2000S still isn't cooling properly. This is our 3rd service call for the same issue.",Phoenix,Arizona,Residential,In Progress,,Chat,Expired,24.365015590379578,2.8
HVAC-2025-00209,Samantha Martinez,2025-01-15 10:22:00,Ductless Mini-Split,DMS-1200Q,The Ductless Mini-Split (DMS-1200Q) stopped providing cold air yesterday. It's blowing warm air instead. Our office is unbearable at 86°F.,Boston,Massachusetts,Residential,Resolved,Multiple issues found: worn compressor bearings. Complete overhaul recommended. Estimate provided to customer. Awaiting approval.,Chat,Void,11.989243712547541,2.1
HVAC-2025-00210,Shirley Anderson,2025-09-11 11:06:00,Furnace,FRN-9800HE,"Installer damaged our wall and ceiling during Furnace FRN-9800HE installation. Also, the system is not balanced — one room is freezing while another is hot.",San Francisco,California,Residential,In Progress,Performed diagnostics on FRN-9800HE. compressor failure detected. Recommended duct sealing and insulation. Customer approved repair.,Phone,Extended,104.6022509418656,4.5
HVAC-2024-00211,Kathleen Parker,2024-02-23 13:19:00,Heat Pump,HP-2200DX,The indoor unit of our Heat Pump HP-2200DX produces a constant whistling noise. Very annoying and disruptive.,Minneapolis,Minnesota,Residential,Closed,Performed diagnostics on HP-2200DX. frozen evaporator coil detected. Recommended compressor swap. Customer approved repair.,Email,Extended,44.64487970990818,2.1
HVAC-2025-00212,Mary Ramirez,2025-10-19 17:22:00,Heat Pump,HP-2200DX,My Heat Pump model HP-2200DX is not cooling at all. The house temperature is 68°F and it won't go below that. We've been suffering in this heat for 4 days now.,Boston,Massachusetts,Industrial,Escalated,Emergency service call. Found corroded heat exchanger. Temporary fix applied. Permanent repair requires flame sensor — on backorder.,Chat,Expired,,3.1
HVAC-2025-00213,Joseph Roberts,2025-06-04 20:07:00,Packaged HVAC Unit,PKG-5500Pro,We chose the Packaged HVAC Unit PKG-5500Pro specifically for its energy star rating but our bills have skyrocketed by 75% this quarter.,Louisville,Kentucky,Residential,Escalated,Multiple issues found: dirty air filter causing restricted airflow. Complete overhaul recommended. Estimate provided to customer. Awaiting approval.,Social Media,Expired,,3.0
HVAC-2024-00214,Lisa Rodriguez,2024-07-13 20:33:00,VRF System,VRF-25000Ultra,Heating failure on our commercial VRF-25000Ultra. Building occupants complaining about 52°F temperatures. Multiple offices affected.,Atlanta,Georgia,Residential,Resolved,,Social Media,Void,89.48899483072948,3.3
HVAC-2024-00215,David Murphy,2024-07-25 20:06:00,Ductless Mini-Split,DMS-900Eco,Our DMS-900Eco has developed a loud rattling sound when it cycles on. The noise level is unbearable and affects our daily life.,Denver,Colorado,Residential,Resolved,Routine inspection revealed dirty air filter causing restricted airflow. Cleaned coils and replaced filters. System performance improved but flame sensor showing wear.,Chat,Active,40.66991199551417,2.2
HVAC-2024-00216,Joshua Perez,2024-07-14 09:24:00,Furnace,FRN-8500Elite,We chose the Furnace FRN-8500Elite specifically for its energy star rating but our bills have skyrocketed by 24% this quarter.,Tucson,Arizona,Residential,Resolved,Warranty repair completed. worn compressor bearings was covered. Replaced reversing valve. System tested and operational.,Email,Active,190.58662855838844,4.6
HVAC-2024-00217,Brian Rivera,2024-05-19 07:08:00,Furnace,FRN-6000S,The FRN-6000S installation crew was unprofessional and left refrigerant lines exposed. System is now leaking refrigerant.,Columbus,Ohio,Residential,Resolved,Warranty repair completed. failed ignition system was covered. Replaced heat exchanger. System tested and operational.,Phone,Extended,59.96607001434292,2.3
HVAC-2025-00218,Richard Clark,2025-07-09 06:44:00,Central Air Conditioner,CAC-5000Pro,Our CAC-5000Pro has developed a loud rattling sound when it cycles on. The noise level is unbearable and affects our daily life.,Jacksonville,Florida,Commercial,Closed,Multiple issues found: refrigerant leak in evaporator coil. Complete overhaul recommended. Estimate provided to customer. Awaiting approval.,Email,Active,195.79267549555016,4.4
HVAC-2024-00219,Joshua Hill,2024-09-23 09:37:00,Rooftop Unit,RTU-15000Ultra,Our RTU-15000Ultra has developed a loud rattling sound when it cycles on. The noise level is unbearable and affects our daily life.,Sacramento,California,Residential,Resolved,Routine inspection revealed failed ignition system. Cleaned coils and replaced filters. System performance improved but heat exchanger showing wear.,Chat,Expired,121.91980776916276,2.2
HVAC-2025-00220,Kenneth Rodriguez,2025-12-19 07:33:00,Rooftop Unit,RTU-15000Ultra,Installation team left a mess and didn't complete the RTU-15000Ultra installation properly. Wires are exposed and the unit vibrates excessively.,Los Angeles,California,Residential,Open,Performed diagnostics on RTU-15000Ultra. failed ignition system detected. Recommended system recalibration. Customer approved repair.,Phone,Expired,,3.3
HVAC-2025-00221,William Green,2025-03-05 06:16:00,Air Handler,AH-2000S,Preventive maintenance on our Air Handler AH-2000S was done poorly. Now the system is short-cycling every 5 minutes.,Charlotte,North Carolina,Commercial,In Progress,Warranty repair completed. defective expansion valve was covered. Replaced relay switch. System tested and operational.,CRM,Void,167.35616469809912,2.1
HVAC-2024-00222,Christopher Wilson,2024-04-08 09:49:00,Heat Pump,HP-4200Max,We've been waiting 22 days for a maintenance appointment for our Heat Pump HP-4200Max. No callbacks despite multiple requests.,Orlando,Florida,Residential,Resolved,,Email,Expired,85.38768996927163,3.3
HVAC-2024-00223,Jonathan Walker,2024-01-27 07:44:00,Packaged HVAC Unit,PKG-4000S,"After the technician visited last week, the PKG-4000S still isn't cooling properly. This is our 4th service call for the same issue.",Portland,Oregon,Residential,Resolved,Routine inspection revealed burned-out fan motor. Cleaned coils and replaced filters. System performance improved but flame sensor showing wear.,Chat,Expired,152.1177641839463,2.9
HVAC-2025-00224,Jack Adams,2025-09-23 19:56:00,Air Handler,AH-3000X,Filed a warranty claim for our AH-3000X 6 months ago. No response from the warranty department despite 8 follow-up calls.,Chicago,Illinois,Commercial,Resolved,Inspected unit on-site. Found damaged ductwork. Replaced fan motor. System operational now.,Chat,Active,205.49402897945015,2.2
HVAC-2025-00225,Nancy Gomez,2025-08-15 21:55:00,Central Air Conditioner,CAC-3000X,The CAC-3000X installation crew was unprofessional and left refrigerant lines exposed. System is now leaking refrigerant.,Minneapolis,Minnesota,Residential,Resolved,Performed diagnostics on CAC-3000X. failed control board detected. Recommended coil replacement. Customer approved repair.,CRM,Extended,36.58085001886953,3.2
HVAC-2025-00226,Gregory Murphy,2025-06-05 08:23:00,VRF System,VRF-15000Pro,My VRF System VRF-15000Pro compressor failed after 36 months. Company refusing to honor the 15-year warranty claim.,Boston,Massachusetts,Industrial,Open,,Social Media,Expired,,1.7
HVAC-2025-00227,Frank Gomez,2025-05-08 20:58:00,Ductless Mini-Split,DMS-1800Pro,The cooling capacity of our DMS-1800Pro has dropped significantly. Rooms are at 56°F despite running 24/7. Need immediate service.,Portland,Oregon,Residential,Resolved,Unit is beyond repair. corroded heat exchanger too severe. Recommended full system replacement with newer CAC-6000Ultra model.,Email,Active,25.84560950783438,2.1
HVAC-2025-00228,Shirley Parker,2025-12-05 07:37:00,Air Handler,AH-5000Elite,Our AH-5000Elite is supposed to be a high-efficiency unit but we're paying more than with our old system. Very misleading marketing.,New York,New York,Residential,Resolved,Inspected unit on-site. Found compressor failure. Replaced reversing valve. System operational now.,Service Portal,Extended,51.26960704777045,3.0
HVAC-2025-00229,Amy Garcia,2025-11-02 12:09:00,Heat Pump,HP-1800Eco,My Heat Pump model HP-1800Eco is not cooling at all. The house temperature is 46°F and it won't go below that. We've been suffering in this heat for 16 days now.,Las Vegas,Nevada,Residential,Open,Performed diagnostics on HP-1800Eco. thermostat malfunction detected. Recommended coil replacement. Customer approved repair.,Phone,Expired,,3.5
HVAC-2024-00230,Andrew Thomas,2024-11-19 06:33:00,Rooftop Unit,RTU-6000S,The RTU-6000S was installed 2 weeks ago but the installer used the wrong size ducts. System is extremely inefficient now.,Pittsburgh,Pennsylvania,Residential,Closed,,Phone,Expired,19.466056715907918,3.0
HVAC-2025-00231,Stephanie Lopez,2025-11-11 07:47:00,VRF System,VRF-20000X,The indoor unit of our VRF System VRF-20000X produces a constant whistling noise. Very annoying and disruptive.,Dallas,Texas,Residential,Resolved,Inspected unit on-site. Found blocked condenser coil. Replaced refrigerant line set. System operational now.,Phone,Active,86.74628356498606,4.3
HVAC-2025-00232,Jennifer Baker,2025-07-16 14:36:00,Ductless Mini-Split,DMS-1800Pro,"After the technician visited last week, the DMS-1800Pro still isn't cooling properly. This is our 4th service call for the same issue.",St. Louis,Missouri,Residential,Escalated,Performed diagnostics on DMS-1800Pro. low refrigerant charge detected. Recommended warranty claim processing. Customer approved repair.,CRM,Expired,,2.4
HVAC-2024-00233,Nicholas Williams,2024-01-17 09:32:00,Ductless Mini-Split,DMS-1800Pro,Electrical failure in DMS-1800Pro. Circuit breaker keeps tripping. Possible fire hazard. Need emergency service immediately.,Salt Lake City,Utah,Residential,Resolved,Emergency service call. Found worn compressor bearings. Temporary fix applied. Permanent repair requires contactor — on backorder.,Social Media,Extended,43.94400100464748,2.2
HVAC-2024-00234,Nicole Morales,2024-04-14 06:00:00,Boiler,BLR-6500Pro,AC unit BLR-6500Pro has completely stopped cooling. Thermostat shows 91°F but the system is running constantly. Very frustrated.,Milwaukee,Wisconsin,Residential,In Progress,Multiple issues found: corroded heat exchanger. Complete overhaul recommended. Estimate provided to customer. Awaiting approval.,Email,Expired,146.4800054420948,3.4
HVAC-2025-00235,Laura Young,2025-01-05 21:27:00,VRF System,VRF-25000Ultra,"After annual maintenance, our VRF System VRF-25000Ultra stopped heating. Now at 89°F. This was working fine before the tech came.",Houston,Texas,Residential,Closed,Warranty repair completed. burned-out fan motor was covered. Replaced expansion valve. System tested and operational.,Social Media,Expired,59.23552679744158,1.5
HVAC-2025-00236,Amy Hall,2025-08-08 07:33:00,VRF System,VRF-10000S,Our VRF System VRF-10000S stopped heating entirely during the coldest week of winter. Indoor temp dropped to 59°F. This is a safety concern.,Houston,Texas,Residential,In Progress,Inspected unit on-site. Found defective expansion valve. Replaced heat exchanger. System operational now.,Phone,Extended,51.2222200551524,2.4
HVAC-2025-00237,Christine Morris,2025-07-24 18:26:00,Air Handler,AH-3000X,Installation team left a mess and didn't complete the AH-3000X installation properly. Wires are exposed and the unit vibrates excessively.,Columbus,Ohio,Commercial,Escalated,,CRM,Expired,,4.2
HVAC-2024-00238,Jennifer Wright,2024-02-26 08:21:00,Ductless Mini-Split,DMS-1800Pro,Brand new Ductless Mini-Split DMS-1800Pro installed 8 weeks ago cannot maintain temperature below 44°F. Extremely disappointed.,Salt Lake City,Utah,Residential,In Progress,,Chat,Expired,166.9607027755169,3.1
HVAC-2025-00239,James Young,2025-08-25 22:31:00,Rooftop Unit,RTU-10000E,Our Rooftop Unit RTU-10000E lost all refrigerant. The system is 4 months old. Suspected manufacturing defect in the line set.,Chicago,Illinois,Residential,Resolved,Customer complaint verified. corroded heat exchanger confirmed. Ordered replacement control board. Follow-up scheduled in 5 days.,CRM,Active,25.823058976343248,2.9
HVAC-2025-00240,Sharon Davis,2025-12-01 20:09:00,Boiler,BLR-5000S,The Boiler BLR-5000S parts warranty should cover this repair but the dealer says it's a labor issue. Total runaround for 5 weeks.,Phoenix,Arizona,Commercial,Resolved,Emergency service call. Found burned-out fan motor. Temporary fix applied. Permanent repair requires contactor — on backorder.,Phone,Active,139.74148477671991,2.2
HVAC-2024-00241,Kevin Roberts,2024-06-18 20:44:00,Central Air Conditioner,CAC-5000Pro,Banging noises from the ductwork connected to CAC-5000Pro every time the system starts. Sounds like something is loose inside.,Indianapolis,Indiana,Industrial,Escalated,Multiple issues found: compressor failure. Complete overhaul recommended. Estimate provided to customer. Awaiting approval.,Email,Active,,2.1
HVAC-2024-00242,Ryan Baker,2024-02-27 17:16:00,Furnace,FRN-5500E,We chose the Furnace FRN-5500E specifically for its energy star rating but our bills have skyrocketed by 54% this quarter.,Oklahoma City,Oklahoma,Residential,Open,Routine inspection revealed failed control board. Cleaned coils and replaced filters. System performance improved but blower motor showing wear.,Social Media,Active,,4.2
HVAC-2024-00243,Linda Diaz,2024-09-11 22:37:00,VRF System,VRF-18000E,"Total system failure on our VRF-18000E. Fan motor, compressor, and control board all failed simultaneously. Suspecting electrical issue.",Los Angeles,California,Commercial,Resolved,,Phone,Expired,99.75564027296191,1.2
HVAC-2025-00244,Jessica Evans,2025-07-05 22:55:00,Boiler,BLR-6500Pro,Filed a warranty claim for our BLR-6500Pro 34 months ago. No response from the warranty department despite 13 follow-up calls.,Louisville,Kentucky,Residential,In Progress,Warranty repair completed. cracked heat exchanger was covered. Replaced evaporator coil. System tested and operational.,Email,Expired,317.65481602669325,1.6
HVAC-2025-00245,Laura Baker,2025-06-10 12:11:00,Smart Thermostat,ST-400Plus,The cooling capacity of our ST-400Plus has dropped significantly. Rooms are at 40°F despite running 24/7. Need immediate service.,Albuquerque,New Mexico,Residential,Resolved,,Phone,Active,82.91293497369952,2.1
HVAC-2025-00246,Patricia Flores,2025-08-08 18:21:00,Boiler,BLR-7000E,Our BLR-7000E thermostat app shows 'Device Offline' constantly. Have reset the router and thermostat multiple times.,Richmond,Virginia,Residential,Resolved,,Email,Active,37.03780433559991,2.5
HVAC-2025-00247,Kenneth Carter,2025-10-03 16:25:00,Heat Pump,HP-2800Plus,Scheduled maintenance for Heat Pump HP-2800Plus was missed twice. No one contacted us to reschedule. Very poor service.,Cincinnati,Ohio,Residential,Closed,Performed diagnostics on HP-2800Plus. compressor failure detected. Recommended electrical rewiring. Customer approved repair.,Phone,Expired,144.09914690174662,4.6
HVAC-2025-00248,Joseph Wright,2025-02-09 18:52:00,Heat Pump,HP-2200DX,Heating system HP-2200DX fails to ignite. We've tried resetting multiple times. Temperature is dangerously low at 56°F.,Denver,Colorado,Residential,In Progress,Inspected unit on-site. Found refrigerant leak in evaporator coil. Replaced blower motor. System operational now.,Chat,Active,62.01731028245401,2.5
HVAC-2025-00249,Ashley Diaz,2025-09-19 19:28:00,Boiler,BLR-7000E,"After the technician visited last week, the BLR-7000E still isn't cooling properly. This is our 3rd service call for the same issue.",Atlanta,Georgia,Commercial,Resolved,,Survey,Active,92.6321197568672,1.8
HVAC-2024-00250,Kenneth Baker,2024-09-10 08:25:00,Rooftop Unit,RTU-6000S,"Complete system failure of our Rooftop Unit RTU-6000S. No power, no response, totally dead. Building has no climate control.",Denver,Colorado,Commercial,Resolved,Multiple issues found: loose electrical connections. Complete overhaul recommended. Estimate provided to customer. Awaiting approval.,Service Portal,Extended,26.880320802573458,2.0
HVAC-2025-00251,Gregory Thomas,2025-03-25 18:34:00,Boiler,BLR-5000S,"After maintenance on our BLR-5000S, the system performance got worse. The technician may have damaged something.",Atlanta,Georgia,Commercial,Resolved,,Phone,Active,280.92350759853844,4.0
HVAC-2025-00252,Emily Murphy,2025-04-12 07:17:00,Air Handler,AH-3500E,Loud buzzing/humming noise coming from the outdoor unit AH-3500E. Neighbors have complained about the noise level.,Albuquerque,New Mexico,Industrial,Resolved,Routine inspection revealed low refrigerant charge. Cleaned coils and replaced filters. System performance improved but condenser coil showing wear.,Phone,Active,277.3284983739781,3.2
HVAC-2025-00253,Emily Thomas,2025-01-22 20:00:00,Ductless Mini-Split,DMS-1500S,AC unit DMS-1500S has completely stopped cooling. Thermostat shows 42°F but the system is running constantly. Very frustrated.,Salt Lake City,Utah,Commercial,Closed,,Phone,Void,74.93790014439831,3.5
HVAC-2025-00254,Benjamin Nelson,2025-12-03 13:12:00,Boiler,BLR-9500Ultra,SEER rating of our Boiler BLR-9500Ultra seems much lower than advertised. Energy consumption is 21% higher than expected.,Boston,Massachusetts,Residential,Open,Emergency service call. Found thermostat malfunction. Temporary fix applied. Permanent repair requires fan motor — on backorder.,Chat,Active,,2.1
HVAC-2024-00255,Susan Davis,2024-02-02 18:20:00,Ductless Mini-Split,DMS-1200Q,Filed a warranty claim for our DMS-1200Q 4 months ago. No response from the warranty department despite 10 follow-up calls.,Dallas,Texas,Commercial,Open,,CRM,Active,,1.6
HVAC-2024-00256,Pamela Taylor,2024-12-15 22:21:00,Packaged HVAC Unit,PKG-4000S,The maintenance technician for our PKG-4000S didn't bring the right parts and left the job incomplete. Still waiting for resolution.,Cincinnati,Ohio,Residential,Open,,Chat,Active,,2.6
HVAC-2025-00257,Linda Walker,2025-12-10 10:09:00,Packaged HVAC Unit,PKG-9000Ultra,The maintenance technician for our PKG-9000Ultra didn't bring the right parts and left the job incomplete. Still waiting for resolution.,Jacksonville,Florida,Residential,In Progress,,Email,Active,200.35229128389054,4.0
HVAC-2024-00258,Kevin Carter,2024-05-15 07:31:00,Rooftop Unit,RTU-12000X,The RTU-12000X was installed 11 weeks ago but the installer used the wrong size ducts. System is extremely inefficient now.,Seattle,Washington,Industrial,Resolved,Multiple issues found: failed ignition system. Complete overhaul recommended. Estimate provided to customer. Awaiting approval.,Social Media,Expired,38.9547152459556,3.4
HVAC-2025-00259,Sarah Carter,2025-03-24 11:21:00,Furnace,FRN-9800HE,The pilot light on our FRN-9800HE keeps going out. Furnace won't stay on. House temperature dropping to 38°F overnight.,Buffalo,New York,Residential,In Progress,Inspected unit on-site. Found compressor failure. Replaced condenser coil. System operational now.,Phone,Active,13.940445605496041,3.2
HVAC-2025-00260,Ashley Miller,2025-08-20 19:40:00,Heat Pump,HP-1800Eco,The HP-1800Eco is consuming way too much energy. Our utility bill went from $200 to $519 per month since installation.,Portland,Oregon,Industrial,Escalated,Performed diagnostics on HP-1800Eco. burned-out fan motor detected. Recommended warranty claim processing. Customer approved repair.,Chat,Extended,,2.4
HVAC-2025-00261,Stephanie Jones,2025-09-16 22:29:00,Packaged HVAC Unit,PKG-5500Pro,Preventive maintenance on our Packaged HVAC Unit PKG-5500Pro was done poorly. Now the system is short-cycling every 3 minutes.,New York,New York,Residential,Resolved,,Social Media,Expired,170.2917843117764,2.8
HVAC-2025-00262,Samuel Martinez,2025-01-14 20:29:00,Ductless Mini-Split,DMS-2400Max,The heat pump DMS-2400Max is not providing adequate heating. House is at 63°F despite thermostat set to 72°F. Very concerned about pipes freezing.,Salt Lake City,Utah,Residential,Escalated,Routine inspection revealed faulty reversing valve. Cleaned coils and replaced filters. System performance improved but filter drier showing wear.,Email,Active,,2.0
HVAC-2024-00263,Carolyn King,2024-03-22 16:16:00,Heat Pump,HP-1800Eco,The indoor unit of our Heat Pump HP-1800Eco produces a constant whistling noise. Very annoying and disruptive.,San Antonio,Texas,Commercial,Escalated,,CRM,Active,,2.4
HVAC-2025-00264,Sarah Taylor,2025-08-11 08:20:00,Packaged HVAC Unit,PKG-9000Ultra,Our Packaged HVAC Unit PKG-9000Ultra makes a clicking sound and then stops cooling. House temp is at 88°F. Children are uncomfortable.,Los Angeles,California,Residential,Closed,Warranty repair completed. failed control board was covered. Replaced filter drier. System tested and operational.,Email,Expired,143.8828364877796,1.6
HVAC-2025-00265,John Morales,2025-01-07 21:06:00,Central Air Conditioner,CAC-4000S,The pilot light on our CAC-4000S keeps going out. Furnace won't stay on. House temperature dropping to 59°F overnight.,Sacramento,California,Commercial,Resolved,Performed diagnostics on CAC-4000S. thermostat malfunction detected. Recommended electrical rewiring. Customer approved repair.,CRM,Active,14.308954936537832,2.6
HVAC-2024-00266,Betty Collins,2024-06-13 12:08:00,Ductless Mini-Split,DMS-1200Q,"After the technician visited last week, the DMS-1200Q still isn't cooling properly. This is our 3rd service call for the same issue.",San Francisco,California,Residential,Escalated,Unit is beyond repair. dirty air filter causing restricted airflow too severe. Recommended full system replacement with commercial-grade RTU-15000Ultra.,Social Media,Active,,2.1
HVAC-2024-00267,Jennifer Walker,2024-08-14 13:11:00,Central Air Conditioner,CAC-5000Pro,Heating failure on our commercial CAC-5000Pro. Building occupants complaining about 42°F temperatures. Multiple offices affected.,Cleveland,Ohio,Commercial,Resolved,Customer complaint verified. frozen evaporator coil confirmed. Ordered replacement refrigerant line set. Follow-up scheduled in 7 days.,Service Portal,Active,69.09660137648159,2.3
HVAC-2025-00268,Sarah Adams,2025-07-01 08:40:00,Furnace,FRN-6000S,Our FRN-6000S failed within the first year and the company is blaming us for the failure. This is clearly a manufacturing defect.,Memphis,Tennessee,Residential,Resolved,Multiple issues found: cracked heat exchanger. Complete overhaul recommended. Estimate provided to customer. Awaiting approval.,CRM,Active,11.521854536225499,1.2
HVAC-2024-00269,Samantha Wilson,2024-02-22 14:09:00,Boiler,BLR-9500Ultra,"The BLR-9500Ultra runs continuously without cycling off, leading to massive energy bills. Something is wrong with the efficiency.",Tucson,Arizona,Residential,In Progress,Customer complaint verified. corroded heat exchanger confirmed. Ordered replacement blower motor. Follow-up scheduled in 3 days.,Phone,Expired,78.90261185910603,4.1
HVAC-2024-00270,Anna Gomez,2024-12-26 11:46:00,Packaged HVAC Unit,PKG-4000S,The Packaged HVAC Unit PKG-4000S is making an extremely loud grinding noise that wakes us up at night. It's been going on for 1 days.,Boston,Massachusetts,Residential,Resolved,Inspected unit on-site. Found thermostat malfunction. Replaced condenser coil. System operational now.,CRM,Active,213.58595053979448,3.9
HVAC-2025-00271,Kevin Thompson,2025-06-04 11:16:00,Heat Pump,HP-3500Elite,Technician found a refrigerant leak in our HP-3500Elite for the third time this year. Clearly a manufacturing defect in the coils.,Chicago,Illinois,Commercial,Closed,Customer complaint verified. damaged ductwork confirmed. Ordered replacement flame sensor. Follow-up scheduled in 2 days.,Social Media,Expired,116.73928863574531,2.4
HVAC-2024-00272,Jack Nelson,2024-01-12 21:18:00,Smart Thermostat,ST-200Eco,Scheduled maintenance for Smart Thermostat ST-200Eco was missed twice. No one contacted us to reschedule. Very poor service.,Los Angeles,California,Residential,In Progress,Routine inspection revealed failed control board. Cleaned coils and replaced filters. System performance improved but contactor showing wear.,Phone,Void,204.16866186443602,4.8
HVAC-2024-00273,Christopher Clark,2024-08-20 18:33:00,Smart Thermostat,ST-500AI,"After the technician visited last week, the ST-500AI still isn't cooling properly. This is our 5th service call for the same issue.",Orlando,Florida,Residential,Resolved,,Phone,Expired,160.40043514642366,1.6
HVAC-2025-00274,Kathleen Williams,2025-11-03 17:25:00,Furnace,FRN-5500E,We purchased the Furnace FRN-5500E 6 months ago and it's already failing to cool. Temperature stuck at 53°F. Unacceptable quality.,Kansas City,Missouri,Residential,Resolved,Routine inspection revealed frozen evaporator coil. Cleaned coils and replaced filters. System performance improved but refrigerant line set showing wear.,Chat,Expired,128.6932121631806,3.1
HVAC-2024-00275,Stephanie Turner,2024-08-11 10:45:00,Air Handler,AH-3000X,Integration between AH-3000X and our home automation system broke after the last update. None of the smart features work now.,Jacksonville,Florida,Residential,Closed,,Phone,Extended,247.56091456050638,3.1
HVAC-2025-00276,Kimberly Collins,2025-08-24 13:15:00,Smart Thermostat,ST-200Eco,R-410A refrigerant leak detected in ST-200Eco. Cooling performance has degraded and we're worried about environmental impact.,Jacksonville,Florida,Residential,Escalated,Multiple issues found: worn compressor bearings. Complete overhaul recommended. Estimate provided to customer. Awaiting approval.,Chat,Expired,,2.3
HVAC-2025-00277,Christopher Wright,2025-07-19 15:46:00,Furnace,FRN-6000S,Technician found a refrigerant leak in our FRN-6000S for the third time this year. Clearly a manufacturing defect in the coils.,Raleigh,North Carolina,Commercial,Closed,Emergency service call. Found cracked heat exchanger. Temporary fix applied. Permanent repair requires evaporator coil — on backorder.,CRM,Active,69.56818005181515,2.6
HVAC-2024-00278,Benjamin Wilson,2024-07-15 12:11:00,Air Handler,AH-2000S,The Air Handler AH-2000S smart thermostat keeps disconnecting from WiFi. Cannot control temperature remotely anymore.,Los Angeles,California,Residential,In Progress,Performed diagnostics on AH-2000S. corroded heat exchanger detected. Recommended coil replacement. Customer approved repair.,Survey,Active,303.94563876010403,3.2
HVAC-2024-00279,Nicole Diaz,2024-09-04 12:33:00,Furnace,FRN-9800HE,The Furnace FRN-9800HE parts warranty should cover this repair but the dealer says it's a labor issue. Total runaround for 5 weeks.,Phoenix,Arizona,Residential,Resolved,Inspected unit on-site. Found refrigerant leak in evaporator coil. Replaced reversing valve. System operational now.,Service Portal,Active,167.3837787748875,2.1
HVAC-2025-00280,Jack Adams,2025-06-17 19:42:00,Smart Thermostat,ST-700Ultra,The indoor unit of our Smart Thermostat ST-700Ultra produces a constant whistling noise. Very annoying and disruptive.,Los Angeles,California,Residential,Resolved,Performed diagnostics on ST-700Ultra. compressor failure detected. Recommended duct sealing and insulation. Customer approved repair.,Service Portal,Active,215.8789546351689,4.6
HVAC-2024-00281,Joseph Morris,2024-11-05 21:50:00,Ductless Mini-Split,DMS-1500S,"The DMS-1500S runs continuously without cycling off, leading to massive energy bills. Something is wrong with the efficiency.",Atlanta,Georgia,Residential,Resolved,,Chat,Extended,63.12133525328347,3.3
HVAC-2024-00282,Scott Rodriguez,2024-07-22 10:59:00,Ductless Mini-Split,DMS-1800Pro,The DMS-1800Pro is consuming way too much energy. Our utility bill went from $100 to $417 per month since installation.,Richmond,Virginia,Commercial,Resolved,,Survey,Active,81.40843911188709,3.7
HVAC-2024-00283,Jason Green,2024-12-19 17:08:00,Air Handler,AH-5000Elite,Maintenance was performed on AH-5000Elite but the filter was not replaced and the coils were not cleaned. Paid full price for incomplete work.,Orlando,Florida,Industrial,Resolved,,Phone,Active,183.6777972450354,4.5
HVAC-2025-00284,Margaret Murphy,2025-06-05 07:38:00,Furnace,FRN-5500E,The Furnace FRN-5500E thermostat's geofencing feature stopped working. AC runs all day even when nobody is home. Wasting energy.,Orlando,Florida,Residential,Closed,,Phone,Void,239.7393038590461,3.4
HVAC-2025-00285,Justin Miller,2025-12-13 08:33:00,Air Handler,AH-3000X,The pilot light on our AH-3000X keeps going out. Furnace won't stay on. House temperature dropping to 47°F overnight.,Tampa,Florida,Residential,Closed,Inspected unit on-site. Found electrical short in wiring harness. Replaced heat exchanger. System operational now.,Social Media,Expired,13.48370886926562,2.1
HVAC-2024-00286,Jessica Baker,2024-01-22 10:24:00,Packaged HVAC Unit,PKG-4000S,Our PKG-4000S failed within the first year and the company is blaming us for the failure. This is clearly a manufacturing defect.,Salt Lake City,Utah,Commercial,In Progress,,Phone,Active,163.43124761372493,2.4
HVAC-2024-00287,Emma White,2024-01-03 09:31:00,Furnace,FRN-8500Elite,"After maintenance on our FRN-8500Elite, the system performance got worse. The technician may have damaged something.",Oklahoma City,Oklahoma,Residential,Resolved,Warranty repair completed. dirty air filter causing restricted airflow was covered. Replaced reversing valve. System tested and operational.,Service Portal,Expired,235.54207954166714,2.3
HVAC-2024-00288,Steven Jones,2024-12-06 11:00:00,Air Handler,AH-2000S,Banging noises from the ductwork connected to AH-2000S every time the system starts. Sounds like something is loose inside.,Buffalo,New York,Residential,In Progress,Customer complaint verified. worn compressor bearings confirmed. Ordered replacement relay switch. Follow-up scheduled in 13 days.,Phone,Expired,222.0660841232312,2.3
HVAC-2025-00289,Sarah Ramirez,2025-12-20 22:13:00,Heat Pump,HP-2800Plus,The cooling capacity of our HP-2800Plus has dropped significantly. Rooms are at 61°F despite running 24/7. Need immediate service.,Chicago,Illinois,Commercial,Open,Performed diagnostics on HP-2800Plus. failed ignition system detected. Recommended refrigerant recharge. Customer approved repair.,Phone,Active,,1.9
HVAC-2024-00290,Nicole Lee,2024-06-18 12:04:00,Packaged HVAC Unit,PKG-5500Pro,Maintenance was performed on PKG-5500Pro but the filter was not replaced and the coils were not cleaned. Paid full price for incomplete work.,Charlotte,North Carolina,Industrial,Resolved,,Phone,Active,223.6003213857779,4.5
HVAC-2024-00291,Michelle Morales,2024-02-09 06:06:00,Furnace,FRN-6000S,The indoor unit of our Furnace FRN-6000S produces a constant whistling noise. Very annoying and disruptive.,Kansas City,Missouri,Industrial,In Progress,Customer complaint verified. thermostat malfunction confirmed. Ordered replacement fan motor. Follow-up scheduled in 7 days.,Service Portal,Extended,48.50914557009851,3.6
HVAC-2025-00292,Patrick Mitchell,2025-07-16 10:16:00,Smart Thermostat,ST-400Plus,The cooling capacity of our ST-400Plus has dropped significantly. Rooms are at 73°F despite running 24/7. Need immediate service.,Phoenix,Arizona,Commercial,Resolved,,Social Media,Active,97.07996711588851,2.0
HVAC-2024-00293,Jason Moore,2024-08-24 13:05:00,Ductless Mini-Split,DMS-1500S,"The DMS-1500S runs continuously without cycling off, leading to massive energy bills. Something is wrong with the efficiency.",Boston,Massachusetts,Commercial,Open,Routine inspection revealed clogged condensate drain. Cleaned coils and replaced filters. System performance improved but blower motor showing wear.,Phone,Void,,2.0
HVAC-2025-00294,Lisa Mitchell,2025-08-06 22:57:00,Rooftop Unit,RTU-10000E,The RTU-10000E installation crew was unprofessional and left refrigerant lines exposed. System is now leaking refrigerant.,Seattle,Washington,Residential,Resolved,,Phone,Active,12.3486765721921,3.5
HVAC-2025-00295,Mary Gonzalez,2025-12-02 17:00:00,Smart Thermostat,ST-300Pro,The Smart Thermostat ST-300Pro main board is fried after a power surge. System completely down for our 15-floor office building.,Cleveland,Ohio,Residential,In Progress,Unit is beyond repair. loose electrical connections too severe. Recommended full system replacement with newer CAC-6000Ultra model.,Phone,Active,87.24716371272959,1.8
HVAC-2025-00296,Jennifer Moore,2025-02-22 20:10:00,Ductless Mini-Split,DMS-1200Q,"Installer damaged our wall and ceiling during Ductless Mini-Split DMS-1200Q installation. Also, the system is not balanced — one room is freezing while another is hot.",Minneapolis,Minnesota,Residential,Resolved,Routine inspection revealed low refrigerant charge. Cleaned coils and replaced filters. System performance improved but contactor showing wear.,Email,Extended,36.54819734505686,2.6
HVAC-2024-00297,Scott Johnson,2024-02-26 06:08:00,Smart Thermostat,ST-500AI,Our ST-500AI has developed a loud rattling sound when it cycles on. The noise level is unbearable and affects our daily life.,Detroit,Michigan,Residential,Open,Multiple issues found: dirty air filter causing restricted airflow. Complete overhaul recommended. Estimate provided to customer. Awaiting approval.,Social Media,Active,,3.3
HVAC-2024-00298,Stephanie Jones,2024-10-16 09:44:00,Packaged HVAC Unit,PKG-9000Ultra,The PKG-9000Ultra was installed 4 weeks ago but the installer used the wrong size ducts. System is extremely inefficient now.,Oklahoma City,Oklahoma,Commercial,In Progress,,CRM,Expired,28.39108039154862,2.4
HVAC-2025-00299,Raymond Adams,2025-08-04 14:23:00,Ductless Mini-Split,DMS-1800Pro,"After annual maintenance, our Ductless Mini-Split DMS-1800Pro stopped heating. Now at 39°F. This was working fine before the tech came.",Charlotte,North Carolina,Industrial,Resolved,Multiple issues found: cracked heat exchanger. Complete overhaul recommended. Estimate provided to customer. Awaiting approval.,Phone,Extended,23.446691638416926,1.5
HVAC-2025-00300,Katherine Harris,2025-07-08 14:13:00,Boiler,BLR-5000S,The BLR-5000S furnace is blowing cold air instead of warm. It's 65°F inside and we have elderly family members at home.,Cincinnati,Ohio,Residential,Closed,Performed diagnostics on BLR-5000S. thermostat malfunction detected. Recommended refrigerant recharge. Customer approved repair.,Phone,Expired,16.201812973935855,2.7
HVAC-2024-00301,Linda Harris,2024-12-16 19:33:00,Boiler,BLR-8000HE,The BLR-8000HE furnace is blowing cold air instead of warm. It's 72°F inside and we have elderly family members at home.,Oklahoma City,Oklahoma,Commercial,In Progress,Routine inspection revealed electrical short in wiring harness. Cleaned coils and replaced filters. System performance improved but flame sensor showing wear.,Phone,Void,36.179450045246895,3.4
HVAC-2024-00302,Kimberly Hill,2024-04-01 11:36:00,Air Handler,AH-5000Elite,The Air Handler AH-5000Elite thermostat's geofencing feature stopped working. AC runs all day even when nobody is home. Wasting energy.,San Francisco,California,Commercial,Open,,Service Portal,Expired,,4.2
HVAC-2024-00303,Sarah Evans,2024-12-18 09:00:00,Packaged HVAC Unit,PKG-9000Ultra,Extended warranty for Packaged HVAC Unit PKG-9000Ultra was supposed to cover all parts and labor. Now they're saying refrigerant isn't covered.,Indianapolis,Indiana,Commercial,Closed,,Email,Void,297.94753518821466,1.4
HVAC-2024-00304,Nancy Thompson,2024-05-19 18:09:00,Packaged HVAC Unit,PKG-9000Ultra,The Packaged HVAC Unit PKG-9000Ultra has a refrigerant leak. We can smell chemicals and the cooling has stopped. This could be a health hazard.,Tucson,Arizona,Residential,Resolved,Unit is beyond repair. damaged ductwork too severe. Recommended full system replacement with upgraded HP-4200Max system.,Email,Void,13.05554533394738,1.4
HVAC-2025-00305,Benjamin Johnson,2025-02-01 09:52:00,Boiler,BLR-6500Pro,Our Boiler BLR-6500Pro heating stopped working mid-winter. We have a newborn baby and the temp is 39°F inside. URGENT help needed!,Phoenix,Arizona,Commercial,Resolved,Customer complaint verified. worn compressor bearings confirmed. Ordered replacement thermostat. Follow-up scheduled in 13 days.,Phone,Active,11.864274439092458,1.8
HVAC-2024-00306,Jason Roberts,2024-08-01 07:06:00,Central Air Conditioner,CAC-3000X,Our CAC-3000X smart thermostat firmware update bricked the device. Screen is blank and we can't control our HVAC system at all.,Richmond,Virginia,Residential,Resolved,Warranty repair completed. burned-out fan motor was covered. Replaced expansion valve. System tested and operational.,CRM,Active,307.19076360445155,2.1
HVAC-2025-00307,Amy Mitchell,2025-06-20 11:43:00,Packaged HVAC Unit,PKG-5500Pro,"After the technician visited last week, the PKG-5500Pro still isn't cooling properly. This is our 5th service call for the same issue.",Salt Lake City,Utah,Residential,Resolved,Customer complaint verified. low refrigerant charge confirmed. Ordered replacement fan motor. Follow-up scheduled in 2 days.,Email,Extended,61.135252055272126,1.7
HVAC-2025-00308,Stephen Murphy,2025-06-14 21:44:00,Heat Pump,HP-2200DX,Technician found a refrigerant leak in our HP-2200DX for the third time this year. Clearly a manufacturing defect in the coils.,Raleigh,North Carolina,Commercial,Resolved,Performed diagnostics on HP-2200DX. clogged condensate drain detected. Recommended coil replacement. Customer approved repair.,Phone,Void,110.7493785993543,1.8
HVAC-2025-00309,Linda Moore,2025-12-28 10:18:00,Boiler,BLR-7000E,"Installer damaged our wall and ceiling during Boiler BLR-7000E installation. Also, the system is not balanced — one room is freezing while another is hot.",Memphis,Tennessee,Residential,Closed,Multiple issues found: electrical short in wiring harness. Complete overhaul recommended. Estimate provided to customer. Awaiting approval.,Service Portal,Void,43.76957498908734,4.5
HVAC-2025-00310,Andrew Anderson,2025-09-24 10:47:00,Furnace,FRN-8500Elite,My Furnace model FRN-8500Elite is not cooling at all. The house temperature is 82°F and it won't go below that. We've been suffering in this heat for 14 days now.,Louisville,Kentucky,Commercial,In Progress,Customer complaint verified. failed control board confirmed. Ordered replacement fan motor. Follow-up scheduled in 2 days.,Email,Active,132.1490928959469,2.9
HVAC-2024-00311,Frank Reyes,2024-12-24 12:25:00,Central Air Conditioner,CAC-6000Ultra,AC unit CAC-6000Ultra has completely stopped cooling. Thermostat shows 70°F but the system is running constantly. Very frustrated.,Cleveland,Ohio,Residential,Resolved,Unit is beyond repair. corroded heat exchanger too severe. Recommended full system replacement with latest VRF-25000Ultra system.,CRM,Void,103.2336783859203,1.7
HVAC-2024-00312,Kathleen Garcia,2024-01-25 15:12:00,Air Handler,AH-5000Elite,Installation team left a mess and didn't complete the AH-5000Elite installation properly. Wires are exposed and the unit vibrates excessively.,Buffalo,New York,Residential,Closed,Inspected unit on-site. Found failed control board. Replaced blower motor. System operational now.,Phone,Active,97.50013512839881,2.1
HVAC-2025-00313,Debra Jackson,2025-01-16 07:18:00,Heat Pump,HP-1800Eco,My Heat Pump model HP-1800Eco is not cooling at all. The house temperature is 60°F and it won't go below that. We've been suffering in this heat for 25 days now.,Boston,Massachusetts,Residential,Resolved,Multiple issues found: cracked heat exchanger. Complete overhaul recommended. Estimate provided to customer. Awaiting approval.,CRM,Active,121.82788400335231,3.3
HVAC-2024-00314,Dorothy Lopez,2024-10-25 15:35:00,Furnace,FRN-5500E,Our FRN-5500E smart thermostat firmware update bricked the device. Screen is blank and we can't control our HVAC system at all.,Atlanta,Georgia,Residential,Resolved,Emergency service call. Found loose electrical connections. Temporary fix applied. Permanent repair requires fan motor — on backorder.,Phone,Active,30.357083468723896,3.7
HVAC-2024-00315,Debra Garcia,2024-12-15 17:32:00,Boiler,BLR-5000S,Brand new Boiler BLR-5000S installed 11 weeks ago cannot maintain temperature below 54°F. Extremely disappointed.,Cleveland,Ohio,Industrial,Resolved,,Social Media,Expired,47.10369896810511,3.3
HVAC-2025-00316,Nicole Morales,2025-11-04 08:11:00,Central Air Conditioner,CAC-5000Pro,Maintenance was performed on CAC-5000Pro but the filter was not replaced and the coils were not cleaned. Paid full price for incomplete work.,Chicago,Illinois,Industrial,Closed,Warranty repair completed. clogged condensate drain was covered. Replaced flame sensor. System tested and operational.,Survey,Active,115.82036898394422,3.0
HVAC-2024-00317,Rebecca Ramirez,2024-03-25 19:17:00,Boiler,BLR-8000HE,Our Boiler BLR-8000HE heating stopped working mid-winter. We have a newborn baby and the temp is 67°F inside. URGENT help needed!,Nashville,Tennessee,Commercial,Open,Inspected unit on-site. Found low refrigerant charge. Replaced contactor. System operational now.,Phone,Expired,,2.9
HVAC-2024-00318,Kimberly Smith,2024-03-11 16:00:00,Packaged HVAC Unit,PKG-5500Pro,Our electricity bill has increased by 36% since installing the Packaged HVAC Unit PKG-5500Pro. This unit was supposed to be energy efficient.,Detroit,Michigan,Industrial,Closed,Unit is beyond repair. low refrigerant charge too severe. Recommended full system replacement with commercial-grade RTU-15000Ultra.,Email,Active,267.78151659780866,4.0
HVAC-2025-00319,Kevin Anderson,2025-05-17 09:44:00,Furnace,FRN-8500Elite,"Total system failure on our FRN-8500Elite. Fan motor, compressor, and control board all failed simultaneously. Suspecting electrical issue.",Albuquerque,New Mexico,Commercial,Resolved,Emergency service call. Found loose electrical connections. Temporary fix applied. Permanent repair requires compressor — on backorder.,Email,Active,66.01110790856335,2.0
HVAC-2024-00320,Stephen Carter,2024-12-16 09:40:00,Boiler,BLR-9500Ultra,Our Boiler BLR-9500Ultra is leaking refrigerant. Green residue visible on the outdoor unit. Children play near it — very concerned about safety.,Tucson,Arizona,Residential,Escalated,Customer complaint verified. clogged condensate drain confirmed. Ordered replacement control board. Follow-up scheduled in 3 days.,Social Media,Extended,,2.6
HVAC-2024-00321,Ronald Harris,2024-01-26 17:53:00,Boiler,BLR-8000HE,Our Boiler BLR-8000HE makes a clicking sound and then stops cooling. House temp is at 88°F. Children are uncomfortable.,Louisville,Kentucky,Commercial,Resolved,Routine inspection revealed cracked heat exchanger. Cleaned coils and replaced filters. System performance improved but expansion valve showing wear.,Email,Void,166.8239764759185,2.0
HVAC-2024-00322,William Carter,2024-10-11 12:05:00,Air Handler,AH-3000X,Preventive maintenance on our Air Handler AH-3000X was done poorly. Now the system is short-cycling every 8 minutes.,Atlanta,Georgia,Residential,Open,Performed diagnostics on AH-3000X. worn compressor bearings detected. Recommended control board replacement. Customer approved repair.,Survey,Active,,3.6
HVAC-2024-00323,Robert Evans,2024-02-10 14:57:00,Furnace,FRN-8500Elite,Our Furnace FRN-8500Elite makes a clicking sound and then stops cooling. House temp is at 49°F. Children are uncomfortable.,New York,New York,Residential,Resolved,Performed diagnostics on FRN-8500Elite. compressor failure detected. Recommended system recalibration. Customer approved repair.,Email,Extended,68.09123421095431,2.5
HVAC-2024-00324,George Anderson,2024-07-06 22:47:00,Heat Pump,HP-3500Elite,"After the technician visited last week, the HP-3500Elite still isn't cooling properly. This is our 5th service call for the same issue.",Nashville,Tennessee,Industrial,In Progress,Inspected unit on-site. Found faulty capacitor. Replaced igniter. System operational now.,Phone,Active,87.92613423464893,1.8
HVAC-2024-00325,Laura Diaz,2024-04-22 14:25:00,Central Air Conditioner,CAC-2500E,Technician found a refrigerant leak in our CAC-2500E for the third time this year. Clearly a manufacturing defect in the coils.,Chicago,Illinois,Commercial,Escalated,Warranty repair completed. defective expansion valve was covered. Replaced contactor. System tested and operational.,Email,Extended,,2.0
HVAC-2024-00326,Kenneth Johnson,2024-06-06 16:27:00,Packaged HVAC Unit,PKG-9000Ultra,Our annual service contract for Packaged HVAC Unit PKG-9000Ultra has not been honored. Three scheduled visits were cancelled without notice.,New York,New York,Residential,Open,Routine inspection revealed failed ignition system. Cleaned coils and replaced filters. System performance improved but contactor showing wear.,Social Media,Active,,2.4
HVAC-2025-00327,Deborah Walker,2025-05-07 12:03:00,Ductless Mini-Split,DMS-2400Max,We chose the Ductless Mini-Split DMS-2400Max specifically for its energy star rating but our bills have skyrocketed by 64% this quarter.,Albuquerque,New Mexico,Residential,Closed,Routine inspection revealed blocked condenser coil. Cleaned coils and replaced filters. System performance improved but fan motor showing wear.,Email,Active,64.13383112303362,3.0
HVAC-2025-00328,Ronald Hill,2025-01-04 19:46:00,Packaged HVAC Unit,PKG-7000X,Maintenance was performed on PKG-7000X but the filter was not replaced and the coils were not cleaned. Paid full price for incomplete work.,San Antonio,Texas,Residential,Escalated,,Email,Expired,,3.8
HVAC-2024-00329,Lisa Moore,2024-12-09 07:07:00,Boiler,BLR-9500Ultra,Our BLR-9500Ultra is supposed to be a high-efficiency unit but we're paying more than with our old system. Very misleading marketing.,Las Vegas,Nevada,Industrial,Open,Emergency service call. Found corroded heat exchanger. Temporary fix applied. Permanent repair requires fan motor — on backorder.,Email,Expired,,2.8
HVAC-2024-00330,Deborah Harris,2024-09-12 13:42:00,Heat Pump,HP-3500Elite,We've been waiting 5 days for a maintenance appointment for our Heat Pump HP-3500Elite. No callbacks despite multiple requests.,San Francisco,California,Commercial,Open,Routine inspection revealed thermostat malfunction. Cleaned coils and replaced filters. System performance improved but drain pan showing wear.,Email,Active,,3.4
HVAC-2024-00331,Joseph Walker,2024-09-03 14:27:00,Smart Thermostat,ST-300Pro,Post-installation inspection revealed that the Smart Thermostat ST-300Pro was installed without proper drainage. Basement flooding has occurred.,Boston,Massachusetts,Commercial,Closed,Multiple issues found: dirty air filter causing restricted airflow. Complete overhaul recommended. Estimate provided to customer. Awaiting approval.,Chat,Active,79.5964758969559,2.3
HVAC-2025-00332,Amy Parker,2025-06-04 07:41:00,Boiler,BLR-6500Pro,The cooling capacity of our BLR-6500Pro has dropped significantly. Rooms are at 39°F despite running 24/7. Need immediate service.,Kansas City,Missouri,Commercial,Resolved,Unit is beyond repair. worn compressor bearings too severe. Recommended full system replacement with newer CAC-6000Ultra model.,Phone,Expired,101.42406309583644,2.6
HVAC-2024-00333,Frank Walker,2024-03-12 15:45:00,Central Air Conditioner,CAC-5000Pro,The Central Air Conditioner (CAC-5000Pro) stopped providing cold air yesterday. It's blowing warm air instead. Our office is unbearable at 52°F.,St. Louis,Missouri,Residential,Open,Unit is beyond repair. dirty air filter causing restricted airflow too severe. Recommended full system replacement with latest VRF-25000Ultra system.,Phone,Void,,3.0
HVAC-2024-00334,Donna Robinson,2024-09-20 17:30:00,Heat Pump,HP-3500Elite,AC unit HP-3500Elite has completely stopped cooling. Thermostat shows 59°F but the system is running constantly. Very frustrated.,Cincinnati,Ohio,Residential,Closed,,Email,Active,6.852094747362596,2.9
HVAC-2025-00335,Amy Brown,2025-11-04 14:43:00,Furnace,FRN-7500Pro,Post-installation inspection revealed that the Furnace FRN-7500Pro was installed without proper drainage. Basement flooding has occurred.,Louisville,Kentucky,Commercial,Open,Multiple issues found: faulty reversing valve. Complete overhaul recommended. Estimate provided to customer. Awaiting approval.,Service Portal,Extended,,2.4
HVAC-2025-00336,Larry Hall,2025-06-13 19:17:00,Air Handler,AH-2000S,The heat pump AH-2000S is not providing adequate heating. House is at 85°F despite thermostat set to 72°F. Very concerned about pipes freezing.,San Antonio,Texas,Residential,Resolved,,Social Media,Extended,16.509429105730607,3.1
HVAC-2024-00337,Brenda Martin,2024-07-14 17:42:00,Central Air Conditioner,CAC-4000S,Heating system CAC-4000S fails to ignite. We've tried resetting multiple times. Temperature is dangerously low at 67°F.,Phoenix,Arizona,Residential,Open,Warranty repair completed. refrigerant leak in evaporator coil was covered. Replaced condenser coil. System tested and operational.,CRM,Extended,,3.4
HVAC-2025-00338,Cynthia White,2025-07-26 10:43:00,Packaged HVAC Unit,PKG-5500Pro,"Total system failure on our PKG-5500Pro. Fan motor, compressor, and control board all failed simultaneously. Suspecting electrical issue.",Los Angeles,California,Residential,Resolved,Unit is beyond repair. faulty capacitor too severe. Recommended full system replacement with upgraded HP-4200Max system.,Phone,Active,37.08542925764978,2.9
HVAC-2025-00339,Michael Gomez,2025-01-03 10:39:00,Air Handler,AH-3000X,Our AH-3000X has developed a loud rattling sound when it cycles on. The noise level is unbearable and affects our daily life.,San Antonio,Texas,Commercial,Resolved,,Email,Expired,303.1712716930245,4.6
HVAC-2025-00340,Joseph Rodriguez,2025-07-05 13:57:00,Central Air Conditioner,CAC-4000S,Brand new Central Air Conditioner CAC-4000S installed 1 weeks ago cannot maintain temperature below 91°F. Extremely disappointed.,Detroit,Michigan,Residential,In Progress,Inspected unit on-site. Found faulty capacitor. Replaced filter drier. System operational now.,Service Portal,Active,83.53264363319339,2.9
HVAC-2024-00341,Donna Nguyen,2024-02-21 06:11:00,VRF System,VRF-20000X,The VRF System (VRF-20000X) stopped providing cold air yesterday. It's blowing warm air instead. Our office is unbearable at 53°F.,Detroit,Michigan,Commercial,Resolved,Performed diagnostics on VRF-20000X. failed control board detected. Recommended system recalibration. Customer approved repair.,Phone,Expired,93.65568820281005,2.5
HVAC-2025-00342,Nicholas Clark,2025-06-02 20:02:00,VRF System,VRF-10000S,SEER rating of our VRF System VRF-10000S seems much lower than advertised. Energy consumption is 74% higher than expected.,Indianapolis,Indiana,Industrial,Resolved,,Social Media,Active,330.01520892923446,3.1
HVAC-2025-00343,Helen Phillips,2025-07-20 11:36:00,Rooftop Unit,RTU-6000S,Banging noises from the ductwork connected to RTU-6000S every time the system starts. Sounds like something is loose inside.,Oklahoma City,Oklahoma,Commercial,Resolved,,Phone,Active,321.3038277512618,3.0
HVAC-2024-00344,Betty Sanchez,2024-01-15 17:38:00,Central Air Conditioner,CAC-5000Pro,We purchased the Central Air Conditioner CAC-5000Pro 7 months ago and it's already failing to cool. Temperature stuck at 44°F. Unacceptable quality.,Houston,Texas,Industrial,In Progress,Unit is beyond repair. clogged condensate drain too severe. Recommended full system replacement with newer CAC-6000Ultra model.,Social Media,Active,166.17482167879422,2.6
HVAC-2024-00345,Brenda Moore,2024-07-11 11:43:00,Boiler,BLR-5000S,The heat pump BLR-5000S is not providing adequate heating. House is at 50°F despite thermostat set to 72°F. Very concerned about pipes freezing.,Louisville,Kentucky,Residential,Escalated,Inspected unit on-site. Found burned-out fan motor. Replaced compressor. System operational now.,Chat,Expired,,2.7
HVAC-2025-00346,Brandon Flores,2025-10-27 14:24:00,Boiler,BLR-9500Ultra,The Boiler BLR-9500Ultra thermostat's geofencing feature stopped working. AC runs all day even when nobody is home. Wasting energy.,Indianapolis,Indiana,Residential,Closed,Inspected unit on-site. Found blocked condenser coil. Replaced relay switch. System operational now.,Service Portal,Active,196.71672677381838,4.6
HVAC-2024-00347,Susan Jones,2024-07-12 08:26:00,Central Air Conditioner,CAC-6000Ultra,Our CAC-6000Ultra compressor makes a terrible clicking and vibrating noise. It gets worse at night. Multiple complaints from family.,St. Louis,Missouri,Commercial,Closed,Emergency service call. Found electrical short in wiring harness. Temporary fix applied. Permanent repair requires igniter — on backorder.,CRM,Expired,50.4643809849527,4.2
HVAC-2025-00348,Melissa Rivera,2025-07-25 18:44:00,Ductless Mini-Split,DMS-900Eco,The DMS-900Eco was installed 1 weeks ago but the installer used the wrong size ducts. System is extremely inefficient now.,Minneapolis,Minnesota,Residential,Resolved,,Phone,Expired,151.13206351523937,4.9
HVAC-2024-00349,Jack Rivera,2024-08-10 10:38:00,Air Handler,AH-3000X,The heat pump AH-3000X is not providing adequate heating. House is at 52°F despite thermostat set to 72°F. Very concerned about pipes freezing.,Milwaukee,Wisconsin,Residential,Open,Warranty repair completed. corroded heat exchanger was covered. Replaced blower motor. System tested and operational.,Phone,Active,,2.5
HVAC-2024-00350,Donald Cruz,2024-07-07 10:53:00,Ductless Mini-Split,DMS-2400Max,Our Ductless Mini-Split DMS-2400Max lost all refrigerant. The system is 36 months old. Suspected manufacturing defect in the line set.,Louisville,Kentucky,Residential,Resolved,,Phone,Active,98.3328057153294,1.3
HVAC-2024-00351,Amanda King,2024-03-22 19:34:00,Boiler,BLR-8000HE,Scheduled maintenance for Boiler BLR-8000HE was missed twice. No one contacted us to reschedule. Very poor service.,Las Vegas,Nevada,Commercial,Open,Inspected unit on-site. Found dirty air filter causing restricted airflow. Replaced heat exchanger. System operational now.,Survey,Void,,4.3
HVAC-2025-00352,Anna Nguyen,2025-09-06 18:29:00,VRF System,VRF-15000Pro,Integration between VRF-15000Pro and our home automation system broke after the last update. None of the smart features work now.,Portland,Oregon,Residential,Open,,Survey,Void,,2.7
HVAC-2025-00353,Kimberly Scott,2025-01-16 12:26:00,Air Handler,AH-3000X,Banging noises from the ductwork connected to AH-3000X every time the system starts. Sounds like something is loose inside.,Las Vegas,Nevada,Commercial,Open,Warranty repair completed. faulty reversing valve was covered. Replaced compressor. System tested and operational.,CRM,Expired,,3.3
HVAC-2024-00354,Elizabeth Cruz,2024-05-02 14:16:00,Boiler,BLR-6500Pro,The heat pump BLR-6500Pro is not providing adequate heating. House is at 78°F despite thermostat set to 72°F. Very concerned about pipes freezing.,Houston,Texas,Commercial,Closed,,Email,Expired,72.86830298374764,2.2
HVAC-2025-00355,Angela Hall,2025-12-20 06:10:00,Heat Pump,HP-3500Elite,We purchased the Heat Pump HP-3500Elite 24 months ago and it's already failing to cool. Temperature stuck at 58°F. Unacceptable quality.,Columbus,Ohio,Residential,Closed,Multiple issues found: thermostat malfunction. Complete overhaul recommended. Estimate provided to customer. Awaiting approval.,Service Portal,Active,103.88225593181446,3.1
HVAC-2025-00356,Catherine Anderson,2025-07-11 14:12:00,Air Handler,AH-3500E,The Air Handler AH-3500E has a refrigerant leak. We can smell chemicals and the cooling has stopped. This could be a health hazard.,Pittsburgh,Pennsylvania,Residential,In Progress,Unit is beyond repair. electrical short in wiring harness too severe. Recommended full system replacement with commercial-grade RTU-15000Ultra.,Phone,Extended,44.71186500225292,1.9
HVAC-2024-00357,Edward Turner,2024-10-18 13:49:00,Boiler,BLR-9500Ultra,SEER rating of our Boiler BLR-9500Ultra seems much lower than advertised. Energy consumption is 61% higher than expected.,Raleigh,North Carolina,Commercial,Resolved,,Chat,Extended,120.03555130169498,2.4
HVAC-2024-00358,Amanda Wilson,2024-12-17 22:58:00,Furnace,FRN-5500E,The FRN-5500E was installed 3 weeks ago but the installer used the wrong size ducts. System is extremely inefficient now.,Kansas City,Missouri,Industrial,Resolved,Customer complaint verified. burned-out fan motor confirmed. Ordered replacement capacitor. Follow-up scheduled in 8 days.,Email,Expired,120.76529589382014,2.4
HVAC-2024-00359,Joshua Murphy,2024-01-19 17:43:00,Central Air Conditioner,CAC-3000X,"Total system failure on our CAC-3000X. Fan motor, compressor, and control board all failed simultaneously. Suspecting electrical issue.",Memphis,Tennessee,Residential,Resolved,,Chat,Expired,113.4826357157137,1.2
HVAC-2024-00360,Sandra Scott,2024-06-04 15:17:00,VRF System,VRF-18000E,Banging noises from the ductwork connected to VRF-18000E every time the system starts. Sounds like something is loose inside.,Albuquerque,New Mexico,Residential,Closed,Unit is beyond repair. worn compressor bearings too severe. Recommended full system replacement with newer CAC-6000Ultra model.,Phone,Void,332.32822834569083,4.3
HVAC-2024-00361,Catherine Lewis,2024-12-15 19:31:00,Ductless Mini-Split,DMS-1500S,AC unit DMS-1500S has completely stopped cooling. Thermostat shows 39°F but the system is running constantly. Very frustrated.,Nashville,Tennessee,Residential,Open,Unit is beyond repair. faulty reversing valve too severe. Recommended full system replacement with high-efficiency FRN-9800HE.,Phone,Expired,,3.1
HVAC-2025-00362,Barbara Ramirez,2025-04-28 13:43:00,Smart Thermostat,ST-300Pro,We chose the Smart Thermostat ST-300Pro specifically for its energy star rating but our bills have skyrocketed by 24% this quarter.,Los Angeles,California,Residential,In Progress,Multiple issues found: loose electrical connections. Complete overhaul recommended. Estimate provided to customer. Awaiting approval.,CRM,Expired,100.69269295951537,2.6
HVAC-2025-00363,Mark Anderson,2025-12-27 13:56:00,Heat Pump,HP-4200Max,We purchased the Heat Pump HP-4200Max 3 months ago and it's already failing to cool. Temperature stuck at 83°F. Unacceptable quality.,Tampa,Florida,Commercial,Resolved,,Chat,Expired,93.11978363154294,2.1
HVAC-2024-00364,Michael Wright,2024-05-28 19:03:00,Packaged HVAC Unit,PKG-4000S,Electrical failure in PKG-4000S. Circuit breaker keeps tripping. Possible fire hazard. Need emergency service immediately.,Buffalo,New York,Commercial,In Progress,Warranty repair completed. defective expansion valve was covered. Replaced contactor. System tested and operational.,Email,Active,54.15028245876367,1.8
HVAC-2024-00365,Katherine Miller,2024-08-20 06:46:00,Ductless Mini-Split,DMS-900Eco,The DMS-900Eco installation crew was unprofessional and left refrigerant lines exposed. System is now leaking refrigerant.,Houston,Texas,Commercial,Open,,Social Media,Void,,3.7
HVAC-2025-00366,Timothy Phillips,2025-07-02 11:18:00,Smart Thermostat,ST-400Plus,Installation team left a mess and didn't complete the ST-400Plus installation properly. Wires are exposed and the unit vibrates excessively.,San Antonio,Texas,Residential,Resolved,Emergency service call. Found compressor failure. Temporary fix applied. Permanent repair requires capacitor — on backorder.,Social Media,Active,126.98612430898415,4.4
HVAC-2025-00367,Nicholas Young,2025-03-21 21:24:00,Packaged HVAC Unit,PKG-7000X,The Packaged HVAC Unit (PKG-7000X) stopped providing cold air yesterday. It's blowing warm air instead. Our office is unbearable at 42°F.,Tampa,Florida,Residential,In Progress,Unit is beyond repair. worn compressor bearings too severe. Recommended full system replacement with latest VRF-25000Ultra system.,Email,Active,50.645369625517596,2.9
HVAC-2024-00368,Jacob Robinson,2024-05-26 08:06:00,Boiler,BLR-9500Ultra,Loud buzzing/humming noise coming from the outdoor unit BLR-9500Ultra. Neighbors have complained about the noise level.,Buffalo,New York,Residential,Closed,,Email,Active,54.35642549580322,3.8
HVAC-2025-00369,Rachel Martinez,2025-09-11 13:20:00,Boiler,BLR-5000S,"After the technician visited last week, the BLR-5000S still isn't cooling properly. This is our 4th service call for the same issue.",Memphis,Tennessee,Commercial,Resolved,,CRM,Void,17.355226658894004,1.7
HVAC-2025-00370,Brandon Mitchell,2025-02-24 14:33:00,Central Air Conditioner,CAC-5000Pro,Banging noises from the ductwork connected to CAC-5000Pro every time the system starts. Sounds like something is loose inside.,Orlando,Florida,Commercial,Resolved,Performed diagnostics on CAC-5000Pro. electrical short in wiring harness detected. Recommended full system replacement. Customer approved repair.,Social Media,Active,179.62640691316003,2.6
HVAC-2025-00371,Matthew Scott,2025-08-11 09:03:00,Packaged HVAC Unit,PKG-4000S,The PKG-4000S was installed 12 weeks ago but the installer used the wrong size ducts. System is extremely inefficient now.,Cleveland,Ohio,Residential,In Progress,Warranty repair completed. clogged condensate drain was covered. Replaced compressor. System tested and operational.,Email,Expired,41.068839703299254,3.9
HVAC-2025-00372,Brandon Jackson,2025-08-11 14:51:00,Air Handler,AH-3500E,Our Air Handler AH-3500E heating stopped working mid-winter. We have a newborn baby and the temp is 61°F inside. URGENT help needed!,Cleveland,Ohio,Commercial,Resolved,Performed diagnostics on AH-3500E. damaged ductwork detected. Recommended warranty claim processing. Customer approved repair.,Phone,Extended,118.7122926230753,1.7
HVAC-2025-00373,Brenda Cruz,2025-06-17 08:56:00,Boiler,BLR-8000HE,Our Boiler BLR-8000HE makes a clicking sound and then stops cooling. House temp is at 42°F. Children are uncomfortable.,St. Louis,Missouri,Commercial,Closed,Emergency service call. Found electrical short in wiring harness. Temporary fix applied. Permanent repair requires heat exchanger — on backorder.,Service Portal,Extended,120.66101917202006,3.2
HVAC-2024-00374,Steven Johnson,2024-11-13 17:11:00,Packaged HVAC Unit,PKG-7000X,"Installer damaged our wall and ceiling during Packaged HVAC Unit PKG-7000X installation. Also, the system is not balanced — one room is freezing while another is hot.",Phoenix,Arizona,Residential,Resolved,,Phone,Expired,57.86605333860062,4.7
HVAC-2024-00375,Rebecca Thomas,2024-06-16 09:02:00,Central Air Conditioner,CAC-2500E,Maintenance was performed on CAC-2500E but the filter was not replaced and the coils were not cleaned. Paid full price for incomplete work.,Columbus,Ohio,Residential,Closed,,Phone,Expired,293.65953659347696,2.4
HVAC-2025-00376,Betty Evans,2025-01-14 07:04:00,Central Air Conditioner,CAC-2500E,The Central Air Conditioner (CAC-2500E) stopped providing cold air yesterday. It's blowing warm air instead. Our office is unbearable at 92°F.,Los Angeles,California,Commercial,Resolved,,Social Media,Active,76.71741482093469,2.1
HVAC-2025-00377,Michelle Miller,2025-03-15 08:56:00,Central Air Conditioner,CAC-2500E,The cooling capacity of our CAC-2500E has dropped significantly. Rooms are at 73°F despite running 24/7. Need immediate service.,Portland,Oregon,Residential,Resolved,Performed diagnostics on CAC-2500E. thermostat malfunction detected. Recommended coil replacement. Customer approved repair.,Service Portal,Extended,126.57498300043147,3.0
HVAC-2025-00378,Andrew Clark,2025-09-27 11:02:00,Packaged HVAC Unit,PKG-5500Pro,Loud buzzing/humming noise coming from the outdoor unit PKG-5500Pro. Neighbors have complained about the noise level.,Cincinnati,Ohio,Residential,Resolved,Routine inspection revealed clogged condensate drain. Cleaned coils and replaced filters. System performance improved but drain pan showing wear.,Phone,Expired,121.79026207246343,4.4
HVAC-2025-00379,Mary Lee,2025-08-05 20:37:00,Rooftop Unit,RTU-10000E,The indoor unit of our Rooftop Unit RTU-10000E produces a constant whistling noise. Very annoying and disruptive.,Orlando,Florida,Residential,Resolved,,Chat,Active,238.02255703742097,3.9
HVAC-2025-00380,Sandra Wilson,2025-07-24 18:30:00,Smart Thermostat,ST-700Ultra,Our ST-700Ultra compressor makes a terrible clicking and vibrating noise. It gets worse at night. Multiple complaints from family.,Portland,Oregon,Residential,Resolved,,Email,Expired,106.4568416860871,4.9
HVAC-2024-00381,Joshua Flores,2024-05-03 15:50:00,Packaged HVAC Unit,PKG-6500E,The Packaged HVAC Unit PKG-6500E makes a high-pitched squealing noise during operation. We cannot sleep or work from home because of it.,Detroit,Michigan,Commercial,Resolved,,Phone,Active,56.377051127950395,4.6
HVAC-2024-00382,Carol Torres,2024-06-16 18:53:00,Ductless Mini-Split,DMS-1800Pro,"After the technician visited last week, the DMS-1800Pro still isn't cooling properly. This is our 4th service call for the same issue.",Memphis,Tennessee,Commercial,Escalated,,Phone,Active,,1.8
HVAC-2025-00383,Andrew Flores,2025-10-03 13:08:00,Air Handler,AH-3500E,WiFi connectivity issues with Air Handler AH-3500E for the past 8 weeks. The scheduling feature doesn't work without connectivity.,Albuquerque,New Mexico,Residential,In Progress,,Email,Active,222.5267386659921,3.3
HVAC-2024-00384,Melissa Stewart,2024-08-16 18:27:00,Boiler,BLR-8000HE,Loud buzzing/humming noise coming from the outdoor unit BLR-8000HE. Neighbors have complained about the noise level.,Las Vegas,Nevada,Residential,In Progress,Inspected unit on-site. Found corroded heat exchanger. Replaced igniter. System operational now.,Chat,Expired,271.19323362330465,3.4
HVAC-2025-00385,Jason Baker,2025-10-14 07:29:00,Rooftop Unit,RTU-15000Ultra,Our electricity bill has increased by 25% since installing the Rooftop Unit RTU-15000Ultra. This unit was supposed to be energy efficient.,Tampa,Florida,Residential,Closed,,Email,Active,204.57965780150252,3.1
HVAC-2024-00386,Helen Young,2024-09-06 08:34:00,Central Air Conditioner,CAC-6000Ultra,SEER rating of our Central Air Conditioner CAC-6000Ultra seems much lower than advertised. Energy consumption is 72% higher than expected.,Chicago,Illinois,Residential,Open,,Email,Extended,,3.4
HVAC-2025-00387,Ashley Miller,2025-12-24 08:53:00,Rooftop Unit,RTU-10000E,R-410A refrigerant leak detected in RTU-10000E. Cooling performance has degraded and we're worried about environmental impact.,Salt Lake City,Utah,Industrial,Escalated,Multiple issues found: frozen evaporator coil. Complete overhaul recommended. Estimate provided to customer. Awaiting approval.,Chat,Void,,2.1
HVAC-2025-00388,Ryan Turner,2025-04-20 16:06:00,Boiler,BLR-6500Pro,The indoor unit of our Boiler BLR-6500Pro produces a constant whistling noise. Very annoying and disruptive.,Seattle,Washington,Residential,Resolved,Unit is beyond repair. loose electrical connections too severe. Recommended full system replacement with upgraded HP-4200Max system.,Phone,Expired,246.837782275282,3.8
HVAC-2024-00389,Cynthia Brown,2024-06-21 21:35:00,Smart Thermostat,ST-400Plus,The maintenance technician for our ST-400Plus didn't bring the right parts and left the job incomplete. Still waiting for resolution.,Indianapolis,Indiana,Residential,Resolved,Emergency service call. Found electrical short in wiring harness. Temporary fix applied. Permanent repair requires evaporator coil — on backorder.,Chat,Active,254.2812663870371,3.4
HVAC-2024-00390,Christine Green,2024-05-25 18:35:00,VRF System,VRF-15000Pro,Our VRF System VRF-15000Pro makes a clicking sound and then stops cooling. House temp is at 74°F. Children are uncomfortable.,Raleigh,North Carolina,Residential,In Progress,Customer complaint verified. dirty air filter causing restricted airflow confirmed. Ordered replacement condenser coil. Follow-up scheduled in 5 days.,Service Portal,Active,130.36194616228823,2.8
HVAC-2024-00391,Ashley Perez,2024-06-20 13:08:00,Rooftop Unit,RTU-6000S,Installation team left a mess and didn't complete the RTU-6000S installation properly. Wires are exposed and the unit vibrates excessively.,Cleveland,Ohio,Commercial,Closed,Warranty repair completed. corroded heat exchanger was covered. Replaced control board. System tested and operational.,Chat,Expired,159.06019916940267,3.0
HVAC-2024-00392,Nicole Nelson,2024-11-19 20:29:00,Boiler,BLR-8000HE,We've been waiting 24 days for a maintenance appointment for our Boiler BLR-8000HE. No callbacks despite multiple requests.,Portland,Oregon,Commercial,Resolved,Warranty repair completed. loose electrical connections was covered. Replaced igniter. System tested and operational.,Phone,Active,159.34124252252653,3.9
HVAC-2024-00393,Angela Cruz,2024-02-15 21:52:00,Furnace,FRN-7500Pro,Filed a warranty claim for our FRN-7500Pro 1 months ago. No response from the warranty department despite 4 follow-up calls.,Las Vegas,Nevada,Residential,Resolved,,CRM,Extended,127.18643178800383,2.1
HVAC-2025-00394,John Moore,2025-11-25 13:48:00,Heat Pump,HP-2200DX,Our HP-2200DX has developed a loud rattling sound when it cycles on. The noise level is unbearable and affects our daily life.,Nashville,Tennessee,Residential,Resolved,Routine inspection revealed faulty capacitor. Cleaned coils and replaced filters. System performance improved but igniter showing wear.,Email,Expired,92.59833713158837,2.8
HVAC-2024-00395,George Phillips,2024-05-05 15:54:00,Packaged HVAC Unit,PKG-7000X,We purchased the Packaged HVAC Unit PKG-7000X 24 months ago and it's already failing to cool. Temperature stuck at 94°F. Unacceptable quality.,Kansas City,Missouri,Residential,In Progress,,CRM,Expired,28.331591634560397,1.5
HVAC-2024-00396,Shirley Robinson,2024-03-09 09:41:00,Furnace,FRN-6000S,The FRN-6000S installation crew was unprofessional and left refrigerant lines exposed. System is now leaking refrigerant.,Los Angeles,California,Residential,Resolved,Unit is beyond repair. compressor failure too severe. Recommended full system replacement with high-efficiency FRN-9800HE.,Service Portal,Void,141.7562502800381,4.5
HVAC-2024-00397,Catherine Harris,2024-07-09 11:44:00,Smart Thermostat,ST-500AI,WiFi connectivity issues with Smart Thermostat ST-500AI for the past 9 weeks. The scheduling feature doesn't work without connectivity.,Portland,Oregon,Residential,Resolved,,Phone,Void,95.17037520593415,2.8
HVAC-2024-00398,Emma Collins,2024-03-20 21:19:00,Heat Pump,HP-3500Elite,Our HP-3500Elite smart thermostat firmware update bricked the device. Screen is blank and we can't control our HVAC system at all.,Pittsburgh,Pennsylvania,Residential,Resolved,Emergency service call. Found defective expansion valve. Temporary fix applied. Permanent repair requires control board — on backorder.,Service Portal,Expired,153.18651544292155,3.9
HVAC-2024-00399,Jeffrey Baker,2024-12-16 06:20:00,Packaged HVAC Unit,PKG-4000S,The Packaged HVAC Unit PKG-4000S main board is fried after a power surge. System completely down for our 8-floor office building.,Oklahoma City,Oklahoma,Residential,In Progress,Routine inspection revealed electrical short in wiring harness. Cleaned coils and replaced filters. System performance improved but filter drier showing wear.,Phone,Expired,37.94763555496201,2.9
HVAC-2024-00400,Katherine Turner,2024-03-11 11:12:00,Rooftop Unit,RTU-8000Pro,"After maintenance on our RTU-8000Pro, the system performance got worse. The technician may have damaged something.",Milwaukee,Wisconsin,Commercial,Closed,,Chat,Active,321.7998901709984,4.9
HVAC-2025-00401,Carol Diaz,2025-12-21 10:29:00,Packaged HVAC Unit,PKG-5500Pro,The smart thermostat PKG-5500Pro is not syncing with the HVAC system. Temperature readings are inaccurate by 8°F.,Charlotte,North Carolina,Residential,Resolved,Unit is beyond repair. cracked heat exchanger too severe. Recommended full system replacement with newer CAC-6000Ultra model.,Phone,Expired,104.69338000623114,3.1
HVAC-2025-00402,Carol Evans,2025-04-02 09:03:00,Smart Thermostat,ST-400Plus,Our ST-400Plus smart thermostat firmware update bricked the device. Screen is blank and we can't control our HVAC system at all.,Sacramento,California,Residential,Resolved,Warranty repair completed. failed ignition system was covered. Replaced drain pan. System tested and operational.,Service Portal,Active,52.04539269893402,4.2
HVAC-2025-00403,Steven Williams,2025-12-25 20:47:00,Furnace,FRN-5500E,The Furnace FRN-5500E parts warranty should cover this repair but the dealer says it's a labor issue. Total runaround for 2 weeks.,San Francisco,California,Residential,Resolved,Routine inspection revealed compressor failure. Cleaned coils and replaced filters. System performance improved but thermostat showing wear.,Email,Active,230.27536713057668,2.1
HVAC-2025-00404,Barbara Reyes,2025-07-21 08:47:00,Air Handler,AH-5000Elite,"After the technician visited last week, the AH-5000Elite still isn't cooling properly. This is our 5th service call for the same issue.",Dallas,Texas,Commercial,Closed,,Survey,Expired,134.968920202658,3.2
HVAC-2025-00405,Christine Sanchez,2025-05-01 06:14:00,Ductless Mini-Split,DMS-1200Q,Preventive maintenance on our Ductless Mini-Split DMS-1200Q was done poorly. Now the system is short-cycling every 9 minutes.,Orlando,Florida,Residential,In Progress,Warranty repair completed. worn compressor bearings was covered. Replaced contactor. System tested and operational.,Phone,Expired,115.13112347286551,3.4
HVAC-2024-00406,Jeffrey Thomas,2024-12-07 15:10:00,VRF System,VRF-25000Ultra,The VRF System VRF-25000Ultra thermostat's geofencing feature stopped working. AC runs all day even when nobody is home. Wasting energy.,Salt Lake City,Utah,Industrial,In Progress,Performed diagnostics on VRF-25000Ultra. electrical short in wiring harness detected. Recommended refrigerant recharge. Customer approved repair.,Service Portal,Extended,16.95323226629487,4.6
HVAC-2024-00407,Kathleen Allen,2024-02-04 21:47:00,Air Handler,AH-3000X,Filed a warranty claim for our AH-3000X 14 months ago. No response from the warranty department despite 15 follow-up calls.,St. Louis,Missouri,Residential,Closed,Customer complaint verified. clogged condensate drain confirmed. Ordered replacement evaporator coil. Follow-up scheduled in 10 days.,Email,Active,37.779440807785946,1.8
HVAC-2024-00408,Raymond Nguyen,2024-01-06 06:08:00,Boiler,BLR-8000HE,"The Boiler BLR-8000HE was installed incorrectly. Ductwork is leaking air, and the unit was placed in the wrong location.",Louisville,Kentucky,Residential,Resolved,Customer complaint verified. dirty air filter causing restricted airflow confirmed. Ordered replacement drain pan. Follow-up scheduled in 2 days.,Survey,Active,135.59036474236396,4.6
HVAC-2025-00409,Mary Hall,2025-09-01 21:02:00,Air Handler,AH-4500Pro,The Air Handler AH-4500Pro makes a high-pitched squealing noise during operation. We cannot sleep or work from home because of it.,Detroit,Michigan,Industrial,Open,Unit is beyond repair. low refrigerant charge too severe. Recommended full system replacement with newer CAC-6000Ultra model.,Email,Expired,,2.5
HVAC-2024-00410,Brandon Wilson,2024-07-05 13:32:00,Heat Pump,HP-4200Max,The Heat Pump HP-4200Max has a refrigerant leak. We can smell chemicals and the cooling has stopped. This could be a health hazard.,Minneapolis,Minnesota,Commercial,Open,Performed diagnostics on HP-4200Max. thermostat malfunction detected. Recommended compressor swap. Customer approved repair.,Social Media,Expired,,1.6
HVAC-2024-00411,Ronald Adams,2024-09-24 18:40:00,Packaged HVAC Unit,PKG-5500Pro,Our Packaged HVAC Unit PKG-5500Pro heating stopped working mid-winter. We have a newborn baby and the temp is 59°F inside. URGENT help needed!,Las Vegas,Nevada,Commercial,Closed,,Phone,Expired,100.57473289804996,2.0
HVAC-2025-00412,Eric King,2025-09-11 11:16:00,Boiler,BLR-9500Ultra,Our Boiler BLR-9500Ultra makes a clicking sound and then stops cooling. House temp is at 50°F. Children are uncomfortable.,Sacramento,California,Commercial,Resolved,,Chat,Expired,113.55408034040896,2.2
HVAC-2024-00413,Michael Campbell,2024-10-05 13:49:00,Smart Thermostat,ST-200Eco,My Smart Thermostat model ST-200Eco is not cooling at all. The house temperature is 72°F and it won't go below that. We've been suffering in this heat for 5 days now.,Houston,Texas,Residential,Resolved,Unit is beyond repair. electrical short in wiring harness too severe. Recommended full system replacement with latest VRF-25000Ultra system.,Chat,Extended,96.31281257441562,2.6
HVAC-2025-00414,Sarah Jackson,2025-05-01 08:16:00,Rooftop Unit,RTU-8000Pro,Our new Rooftop Unit RTU-8000Pro installation is terrible. The condensate drain was connected wrong and water is leaking into the ceiling.,Buffalo,New York,Commercial,In Progress,Routine inspection revealed dirty air filter causing restricted airflow. Cleaned coils and replaced filters. System performance improved but filter drier showing wear.,Social Media,Expired,14.95762769663665,4.3
HVAC-2025-00415,Anna Collins,2025-08-01 09:33:00,Furnace,FRN-7500Pro,The FRN-7500Pro was installed 7 weeks ago but the installer used the wrong size ducts. System is extremely inefficient now.,San Antonio,Texas,Residential,Escalated,Customer complaint verified. failed ignition system confirmed. Ordered replacement thermostat. Follow-up scheduled in 5 days.,Chat,Active,,4.5
HVAC-2024-00416,Mary Gonzalez,2024-06-28 14:53:00,Smart Thermostat,ST-700Ultra,My Smart Thermostat model ST-700Ultra is not cooling at all. The house temperature is 62°F and it won't go below that. We've been suffering in this heat for 27 days now.,Charlotte,North Carolina,Industrial,Resolved,Customer complaint verified. blocked condenser coil confirmed. Ordered replacement flame sensor. Follow-up scheduled in 5 days.,Email,Expired,45.20484704692813,2.2
HVAC-2025-00417,Rebecca Gomez,2025-11-02 09:37:00,Boiler,BLR-6500Pro,We chose the Boiler BLR-6500Pro specifically for its energy star rating but our bills have skyrocketed by 28% this quarter.,Chicago,Illinois,Commercial,Open,,Survey,Active,,4.7
HVAC-2025-00418,Samantha King,2025-10-28 14:22:00,Central Air Conditioner,CAC-2500E,Our CAC-2500E is supposed to be a high-efficiency unit but we're paying more than with our old system. Very misleading marketing.,Indianapolis,Indiana,Residential,Closed,Performed diagnostics on CAC-2500E. compressor failure detected. Recommended duct sealing and insulation. Customer approved repair.,Phone,Extended,114.44006823220177,4.1
HVAC-2024-00419,Alexander Morales,2024-07-11 15:06:00,Furnace,FRN-7500Pro,Our FRN-7500Pro smart thermostat firmware update bricked the device. Screen is blank and we can't control our HVAC system at all.,Atlanta,Georgia,Commercial,In Progress,,Email,Active,133.52441402006826,2.8
HVAC-2025-00420,Jonathan Rivera,2025-07-20 08:12:00,Boiler,BLR-5000S,The indoor unit of our Boiler BLR-5000S produces a constant whistling noise. Very annoying and disruptive.,Atlanta,Georgia,Residential,Resolved,,CRM,Expired,94.38537496187585,4.1
HVAC-2025-00421,Larry Harris,2025-11-21 12:09:00,Air Handler,AH-3000X,The indoor unit of our Air Handler AH-3000X produces a constant whistling noise. Very annoying and disruptive.,Phoenix,Arizona,Residential,Closed,Inspected unit on-site. Found defective expansion valve. Replaced expansion valve. System operational now.,CRM,Expired,151.97556507560964,3.7
HVAC-2024-00422,Susan Robinson,2024-06-11 13:50:00,Rooftop Unit,RTU-10000E,The Rooftop Unit RTU-10000E makes a high-pitched squealing noise during operation. We cannot sleep or work from home because of it.,Richmond,Virginia,Commercial,Open,,Service Portal,Void,,3.6
HVAC-2025-00423,Gary Parker,2025-08-16 10:04:00,Rooftop Unit,RTU-8000Pro,"The RTU-8000Pro runs continuously without cycling off, leading to massive energy bills. Something is wrong with the efficiency.",Indianapolis,Indiana,Residential,Resolved,,Chat,Void,246.70544446293448,4.1
HVAC-2024-00424,Nancy Brown,2024-02-20 08:33:00,Furnace,FRN-8500Elite,The FRN-8500Elite is consuming way too much energy. Our utility bill went from $109 to $541 per month since installation.,Raleigh,North Carolina,Commercial,Resolved,Multiple issues found: compressor failure. Complete overhaul recommended. Estimate provided to customer. Awaiting approval.,Phone,Expired,256.8932890041588,2.5
HVAC-2025-00425,Linda Mitchell,2025-03-07 13:22:00,Boiler,BLR-8000HE,We've been waiting 4 days for a maintenance appointment for our Boiler BLR-8000HE. No callbacks despite multiple requests.,Atlanta,Georgia,Residential,Escalated,Multiple issues found: corroded heat exchanger. Complete overhaul recommended. Estimate provided to customer. Awaiting approval.,Chat,Active,,4.9
HVAC-2024-00426,Jessica Flores,2024-07-15 11:32:00,Central Air Conditioner,CAC-6000Ultra,My Central Air Conditioner model CAC-6000Ultra is not cooling at all. The house temperature is 38°F and it won't go below that. We've been suffering in this heat for 11 days now.,Detroit,Michigan,Commercial,Resolved,Performed diagnostics on CAC-6000Ultra. electrical short in wiring harness detected. Recommended compressor swap. Customer approved repair.,Chat,Void,149.67030090925948,3.1
HVAC-2025-00427,Raymond Gonzalez,2025-05-05 13:52:00,Heat Pump,HP-1800Eco,Our Heat Pump HP-1800Eco lost all refrigerant. The system is 34 months old. Suspected manufacturing defect in the line set.,Albuquerque,New Mexico,Residential,Resolved,Unit is beyond repair. faulty reversing valve too severe. Recommended full system replacement with newer CAC-6000Ultra model.,Email,Void,110.6927084825185,2.6
HVAC-2025-00428,Andrew Davis,2025-06-13 08:31:00,Heat Pump,HP-1800Eco,Extended warranty for Heat Pump HP-1800Eco was supposed to cover all parts and labor. Now they're saying refrigerant isn't covered.,Houston,Texas,Residential,In Progress,,Email,Active,171.2175911476482,2.2
HVAC-2025-00429,Mark Green,2025-01-24 22:33:00,Central Air Conditioner,CAC-5000Pro,"The Central Air Conditioner CAC-5000Pro was installed incorrectly. Ductwork is leaking air, and the unit was placed in the wrong location.",New York,New York,Residential,Resolved,,Phone,Active,78.98633605088402,2.6
HVAC-2024-00430,Paul Evans,2024-02-20 14:56:00,Ductless Mini-Split,DMS-2400Max,We purchased the Ductless Mini-Split DMS-2400Max 1 months ago and it's already failing to cool. Temperature stuck at 74°F. Unacceptable quality.,Salt Lake City,Utah,Commercial,Resolved,Performed diagnostics on DMS-2400Max. dirty air filter causing restricted airflow detected. Recommended control board replacement. Customer approved repair.,Service Portal,Active,158.2047379322625,2.8
HVAC-2024-00431,Debra Gomez,2024-08-21 09:07:00,Air Handler,AH-5000Elite,"The AH-5000Elite runs continuously without cycling off, leading to massive energy bills. Something is wrong with the efficiency.",Boston,Massachusetts,Industrial,Resolved,,Phone,Active,317.46902485750974,2.8
HVAC-2024-00432,Matthew Clark,2024-03-08 19:39:00,Packaged HVAC Unit,PKG-9000Ultra,Our Packaged HVAC Unit PKG-9000Ultra heating stopped working mid-winter. We have a newborn baby and the temp is 44°F inside. URGENT help needed!,Columbus,Ohio,Residential,Open,Warranty repair completed. faulty capacitor was covered. Replaced control board. System tested and operational.,Chat,Active,,3.0
HVAC-2024-00433,Stephen Green,2024-01-21 12:21:00,Central Air Conditioner,CAC-6000Ultra,Our electricity bill has increased by 74% since installing the Central Air Conditioner CAC-6000Ultra. This unit was supposed to be energy efficient.,Tucson,Arizona,Residential,Resolved,,CRM,Expired,102.40054427569976,2.5
HVAC-2024-00434,Debra Morales,2024-09-19 08:01:00,Heat Pump,HP-4200Max,My Heat Pump model HP-4200Max is not cooling at all. The house temperature is 77°F and it won't go below that. We've been suffering in this heat for 24 days now.,Jacksonville,Florida,Industrial,Resolved,Inspected unit on-site. Found failed ignition system. Replaced capacitor. System operational now.,Phone,Expired,77.74607814311635,3.0
HVAC-2024-00435,Cynthia Campbell,2024-06-13 10:53:00,Smart Thermostat,ST-200Eco,The maintenance technician for our ST-200Eco didn't bring the right parts and left the job incomplete. Still waiting for resolution.,Indianapolis,Indiana,Residential,Resolved,Inspected unit on-site. Found cracked heat exchanger. Replaced blower motor. System operational now.,CRM,Expired,156.35827357766678,4.9
HVAC-2025-00436,Jeffrey Brown,2025-02-10 19:03:00,Air Handler,AH-4500Pro,Our AH-4500Pro compressor makes a terrible clicking and vibrating noise. It gets worse at night. Multiple complaints from family.,Los Angeles,California,Residential,Resolved,Multiple issues found: frozen evaporator coil. Complete overhaul recommended. Estimate provided to customer. Awaiting approval.,Phone,Active,177.74028150457957,2.5
HVAC-2024-00437,Michelle Rodriguez,2024-09-01 06:58:00,Air Handler,AH-3500E,Our AH-3500E is supposed to be a high-efficiency unit but we're paying more than with our old system. Very misleading marketing.,Las Vegas,Nevada,Residential,Open,Warranty repair completed. thermostat malfunction was covered. Replaced filter drier. System tested and operational.,Service Portal,Active,,4.9
HVAC-2025-00438,Robert Campbell,2025-08-23 13:07:00,Smart Thermostat,ST-400Plus,The indoor unit of our Smart Thermostat ST-400Plus produces a constant whistling noise. Very annoying and disruptive.,Detroit,Michigan,Industrial,Open,Customer complaint verified. electrical short in wiring harness confirmed. Ordered replacement contactor. Follow-up scheduled in 4 days.,Phone,Extended,,3.4
HVAC-2024-00439,Helen Turner,2024-06-04 12:40:00,VRF System,VRF-18000E,Technician found a refrigerant leak in our VRF-18000E for the third time this year. Clearly a manufacturing defect in the coils.,Orlando,Florida,Residential,Escalated,,Survey,Active,,2.0
HVAC-2025-00440,Betty Stewart,2025-09-22 08:21:00,Smart Thermostat,ST-700Ultra,The ST-700Ultra control board has failed. The entire system is non-functional. We have a commercial building full of employees with no AC.,Buffalo,New York,Residential,Closed,Routine inspection revealed faulty reversing valve. Cleaned coils and replaced filters. System performance improved but contactor showing wear.,Service Portal,Active,69.69100713928815,1.6
HVAC-2024-00441,David Martin,2024-12-26 16:55:00,Central Air Conditioner,CAC-2500E,Our CAC-2500E compressor makes a terrible clicking and vibrating noise. It gets worse at night. Multiple complaints from family.,Oklahoma City,Oklahoma,Industrial,Open,Emergency service call. Found defective expansion valve. Temporary fix applied. Permanent repair requires blower motor — on backorder.,Phone,Extended,,2.5
HVAC-2024-00442,Deborah Adams,2024-02-07 08:11:00,Ductless Mini-Split,DMS-1200Q,Preventive maintenance on our Ductless Mini-Split DMS-1200Q was done poorly. Now the system is short-cycling every 7 minutes.,Atlanta,Georgia,Commercial,Open,,Email,Expired,,4.2
HVAC-2024-00443,Donna Evans,2024-11-23 09:44:00,Ductless Mini-Split,DMS-2400Max,Preventive maintenance on our Ductless Mini-Split DMS-2400Max was done poorly. Now the system is short-cycling every 4 minutes.,Dallas,Texas,Residential,Escalated,Inspected unit on-site. Found clogged condensate drain. Replaced evaporator coil. System operational now.,Survey,Active,,4.5
HVAC-2025-00444,Larry King,2025-09-03 20:00:00,Packaged HVAC Unit,PKG-5500Pro,The PKG-5500Pro was installed 12 weeks ago but the installer used the wrong size ducts. System is extremely inefficient now.,Atlanta,Georgia,Residential,Escalated,Inspected unit on-site. Found clogged condensate drain. Replaced drain pan. System operational now.,Service Portal,Expired,,4.9
HVAC-2025-00445,Karen Jackson,2025-03-14 20:56:00,Smart Thermostat,ST-200Eco,SEER rating of our Smart Thermostat ST-200Eco seems much lower than advertised. Energy consumption is 53% higher than expected.,Memphis,Tennessee,Residential,Escalated,,Service Portal,Expired,,3.4
HVAC-2025-00446,Amy Parker,2025-02-07 06:31:00,Air Handler,AH-5000Elite,The Air Handler AH-5000Elite smart thermostat keeps disconnecting from WiFi. Cannot control temperature remotely anymore.,Milwaukee,Wisconsin,Residential,Escalated,Performed diagnostics on AH-5000Elite. loose electrical connections detected. Recommended control board replacement. Customer approved repair.,CRM,Active,,3.8
HVAC-2025-00447,Jacob Rodriguez,2025-08-20 09:38:00,Furnace,FRN-8500Elite,The FRN-8500Elite installation crew was unprofessional and left refrigerant lines exposed. System is now leaking refrigerant.,Minneapolis,Minnesota,Residential,In Progress,Unit is beyond repair. defective expansion valve too severe. Recommended full system replacement with high-efficiency FRN-9800HE.,Email,Expired,25.013896589048763,3.7
HVAC-2025-00448,Janet Wright,2025-07-01 16:32:00,Smart Thermostat,ST-200Eco,We purchased the Smart Thermostat ST-200Eco 15 months ago and it's already failing to cool. Temperature stuck at 51°F. Unacceptable quality.,Chicago,Illinois,Residential,Open,Multiple issues found: failed ignition system. Complete overhaul recommended. Estimate provided to customer. Awaiting approval.,Email,Expired,,3.3
HVAC-2025-00449,Donna Davis,2025-02-11 21:20:00,Air Handler,AH-4500Pro,The cooling capacity of our AH-4500Pro has dropped significantly. Rooms are at 83°F despite running 24/7. Need immediate service.,St. Louis,Missouri,Industrial,In Progress,,CRM,Active,155.4883032292448,2.7
HVAC-2025-00450,Ryan Scott,2025-08-03 17:29:00,Ductless Mini-Split,DMS-1500S,Integration between DMS-1500S and our home automation system broke after the last update. None of the smart features work now.,Detroit,Michigan,Residential,Resolved,,Phone,Expired,111.02053984508152,4.8
HVAC-2025-00451,Amy Rodriguez,2025-06-20 07:41:00,VRF System,VRF-10000S,Our VRF System VRF-10000S heating stopped working mid-winter. We have a newborn baby and the temp is 48°F inside. URGENT help needed!,Tampa,Florida,Residential,Escalated,Unit is beyond repair. electrical short in wiring harness too severe. Recommended full system replacement with high-efficiency FRN-9800HE.,Phone,Expired,,2.9
HVAC-2024-00452,Michael Lewis,2024-08-27 12:28:00,Furnace,FRN-7500Pro,The Furnace FRN-7500Pro has a refrigerant leak. We can smell chemicals and the cooling has stopped. This could be a health hazard.,Boston,Massachusetts,Residential,Closed,Unit is beyond repair. electrical short in wiring harness too severe. Recommended full system replacement with latest VRF-25000Ultra system.,Phone,Active,78.0815124113529,2.1
HVAC-2024-00453,Jonathan Smith,2024-07-08 21:00:00,Central Air Conditioner,CAC-5000Pro,Post-installation inspection revealed that the Central Air Conditioner CAC-5000Pro was installed without proper drainage. Basement flooding has occurred.,Indianapolis,Indiana,Commercial,Resolved,Inspected unit on-site. Found cracked heat exchanger. Replaced relay switch. System operational now.,Email,Extended,30.925385364426397,2.6
HVAC-2025-00454,Joshua Ramirez,2025-08-07 11:07:00,VRF System,VRF-25000Ultra,Our VRF System VRF-25000Ultra is leaking refrigerant. Green residue visible on the outdoor unit. Children play near it — very concerned about safety.,Miami,Florida,Residential,Open,Unit is beyond repair. faulty capacitor too severe. Recommended full system replacement with latest VRF-25000Ultra system.,Service Portal,Active,,2.5
HVAC-2024-00455,Patricia Miller,2024-12-16 21:35:00,Packaged HVAC Unit,PKG-9000Ultra,Filed a warranty claim for our PKG-9000Ultra 15 months ago. No response from the warranty department despite 6 follow-up calls.,St. Louis,Missouri,Residential,Closed,Emergency service call. Found defective expansion valve. Temporary fix applied. Permanent repair requires heat exchanger — on backorder.,CRM,Active,210.16946288333685,2.3
HVAC-2025-00456,Justin Wright,2025-05-15 12:07:00,Packaged HVAC Unit,PKG-7000X,The Packaged HVAC Unit PKG-7000X parts warranty should cover this repair but the dealer says it's a labor issue. Total runaround for 2 weeks.,Houston,Texas,Industrial,Closed,Routine inspection revealed cracked heat exchanger. Cleaned coils and replaced filters. System performance improved but compressor showing wear.,Phone,Active,245.73736182611677,1.7
HVAC-2025-00457,James Garcia,2025-12-23 15:46:00,VRF System,VRF-10000S,The VRF-10000S furnace is blowing cold air instead of warm. It's 84°F inside and we have elderly family members at home.,Jacksonville,Florida,Residential,In Progress,Unit is beyond repair. corroded heat exchanger too severe. Recommended full system replacement with newer CAC-6000Ultra model.,Social Media,Void,24.19223813495473,2.9
HVAC-2025-00458,Gregory Evans,2025-02-14 11:37:00,Air Handler,AH-3500E,Our AH-3500E failed within the first year and the company is blaming us for the failure. This is clearly a manufacturing defect.,Milwaukee,Wisconsin,Residential,Closed,Performed diagnostics on AH-3500E. low refrigerant charge detected. Recommended warranty claim processing. Customer approved repair.,Survey,Active,228.63180511105227,2.3
HVAC-2024-00459,Eric Wilson,2024-06-28 10:52:00,Air Handler,AH-3000X,Banging noises from the ductwork connected to AH-3000X every time the system starts. Sounds like something is loose inside.,San Francisco,California,Commercial,Resolved,,CRM,Extended,332.88529011945303,3.6
HVAC-2025-00460,Michelle Walker,2025-03-05 12:45:00,Packaged HVAC Unit,PKG-6500E,Maintenance was performed on PKG-6500E but the filter was not replaced and the coils were not cleaned. Paid full price for incomplete work.,Phoenix,Arizona,Industrial,Closed,Emergency service call. Found failed ignition system. Temporary fix applied. Permanent repair requires flame sensor — on backorder.,Survey,Expired,308.39673226836163,4.1
HVAC-2024-00461,Gregory Morales,2024-08-23 15:21:00,Packaged HVAC Unit,PKG-5500Pro,Our PKG-5500Pro smart thermostat firmware update bricked the device. Screen is blank and we can't control our HVAC system at all.,Kansas City,Missouri,Residential,In Progress,Customer complaint verified. damaged ductwork confirmed. Ordered replacement refrigerant line set. Follow-up scheduled in 3 days.,Chat,Void,216.35202909749327,3.8
HVAC-2024-00462,Alexander Edwards,2024-04-03 13:46:00,Boiler,BLR-5000S,Our Boiler BLR-5000S had a catastrophic compressor failure. Loud bang followed by complete shutdown. Potential safety hazard.,Chicago,Illinois,Residential,Resolved,Unit is beyond repair. refrigerant leak in evaporator coil too severe. Recommended full system replacement with latest VRF-25000Ultra system.,Phone,Void,6.052373678229418,1.6
HVAC-2024-00463,Joseph Martin,2024-08-09 09:44:00,Air Handler,AH-3000X,Our Air Handler AH-3000X stopped heating entirely during the coldest week of winter. Indoor temp dropped to 81°F. This is a safety concern.,Louisville,Kentucky,Residential,Closed,,Phone,Active,36.2538255522564,2.2
HVAC-2024-00464,Susan Turner,2024-02-24 06:28:00,Heat Pump,HP-3500Elite,Electrical failure in HP-3500Elite. Circuit breaker keeps tripping. Possible fire hazard. Need emergency service immediately.,Albuquerque,New Mexico,Residential,Resolved,Warranty repair completed. failed control board was covered. Replaced refrigerant line set. System tested and operational.,Phone,Expired,83.86982661081865,2.3
HVAC-2024-00465,Betty Jackson,2024-03-15 17:35:00,Packaged HVAC Unit,PKG-4000S,"Installer damaged our wall and ceiling during Packaged HVAC Unit PKG-4000S installation. Also, the system is not balanced — one room is freezing while another is hot.",Nashville,Tennessee,Residential,Closed,Performed diagnostics on PKG-4000S. faulty capacitor detected. Recommended compressor swap. Customer approved repair.,Social Media,Expired,22.999371616432953,2.1
HVAC-2024-00466,Kathleen Martinez,2024-07-06 18:35:00,Air Handler,AH-3000X,The pilot light on our AH-3000X keeps going out. Furnace won't stay on. House temperature dropping to 41°F overnight.,Richmond,Virginia,Industrial,Open,Emergency service call. Found defective expansion valve. Temporary fix applied. Permanent repair requires condenser coil — on backorder.,Social Media,Extended,,3.0
HVAC-2025-00467,Alexander Jackson,2025-07-21 11:15:00,Ductless Mini-Split,DMS-2400Max,Preventive maintenance on our Ductless Mini-Split DMS-2400Max was done poorly. Now the system is short-cycling every 8 minutes.,St. Louis,Missouri,Residential,Resolved,Emergency service call. Found low refrigerant charge. Temporary fix applied. Permanent repair requires heat exchanger — on backorder.,Phone,Expired,144.87979142187194,3.7
HVAC-2025-00468,Carol Walker,2025-05-11 22:39:00,Central Air Conditioner,CAC-2500E,The smart thermostat CAC-2500E is not syncing with the HVAC system. Temperature readings are inaccurate by 12°F.,Dallas,Texas,Residential,In Progress,Warranty repair completed. dirty air filter causing restricted airflow was covered. Replaced relay switch. System tested and operational.,Phone,Active,176.43387462744303,2.9
HVAC-2024-00469,Amanda White,2024-07-26 20:37:00,Smart Thermostat,ST-700Ultra,"After maintenance on our ST-700Ultra, the system performance got worse. The technician may have damaged something.",Louisville,Kentucky,Residential,Resolved,Performed diagnostics on ST-700Ultra. frozen evaporator coil detected. Recommended refrigerant recharge. Customer approved repair.,CRM,Expired,75.48069468279962,4.4
HVAC-2024-00470,Betty Wright,2024-12-03 12:51:00,Boiler,BLR-5000S,Warranty claim for BLR-5000S was denied citing 'improper installation' even though their own certified technician installed it.,Nashville,Tennessee,Industrial,Resolved,,Service Portal,Expired,98.88606559967126,1.9
HVAC-2025-00471,Mark Wright,2025-12-07 07:57:00,Air Handler,AH-5000Elite,The Air Handler (AH-5000Elite) stopped providing cold air yesterday. It's blowing warm air instead. Our office is unbearable at 68°F.,Pittsburgh,Pennsylvania,Residential,Open,Customer complaint verified. electrical short in wiring harness confirmed. Ordered replacement relay switch. Follow-up scheduled in 6 days.,Service Portal,Expired,,2.0
HVAC-2025-00472,Emily Wilson,2025-12-26 21:07:00,Smart Thermostat,ST-300Pro,Technician found a refrigerant leak in our ST-300Pro for the third time this year. Clearly a manufacturing defect in the coils.,Chicago,Illinois,Residential,Resolved,,Phone,Expired,107.24245095609191,2.8
HVAC-2025-00473,Elizabeth Carter,2025-11-14 22:21:00,Packaged HVAC Unit,PKG-4000S,"After the technician visited last week, the PKG-4000S still isn't cooling properly. This is our 4th service call for the same issue.",Orlando,Florida,Residential,Resolved,Unit is beyond repair. compressor failure too severe. Recommended full system replacement with upgraded HP-4200Max system.,Email,Expired,37.69701133046755,1.8
HVAC-2025-00474,Kimberly Morris,2025-07-13 06:31:00,Air Handler,AH-4500Pro,We purchased the Air Handler AH-4500Pro 26 months ago and it's already failing to cool. Temperature stuck at 58°F. Unacceptable quality.,Salt Lake City,Utah,Commercial,Closed,Emergency service call. Found clogged condensate drain. Temporary fix applied. Permanent repair requires refrigerant line set — on backorder.,Phone,Active,41.48332113128861,2.2
HVAC-2025-00475,Jack Thompson,2025-05-09 11:14:00,Ductless Mini-Split,DMS-1500S,We purchased the Ductless Mini-Split DMS-1500S 25 months ago and it's already failing to cool. Temperature stuck at 92°F. Unacceptable quality.,Raleigh,North Carolina,Residential,Resolved,Routine inspection revealed clogged condensate drain. Cleaned coils and replaced filters. System performance improved but filter drier showing wear.,Phone,Active,12.552031888871507,2.8
HVAC-2024-00476,Ronald Moore,2024-09-05 11:15:00,Boiler,BLR-9500Ultra,Heating system BLR-9500Ultra fails to ignite. We've tried resetting multiple times. Temperature is dangerously low at 53°F.,Phoenix,Arizona,Residential,In Progress,,Phone,Extended,61.107744302840146,3.3
HVAC-2025-00477,Nicole Phillips,2025-01-17 21:43:00,Boiler,BLR-6500Pro,AC unit BLR-6500Pro has completely stopped cooling. Thermostat shows 53°F but the system is running constantly. Very frustrated.,Milwaukee,Wisconsin,Commercial,Resolved,Performed diagnostics on BLR-6500Pro. blocked condenser coil detected. Recommended control board replacement. Customer approved repair.,CRM,Expired,110.16593362911637,2.5
HVAC-2024-00478,Christopher Williams,2024-07-07 19:49:00,Rooftop Unit,RTU-6000S,Our RTU-6000S thermostat app shows 'Device Offline' constantly. Have reset the router and thermostat multiple times.,Detroit,Michigan,Residential,Resolved,Unit is beyond repair. dirty air filter causing restricted airflow too severe. Recommended full system replacement with high-efficiency FRN-9800HE.,Survey,Active,268.3534523475681,3.2
HVAC-2025-00479,Michelle Perez,2025-11-03 15:22:00,Boiler,BLR-5000S,R-410A refrigerant leak detected in BLR-5000S. Cooling performance has degraded and we're worried about environmental impact.,Oklahoma City,Oklahoma,Commercial,Open,Routine inspection revealed low refrigerant charge. Cleaned coils and replaced filters. System performance improved but capacitor showing wear.,Service Portal,Extended,,1.7
HVAC-2024-00480,Timothy Nelson,2024-10-15 21:27:00,Heat Pump,HP-3500Elite,The cooling capacity of our HP-3500Elite has dropped significantly. Rooms are at 41°F despite running 24/7. Need immediate service.,Oklahoma City,Oklahoma,Residential,Escalated,Multiple issues found: blocked condenser coil. Complete overhaul recommended. Estimate provided to customer. Awaiting approval.,Social Media,Expired,,3.4
HVAC-2025-00481,Gregory Murphy,2025-07-07 06:04:00,Boiler,BLR-5000S,The BLR-5000S is consuming way too much energy. Our utility bill went from $130 to $362 per month since installation.,Boston,Massachusetts,Industrial,In Progress,Emergency service call. Found cracked heat exchanger. Temporary fix applied. Permanent repair requires condenser coil — on backorder.,Email,Active,161.60456982377139,4.9
HVAC-2024-00482,Emma Hill,2024-08-08 06:27:00,Boiler,BLR-5000S,Our Boiler BLR-5000S makes a clicking sound and then stops cooling. House temp is at 92°F. Children are uncomfortable.,Jacksonville,Florida,Residential,Closed,,Email,Void,166.575315880569,1.6
HVAC-2024-00483,Patricia Nelson,2024-01-20 21:59:00,Packaged HVAC Unit,PKG-7000X,Integration between PKG-7000X and our home automation system broke after the last update. None of the smart features work now.,Dallas,Texas,Commercial,Closed,Unit is beyond repair. dirty air filter causing restricted airflow too severe. Recommended full system replacement with high-efficiency FRN-9800HE.,Phone,Expired,149.7510088870456,3.2
HVAC-2024-00484,Michael Smith,2024-02-26 06:09:00,Heat Pump,HP-1800Eco,Technician found a refrigerant leak in our HP-1800Eco for the third time this year. Clearly a manufacturing defect in the coils.,Richmond,Virginia,Residential,Closed,Performed diagnostics on HP-1800Eco. blocked condenser coil detected. Recommended control board replacement. Customer approved repair.,Service Portal,Extended,84.29125364467822,1.3
HVAC-2025-00485,Kimberly Lee,2025-10-04 14:37:00,Central Air Conditioner,CAC-5000Pro,Our new Central Air Conditioner CAC-5000Pro installation is terrible. The condensate drain was connected wrong and water is leaking into the ceiling.,Tampa,Florida,Commercial,Resolved,Inspected unit on-site. Found blocked condenser coil. Replaced compressor. System operational now.,CRM,Active,14.650573252314292,3.8
HVAC-2024-00486,Patrick Martinez,2024-08-08 20:09:00,Rooftop Unit,RTU-12000X,The maintenance technician for our RTU-12000X didn't bring the right parts and left the job incomplete. Still waiting for resolution.,Detroit,Michigan,Residential,Open,Routine inspection revealed dirty air filter causing restricted airflow. Cleaned coils and replaced filters. System performance improved but contactor showing wear.,CRM,Active,,2.4
HVAC-2025-00487,Catherine Diaz,2025-10-13 11:52:00,Smart Thermostat,ST-700Ultra,The heat pump ST-700Ultra is not providing adequate heating. House is at 83°F despite thermostat set to 72°F. Very concerned about pipes freezing.,Albuquerque,New Mexico,Residential,Closed,Unit is beyond repair. loose electrical connections too severe. Recommended full system replacement with newer CAC-6000Ultra model.,Survey,Extended,55.05424502255457,3.1
HVAC-2025-00488,Kathleen Sanchez,2025-07-07 11:26:00,VRF System,VRF-15000Pro,Our electricity bill has increased by 26% since installing the VRF System VRF-15000Pro. This unit was supposed to be energy efficient.,Miami,Florida,Commercial,Resolved,,Social Media,Extended,130.35183673050238,2.0
HVAC-2025-00489,Nicole Robinson,2025-12-02 15:21:00,Smart Thermostat,ST-400Plus,Our Smart Thermostat ST-400Plus heating stopped working mid-winter. We have a newborn baby and the temp is 71°F inside. URGENT help needed!,Houston,Texas,Residential,Resolved,,Survey,Expired,105.63165620889457,3.4
HVAC-2025-00490,Amy Ramirez,2025-10-18 19:01:00,VRF System,VRF-15000Pro,R-410A refrigerant leak detected in VRF-15000Pro. Cooling performance has degraded and we're worried about environmental impact.,Oklahoma City,Oklahoma,Industrial,Resolved,Emergency service call. Found dirty air filter causing restricted airflow. Temporary fix applied. Permanent repair requires compressor — on backorder.,Survey,Extended,92.7303015800484,2.3
HVAC-2025-00491,Michelle Rodriguez,2025-12-06 15:42:00,Rooftop Unit,RTU-15000Ultra,Post-installation inspection revealed that the Rooftop Unit RTU-15000Ultra was installed without proper drainage. Basement flooding has occurred.,Nashville,Tennessee,Residential,Closed,Multiple issues found: failed control board. Complete overhaul recommended. Estimate provided to customer. Awaiting approval.,Phone,Active,20.007106881403928,4.8
HVAC-2025-00492,Barbara Rodriguez,2025-09-06 18:51:00,Furnace,FRN-9800HE,My Furnace model FRN-9800HE is not cooling at all. The house temperature is 53°F and it won't go below that. We've been suffering in this heat for 3 days now.,Los Angeles,California,Residential,In Progress,Warranty repair completed. blocked condenser coil was covered. Replaced reversing valve. System tested and operational.,Phone,Void,135.91755499679763,3.1
HVAC-2025-00493,Christine Mitchell,2025-10-18 20:24:00,Smart Thermostat,ST-300Pro,We purchased the Smart Thermostat ST-300Pro 23 months ago and it's already failing to cool. Temperature stuck at 68°F. Unacceptable quality.,Orlando,Florida,Commercial,In Progress,Performed diagnostics on ST-300Pro. loose electrical connections detected. Recommended compressor swap. Customer approved repair.,Phone,Expired,4.610365462556803,2.2
HVAC-2025-00494,Karen Scott,2025-05-10 07:54:00,Air Handler,AH-3000X,We've been waiting 15 days for a maintenance appointment for our Air Handler AH-3000X. No callbacks despite multiple requests.,Chicago,Illinois,Residential,In Progress,Customer complaint verified. blocked condenser coil confirmed. Ordered replacement capacitor. Follow-up scheduled in 14 days.,Service Portal,Active,92.71629950066968,3.1
HVAC-2025-00495,Anna Hernandez,2025-12-11 09:11:00,Air Handler,AH-3000X,Banging noises from the ductwork connected to AH-3000X every time the system starts. Sounds like something is loose inside.,Pittsburgh,Pennsylvania,Residential,Escalated,Performed diagnostics on AH-3000X. worn compressor bearings detected. Recommended compressor swap. Customer approved repair.,Phone,Active,,3.7
HVAC-2025-00496,Kevin Perez,2025-01-02 21:51:00,Rooftop Unit,RTU-10000E,Integration between RTU-10000E and our home automation system broke after the last update. None of the smart features work now.,Columbus,Ohio,Residential,Open,Routine inspection revealed refrigerant leak in evaporator coil. Cleaned coils and replaced filters. System performance improved but thermostat showing wear.,Phone,Void,,2.7
HVAC-2025-00497,Jessica Turner,2025-08-07 22:18:00,VRF System,VRF-20000X,Our VRF System VRF-20000X stopped heating entirely during the coldest week of winter. Indoor temp dropped to 68°F. This is a safety concern.,Indianapolis,Indiana,Residential,Closed,Warranty repair completed. electrical short in wiring harness was covered. Replaced expansion valve. System tested and operational.,Email,Expired,33.784508164119856,2.7
HVAC-2024-00498,Laura Jackson,2024-08-07 14:07:00,VRF System,VRF-10000S,Our VRF System VRF-10000S stopped heating entirely during the coldest week of winter. Indoor temp dropped to 45°F. This is a safety concern.,Pittsburgh,Pennsylvania,Residential,In Progress,Inspected unit on-site. Found failed control board. Replaced expansion valve. System operational now.,Phone,Expired,50.775988598320865,2.2
HVAC-2024-00499,Ryan Nguyen,2024-11-16 21:17:00,Heat Pump,HP-1800Eco,Our Heat Pump HP-1800Eco makes a clicking sound and then stops cooling. House temp is at 64°F. Children are uncomfortable.,Salt Lake City,Utah,Residential,Open,,Email,Active,,1.6
HVAC-2024-00500,Samuel Morales,2024-03-23 14:53:00,Heat Pump,HP-1800Eco,Heating system HP-1800Eco fails to ignite. We've tried resetting multiple times. Temperature is dangerously low at 56°F.,Jacksonville,Florida,Industrial,In Progress,,Email,Expired,17.751434490257505,3.1
HVAC-2024-00501,Kathleen Harris,2024-10-21 21:33:00,Rooftop Unit,RTU-10000E,Our RTU-10000E compressor makes a terrible clicking and vibrating noise. It gets worse at night. Multiple complaints from family.,Phoenix,Arizona,Residential,Open,Inspected unit on-site. Found clogged condensate drain. Replaced control board. System operational now.,Survey,Extended,,3.0
HVAC-2025-00502,Sandra Evans,2025-11-16 13:34:00,Packaged HVAC Unit,PKG-4000S,Our Packaged HVAC Unit PKG-4000S heating stopped working mid-winter. We have a newborn baby and the temp is 82°F inside. URGENT help needed!,Sacramento,California,Residential,Resolved,Warranty repair completed. blocked condenser coil was covered. Replaced condenser coil. System tested and operational.,Chat,Expired,14.176705037718683,3.3
HVAC-2025-00503,Donald Garcia,2025-12-07 08:21:00,Ductless Mini-Split,DMS-2400Max,Filed a warranty claim for our DMS-2400Max 5 months ago. No response from the warranty department despite 6 follow-up calls.,Portland,Oregon,Commercial,Open,Customer complaint verified. refrigerant leak in evaporator coil confirmed. Ordered replacement reversing valve. Follow-up scheduled in 2 days.,Phone,Expired,,2.4
HVAC-2025-00504,Christine Scott,2025-04-23 17:59:00,Packaged HVAC Unit,PKG-6500E,Installation team left a mess and didn't complete the PKG-6500E installation properly. Wires are exposed and the unit vibrates excessively.,Indianapolis,Indiana,Commercial,Resolved,,Phone,Expired,164.83560373531176,3.7
HVAC-2025-00505,Rebecca Wilson,2025-08-27 19:09:00,Furnace,FRN-7500Pro,Our Furnace FRN-7500Pro stopped heating entirely during the coldest week of winter. Indoor temp dropped to 84°F. This is a safety concern.,Dallas,Texas,Commercial,In Progress,Performed diagnostics on FRN-7500Pro. refrigerant leak in evaporator coil detected. Recommended electrical rewiring. Customer approved repair.,Email,Active,6.145281753670424,1.9
HVAC-2025-00506,Stephanie Nguyen,2025-03-14 11:39:00,Furnace,FRN-7500Pro,The Furnace (FRN-7500Pro) stopped providing cold air yesterday. It's blowing warm air instead. Our office is unbearable at 47°F.,Tucson,Arizona,Residential,In Progress,Multiple issues found: faulty reversing valve. Complete overhaul recommended. Estimate provided to customer. Awaiting approval.,Phone,Expired,130.57676325024877,1.5
HVAC-2024-00507,Kimberly Nelson,2024-09-02 22:54:00,Rooftop Unit,RTU-6000S,The Rooftop Unit RTU-6000S is making an extremely loud grinding noise that wakes us up at night. It's been going on for 19 days.,St. Louis,Missouri,Residential,Open,Performed diagnostics on RTU-6000S. refrigerant leak in evaporator coil detected. Recommended warranty claim processing. Customer approved repair.,Chat,Active,,2.3
HVAC-2024-00508,William Hernandez,2024-01-25 06:49:00,Furnace,FRN-9800HE,The FRN-9800HE was installed 3 weeks ago but the installer used the wrong size ducts. System is extremely inefficient now.,Houston,Texas,Industrial,Resolved,Customer complaint verified. thermostat malfunction confirmed. Ordered replacement refrigerant line set. Follow-up scheduled in 4 days.,Phone,Active,125.72047874709538,3.9
HVAC-2025-00509,Daniel Torres,2025-09-06 08:34:00,Boiler,BLR-8000HE,"The BLR-8000HE runs continuously without cycling off, leading to massive energy bills. Something is wrong with the efficiency.",Detroit,Michigan,Commercial,Resolved,Multiple issues found: dirty air filter causing restricted airflow. Complete overhaul recommended. Estimate provided to customer. Awaiting approval.,Email,Expired,306.56317999884317,2.2
HVAC-2024-00510,George Flores,2024-04-13 18:36:00,Central Air Conditioner,CAC-2500E,The CAC-2500E was installed 7 weeks ago but the installer used the wrong size ducts. System is extremely inefficient now.,Denver,Colorado,Residential,Open,Unit is beyond repair. low refrigerant charge too severe. Recommended full system replacement with commercial-grade RTU-15000Ultra.,Phone,Active,,4.0
HVAC-2024-00511,Shirley Smith,2024-09-05 08:03:00,VRF System,VRF-10000S,Our VRF-10000S failed within the first year and the company is blaming us for the failure. This is clearly a manufacturing defect.,Charlotte,North Carolina,Commercial,Closed,Warranty repair completed. blocked condenser coil was covered. Replaced flame sensor. System tested and operational.,CRM,Active,181.37286282150998,2.3
HVAC-2024-00512,Shirley Parker,2024-08-17 15:26:00,Packaged HVAC Unit,PKG-5500Pro,Heating failure on our commercial PKG-5500Pro. Building occupants complaining about 69°F temperatures. Multiple offices affected.,San Antonio,Texas,Residential,In Progress,Emergency service call. Found burned-out fan motor. Temporary fix applied. Permanent repair requires fan motor — on backorder.,Email,Expired,45.454268732856484,3.0
HVAC-2024-00513,Robert Lewis,2024-03-22 08:30:00,Packaged HVAC Unit,PKG-9000Ultra,The PKG-9000Ultra furnace is blowing cold air instead of warm. It's 67°F inside and we have elderly family members at home.,Kansas City,Missouri,Residential,Escalated,Emergency service call. Found low refrigerant charge. Temporary fix applied. Permanent repair requires igniter — on backorder.,CRM,Expired,,2.6
HVAC-2024-00514,Susan Lopez,2024-12-25 17:12:00,Smart Thermostat,ST-300Pro,Our ST-300Pro smart thermostat firmware update bricked the device. Screen is blank and we can't control our HVAC system at all.,Louisville,Kentucky,Residential,In Progress,Inspected unit on-site. Found frozen evaporator coil. Replaced capacitor. System operational now.,Social Media,Active,80.7762546583953,2.4
HVAC-2025-00515,Deborah Gonzalez,2025-01-28 07:46:00,VRF System,VRF-10000S,Brand new VRF System VRF-10000S installed 9 weeks ago cannot maintain temperature below 84°F. Extremely disappointed.,Dallas,Texas,Industrial,Closed,Emergency service call. Found burned-out fan motor. Temporary fix applied. Permanent repair requires heat exchanger — on backorder.,Chat,Expired,128.37733001797616,2.2
HVAC-2025-00516,James Ramirez,2025-04-11 21:40:00,Rooftop Unit,RTU-6000S,Post-installation inspection revealed that the Rooftop Unit RTU-6000S was installed without proper drainage. Basement flooding has occurred.,Albuquerque,New Mexico,Residential,In Progress,Customer complaint verified. electrical short in wiring harness confirmed. Ordered replacement thermostat. Follow-up scheduled in 11 days.,Service Portal,Active,122.86353266910942,3.2
HVAC-2024-00517,Emily Nelson,2024-10-25 19:12:00,VRF System,VRF-25000Ultra,Our VRF-25000Ultra has developed a loud rattling sound when it cycles on. The noise level is unbearable and affects our daily life.,Boston,Massachusetts,Commercial,In Progress,Emergency service call. Found failed control board. Temporary fix applied. Permanent repair requires heat exchanger — on backorder.,Phone,Expired,56.5054011352994,2.7
HVAC-2024-00518,Ronald Lopez,2024-08-24 10:27:00,Heat Pump,HP-2200DX,Loud buzzing/humming noise coming from the outdoor unit HP-2200DX. Neighbors have complained about the noise level.,Houston,Texas,Industrial,Closed,Warranty repair completed. dirty air filter causing restricted airflow was covered. Replaced contactor. System tested and operational.,CRM,Active,298.25944509091795,3.1
HVAC-2025-00519,Donna Garcia,2025-07-19 09:31:00,Central Air Conditioner,CAC-4000S,Our CAC-4000S thermostat app shows 'Device Offline' constantly. Have reset the router and thermostat multiple times.,Albuquerque,New Mexico,Residential,Resolved,,Service Portal,Expired,330.7257198991881,4.5
HVAC-2024-00520,Andrew White,2024-08-04 17:28:00,Packaged HVAC Unit,PKG-6500E,My Packaged HVAC Unit model PKG-6500E is not cooling at all. The house temperature is 88°F and it won't go below that. We've been suffering in this heat for 17 days now.,Houston,Texas,Commercial,Open,Inspected unit on-site. Found loose electrical connections. Replaced expansion valve. System operational now.,Email,Expired,,3.1
HVAC-2025-00521,Susan Nguyen,2025-08-03 22:18:00,Boiler,BLR-5000S,The BLR-5000S evaporator coil is leaking refrigerant again. This has been repaired twice already. Need a permanent solution.,Detroit,Michigan,Residential,Resolved,,Email,Void,31.287695879771988,1.7
HVAC-2024-00522,Nicole Lewis,2024-06-15 19:57:00,Rooftop Unit,RTU-15000Ultra,We purchased the Rooftop Unit RTU-15000Ultra 13 months ago and it's already failing to cool. Temperature stuck at 49°F. Unacceptable quality.,Houston,Texas,Commercial,In Progress,Unit is beyond repair. blocked condenser coil too severe. Recommended full system replacement with upgraded HP-4200Max system.,Phone,Expired,167.12946774662888,2.0
HVAC-2024-00523,Elizabeth Ramirez,2024-10-13 17:34:00,VRF System,VRF-25000Ultra,The heat pump VRF-25000Ultra is not providing adequate heating. House is at 95°F despite thermostat set to 72°F. Very concerned about pipes freezing.,Detroit,Michigan,Residential,In Progress,Performed diagnostics on VRF-25000Ultra. failed ignition system detected. Recommended full system replacement. Customer approved repair.,Survey,Active,46.63894093540799,2.3
HVAC-2025-00524,Angela Parker,2025-02-28 22:17:00,Boiler,BLR-9500Ultra,The Boiler (BLR-9500Ultra) stopped providing cold air yesterday. It's blowing warm air instead. Our office is unbearable at 81°F.,Miami,Florida,Industrial,Escalated,,Phone,Extended,,2.8
HVAC-2024-00525,Edward Jackson,2024-05-28 16:03:00,Air Handler,AH-3000X,Scheduled maintenance for Air Handler AH-3000X was missed twice. No one contacted us to reschedule. Very poor service.,Memphis,Tennessee,Residential,In Progress,Customer complaint verified. dirty air filter causing restricted airflow confirmed. Ordered replacement filter drier. Follow-up scheduled in 2 days.,Chat,Active,199.04767936029265,3.3
HVAC-2025-00526,Robert Gomez,2025-09-24 21:59:00,Smart Thermostat,ST-300Pro,The cooling capacity of our ST-300Pro has dropped significantly. Rooms are at 55°F despite running 24/7. Need immediate service.,Kansas City,Missouri,Industrial,Closed,Unit is beyond repair. burned-out fan motor too severe. Recommended full system replacement with commercial-grade RTU-15000Ultra.,Chat,Void,14.954234139133634,3.1
HVAC-2024-00527,Christine Green,2024-07-28 11:43:00,Rooftop Unit,RTU-15000Ultra,The Rooftop Unit RTU-15000Ultra has a refrigerant leak. We can smell chemicals and the cooling has stopped. This could be a health hazard.,Chicago,Illinois,Residential,In Progress,Multiple issues found: dirty air filter causing restricted airflow. Complete overhaul recommended. Estimate provided to customer. Awaiting approval.,Email,Active,51.78414794862874,2.7
HVAC-2024-00528,Jonathan Wilson,2024-05-27 09:27:00,Boiler,BLR-7000E,Our Boiler BLR-7000E makes a clicking sound and then stops cooling. House temp is at 62°F. Children are uncomfortable.,Charlotte,North Carolina,Residential,Open,Inspected unit on-site. Found corroded heat exchanger. Replaced igniter. System operational now.,Email,Expired,,2.3
HVAC-2025-00529,Anna Young,2025-03-06 16:47:00,Boiler,BLR-9500Ultra,Our Boiler BLR-9500Ultra lost all refrigerant. The system is 12 months old. Suspected manufacturing defect in the line set.,Albuquerque,New Mexico,Commercial,Resolved,,Email,Extended,104.25685681035651,1.5
HVAC-2025-00530,Christopher Johnson,2025-08-13 09:29:00,Rooftop Unit,RTU-8000Pro,Extended warranty for Rooftop Unit RTU-8000Pro was supposed to cover all parts and labor. Now they're saying refrigerant isn't covered.,Jacksonville,Florida,Commercial,Resolved,,Service Portal,Active,140.86777777966094,2.2
HVAC-2024-00531,Jennifer Wright,2024-06-24 08:33:00,Central Air Conditioner,CAC-4000S,Banging noises from the ductwork connected to CAC-4000S every time the system starts. Sounds like something is loose inside.,New York,New York,Residential,Resolved,Inspected unit on-site. Found thermostat malfunction. Replaced relay switch. System operational now.,Email,Active,157.80603688678048,3.8
HVAC-2025-00532,David Hernandez,2025-10-24 14:32:00,VRF System,VRF-18000E,Our VRF System VRF-18000E heating stopped working mid-winter. We have a newborn baby and the temp is 88°F inside. URGENT help needed!,Tampa,Florida,Commercial,In Progress,,Chat,Extended,73.9481366756578,2.6
HVAC-2025-00533,Deborah Martin,2025-12-09 18:49:00,Boiler,BLR-7000E,Heating failure on our commercial BLR-7000E. Building occupants complaining about 89°F temperatures. Multiple offices affected.,Dallas,Texas,Industrial,Open,Warranty repair completed. loose electrical connections was covered. Replaced relay switch. System tested and operational.,Chat,Void,,2.6
HVAC-2025-00534,Daniel Baker,2025-11-25 18:24:00,VRF System,VRF-10000S,Extended warranty for VRF System VRF-10000S was supposed to cover all parts and labor. Now they're saying refrigerant isn't covered.,Cleveland,Ohio,Residential,Resolved,Unit is beyond repair. corroded heat exchanger too severe. Recommended full system replacement with high-efficiency FRN-9800HE.,Phone,Expired,63.077648548095226,2.3
HVAC-2025-00535,Lisa King,2025-12-26 18:53:00,Packaged HVAC Unit,PKG-9000Ultra,Warranty claim for PKG-9000Ultra was denied citing 'improper installation' even though their own certified technician installed it.,Seattle,Washington,Industrial,In Progress,,Service Portal,Void,314.52791173620267,1.5
HVAC-2025-00536,Gary Torres,2025-02-12 17:01:00,Smart Thermostat,ST-300Pro,Our Smart Thermostat ST-300Pro makes a clicking sound and then stops cooling. House temp is at 84°F. Children are uncomfortable.,Albuquerque,New Mexico,Residential,Closed,Multiple issues found: worn compressor bearings. Complete overhaul recommended. Estimate provided to customer. Awaiting approval.,Service Portal,Expired,6.563715309060742,2.1
HVAC-2024-00537,Janet Thompson,2024-09-27 17:13:00,Ductless Mini-Split,DMS-1200Q,Warranty claim for DMS-1200Q was denied citing 'improper installation' even though their own certified technician installed it.,Milwaukee,Wisconsin,Residential,In Progress,Emergency service call. Found worn compressor bearings. Temporary fix applied. Permanent repair requires igniter — on backorder.,Email,Active,115.50729532803204,1.2
HVAC-2025-00538,Brenda Davis,2025-10-25 08:02:00,Ductless Mini-Split,DMS-2400Max,The Ductless Mini-Split DMS-2400Max makes a high-pitched squealing noise during operation. We cannot sleep or work from home because of it.,Indianapolis,Indiana,Residential,Resolved,,Chat,Void,236.3138697303013,3.6
HVAC-2025-00539,Janet Diaz,2025-06-28 11:08:00,Furnace,FRN-8500Elite,Scheduled maintenance for Furnace FRN-8500Elite was missed twice. No one contacted us to reschedule. Very poor service.,Albuquerque,New Mexico,Commercial,Resolved,Inspected unit on-site. Found thermostat malfunction. Replaced filter drier. System operational now.,Service Portal,Extended,99.71331073017882,3.9
HVAC-2024-00540,Anthony Diaz,2024-08-03 13:08:00,Smart Thermostat,ST-400Plus,Our Smart Thermostat ST-400Plus had a catastrophic compressor failure. Loud bang followed by complete shutdown. Potential safety hazard.,Denver,Colorado,Commercial,Closed,Inspected unit on-site. Found burned-out fan motor. Replaced blower motor. System operational now.,Phone,Active,42.111712922919125,1.1
HVAC-2024-00541,Margaret Thompson,2024-02-05 17:54:00,Furnace,FRN-9800HE,We've been waiting 10 days for a maintenance appointment for our Furnace FRN-9800HE. No callbacks despite multiple requests.,Oklahoma City,Oklahoma,Industrial,Resolved,Unit is beyond repair. faulty reversing valve too severe. Recommended full system replacement with latest VRF-25000Ultra system.,Service Portal,Active,319.50263537802425,2.2
HVAC-2025-00542,Brian Morris,2025-02-12 06:34:00,Heat Pump,HP-3500Elite,The HP-3500Elite is consuming way too much energy. Our utility bill went from $160 to $406 per month since installation.,Boston,Massachusetts,Commercial,Resolved,Customer complaint verified. worn compressor bearings confirmed. Ordered replacement expansion valve. Follow-up scheduled in 8 days.,Social Media,Expired,66.03670121811871,2.5
HVAC-2025-00543,David Collins,2025-10-13 13:46:00,Packaged HVAC Unit,PKG-9000Ultra,"Installer damaged our wall and ceiling during Packaged HVAC Unit PKG-9000Ultra installation. Also, the system is not balanced — one room is freezing while another is hot.",Chicago,Illinois,Residential,Resolved,,Phone,Expired,23.832481874890096,3.4
HVAC-2025-00544,Kenneth Flores,2025-01-08 10:15:00,Ductless Mini-Split,DMS-2400Max,Our DMS-2400Max is supposed to be a high-efficiency unit but we're paying more than with our old system. Very misleading marketing.,Boston,Massachusetts,Residential,Resolved,Performed diagnostics on DMS-2400Max. faulty capacitor detected. Recommended refrigerant recharge. Customer approved repair.,Service Portal,Extended,288.6692653104894,3.6
HVAC-2025-00545,Charles Davis,2025-10-20 09:11:00,Heat Pump,HP-4200Max,Heating failure on our commercial HP-4200Max. Building occupants complaining about 85°F temperatures. Multiple offices affected.,Tucson,Arizona,Commercial,Escalated,,Chat,Active,,2.4
HVAC-2025-00546,Cynthia Cruz,2025-09-24 07:35:00,VRF System,VRF-10000S,The indoor unit of our VRF System VRF-10000S produces a constant whistling noise. Very annoying and disruptive.,Los Angeles,California,Residential,Closed,Performed diagnostics on VRF-10000S. burned-out fan motor detected. Recommended compressor swap. Customer approved repair.,Phone,Expired,206.95822866226112,4.8
HVAC-2025-00547,Janet Hall,2025-07-27 11:13:00,Ductless Mini-Split,DMS-900Eco,Our DMS-900Eco compressor makes a terrible clicking and vibrating noise. It gets worse at night. Multiple complaints from family.,Pittsburgh,Pennsylvania,Industrial,Closed,Emergency service call. Found dirty air filter causing restricted airflow. Temporary fix applied. Permanent repair requires fan motor — on backorder.,Phone,Active,197.31780862013593,4.3
HVAC-2024-00548,Rachel Collins,2024-07-20 09:09:00,Heat Pump,HP-1800Eco,The HP-1800Eco is consuming way too much energy. Our utility bill went from $196 to $252 per month since installation.,Milwaukee,Wisconsin,Residential,In Progress,,Phone,Active,46.72998228883542,4.1
HVAC-2024-00549,Christine Hill,2024-09-07 12:02:00,Furnace,FRN-9800HE,The Furnace FRN-9800HE is making an extremely loud grinding noise that wakes us up at night. It's been going on for 25 days.,Tampa,Florida,Commercial,Resolved,Inspected unit on-site. Found faulty reversing valve. Replaced thermostat. System operational now.,Email,Expired,224.59060766293675,3.4
HVAC-2024-00550,James Ramirez,2024-05-01 12:44:00,Heat Pump,HP-3500Elite,Integration between HP-3500Elite and our home automation system broke after the last update. None of the smart features work now.,Columbus,Ohio,Industrial,In Progress,Inspected unit on-site. Found failed ignition system. Replaced igniter. System operational now.,Email,Extended,273.8323924795743,4.2
HVAC-2025-00551,Kathleen Miller,2025-05-13 15:48:00,VRF System,VRF-18000E,SEER rating of our VRF System VRF-18000E seems much lower than advertised. Energy consumption is 44% higher than expected.,Minneapolis,Minnesota,Residential,Open,,Service Portal,Extended,,2.1
HVAC-2025-00552,Alexander Torres,2025-02-17 09:21:00,Smart Thermostat,ST-400Plus,Our ST-400Plus has developed a loud rattling sound when it cycles on. The noise level is unbearable and affects our daily life.,Orlando,Florida,Residential,Closed,Unit is beyond repair. cracked heat exchanger too severe. Recommended full system replacement with upgraded HP-4200Max system.,CRM,Expired,218.58944239083982,2.7
HVAC-2025-00553,James Anderson,2025-09-12 15:27:00,Central Air Conditioner,CAC-3000X,My Central Air Conditioner model CAC-3000X is not cooling at all. The house temperature is 77°F and it won't go below that. We've been suffering in this heat for 12 days now.,New York,New York,Industrial,In Progress,,CRM,Active,136.8544007329667,2.4
HVAC-2025-00554,Jennifer Evans,2025-07-15 09:09:00,Central Air Conditioner,CAC-3000X,The Central Air Conditioner (CAC-3000X) stopped providing cold air yesterday. It's blowing warm air instead. Our office is unbearable at 40°F.,Cincinnati,Ohio,Residential,Resolved,Performed diagnostics on CAC-3000X. cracked heat exchanger detected. Recommended warranty claim processing. Customer approved repair.,Service Portal,Expired,80.00667492931588,1.9
HVAC-2025-00555,Kevin Sanchez,2025-06-18 22:43:00,Ductless Mini-Split,DMS-1200Q,The DMS-1200Q was installed 2 weeks ago but the installer used the wrong size ducts. System is extremely inefficient now.,Indianapolis,Indiana,Residential,Resolved,Performed diagnostics on DMS-1200Q. faulty capacitor detected. Recommended full system replacement. Customer approved repair.,Chat,Expired,37.5481511932716,3.7
HVAC-2025-00556,Gary Reyes,2025-12-14 19:06:00,Ductless Mini-Split,DMS-1500S,Electrical failure in DMS-1500S. Circuit breaker keeps tripping. Possible fire hazard. Need emergency service immediately.,San Antonio,Texas,Industrial,Resolved,Emergency service call. Found burned-out fan motor. Temporary fix applied. Permanent repair requires drain pan — on backorder.,Phone,Active,15.744584694267445,1.9
HVAC-2024-00557,Ronald Murphy,2024-12-11 11:02:00,Packaged HVAC Unit,PKG-7000X,My Packaged HVAC Unit model PKG-7000X is not cooling at all. The house temperature is 85°F and it won't go below that. We've been suffering in this heat for 21 days now.,Nashville,Tennessee,Commercial,Resolved,,CRM,Active,140.14147646770675,3.1
HVAC-2024-00558,Joseph Edwards,2024-04-25 16:27:00,Heat Pump,HP-3500Elite,The maintenance technician for our HP-3500Elite didn't bring the right parts and left the job incomplete. Still waiting for resolution.,New York,New York,Residential,Resolved,Routine inspection revealed refrigerant leak in evaporator coil. Cleaned coils and replaced filters. System performance improved but drain pan showing wear.,Chat,Expired,102.82672917231446,3.7
HVAC-2024-00559,Joseph Hernandez,2024-02-08 17:43:00,Heat Pump,HP-1800Eco,Our HP-1800Eco thermostat app shows 'Device Offline' constantly. Have reset the router and thermostat multiple times.,Cleveland,Ohio,Commercial,Resolved,Unit is beyond repair. refrigerant leak in evaporator coil too severe. Recommended full system replacement with high-efficiency FRN-9800HE.,CRM,Extended,155.13432669246976,2.4
HVAC-2024-00560,Jacob Green,2024-07-19 20:32:00,Central Air Conditioner,CAC-6000Ultra,The Central Air Conditioner CAC-6000Ultra main board is fried after a power surge. System completely down for our 15-floor office building.,Columbus,Ohio,Residential,Open,Performed diagnostics on CAC-6000Ultra. corroded heat exchanger detected. Recommended refrigerant recharge. Customer approved repair.,Phone,Extended,,1.1
HVAC-2025-00561,Justin Diaz,2025-07-19 21:42:00,Heat Pump,HP-3500Elite,Post-installation inspection revealed that the Heat Pump HP-3500Elite was installed without proper drainage. Basement flooding has occurred.,Las Vegas,Nevada,Residential,Resolved,Routine inspection revealed corroded heat exchanger. Cleaned coils and replaced filters. System performance improved but contactor showing wear.,Phone,Active,152.37432794002606,2.3
HVAC-2024-00562,Paul Edwards,2024-05-20 19:44:00,Air Handler,AH-3000X,Brand new Air Handler AH-3000X installed 3 weeks ago cannot maintain temperature below 95°F. Extremely disappointed.,Tampa,Florida,Commercial,Resolved,Multiple issues found: faulty capacitor. Complete overhaul recommended. Estimate provided to customer. Awaiting approval.,Chat,Expired,157.43126693618183,2.4
HVAC-2024-00563,Shirley Cruz,2024-12-09 18:34:00,Furnace,FRN-9800HE,The FRN-9800HE was installed 6 weeks ago but the installer used the wrong size ducts. System is extremely inefficient now.,Oklahoma City,Oklahoma,Residential,Open,Routine inspection revealed electrical short in wiring harness. Cleaned coils and replaced filters. System performance improved but relay switch showing wear.,Email,Void,,2.5
HVAC-2024-00564,Steven Adams,2024-10-23 19:06:00,Heat Pump,HP-4200Max,Scheduled maintenance for Heat Pump HP-4200Max was missed twice. No one contacted us to reschedule. Very poor service.,Seattle,Washington,Residential,Resolved,,CRM,Active,329.7721399780297,2.1
HVAC-2025-00565,Rachel King,2025-08-01 19:25:00,Heat Pump,HP-4200Max,We've been waiting 27 days for a maintenance appointment for our Heat Pump HP-4200Max. No callbacks despite multiple requests.,Dallas,Texas,Residential,Resolved,Customer complaint verified. cracked heat exchanger confirmed. Ordered replacement igniter. Follow-up scheduled in 12 days.,CRM,Void,29.42941449096168,3.5
HVAC-2025-00566,Rachel Cruz,2025-08-21 18:16:00,VRF System,VRF-18000E,Maintenance was performed on VRF-18000E but the filter was not replaced and the coils were not cleaned. Paid full price for incomplete work.,Richmond,Virginia,Residential,Resolved,Routine inspection revealed cracked heat exchanger. Cleaned coils and replaced filters. System performance improved but filter drier showing wear.,Chat,Void,237.23288494262027,3.7
HVAC-2024-00567,Debra Davis,2024-08-28 21:23:00,Rooftop Unit,RTU-6000S,Our Rooftop Unit RTU-6000S heating stopped working mid-winter. We have a newborn baby and the temp is 82°F inside. URGENT help needed!,Portland,Oregon,Commercial,Resolved,,Social Media,Active,10.305271476423272,1.7
HVAC-2025-00568,Emily Parker,2025-07-26 10:19:00,VRF System,VRF-18000E,"After annual maintenance, our VRF System VRF-18000E stopped heating. Now at 51°F. This was working fine before the tech came.",Louisville,Kentucky,Industrial,In Progress,Inspected unit on-site. Found dirty air filter causing restricted airflow. Replaced drain pan. System operational now.,Phone,Void,119.83952130567484,2.9
HVAC-2025-00569,Melissa King,2025-11-26 15:49:00,Air Handler,AH-3000X,Our new Air Handler AH-3000X installation is terrible. The condensate drain was connected wrong and water is leaking into the ceiling.,Orlando,Florida,Industrial,In Progress,,Chat,Expired,73.72483957901862,2.7
HVAC-2025-00570,Susan Hernandez,2025-03-06 20:27:00,Air Handler,AH-4500Pro,Integration between AH-4500Pro and our home automation system broke after the last update. None of the smart features work now.,Jacksonville,Florida,Commercial,Resolved,Inspected unit on-site. Found compressor failure. Replaced contactor. System operational now.,Email,Extended,209.15358643297094,3.2
HVAC-2025-00571,Mary Wright,2025-12-23 21:35:00,Heat Pump,HP-2200DX,Our Heat Pump HP-2200DX makes a clicking sound and then stops cooling. House temp is at 92°F. Children are uncomfortable.,Minneapolis,Minnesota,Residential,Open,,Chat,Extended,,3.4
HVAC-2024-00572,Sandra Adams,2024-08-15 17:52:00,Air Handler,AH-2000S,Post-installation inspection revealed that the Air Handler AH-2000S was installed without proper drainage. Basement flooding has occurred.,Boston,Massachusetts,Residential,In Progress,Warranty repair completed. thermostat malfunction was covered. Replaced expansion valve. System tested and operational.,Chat,Active,24.238567785671762,3.7
HVAC-2025-00573,Lisa Morales,2025-05-22 08:28:00,Smart Thermostat,ST-700Ultra,My Smart Thermostat ST-700Ultra compressor failed after 28 months. Company refusing to honor the 10-year warranty claim.,Tucson,Arizona,Industrial,Resolved,Customer complaint verified. faulty capacitor confirmed. Ordered replacement thermostat. Follow-up scheduled in 5 days.,Phone,Expired,219.58128805769337,2.0
HVAC-2024-00574,Rachel Wilson,2024-06-11 22:53:00,Ductless Mini-Split,DMS-1500S,"After the technician visited last week, the DMS-1500S still isn't cooling properly. This is our 4th service call for the same issue.",Detroit,Michigan,Residential,Closed,Inspected unit on-site. Found damaged ductwork. Replaced igniter. System operational now.,Email,Active,54.11572445882639,1.6
HVAC-2024-00575,Samuel Thomas,2024-11-16 12:28:00,Air Handler,AH-5000Elite,The AH-5000Elite was installed 2 weeks ago but the installer used the wrong size ducts. System is extremely inefficient now.,Buffalo,New York,Residential,Resolved,Routine inspection revealed cracked heat exchanger. Cleaned coils and replaced filters. System performance improved but capacitor showing wear.,Social Media,Void,123.06842343360907,3.0
HVAC-2025-00576,Anna Carter,2025-08-04 14:53:00,Boiler,BLR-7000E,The cooling capacity of our BLR-7000E has dropped significantly. Rooms are at 93°F despite running 24/7. Need immediate service.,Tucson,Arizona,Commercial,In Progress,,Phone,Extended,145.34305402293427,3.5
HVAC-2024-00577,Joseph Johnson,2024-12-06 22:55:00,Furnace,FRN-6000S,The FRN-6000S is consuming way too much energy. Our utility bill went from $100 to $516 per month since installation.,Oklahoma City,Oklahoma,Industrial,Resolved,Customer complaint verified. electrical short in wiring harness confirmed. Ordered replacement drain pan. Follow-up scheduled in 2 days.,Chat,Active,55.79146253861127,2.1
HVAC-2025-00578,Patrick Walker,2025-11-23 18:07:00,Furnace,FRN-9800HE,Our Furnace FRN-9800HE stopped heating entirely during the coldest week of winter. Indoor temp dropped to 42°F. This is a safety concern.,Phoenix,Arizona,Residential,Escalated,,Phone,Active,,1.6
HVAC-2024-00579,Timothy Cruz,2024-01-24 06:29:00,Packaged HVAC Unit,PKG-9000Ultra,Our Packaged HVAC Unit PKG-9000Ultra lost all refrigerant. The system is 6 months old. Suspected manufacturing defect in the line set.,Milwaukee,Wisconsin,Industrial,Open,Emergency service call. Found thermostat malfunction. Temporary fix applied. Permanent repair requires blower motor — on backorder.,CRM,Active,,2.5
HVAC-2025-00580,Mary Mitchell,2025-01-18 16:06:00,Smart Thermostat,ST-500AI,Our ST-500AI failed within the first year and the company is blaming us for the failure. This is clearly a manufacturing defect.,Milwaukee,Wisconsin,Commercial,Closed,Routine inspection revealed clogged condensate drain. Cleaned coils and replaced filters. System performance improved but fan motor showing wear.,Chat,Extended,161.97427896978044,1.8
HVAC-2024-00581,Samuel Morales,2024-06-17 13:34:00,Ductless Mini-Split,DMS-2400Max,WiFi connectivity issues with Ductless Mini-Split DMS-2400Max for the past 9 weeks. The scheduling feature doesn't work without connectivity.,Salt Lake City,Utah,Commercial,Resolved,,Chat,Active,181.55746887894074,4.0
HVAC-2025-00582,Pamela Mitchell,2025-11-15 22:36:00,Heat Pump,HP-1800Eco,The Heat Pump HP-1800Eco smart thermostat keeps disconnecting from WiFi. Cannot control temperature remotely anymore.,Buffalo,New York,Commercial,In Progress,Emergency service call. Found burned-out fan motor. Temporary fix applied. Permanent repair requires compressor — on backorder.,Phone,Void,189.48109489953538,2.0
HVAC-2024-00583,Angela Martinez,2024-07-09 08:38:00,Heat Pump,HP-4200Max,Our Heat Pump HP-4200Max is leaking refrigerant. Green residue visible on the outdoor unit. Children play near it — very concerned about safety.,Cincinnati,Ohio,Residential,Open,Routine inspection revealed dirty air filter causing restricted airflow. Cleaned coils and replaced filters. System performance improved but evaporator coil showing wear.,Phone,Active,,2.0
HVAC-2024-00584,Sarah Scott,2024-10-24 07:04:00,Packaged HVAC Unit,PKG-9000Ultra,Our new Packaged HVAC Unit PKG-9000Ultra installation is terrible. The condensate drain was connected wrong and water is leaking into the ceiling.,Milwaukee,Wisconsin,Residential,Resolved,Inspected unit on-site. Found failed ignition system. Replaced thermostat. System operational now.,Email,Active,12.665946597864759,2.5
HVAC-2025-00585,Brenda Davis,2025-02-03 18:59:00,Boiler,BLR-6500Pro,Extended warranty for Boiler BLR-6500Pro was supposed to cover all parts and labor. Now they're saying refrigerant isn't covered.,Richmond,Virginia,Industrial,Escalated,Performed diagnostics on BLR-6500Pro. corroded heat exchanger detected. Recommended system recalibration. Customer approved repair.,Email,Expired,,1.5
HVAC-2025-00586,Nicholas Flores,2025-01-03 19:37:00,VRF System,VRF-25000Ultra,My VRF System model VRF-25000Ultra is not cooling at all. The house temperature is 77°F and it won't go below that. We've been suffering in this heat for 6 days now.,Orlando,Florida,Commercial,Open,Emergency service call. Found faulty reversing valve. Temporary fix applied. Permanent repair requires capacitor — on backorder.,Email,Void,,2.8
HVAC-2024-00587,Elizabeth Jones,2024-06-20 22:59:00,Smart Thermostat,ST-700Ultra,"After maintenance on our ST-700Ultra, the system performance got worse. The technician may have damaged something.",Detroit,Michigan,Industrial,In Progress,Performed diagnostics on ST-700Ultra. blocked condenser coil detected. Recommended system recalibration. Customer approved repair.,Email,Expired,77.93530452069982,4.3
HVAC-2024-00588,Emma Lewis,2024-09-11 10:26:00,Central Air Conditioner,CAC-5000Pro,The pilot light on our CAC-5000Pro keeps going out. Furnace won't stay on. House temperature dropping to 87°F overnight.,Louisville,Kentucky,Residential,Closed,,Service Portal,Expired,89.94916613886875,2.4
HVAC-2025-00589,Ronald Lee,2025-01-02 20:52:00,Packaged HVAC Unit,PKG-9000Ultra,The Packaged HVAC Unit PKG-9000Ultra main board is fried after a power surge. System completely down for our 5-floor office building.,Tucson,Arizona,Industrial,Resolved,,Email,Expired,41.5964980839776,1.2
HVAC-2025-00590,Samantha Brown,2025-09-04 06:09:00,Furnace,FRN-9800HE,Our Furnace FRN-9800HE stopped heating entirely during the coldest week of winter. Indoor temp dropped to 72°F. This is a safety concern.,Sacramento,California,Commercial,Resolved,Customer complaint verified. failed control board confirmed. Ordered replacement control board. Follow-up scheduled in 3 days.,Email,Active,83.03503882079026,1.9
HVAC-2024-00591,Helen Baker,2024-01-11 12:55:00,VRF System,VRF-25000Ultra,Our VRF-25000Ultra has developed a loud rattling sound when it cycles on. The noise level is unbearable and affects our daily life.,New York,New York,Industrial,In Progress,Multiple issues found: refrigerant leak in evaporator coil. Complete overhaul recommended. Estimate provided to customer. Awaiting approval.,Survey,Expired,200.9297799852381,3.3
HVAC-2024-00592,Anthony Thomas,2024-06-08 08:03:00,Packaged HVAC Unit,PKG-7000X,Brand new Packaged HVAC Unit PKG-7000X installed 12 weeks ago cannot maintain temperature below 44°F. Extremely disappointed.,Phoenix,Arizona,Industrial,In Progress,,Social Media,Active,53.866242488840676,2.9
HVAC-2024-00593,Samuel Williams,2024-09-12 16:09:00,Smart Thermostat,ST-300Pro,My Smart Thermostat model ST-300Pro is not cooling at all. The house temperature is 94°F and it won't go below that. We've been suffering in this heat for 7 days now.,Miami,Florida,Residential,Open,Emergency service call. Found thermostat malfunction. Temporary fix applied. Permanent repair requires evaporator coil — on backorder.,Phone,Void,,2.7
HVAC-2025-00594,Timothy Green,2025-01-16 20:24:00,Air Handler,AH-3500E,The Air Handler AH-3500E is making an extremely loud grinding noise that wakes us up at night. It's been going on for 18 days.,Boston,Massachusetts,Residential,Open,Emergency service call. Found loose electrical connections. Temporary fix applied. Permanent repair requires blower motor — on backorder.,Phone,Active,,3.5
HVAC-2024-00595,Edward Allen,2024-09-19 07:41:00,Air Handler,AH-4500Pro,Our Air Handler AH-4500Pro heating stopped working mid-winter. We have a newborn baby and the temp is 44°F inside. URGENT help needed!,Raleigh,North Carolina,Commercial,Open,Emergency service call. Found frozen evaporator coil. Temporary fix applied. Permanent repair requires igniter — on backorder.,Phone,Expired,,2.6
HVAC-2024-00596,Daniel Johnson,2024-06-03 11:37:00,Furnace,FRN-9800HE,The FRN-9800HE furnace is blowing cold air instead of warm. It's 62°F inside and we have elderly family members at home.,Cincinnati,Ohio,Commercial,In Progress,,Email,Active,101.49338174128373,2.3
HVAC-2025-00597,Gary Smith,2025-03-23 11:06:00,Furnace,FRN-8500Elite,The Furnace FRN-8500Elite parts warranty should cover this repair but the dealer says it's a labor issue. Total runaround for 2 weeks.,St. Louis,Missouri,Commercial,In Progress,Customer complaint verified. low refrigerant charge confirmed. Ordered replacement evaporator coil. Follow-up scheduled in 5 days.,Email,Void,265.70184153939545,1.8
HVAC-2024-00598,Margaret Rodriguez,2024-08-13 22:02:00,VRF System,VRF-20000X,"The VRF-20000X runs continuously without cycling off, leading to massive energy bills. Something is wrong with the efficiency.",Las Vegas,Nevada,Commercial,Escalated,Multiple issues found: failed ignition system. Complete overhaul recommended. Estimate provided to customer. Awaiting approval.,Service Portal,Expired,,4.1
HVAC-2025-00599,Katherine Ramirez,2025-07-18 10:40:00,Air Handler,AH-3500E,Installation team left a mess and didn't complete the AH-3500E installation properly. Wires are exposed and the unit vibrates excessively.,Seattle,Washington,Residential,Closed,Performed diagnostics on AH-3500E. defective expansion valve detected. Recommended full system replacement. Customer approved repair.,Phone,Active,49.71411633426731,5.0
HVAC-2025-00600,Kevin Miller,2025-08-12 10:44:00,Rooftop Unit,RTU-12000X,The Rooftop Unit RTU-12000X smart thermostat keeps disconnecting from WiFi. Cannot control temperature remotely anymore.,Chicago,Illinois,Residential,Resolved,Inspected unit on-site. Found damaged ductwork. Replaced thermostat. System operational now.,Phone,Extended,50.85083035450355,2.3
HVAC-2024-00601,Joshua Carter,2024-03-22 06:41:00,Air Handler,AH-4500Pro,The Air Handler AH-4500Pro is making an extremely loud grinding noise that wakes us up at night. It's been going on for 27 days.,Boston,Massachusetts,Industrial,Open,,Social Media,Extended,,2.2
HVAC-2024-00602,Jennifer Roberts,2024-06-17 07:23:00,Central Air Conditioner,CAC-5000Pro,Extended warranty for Central Air Conditioner CAC-5000Pro was supposed to cover all parts and labor. Now they're saying refrigerant isn't covered.,Milwaukee,Wisconsin,Commercial,Resolved,Performed diagnostics on CAC-5000Pro. burned-out fan motor detected. Recommended electrical rewiring. Customer approved repair.,CRM,Extended,305.6308657004538,1.7
HVAC-2024-00603,Sharon Thomas,2024-09-19 19:22:00,Air Handler,AH-4500Pro,The AH-4500Pro furnace is blowing cold air instead of warm. It's 74°F inside and we have elderly family members at home.,Phoenix,Arizona,Residential,Resolved,Warranty repair completed. cracked heat exchanger was covered. Replaced heat exchanger. System tested and operational.,Phone,Active,101.88810460221254,2.3
HVAC-2024-00604,Carolyn Hernandez,2024-11-18 21:38:00,Furnace,FRN-6000S,We purchased the Furnace FRN-6000S 9 months ago and it's already failing to cool. Temperature stuck at 88°F. Unacceptable quality.,Cleveland,Ohio,Residential,Resolved,,Email,Expired,122.79420160521657,3.3
HVAC-2024-00605,Paul Mitchell,2024-12-26 13:04:00,VRF System,VRF-10000S,SEER rating of our VRF System VRF-10000S seems much lower than advertised. Energy consumption is 32% higher than expected.,Atlanta,Georgia,Commercial,Resolved,Multiple issues found: electrical short in wiring harness. Complete overhaul recommended. Estimate provided to customer. Awaiting approval.,Social Media,Expired,17.180529792806134,4.9
HVAC-2025-00606,Mary Nelson,2025-12-26 08:27:00,Air Handler,AH-3500E,Our AH-3500E failed within the first year and the company is blaming us for the failure. This is clearly a manufacturing defect.,San Francisco,California,Industrial,Open,Multiple issues found: failed ignition system. Complete overhaul recommended. Estimate provided to customer. Awaiting approval.,Phone,Active,,2.0
HVAC-2025-00607,Justin Sanchez,2025-02-25 09:17:00,VRF System,VRF-25000Ultra,The VRF-25000Ultra evaporator coil is leaking refrigerant again. This has been repaired twice already. Need a permanent solution.,New York,New York,Residential,Closed,Performed diagnostics on VRF-25000Ultra. faulty capacitor detected. Recommended system recalibration. Customer approved repair.,Phone,Void,114.53151934775029,2.3
HVAC-2025-00608,Anthony Campbell,2025-12-06 10:59:00,Furnace,FRN-8500Elite,The FRN-8500Elite furnace is blowing cold air instead of warm. It's 57°F inside and we have elderly family members at home.,Denver,Colorado,Residential,Resolved,Customer complaint verified. compressor failure confirmed. Ordered replacement compressor. Follow-up scheduled in 10 days.,Email,Void,67.72380364790898,2.1
HVAC-2024-00609,Stephanie Adams,2024-12-23 22:26:00,Packaged HVAC Unit,PKG-5500Pro,WiFi connectivity issues with Packaged HVAC Unit PKG-5500Pro for the past 8 weeks. The scheduling feature doesn't work without connectivity.,Sacramento,California,Industrial,Escalated,,Phone,Expired,,3.7
HVAC-2024-00610,Sandra Thomas,2024-07-24 10:04:00,Ductless Mini-Split,DMS-2400Max,The Ductless Mini-Split DMS-2400Max is making an extremely loud grinding noise that wakes us up at night. It's been going on for 9 days.,San Antonio,Texas,Residential,Resolved,Multiple issues found: worn compressor bearings. Complete overhaul recommended. Estimate provided to customer. Awaiting approval.,CRM,Active,147.53862065585017,3.8
HVAC-2025-00611,Donald Jackson,2025-08-26 13:22:00,Ductless Mini-Split,DMS-2400Max,Our DMS-2400Max smart thermostat firmware update bricked the device. Screen is blank and we can't control our HVAC system at all.,Minneapolis,Minnesota,Commercial,Closed,Performed diagnostics on DMS-2400Max. worn compressor bearings detected. Recommended full system replacement. Customer approved repair.,Email,Extended,224.24183356751834,2.6
HVAC-2024-00612,Betty Carter,2024-07-02 20:02:00,Boiler,BLR-6500Pro,We purchased the Boiler BLR-6500Pro 12 months ago and it's already failing to cool. Temperature stuck at 95°F. Unacceptable quality.,Oklahoma City,Oklahoma,Residential,Resolved,Unit is beyond repair. cracked heat exchanger too severe. Recommended full system replacement with newer CAC-6000Ultra model.,Survey,Active,86.9292877341496,1.8
HVAC-2025-00613,Carolyn Williams,2025-07-15 14:08:00,Central Air Conditioner,CAC-4000S,The Central Air Conditioner (CAC-4000S) stopped providing cold air yesterday. It's blowing warm air instead. Our office is unbearable at 47°F.,Detroit,Michigan,Residential,Closed,Warranty repair completed. cracked heat exchanger was covered. Replaced reversing valve. System tested and operational.,Phone,Expired,29.05366762897402,3.4
HVAC-2025-00614,Gary Green,2025-04-28 13:04:00,VRF System,VRF-25000Ultra,We've been waiting 12 days for a maintenance appointment for our VRF System VRF-25000Ultra. No callbacks despite multiple requests.,Denver,Colorado,Residential,In Progress,Multiple issues found: loose electrical connections. Complete overhaul recommended. Estimate provided to customer. Awaiting approval.,Social Media,Expired,42.289575870907264,2.7
HVAC-2025-00615,Melissa Lopez,2025-06-24 14:50:00,Rooftop Unit,RTU-15000Ultra,The RTU-15000Ultra furnace is blowing cold air instead of warm. It's 79°F inside and we have elderly family members at home.,Jacksonville,Florida,Residential,In Progress,Routine inspection revealed dirty air filter causing restricted airflow. Cleaned coils and replaced filters. System performance improved but expansion valve showing wear.,Chat,Extended,112.5404517940632,2.8
HVAC-2024-00616,Katherine Murphy,2024-06-02 21:51:00,Packaged HVAC Unit,PKG-7000X,The Packaged HVAC Unit PKG-7000X is making an extremely loud grinding noise that wakes us up at night. It's been going on for 25 days.,Phoenix,Arizona,Commercial,Open,Emergency service call. Found failed ignition system. Temporary fix applied. Permanent repair requires igniter — on backorder.,Phone,Void,,2.2
HVAC-2025-00617,Katherine Roberts,2025-12-07 08:10:00,Heat Pump,HP-3500Elite,The cooling capacity of our HP-3500Elite has dropped significantly. Rooms are at 42°F despite running 24/7. Need immediate service.,Salt Lake City,Utah,Residential,Resolved,,Phone,Expired,130.36056275964813,1.8
HVAC-2024-00618,Gary Carter,2024-05-17 16:11:00,Central Air Conditioner,CAC-4000S,SEER rating of our Central Air Conditioner CAC-4000S seems much lower than advertised. Energy consumption is 68% higher than expected.,Seattle,Washington,Residential,Open,Emergency service call. Found faulty capacitor. Temporary fix applied. Permanent repair requires fan motor — on backorder.,Phone,Active,,4.3
HVAC-2025-00619,Edward Young,2025-07-10 08:26:00,Packaged HVAC Unit,PKG-6500E,Heating failure on our commercial PKG-6500E. Building occupants complaining about 89°F temperatures. Multiple offices affected.,Los Angeles,California,Residential,In Progress,Routine inspection revealed electrical short in wiring harness. Cleaned coils and replaced filters. System performance improved but contactor showing wear.,Social Media,Active,103.23231207589694,1.6
HVAC-2025-00620,Joshua Walker,2025-01-19 20:46:00,Ductless Mini-Split,DMS-2400Max,Our DMS-2400Max has developed a loud rattling sound when it cycles on. The noise level is unbearable and affects our daily life.,Phoenix,Arizona,Residential,In Progress,Performed diagnostics on DMS-2400Max. failed ignition system detected. Recommended refrigerant recharge. Customer approved repair.,Phone,Active,143.63635323353213,2.6
HVAC-2024-00621,Kimberly Scott,2024-08-26 15:39:00,Smart Thermostat,ST-400Plus,Our Smart Thermostat ST-400Plus had a catastrophic compressor failure. Loud bang followed by complete shutdown. Potential safety hazard.,Denver,Colorado,Residential,Closed,Multiple issues found: damaged ductwork. Complete overhaul recommended. Estimate provided to customer. Awaiting approval.,Chat,Extended,30.6100509791556,2.4
HVAC-2025-00622,Kathleen Garcia,2025-08-04 13:10:00,Packaged HVAC Unit,PKG-5500Pro,Our annual service contract for Packaged HVAC Unit PKG-5500Pro has not been honored. Three scheduled visits were cancelled without notice.,Chicago,Illinois,Industrial,Closed,Performed diagnostics on PKG-5500Pro. blocked condenser coil detected. Recommended electrical rewiring. Customer approved repair.,Survey,Expired,28.074892124065745,2.5
HVAC-2024-00623,Janet Reyes,2024-06-05 13:36:00,Packaged HVAC Unit,PKG-6500E,Our new Packaged HVAC Unit PKG-6500E installation is terrible. The condensate drain was connected wrong and water is leaking into the ceiling.,Las Vegas,Nevada,Commercial,Open,Inspected unit on-site. Found frozen evaporator coil. Replaced reversing valve. System operational now.,Social Media,Active,,2.3
HVAC-2024-00624,Stephen Mitchell,2024-08-09 17:35:00,Air Handler,AH-2000S,Banging noises from the ductwork connected to AH-2000S every time the system starts. Sounds like something is loose inside.,San Antonio,Texas,Residential,Resolved,,Email,Active,31.773105927450267,4.8
HVAC-2025-00625,Kenneth Jackson,2025-05-23 19:32:00,Ductless Mini-Split,DMS-900Eco,AC unit DMS-900Eco has completely stopped cooling. Thermostat shows 50°F but the system is running constantly. Very frustrated.,Milwaukee,Wisconsin,Commercial,Resolved,Routine inspection revealed cracked heat exchanger. Cleaned coils and replaced filters. System performance improved but condenser coil showing wear.,Phone,Expired,151.86346967612624,3.4
HVAC-2025-00626,Charles Sanchez,2025-07-02 11:10:00,Packaged HVAC Unit,PKG-4000S,Preventive maintenance on our Packaged HVAC Unit PKG-4000S was done poorly. Now the system is short-cycling every 3 minutes.,Buffalo,New York,Commercial,In Progress,Routine inspection revealed loose electrical connections. Cleaned coils and replaced filters. System performance improved but igniter showing wear.,Email,Active,254.52691625402792,4.2
HVAC-2024-00627,Brian Green,2024-01-22 19:50:00,Rooftop Unit,RTU-8000Pro,The heat pump RTU-8000Pro is not providing adequate heating. House is at 38°F despite thermostat set to 72°F. Very concerned about pipes freezing.,Memphis,Tennessee,Residential,Escalated,Emergency service call. Found loose electrical connections. Temporary fix applied. Permanent repair requires reversing valve — on backorder.,Email,Expired,,2.7
HVAC-2025-00628,Charles Taylor,2025-01-15 08:51:00,Central Air Conditioner,CAC-5000Pro,Our Central Air Conditioner CAC-5000Pro heating stopped working mid-winter. We have a newborn baby and the temp is 79°F inside. URGENT help needed!,Cincinnati,Ohio,Commercial,Escalated,Performed diagnostics on CAC-5000Pro. failed control board detected. Recommended duct sealing and insulation. Customer approved repair.,Service Portal,Active,,1.8
HVAC-2025-00629,Karen Green,2025-01-21 13:34:00,Smart Thermostat,ST-500AI,Heating failure on our commercial ST-500AI. Building occupants complaining about 90°F temperatures. Multiple offices affected.,Tucson,Arizona,Residential,Resolved,Multiple issues found: damaged ductwork. Complete overhaul recommended. Estimate provided to customer. Awaiting approval.,Chat,Active,104.92076188231867,1.6
HVAC-2024-00630,Catherine Miller,2024-02-02 09:33:00,VRF System,VRF-25000Ultra,The maintenance technician for our VRF-25000Ultra didn't bring the right parts and left the job incomplete. Still waiting for resolution.,Memphis,Tennessee,Industrial,Open,Warranty repair completed. failed ignition system was covered. Replaced fan motor. System tested and operational.,Social Media,Void,,4.4
HVAC-2024-00631,Donna Martin,2024-07-06 10:57:00,Heat Pump,HP-4200Max,Our electricity bill has increased by 43% since installing the Heat Pump HP-4200Max. This unit was supposed to be energy efficient.,Albuquerque,New Mexico,Industrial,Resolved,Routine inspection revealed low refrigerant charge. Cleaned coils and replaced filters. System performance improved but evaporator coil showing wear.,Phone,Expired,67.62643180522564,2.1
HVAC-2025-00632,Debra Hall,2025-07-17 16:00:00,Air Handler,AH-4500Pro,"After the technician visited last week, the AH-4500Pro still isn't cooling properly. This is our 3rd service call for the same issue.",Charlotte,North Carolina,Residential,Escalated,Routine inspection revealed frozen evaporator coil. Cleaned coils and replaced filters. System performance improved but blower motor showing wear.,Phone,Active,,3.0
HVAC-2024-00633,Charles Martin,2024-12-01 19:05:00,Smart Thermostat,ST-300Pro,Brand new Smart Thermostat ST-300Pro installed 7 weeks ago cannot maintain temperature below 69°F. Extremely disappointed.,Milwaukee,Wisconsin,Residential,Open,Warranty repair completed. defective expansion valve was covered. Replaced drain pan. System tested and operational.,CRM,Active,,2.6
HVAC-2025-00634,Richard Harris,2025-03-22 11:02:00,Heat Pump,HP-2200DX,We've been waiting 30 days for a maintenance appointment for our Heat Pump HP-2200DX. No callbacks despite multiple requests.,Salt Lake City,Utah,Residential,In Progress,Emergency service call. Found cracked heat exchanger. Temporary fix applied. Permanent repair requires expansion valve — on backorder.,Phone,Expired,219.98873885999623,3.7
HVAC-2025-00635,Brenda Davis,2025-07-18 19:34:00,Heat Pump,HP-3500Elite,Our Heat Pump HP-3500Elite stopped heating entirely during the coldest week of winter. Indoor temp dropped to 40°F. This is a safety concern.,Albuquerque,New Mexico,Industrial,In Progress,Customer complaint verified. low refrigerant charge confirmed. Ordered replacement blower motor. Follow-up scheduled in 10 days.,Phone,Extended,14.948762660018495,2.2
HVAC-2025-00636,Sharon Jackson,2025-05-24 15:49:00,Packaged HVAC Unit,PKG-5500Pro,The indoor unit of our Packaged HVAC Unit PKG-5500Pro produces a constant whistling noise. Very annoying and disruptive.,Denver,Colorado,Commercial,Resolved,Emergency service call. Found thermostat malfunction. Temporary fix applied. Permanent repair requires filter drier — on backorder.,Phone,Expired,44.668123902744945,2.4
HVAC-2025-00637,Sharon Diaz,2025-06-19 14:36:00,Ductless Mini-Split,DMS-1800Pro,My Ductless Mini-Split model DMS-1800Pro is not cooling at all. The house temperature is 57°F and it won't go below that. We've been suffering in this heat for 23 days now.,Louisville,Kentucky,Residential,In Progress,Warranty repair completed. worn compressor bearings was covered. Replaced control board. System tested and operational.,Social Media,Active,94.1266503875255,1.6
HVAC-2024-00638,Brandon Perez,2024-01-09 13:56:00,Furnace,FRN-9800HE,The Furnace FRN-9800HE is making an extremely loud grinding noise that wakes us up at night. It's been going on for 12 days.,Louisville,Kentucky,Industrial,Resolved,,Phone,Active,234.02888796540446,4.8
HVAC-2025-00639,Daniel Gomez,2025-10-24 08:32:00,VRF System,VRF-18000E,Our electricity bill has increased by 35% since installing the VRF System VRF-18000E. This unit was supposed to be energy efficient.,Sacramento,California,Commercial,Closed,Emergency service call. Found worn compressor bearings. Temporary fix applied. Permanent repair requires heat exchanger — on backorder.,Service Portal,Void,254.01395117719235,4.3
HVAC-2025-00640,Amy Roberts,2025-11-24 08:33:00,Ductless Mini-Split,DMS-2400Max,"Installer damaged our wall and ceiling during Ductless Mini-Split DMS-2400Max installation. Also, the system is not balanced — one room is freezing while another is hot.",Jacksonville,Florida,Residential,Closed,Performed diagnostics on DMS-2400Max. faulty capacitor detected. Recommended electrical rewiring. Customer approved repair.,Social Media,Expired,70.59394180951627,4.7
HVAC-2024-00641,Carolyn Martin,2024-12-12 19:37:00,Central Air Conditioner,CAC-4000S,Our Central Air Conditioner CAC-4000S makes a clicking sound and then stops cooling. House temp is at 90°F. Children are uncomfortable.,Richmond,Virginia,Commercial,Resolved,Performed diagnostics on CAC-4000S. faulty reversing valve detected. Recommended compressor swap. Customer approved repair.,Phone,Expired,33.223993066292806,2.9
HVAC-2024-00642,Justin Williams,2024-07-11 16:14:00,Air Handler,AH-2000S,Our AH-2000S is supposed to be a high-efficiency unit but we're paying more than with our old system. Very misleading marketing.,St. Louis,Missouri,Residential,Resolved,,Chat,Extended,250.12110902144445,4.7
HVAC-2025-00643,Nicole Hill,2025-01-10 21:16:00,Boiler,BLR-6500Pro,Post-installation inspection revealed that the Boiler BLR-6500Pro was installed without proper drainage. Basement flooding has occurred.,Buffalo,New York,Residential,Resolved,,Chat,Expired,16.343947115479146,3.5
HVAC-2025-00644,John Lee,2025-07-10 16:00:00,Boiler,BLR-6500Pro,The cooling capacity of our BLR-6500Pro has dropped significantly. Rooms are at 91°F despite running 24/7. Need immediate service.,St. Louis,Missouri,Residential,Resolved,,CRM,Extended,57.57339094754921,1.8
HVAC-2024-00645,Kimberly Wilson,2024-02-01 12:55:00,Boiler,BLR-8000HE,The Boiler BLR-8000HE makes a high-pitched squealing noise during operation. We cannot sleep or work from home because of it.,Miami,Florida,Residential,In Progress,,CRM,Expired,210.9842335817325,4.2
HVAC-2025-00646,Christine Nguyen,2025-06-21 12:01:00,Air Handler,AH-4500Pro,Scheduled maintenance for Air Handler AH-4500Pro was missed twice. No one contacted us to reschedule. Very poor service.,Indianapolis,Indiana,Residential,Open,,Phone,Expired,,4.9
HVAC-2025-00647,Stephanie Mitchell,2025-12-09 10:38:00,VRF System,VRF-20000X,"Installer damaged our wall and ceiling during VRF System VRF-20000X installation. Also, the system is not balanced — one room is freezing while another is hot.",St. Louis,Missouri,Industrial,Resolved,Unit is beyond repair. low refrigerant charge too severe. Recommended full system replacement with high-efficiency FRN-9800HE.,Phone,Active,73.19807252000777,4.7
HVAC-2025-00648,Mark Parker,2025-04-15 06:16:00,Central Air Conditioner,CAC-4000S,AC unit CAC-4000S has completely stopped cooling. Thermostat shows 88°F but the system is running constantly. Very frustrated.,Albuquerque,New Mexico,Residential,Closed,Performed diagnostics on CAC-4000S. corroded heat exchanger detected. Recommended full system replacement. Customer approved repair.,Email,Active,132.81664807656085,2.2
HVAC-2024-00649,Ashley Hall,2024-12-23 21:15:00,Heat Pump,HP-3500Elite,The heat pump HP-3500Elite is not providing adequate heating. House is at 58°F despite thermostat set to 72°F. Very concerned about pipes freezing.,Detroit,Michigan,Commercial,Resolved,Inspected unit on-site. Found compressor failure. Replaced expansion valve. System operational now.,Phone,Extended,65.2564614997766,2.6
HVAC-2024-00650,Margaret Rivera,2024-05-17 07:23:00,Smart Thermostat,ST-400Plus,We've been waiting 6 days for a maintenance appointment for our Smart Thermostat ST-400Plus. No callbacks despite multiple requests.,San Antonio,Texas,Commercial,In Progress,Warranty repair completed. low refrigerant charge was covered. Replaced fan motor. System tested and operational.,Email,Active,83.54531349850394,3.1
HVAC-2025-00651,Samuel White,2025-05-17 06:14:00,Packaged HVAC Unit,PKG-4000S,Integration between PKG-4000S and our home automation system broke after the last update. None of the smart features work now.,Los Angeles,California,Residential,In Progress,Emergency service call. Found damaged ductwork. Temporary fix applied. Permanent repair requires blower motor — on backorder.,Phone,Extended,233.78891517177874,2.7
HVAC-2024-00652,Michael Gonzalez,2024-05-15 15:26:00,Central Air Conditioner,CAC-6000Ultra,The Central Air Conditioner CAC-6000Ultra makes a high-pitched squealing noise during operation. We cannot sleep or work from home because of it.,Orlando,Florida,Commercial,In Progress,Routine inspection revealed electrical short in wiring harness. Cleaned coils and replaced filters. System performance improved but contactor showing wear.,Email,Active,274.39103824119906,4.4
HVAC-2024-00653,Amanda Miller,2024-10-10 13:13:00,Heat Pump,HP-1800Eco,The HP-1800Eco was installed 5 weeks ago but the installer used the wrong size ducts. System is extremely inefficient now.,Milwaukee,Wisconsin,Residential,Resolved,,Phone,Active,134.1941517779373,2.8
HVAC-2025-00654,Brandon Collins,2025-05-06 15:24:00,VRF System,VRF-18000E,Preventive maintenance on our VRF System VRF-18000E was done poorly. Now the system is short-cycling every 2 minutes.,Charlotte,North Carolina,Commercial,Resolved,Performed diagnostics on VRF-18000E. faulty capacitor detected. Recommended control board replacement. Customer approved repair.,Chat,Expired,316.0454879962625,4.5
HVAC-2024-00655,Kevin Hill,2024-08-27 10:19:00,Boiler,BLR-6500Pro,Our annual service contract for Boiler BLR-6500Pro has not been honored. Three scheduled visits were cancelled without notice.,Louisville,Kentucky,Residential,Resolved,Warranty repair completed. failed ignition system was covered. Replaced refrigerant line set. System tested and operational.,Service Portal,Expired,34.879366990745424,2.0
HVAC-2025-00656,Emily Baker,2025-01-25 19:54:00,Packaged HVAC Unit,PKG-9000Ultra,The Packaged HVAC Unit PKG-9000Ultra has a refrigerant leak. We can smell chemicals and the cooling has stopped. This could be a health hazard.,Richmond,Virginia,Residential,Open,,Phone,Void,,2.1
HVAC-2025-00657,Gregory Gomez,2025-08-24 22:34:00,Central Air Conditioner,CAC-6000Ultra,Maintenance was performed on CAC-6000Ultra but the filter was not replaced and the coils were not cleaned. Paid full price for incomplete work.,Houston,Texas,Commercial,Resolved,Unit is beyond repair. failed ignition system too severe. Recommended full system replacement with newer CAC-6000Ultra model.,Social Media,Extended,227.41099387735684,2.6
HVAC-2025-00658,Anthony Phillips,2025-07-27 09:54:00,Heat Pump,HP-2200DX,We purchased the Heat Pump HP-2200DX 6 months ago and it's already failing to cool. Temperature stuck at 88°F. Unacceptable quality.,Oklahoma City,Oklahoma,Commercial,Open,Multiple issues found: faulty capacitor. Complete overhaul recommended. Estimate provided to customer. Awaiting approval.,Email,Extended,,2.9
HVAC-2025-00659,Timothy Walker,2025-08-28 19:05:00,Smart Thermostat,ST-400Plus,Brand new Smart Thermostat ST-400Plus installed 3 weeks ago cannot maintain temperature below 51°F. Extremely disappointed.,Columbus,Ohio,Commercial,In Progress,Emergency service call. Found loose electrical connections. Temporary fix applied. Permanent repair requires flame sensor — on backorder.,Social Media,Active,58.82720927273456,2.3
HVAC-2025-00660,Alexander Evans,2025-11-25 18:26:00,VRF System,VRF-15000Pro,We've been waiting 26 days for a maintenance appointment for our VRF System VRF-15000Pro. No callbacks despite multiple requests.,Phoenix,Arizona,Residential,In Progress,Emergency service call. Found defective expansion valve. Temporary fix applied. Permanent repair requires drain pan — on backorder.,Phone,Active,272.77404185833836,2.8
HVAC-2024-00661,Kimberly King,2024-07-05 21:13:00,Heat Pump,HP-2800Plus,Brand new Heat Pump HP-2800Plus installed 6 weeks ago cannot maintain temperature below 58°F. Extremely disappointed.,Phoenix,Arizona,Residential,Resolved,,Phone,Active,144.58327075462088,3.2
HVAC-2025-00662,Kevin Collins,2025-03-20 22:29:00,Boiler,BLR-8000HE,We chose the Boiler BLR-8000HE specifically for its energy star rating but our bills have skyrocketed by 42% this quarter.,Charlotte,North Carolina,Industrial,Escalated,Warranty repair completed. dirty air filter causing restricted airflow was covered. Replaced reversing valve. System tested and operational.,Email,Extended,,4.5
HVAC-2025-00663,Steven Gonzalez,2025-11-07 21:28:00,Boiler,BLR-8000HE,Brand new Boiler BLR-8000HE installed 1 weeks ago cannot maintain temperature below 55°F. Extremely disappointed.,Indianapolis,Indiana,Industrial,In Progress,Emergency service call. Found frozen evaporator coil. Temporary fix applied. Permanent repair requires condenser coil — on backorder.,Phone,Expired,128.80087374063578,2.4
HVAC-2024-00664,Emily Rodriguez,2024-12-21 11:55:00,Central Air Conditioner,CAC-6000Ultra,Our Central Air Conditioner CAC-6000Ultra stopped heating entirely during the coldest week of winter. Indoor temp dropped to 77°F. This is a safety concern.,Seattle,Washington,Industrial,Resolved,Unit is beyond repair. burned-out fan motor too severe. Recommended full system replacement with newer CAC-6000Ultra model.,Social Media,Active,56.495384199963205,1.5
HVAC-2025-00665,Amy Hill,2025-09-01 21:09:00,Boiler,BLR-7000E,The cooling capacity of our BLR-7000E has dropped significantly. Rooms are at 44°F despite running 24/7. Need immediate service.,Kansas City,Missouri,Industrial,Closed,Warranty repair completed. blocked condenser coil was covered. Replaced blower motor. System tested and operational.,Chat,Active,33.102795282035075,1.7
HVAC-2024-00666,Ronald Turner,2024-01-05 18:28:00,Furnace,FRN-6000S,The Furnace FRN-6000S smart thermostat keeps disconnecting from WiFi. Cannot control temperature remotely anymore.,Boston,Massachusetts,Residential,Closed,Unit is beyond repair. worn compressor bearings too severe. Recommended full system replacement with upgraded HP-4200Max system.,Survey,Active,117.95254367332127,4.4
HVAC-2024-00667,Anthony Carter,2024-12-26 20:13:00,Heat Pump,HP-2800Plus,SEER rating of our Heat Pump HP-2800Plus seems much lower than advertised. Energy consumption is 16% higher than expected.,Cleveland,Ohio,Residential,In Progress,Customer complaint verified. defective expansion valve confirmed. Ordered replacement expansion valve. Follow-up scheduled in 4 days.,Survey,Expired,64.30617836535905,2.3
HVAC-2024-00668,Thomas White,2024-10-16 06:29:00,Rooftop Unit,RTU-6000S,Scheduled maintenance for Rooftop Unit RTU-6000S was missed twice. No one contacted us to reschedule. Very poor service.,Nashville,Tennessee,Residential,Resolved,Customer complaint verified. defective expansion valve confirmed. Ordered replacement control board. Follow-up scheduled in 11 days.,Service Portal,Active,81.99118740216653,2.9
HVAC-2025-00669,Brenda Brown,2025-08-21 17:20:00,Heat Pump,HP-4200Max,The Heat Pump HP-4200Max is making an extremely loud grinding noise that wakes us up at night. It's been going on for 11 days.,Chicago,Illinois,Residential,Open,Warranty repair completed. corroded heat exchanger was covered. Replaced heat exchanger. System tested and operational.,Email,Expired,,2.9
HVAC-2024-00670,Brenda Diaz,2024-02-06 19:34:00,Furnace,FRN-6000S,Our Furnace FRN-6000S had a catastrophic compressor failure. Loud bang followed by complete shutdown. Potential safety hazard.,Milwaukee,Wisconsin,Industrial,Resolved,,Social Media,Extended,106.41774538761092,1.5
HVAC-2025-00671,Betty Gomez,2025-01-20 10:05:00,Rooftop Unit,RTU-6000S,Our RTU-6000S thermostat app shows 'Device Offline' constantly. Have reset the router and thermostat multiple times.,Salt Lake City,Utah,Residential,Open,Emergency service call. Found faulty reversing valve. Temporary fix applied. Permanent repair requires relay switch — on backorder.,Chat,Expired,,4.5
HVAC-2024-00672,Dorothy Nelson,2024-06-23 06:10:00,Furnace,FRN-7500Pro,Preventive maintenance on our Furnace FRN-7500Pro was done poorly. Now the system is short-cycling every 6 minutes.,Dallas,Texas,Industrial,In Progress,Emergency service call. Found failed ignition system. Temporary fix applied. Permanent repair requires filter drier — on backorder.,Social Media,Expired,251.55431110166074,4.6
HVAC-2024-00673,Benjamin Martin,2024-01-04 14:07:00,Ductless Mini-Split,DMS-1800Pro,My Ductless Mini-Split model DMS-1800Pro is not cooling at all. The house temperature is 41°F and it won't go below that. We've been suffering in this heat for 1 days now.,Milwaukee,Wisconsin,Commercial,Open,,Service Portal,Extended,,3.0
HVAC-2024-00674,Richard Hernandez,2024-04-01 22:17:00,Furnace,FRN-8500Elite,Warranty claim for FRN-8500Elite was denied citing 'improper installation' even though their own certified technician installed it.,Seattle,Washington,Residential,Open,Customer complaint verified. electrical short in wiring harness confirmed. Ordered replacement contactor. Follow-up scheduled in 9 days.,Phone,Extended,,1.1
HVAC-2024-00675,Christopher Miller,2024-06-15 16:24:00,VRF System,VRF-18000E,The pilot light on our VRF-18000E keeps going out. Furnace won't stay on. House temperature dropping to 82°F overnight.,Pittsburgh,Pennsylvania,Commercial,In Progress,Customer complaint verified. low refrigerant charge confirmed. Ordered replacement condenser coil. Follow-up scheduled in 7 days.,Chat,Expired,103.86116203458452,2.4
HVAC-2025-00676,Edward Flores,2025-02-17 08:31:00,Rooftop Unit,RTU-8000Pro,The cooling capacity of our RTU-8000Pro has dropped significantly. Rooms are at 94°F despite running 24/7. Need immediate service.,Nashville,Tennessee,Commercial,Closed,Warranty repair completed. blocked condenser coil was covered. Replaced blower motor. System tested and operational.,Email,Extended,62.795804921511184,3.4
HVAC-2025-00677,Cynthia Thompson,2025-02-03 11:50:00,Ductless Mini-Split,DMS-900Eco,Brand new Ductless Mini-Split DMS-900Eco installed 2 weeks ago cannot maintain temperature below 39°F. Extremely disappointed.,Orlando,Florida,Residential,Open,,Social Media,Extended,,1.6
HVAC-2025-00678,Kimberly Flores,2025-02-18 17:00:00,Packaged HVAC Unit,PKG-4000S,"After annual maintenance, our Packaged HVAC Unit PKG-4000S stopped heating. Now at 39°F. This was working fine before the tech came.",Albuquerque,New Mexico,Commercial,Resolved,Emergency service call. Found burned-out fan motor. Temporary fix applied. Permanent repair requires contactor — on backorder.,Email,Void,93.08465685816293,3.0
HVAC-2024-00679,Charles Green,2024-08-24 15:31:00,Central Air Conditioner,CAC-2500E,Our CAC-2500E compressor makes a terrible clicking and vibrating noise. It gets worse at night. Multiple complaints from family.,Detroit,Michigan,Residential,In Progress,Customer complaint verified. thermostat malfunction confirmed. Ordered replacement expansion valve. Follow-up scheduled in 2 days.,Service Portal,Active,335.72878180760887,3.6
HVAC-2025-00680,Mary Jones,2025-11-17 14:50:00,Furnace,FRN-8500Elite,The Furnace FRN-8500Elite thermostat's geofencing feature stopped working. AC runs all day even when nobody is home. Wasting energy.,Cleveland,Ohio,Residential,Resolved,Performed diagnostics on FRN-8500Elite. damaged ductwork detected. Recommended system recalibration. Customer approved repair.,Phone,Active,27.709364485954605,2.6
HVAC-2025-00681,Andrew Lopez,2025-01-27 14:38:00,Heat Pump,HP-2800Plus,Loud buzzing/humming noise coming from the outdoor unit HP-2800Plus. Neighbors have complained about the noise level.,Indianapolis,Indiana,Residential,In Progress,Unit is beyond repair. dirty air filter causing restricted airflow too severe. Recommended full system replacement with upgraded HP-4200Max system.,Survey,Active,139.0915701423238,4.1
HVAC-2025-00682,Jennifer White,2025-08-19 19:34:00,Heat Pump,HP-2800Plus,WiFi connectivity issues with Heat Pump HP-2800Plus for the past 9 weeks. The scheduling feature doesn't work without connectivity.,Houston,Texas,Industrial,Resolved,Emergency service call. Found thermostat malfunction. Temporary fix applied. Permanent repair requires blower motor — on backorder.,CRM,Active,285.7314558048202,4.4
HVAC-2025-00683,Linda Sanchez,2025-09-01 13:31:00,Smart Thermostat,ST-700Ultra,We purchased the Smart Thermostat ST-700Ultra 18 months ago and it's already failing to cool. Temperature stuck at 80°F. Unacceptable quality.,Detroit,Michigan,Residential,Resolved,,CRM,Active,165.942503255505,1.9
HVAC-2024-00684,Nicholas King,2024-01-21 18:56:00,Boiler,BLR-7000E,My Boiler model BLR-7000E is not cooling at all. The house temperature is 43°F and it won't go below that. We've been suffering in this heat for 3 days now.,Detroit,Michigan,Commercial,Closed,Customer complaint verified. failed ignition system confirmed. Ordered replacement refrigerant line set. Follow-up scheduled in 14 days.,Social Media,Expired,127.20596020268188,1.6
HVAC-2025-00685,Jason Brown,2025-08-17 06:30:00,Packaged HVAC Unit,PKG-4000S,Our Packaged HVAC Unit PKG-4000S makes a clicking sound and then stops cooling. House temp is at 93°F. Children are uncomfortable.,Minneapolis,Minnesota,Commercial,Resolved,Customer complaint verified. compressor failure confirmed. Ordered replacement drain pan. Follow-up scheduled in 4 days.,Phone,Active,22.3599824239382,2.3
HVAC-2024-00686,Mary Perez,2024-11-06 15:35:00,Rooftop Unit,RTU-12000X,Preventive maintenance on our Rooftop Unit RTU-12000X was done poorly. Now the system is short-cycling every 5 minutes.,Phoenix,Arizona,Commercial,Resolved,Multiple issues found: failed control board. Complete overhaul recommended. Estimate provided to customer. Awaiting approval.,Email,Active,292.41915928015135,3.5
HVAC-2025-00687,Ashley Campbell,2025-06-09 18:42:00,Packaged HVAC Unit,PKG-5500Pro,The PKG-5500Pro is consuming way too much energy. Our utility bill went from $130 to $549 per month since installation.,Jacksonville,Florida,Residential,Escalated,,Social Media,Active,,4.1
HVAC-2024-00688,Mary Hill,2024-05-23 09:39:00,Furnace,FRN-9800HE,SEER rating of our Furnace FRN-9800HE seems much lower than advertised. Energy consumption is 33% higher than expected.,Richmond,Virginia,Industrial,Resolved,Multiple issues found: refrigerant leak in evaporator coil. Complete overhaul recommended. Estimate provided to customer. Awaiting approval.,Phone,Extended,173.1116633238968,2.7
HVAC-2025-00689,Emily Murphy,2025-12-13 13:14:00,Air Handler,AH-3500E,The Air Handler AH-3500E has a refrigerant leak. We can smell chemicals and the cooling has stopped. This could be a health hazard.,Cleveland,Ohio,Industrial,In Progress,,Chat,Active,40.45049284409705,2.6
HVAC-2025-00690,Karen Carter,2025-09-16 16:51:00,Furnace,FRN-8500Elite,Banging noises from the ductwork connected to FRN-8500Elite every time the system starts. Sounds like something is loose inside.,Chicago,Illinois,Residential,Resolved,,Survey,Expired,40.295659184218195,3.1
HVAC-2024-00691,Sandra Morris,2024-06-15 12:03:00,Central Air Conditioner,CAC-6000Ultra,Filed a warranty claim for our CAC-6000Ultra 25 months ago. No response from the warranty department despite 8 follow-up calls.,Oklahoma City,Oklahoma,Residential,Resolved,Warranty repair completed. faulty reversing valve was covered. Replaced thermostat. System tested and operational.,CRM,Extended,165.66446481906794,2.5
HVAC-2025-00692,Laura Turner,2025-07-09 18:43:00,Central Air Conditioner,CAC-5000Pro,Our electricity bill has increased by 17% since installing the Central Air Conditioner CAC-5000Pro. This unit was supposed to be energy efficient.,Louisville,Kentucky,Residential,Open,Multiple issues found: faulty reversing valve. Complete overhaul recommended. Estimate provided to customer. Awaiting approval.,Email,Expired,,5.0
HVAC-2024-00693,Eric Gomez,2024-08-17 19:46:00,Furnace,FRN-9800HE,The Furnace FRN-9800HE makes a high-pitched squealing noise during operation. We cannot sleep or work from home because of it.,Oklahoma City,Oklahoma,Commercial,Resolved,Unit is beyond repair. defective expansion valve too severe. Recommended full system replacement with high-efficiency FRN-9800HE.,Email,Expired,17.90873150173276,2.8
HVAC-2025-00694,Scott Reyes,2025-07-14 14:49:00,Ductless Mini-Split,DMS-1800Pro,Scheduled maintenance for Ductless Mini-Split DMS-1800Pro was missed twice. No one contacted us to reschedule. Very poor service.,Phoenix,Arizona,Residential,Resolved,Emergency service call. Found failed ignition system. Temporary fix applied. Permanent repair requires contactor — on backorder.,Social Media,Expired,26.94954628983499,3.4
HVAC-2024-00695,Jessica Morales,2024-01-06 10:30:00,Smart Thermostat,ST-700Ultra,Our new Smart Thermostat ST-700Ultra installation is terrible. The condensate drain was connected wrong and water is leaking into the ceiling.,Chicago,Illinois,Residential,Open,Unit is beyond repair. burned-out fan motor too severe. Recommended full system replacement with upgraded HP-4200Max system.,Email,Active,,3.3
HVAC-2024-00696,Paul White,2024-07-06 06:57:00,Furnace,FRN-9800HE,The cooling capacity of our FRN-9800HE has dropped significantly. Rooms are at 48°F despite running 24/7. Need immediate service.,New York,New York,Commercial,Closed,Multiple issues found: corroded heat exchanger. Complete overhaul recommended. Estimate provided to customer. Awaiting approval.,Service Portal,Extended,6.281923649366779,3.5
HVAC-2024-00697,Emily Cruz,2024-03-14 20:11:00,Packaged HVAC Unit,PKG-4000S,Our electricity bill has increased by 72% since installing the Packaged HVAC Unit PKG-4000S. This unit was supposed to be energy efficient.,Nashville,Tennessee,Industrial,Resolved,Inspected unit on-site. Found thermostat malfunction. Replaced compressor. System operational now.,Phone,Active,273.1354911365123,2.5
HVAC-2024-00698,Jessica Roberts,2024-05-24 13:08:00,Ductless Mini-Split,DMS-1500S,"The Ductless Mini-Split DMS-1500S was installed incorrectly. Ductwork is leaking air, and the unit was placed in the wrong location.",Memphis,Tennessee,Commercial,Closed,,Email,Expired,18.269088493665386,4.7
HVAC-2024-00699,Joshua Smith,2024-05-19 21:16:00,Central Air Conditioner,CAC-2500E,"After annual maintenance, our Central Air Conditioner CAC-2500E stopped heating. Now at 41°F. This was working fine before the tech came.",Cleveland,Ohio,Commercial,Resolved,,Phone,Expired,61.668528403201485,2.6
HVAC-2025-00700,Ashley Rivera,2025-08-09 07:37:00,Boiler,BLR-5000S,The indoor unit of our Boiler BLR-5000S produces a constant whistling noise. Very annoying and disruptive.,Seattle,Washington,Residential,In Progress,Performed diagnostics on BLR-5000S. clogged condensate drain detected. Recommended duct sealing and insulation. Customer approved repair.,Service Portal,Active,64.84671510869157,4.9
HVAC-2025-00701,Emma Diaz,2025-10-23 12:39:00,Furnace,FRN-6000S,Our Furnace FRN-6000S makes a clicking sound and then stops cooling. House temp is at 60°F. Children are uncomfortable.,Los Angeles,California,Commercial,In Progress,,CRM,Active,44.391523544749134,3.3
HVAC-2024-00702,Scott Wright,2024-02-16 18:12:00,Rooftop Unit,RTU-12000X,Our Rooftop Unit RTU-12000X makes a clicking sound and then stops cooling. House temp is at 74°F. Children are uncomfortable.,Dallas,Texas,Residential,In Progress,Warranty repair completed. thermostat malfunction was covered. Replaced heat exchanger. System tested and operational.,Email,Active,152.6519684675451,2.3
HVAC-2024-00703,Laura Robinson,2024-07-22 22:40:00,VRF System,VRF-15000Pro,The maintenance technician for our VRF-15000Pro didn't bring the right parts and left the job incomplete. Still waiting for resolution.,Milwaukee,Wisconsin,Residential,Open,Multiple issues found: failed control board. Complete overhaul recommended. Estimate provided to customer. Awaiting approval.,Service Portal,Expired,,3.3
HVAC-2024-00704,Emma Reyes,2024-02-24 10:06:00,VRF System,VRF-18000E,AC unit VRF-18000E has completely stopped cooling. Thermostat shows 80°F but the system is running constantly. Very frustrated.,Cincinnati,Ohio,Commercial,In Progress,Multiple issues found: failed control board. Complete overhaul recommended. Estimate provided to customer. Awaiting approval.,Social Media,Active,143.62179431635977,2.5
HVAC-2024-00705,Donald Perez,2024-09-24 06:19:00,Packaged HVAC Unit,PKG-4000S,Our annual service contract for Packaged HVAC Unit PKG-4000S has not been honored. Three scheduled visits were cancelled without notice.,Richmond,Virginia,Residential,Open,,Email,Active,,4.9
HVAC-2024-00706,Kathleen Taylor,2024-03-25 16:44:00,Rooftop Unit,RTU-6000S,We've been waiting 12 days for a maintenance appointment for our Rooftop Unit RTU-6000S. No callbacks despite multiple requests.,Salt Lake City,Utah,Commercial,Resolved,Multiple issues found: worn compressor bearings. Complete overhaul recommended. Estimate provided to customer. Awaiting approval.,Email,Active,250.6071916714031,2.8
HVAC-2025-00707,Lisa Lee,2025-03-06 15:28:00,Furnace,FRN-6000S,SEER rating of our Furnace FRN-6000S seems much lower than advertised. Energy consumption is 25% higher than expected.,New York,New York,Commercial,In Progress,Performed diagnostics on FRN-6000S. low refrigerant charge detected. Recommended compressor swap. Customer approved repair.,Survey,Extended,219.92705842978998,2.3
HVAC-2025-00708,Brandon Martinez,2025-12-27 07:37:00,Packaged HVAC Unit,PKG-7000X,Our Packaged HVAC Unit PKG-7000X heating stopped working mid-winter. We have a newborn baby and the temp is 74°F inside. URGENT help needed!,Columbus,Ohio,Residential,In Progress,Inspected unit on-site. Found burned-out fan motor. Replaced contactor. System operational now.,Email,Active,6.641898097202479,2.9
HVAC-2025-00709,Sharon Taylor,2025-02-22 07:20:00,Heat Pump,HP-2800Plus,We purchased the Heat Pump HP-2800Plus 13 months ago and it's already failing to cool. Temperature stuck at 53°F. Unacceptable quality.,Milwaukee,Wisconsin,Residential,Open,Unit is beyond repair. compressor failure too severe. Recommended full system replacement with commercial-grade RTU-15000Ultra.,Social Media,Expired,,2.4
HVAC-2024-00710,Betty Gonzalez,2024-12-26 19:07:00,Ductless Mini-Split,DMS-1500S,Our DMS-1500S compressor makes a terrible clicking and vibrating noise. It gets worse at night. Multiple complaints from family.,Phoenix,Arizona,Commercial,Escalated,Unit is beyond repair. burned-out fan motor too severe. Recommended full system replacement with upgraded HP-4200Max system.,Phone,Expired,,2.9
HVAC-2024-00711,Barbara Murphy,2024-08-27 14:56:00,Packaged HVAC Unit,PKG-9000Ultra,The Packaged HVAC Unit PKG-9000Ultra is making an extremely loud grinding noise that wakes us up at night. It's been going on for 7 days.,Salt Lake City,Utah,Commercial,Resolved,Unit is beyond repair. loose electrical connections too severe. Recommended full system replacement with upgraded HP-4200Max system.,CRM,Active,188.55711627582264,2.1
HVAC-2024-00712,Catherine Lewis,2024-09-17 18:36:00,VRF System,VRF-15000Pro,"After maintenance on our VRF-15000Pro, the system performance got worse. The technician may have damaged something.",Nashville,Tennessee,Residential,Escalated,Warranty repair completed. corroded heat exchanger was covered. Replaced expansion valve. System tested and operational.,Phone,Active,,3.6
HVAC-2024-00713,Patrick Scott,2024-01-20 16:14:00,Furnace,FRN-8500Elite,Banging noises from the ductwork connected to FRN-8500Elite every time the system starts. Sounds like something is loose inside.,Oklahoma City,Oklahoma,Industrial,Resolved,,Email,Expired,95.87673968968535,2.3
HVAC-2025-00714,Rebecca Allen,2025-07-09 12:29:00,VRF System,VRF-18000E,Our VRF System VRF-18000E stopped heating entirely during the coldest week of winter. Indoor temp dropped to 91°F. This is a safety concern.,Las Vegas,Nevada,Residential,Resolved,Warranty repair completed. cracked heat exchanger was covered. Replaced control board. System tested and operational.,Chat,Expired,78.91537321832944,3.2
HVAC-2024-00715,Rachel Collins,2024-09-02 10:28:00,Boiler,BLR-6500Pro,Our Boiler BLR-6500Pro lost all refrigerant. The system is 15 months old. Suspected manufacturing defect in the line set.,Jacksonville,Florida,Industrial,In Progress,,CRM,Active,63.008736791847056,1.7
HVAC-2025-00716,Rebecca Evans,2025-06-22 12:01:00,Rooftop Unit,RTU-6000S,Scheduled maintenance for Rooftop Unit RTU-6000S was missed twice. No one contacted us to reschedule. Very poor service.,Milwaukee,Wisconsin,Residential,Escalated,Unit is beyond repair. failed ignition system too severe. Recommended full system replacement with newer CAC-6000Ultra model.,Service Portal,Expired,,4.2
HVAC-2024-00717,Kenneth Adams,2024-07-10 11:44:00,Boiler,BLR-7000E,Our BLR-7000E failed within the first year and the company is blaming us for the failure. This is clearly a manufacturing defect.,Oklahoma City,Oklahoma,Commercial,Closed,Multiple issues found: blocked condenser coil. Complete overhaul recommended. Estimate provided to customer. Awaiting approval.,Chat,Expired,139.13601869266543,2.1
HVAC-2025-00718,Mary Stewart,2025-11-01 19:25:00,Packaged HVAC Unit,PKG-6500E,Warranty claim for PKG-6500E was denied citing 'improper installation' even though their own certified technician installed it.,San Francisco,California,Residential,Open,,Phone,Extended,,2.4
HVAC-2025-00719,Donald Lopez,2025-07-20 14:10:00,VRF System,VRF-18000E,Heating system VRF-18000E fails to ignite. We've tried resetting multiple times. Temperature is dangerously low at 87°F.,Milwaukee,Wisconsin,Commercial,In Progress,Emergency service call. Found failed control board. Temporary fix applied. Permanent repair requires refrigerant line set — on backorder.,Phone,Expired,65.19634399609015,3.4
HVAC-2025-00720,Angela Scott,2025-03-27 20:12:00,Ductless Mini-Split,DMS-900Eco,SEER rating of our Ductless Mini-Split DMS-900Eco seems much lower than advertised. Energy consumption is 60% higher than expected.,Phoenix,Arizona,Residential,Closed,,Chat,Void,97.06983497810424,3.7
HVAC-2024-00721,Justin Jackson,2024-04-22 09:21:00,Ductless Mini-Split,DMS-1200Q,Our DMS-1200Q is supposed to be a high-efficiency unit but we're paying more than with our old system. Very misleading marketing.,Louisville,Kentucky,Commercial,Escalated,,Service Portal,Active,,4.6
HVAC-2024-00722,Joshua Adams,2024-01-15 11:25:00,Rooftop Unit,RTU-12000X,Our Rooftop Unit RTU-12000X is leaking refrigerant. Green residue visible on the outdoor unit. Children play near it — very concerned about safety.,Detroit,Michigan,Residential,Resolved,Warranty repair completed. refrigerant leak in evaporator coil was covered. Replaced condenser coil. System tested and operational.,Email,Active,104.67401606519905,1.6
HVAC-2025-00723,Jessica Collins,2025-11-28 09:10:00,Central Air Conditioner,CAC-3000X,WiFi connectivity issues with Central Air Conditioner CAC-3000X for the past 11 weeks. The scheduling feature doesn't work without connectivity.,Jacksonville,Florida,Residential,Open,Unit is beyond repair. electrical short in wiring harness too severe. Recommended full system replacement with commercial-grade RTU-15000Ultra.,Chat,Expired,,2.7
HVAC-2025-00724,Mark Collins,2025-01-26 10:19:00,Furnace,FRN-8500Elite,We purchased the Furnace FRN-8500Elite 17 months ago and it's already failing to cool. Temperature stuck at 81°F. Unacceptable quality.,Boston,Massachusetts,Commercial,Resolved,Multiple issues found: worn compressor bearings. Complete overhaul recommended. Estimate provided to customer. Awaiting approval.,Email,Active,18.76406331331448,3.4
HVAC-2024-00725,Robert Young,2024-06-23 19:16:00,Central Air Conditioner,CAC-5000Pro,Banging noises from the ductwork connected to CAC-5000Pro every time the system starts. Sounds like something is loose inside.,Oklahoma City,Oklahoma,Commercial,Resolved,Unit is beyond repair. thermostat malfunction too severe. Recommended full system replacement with newer CAC-6000Ultra model.,CRM,Extended,263.4741037253646,2.8
HVAC-2025-00726,Christine Thompson,2025-06-20 22:26:00,Packaged HVAC Unit,PKG-6500E,Extended warranty for Packaged HVAC Unit PKG-6500E was supposed to cover all parts and labor. Now they're saying refrigerant isn't covered.,Tampa,Florida,Commercial,Open,Performed diagnostics on PKG-6500E. loose electrical connections detected. Recommended control board replacement. Customer approved repair.,Chat,Expired,,2.4
HVAC-2024-00727,Laura White,2024-06-19 13:13:00,Central Air Conditioner,CAC-2500E,AC unit CAC-2500E has completely stopped cooling. Thermostat shows 76°F but the system is running constantly. Very frustrated.,Orlando,Florida,Commercial,Resolved,Customer complaint verified. faulty reversing valve confirmed. Ordered replacement contactor. Follow-up scheduled in 4 days.,CRM,Active,88.42193251918684,2.9
HVAC-2024-00728,Rachel Reyes,2024-07-25 08:09:00,Air Handler,AH-3000X,Loud buzzing/humming noise coming from the outdoor unit AH-3000X. Neighbors have complained about the noise level.,Minneapolis,Minnesota,Residential,Open,,CRM,Active,,4.9
HVAC-2025-00729,Rachel Moore,2025-02-05 07:37:00,Furnace,FRN-5500E,Our Furnace FRN-5500E lost all refrigerant. The system is 20 months old. Suspected manufacturing defect in the line set.,Cleveland,Ohio,Residential,Resolved,Inspected unit on-site. Found loose electrical connections. Replaced filter drier. System operational now.,CRM,Active,20.852730181734064,2.6
HVAC-2025-00730,James Edwards,2025-12-05 07:41:00,Central Air Conditioner,CAC-2500E,Heating system CAC-2500E fails to ignite. We've tried resetting multiple times. Temperature is dangerously low at 41°F.,Columbus,Ohio,Residential,Open,,Phone,Expired,,2.8
HVAC-2025-00731,Brian Davis,2025-08-22 16:54:00,Air Handler,AH-3000X,Our annual service contract for Air Handler AH-3000X has not been honored. Three scheduled visits were cancelled without notice.,Milwaukee,Wisconsin,Residential,Open,Routine inspection revealed faulty capacitor. Cleaned coils and replaced filters. System performance improved but evaporator coil showing wear.,Email,Active,,3.5
HVAC-2024-00732,David Smith,2024-05-25 14:31:00,Heat Pump,HP-2800Plus,Heating system HP-2800Plus fails to ignite. We've tried resetting multiple times. Temperature is dangerously low at 40°F.,Salt Lake City,Utah,Residential,Resolved,Routine inspection revealed corroded heat exchanger. Cleaned coils and replaced filters. System performance improved but blower motor showing wear.,Chat,Extended,93.38709024047951,2.1
HVAC-2024-00733,Laura King,2024-12-20 08:35:00,Boiler,BLR-9500Ultra,SEER rating of our Boiler BLR-9500Ultra seems much lower than advertised. Energy consumption is 60% higher than expected.,Indianapolis,Indiana,Residential,In Progress,Multiple issues found: clogged condensate drain. Complete overhaul recommended. Estimate provided to customer. Awaiting approval.,Chat,Active,249.60679990757586,2.3
HVAC-2024-00734,Charles Garcia,2024-07-25 13:38:00,VRF System,VRF-10000S,The pilot light on our VRF-10000S keeps going out. Furnace won't stay on. House temperature dropping to 53°F overnight.,Richmond,Virginia,Residential,Open,Emergency service call. Found compressor failure. Temporary fix applied. Permanent repair requires blower motor — on backorder.,Chat,Expired,,2.3
HVAC-2024-00735,Nicholas Miller,2024-03-24 13:21:00,Smart Thermostat,ST-400Plus,"After annual maintenance, our Smart Thermostat ST-400Plus stopped heating. Now at 81°F. This was working fine before the tech came.",Raleigh,North Carolina,Residential,Open,Customer complaint verified. dirty air filter causing restricted airflow confirmed. Ordered replacement blower motor. Follow-up scheduled in 13 days.,Phone,Void,,3.2
HVAC-2025-00736,Emily Baker,2025-10-28 13:05:00,Air Handler,AH-5000Elite,The Air Handler AH-5000Elite smart thermostat keeps disconnecting from WiFi. Cannot control temperature remotely anymore.,Atlanta,Georgia,Residential,Closed,,Phone,Active,40.885271903645325,3.0
HVAC-2025-00737,Samantha Sanchez,2025-07-12 14:18:00,Smart Thermostat,ST-300Pro,Preventive maintenance on our Smart Thermostat ST-300Pro was done poorly. Now the system is short-cycling every 3 minutes.,Jacksonville,Florida,Commercial,Closed,Performed diagnostics on ST-300Pro. compressor failure detected. Recommended system recalibration. Customer approved repair.,Phone,Expired,300.4816973111257,4.3
HVAC-2024-00738,Deborah Phillips,2024-12-24 18:04:00,Heat Pump,HP-1800Eco,"After the technician visited last week, the HP-1800Eco still isn't cooling properly. This is our 4th service call for the same issue.",Richmond,Virginia,Residential,Open,Emergency service call. Found thermostat malfunction. Temporary fix applied. Permanent repair requires heat exchanger — on backorder.,Email,Expired,,1.9
HVAC-2025-00739,Jack Walker,2025-08-27 06:39:00,Central Air Conditioner,CAC-4000S,We purchased the Central Air Conditioner CAC-4000S 26 months ago and it's already failing to cool. Temperature stuck at 40°F. Unacceptable quality.,Richmond,Virginia,Commercial,Open,,Phone,Active,,1.8
HVAC-2025-00740,Benjamin Moore,2025-01-02 10:55:00,Furnace,FRN-6000S,"After maintenance on our FRN-6000S, the system performance got worse. The technician may have damaged something.",Memphis,Tennessee,Residential,Escalated,Multiple issues found: failed control board. Complete overhaul recommended. Estimate provided to customer. Awaiting approval.,Email,Active,,4.4
HVAC-2025-00741,Karen Thomas,2025-06-17 12:18:00,Packaged HVAC Unit,PKG-6500E,The cooling capacity of our PKG-6500E has dropped significantly. Rooms are at 82°F despite running 24/7. Need immediate service.,Tampa,Florida,Commercial,Resolved,,Email,Extended,101.92734648472906,2.9
HVAC-2025-00742,James Rodriguez,2025-11-01 10:12:00,Boiler,BLR-8000HE,Our new Boiler BLR-8000HE installation is terrible. The condensate drain was connected wrong and water is leaking into the ceiling.,Indianapolis,Indiana,Commercial,Open,Warranty repair completed. compressor failure was covered. Replaced blower motor. System tested and operational.,Chat,Active,,2.6
HVAC-2025-00743,Cynthia Miller,2025-05-19 14:03:00,Heat Pump,HP-4200Max,The HP-4200Max was installed 7 weeks ago but the installer used the wrong size ducts. System is extremely inefficient now.,Kansas City,Missouri,Industrial,Resolved,Routine inspection revealed frozen evaporator coil. Cleaned coils and replaced filters. System performance improved but fan motor showing wear.,Email,Active,137.110679898108,4.1
HVAC-2025-00744,Frank Morris,2025-08-09 20:25:00,Boiler,BLR-8000HE,The BLR-8000HE furnace is blowing cold air instead of warm. It's 86°F inside and we have elderly family members at home.,Buffalo,New York,Industrial,Resolved,Unit is beyond repair. faulty capacitor too severe. Recommended full system replacement with high-efficiency FRN-9800HE.,Email,Extended,116.52716151372128,3.5
HVAC-2024-00745,Ryan Carter,2024-09-07 18:18:00,Heat Pump,HP-2800Plus,The Heat Pump HP-2800Plus parts warranty should cover this repair but the dealer says it's a labor issue. Total runaround for 11 weeks.,Nashville,Tennessee,Residential,Closed,Emergency service call. Found loose electrical connections. Temporary fix applied. Permanent repair requires thermostat — on backorder.,Service Portal,Active,258.29239366760794,2.2
HVAC-2024-00746,Raymond Martinez,2024-08-03 19:39:00,VRF System,VRF-15000Pro,We've been waiting 15 days for a maintenance appointment for our VRF System VRF-15000Pro. No callbacks despite multiple requests.,Los Angeles,California,Residential,Escalated,Emergency service call. Found corroded heat exchanger. Temporary fix applied. Permanent repair requires compressor — on backorder.,Chat,Active,,2.9
HVAC-2024-00747,Karen Taylor,2024-02-23 18:50:00,Rooftop Unit,RTU-8000Pro,Our annual service contract for Rooftop Unit RTU-8000Pro has not been honored. Three scheduled visits were cancelled without notice.,Tampa,Florida,Industrial,In Progress,Multiple issues found: cracked heat exchanger. Complete overhaul recommended. Estimate provided to customer. Awaiting approval.,Phone,Extended,149.85867701224703,3.9
HVAC-2024-00748,Alexander Hill,2024-06-11 16:10:00,Boiler,BLR-9500Ultra,Installation team left a mess and didn't complete the BLR-9500Ultra installation properly. Wires are exposed and the unit vibrates excessively.,Cleveland,Ohio,Residential,In Progress,Inspected unit on-site. Found loose electrical connections. Replaced relay switch. System operational now.,Chat,Active,139.15101973835635,3.9
HVAC-2024-00749,Janet Martinez,2024-08-26 22:42:00,Furnace,FRN-8500Elite,SEER rating of our Furnace FRN-8500Elite seems much lower than advertised. Energy consumption is 79% higher than expected.,Indianapolis,Indiana,Commercial,Escalated,Inspected unit on-site. Found cracked heat exchanger. Replaced evaporator coil. System operational now.,Service Portal,Extended,,4.8
HVAC-2025-00750,Raymond Clark,2025-09-20 22:27:00,Boiler,BLR-5000S,The pilot light on our BLR-5000S keeps going out. Furnace won't stay on. House temperature dropping to 76°F overnight.,Miami,Florida,Commercial,Resolved,,Email,Active,104.27949843769733,2.7
HVAC-2024-00751,Laura Parker,2024-08-22 09:21:00,Air Handler,AH-5000Elite,The cooling capacity of our AH-5000Elite has dropped significantly. Rooms are at 51°F despite running 24/7. Need immediate service.,Cleveland,Ohio,Residential,Closed,,Phone,Active,118.76773276932842,1.9
HVAC-2024-00752,Linda Nelson,2024-08-28 22:49:00,Furnace,FRN-7500Pro,Our FRN-7500Pro thermostat app shows 'Device Offline' constantly. Have reset the router and thermostat multiple times.,Oklahoma City,Oklahoma,Residential,Closed,,Phone,Expired,218.8908877007654,3.9
HVAC-2025-00753,James Cruz,2025-09-17 19:43:00,Packaged HVAC Unit,PKG-7000X,"The PKG-7000X runs continuously without cycling off, leading to massive energy bills. Something is wrong with the efficiency.",Tucson,Arizona,Commercial,Resolved,Warranty repair completed. failed ignition system was covered. Replaced relay switch. System tested and operational.,Survey,Active,230.4728072407628,2.7
HVAC-2025-00754,Daniel Allen,2025-06-11 21:42:00,Air Handler,AH-3000X,My Air Handler model AH-3000X is not cooling at all. The house temperature is 91°F and it won't go below that. We've been suffering in this heat for 18 days now.,Louisville,Kentucky,Industrial,In Progress,Multiple issues found: low refrigerant charge. Complete overhaul recommended. Estimate provided to customer. Awaiting approval.,Survey,Active,84.93932328923545,1.7
HVAC-2024-00755,Betty Sanchez,2024-02-09 15:16:00,Packaged HVAC Unit,PKG-7000X,"The Packaged HVAC Unit PKG-7000X was installed incorrectly. Ductwork is leaking air, and the unit was placed in the wrong location.",Dallas,Texas,Commercial,Resolved,Customer complaint verified. cracked heat exchanger confirmed. Ordered replacement heat exchanger. Follow-up scheduled in 7 days.,Email,Active,27.570128794571602,4.5
HVAC-2025-00756,Emily Rodriguez,2025-12-02 11:02:00,Rooftop Unit,RTU-6000S,"The Rooftop Unit RTU-6000S was installed incorrectly. Ductwork is leaking air, and the unit was placed in the wrong location.",Sacramento,California,Commercial,Resolved,Inspected unit on-site. Found blocked condenser coil. Replaced blower motor. System operational now.,Social Media,Active,165.23156007996934,4.3
HVAC-2025-00757,Pamela Adams,2025-01-02 20:13:00,VRF System,VRF-20000X,"After annual maintenance, our VRF System VRF-20000X stopped heating. Now at 78°F. This was working fine before the tech came.",Indianapolis,Indiana,Commercial,Resolved,Emergency service call. Found low refrigerant charge. Temporary fix applied. Permanent repair requires heat exchanger — on backorder.,Social Media,Active,62.11385197113868,3.5
HVAC-2025-00758,Richard Cruz,2025-12-17 10:21:00,Ductless Mini-Split,DMS-1500S,Our new Ductless Mini-Split DMS-1500S installation is terrible. The condensate drain was connected wrong and water is leaking into the ceiling.,Louisville,Kentucky,Residential,Escalated,Routine inspection revealed damaged ductwork. Cleaned coils and replaced filters. System performance improved but thermostat showing wear.,Phone,Active,,2.1
HVAC-2024-00759,Angela Scott,2024-07-07 06:32:00,Boiler,BLR-5000S,We chose the Boiler BLR-5000S specifically for its energy star rating but our bills have skyrocketed by 29% this quarter.,Louisville,Kentucky,Commercial,Open,,Chat,Extended,,3.2
HVAC-2024-00760,Melissa Lopez,2024-12-04 20:12:00,Air Handler,AH-4500Pro,We purchased the Air Handler AH-4500Pro 15 months ago and it's already failing to cool. Temperature stuck at 79°F. Unacceptable quality.,Phoenix,Arizona,Residential,In Progress,Routine inspection revealed corroded heat exchanger. Cleaned coils and replaced filters. System performance improved but refrigerant line set showing wear.,Chat,Expired,109.32761327937502,2.9
HVAC-2024-00761,Patricia Martin,2024-07-14 10:15:00,Rooftop Unit,RTU-12000X,Electrical failure in RTU-12000X. Circuit breaker keeps tripping. Possible fire hazard. Need emergency service immediately.,Minneapolis,Minnesota,Residential,Open,,Social Media,Active,,2.9
HVAC-2025-00762,Emma Martinez,2025-11-26 20:28:00,Ductless Mini-Split,DMS-2400Max,Our DMS-2400Max failed within the first year and the company is blaming us for the failure. This is clearly a manufacturing defect.,Cincinnati,Ohio,Residential,In Progress,,Chat,Expired,170.81906103327083,1.5
HVAC-2025-00763,Shirley Williams,2025-01-12 22:38:00,Rooftop Unit,RTU-10000E,The Rooftop Unit RTU-10000E main board is fried after a power surge. System completely down for our 10-floor office building.,Kansas City,Missouri,Residential,Escalated,,Phone,Active,,1.8
HVAC-2024-00764,Gary Smith,2024-11-05 22:41:00,Central Air Conditioner,CAC-4000S,Filed a warranty claim for our CAC-4000S 16 months ago. No response from the warranty department despite 13 follow-up calls.,Kansas City,Missouri,Commercial,Escalated,,Phone,Extended,,1.0
HVAC-2024-00765,Gary Adams,2024-11-09 22:42:00,Air Handler,AH-3500E,The Air Handler AH-3500E has a refrigerant leak. We can smell chemicals and the cooling has stopped. This could be a health hazard.,Salt Lake City,Utah,Commercial,Resolved,,Email,Active,86.23407773159126,1.1
HVAC-2025-00766,Alexander Scott,2025-08-15 07:22:00,VRF System,VRF-10000S,Post-installation inspection revealed that the VRF System VRF-10000S was installed without proper drainage. Basement flooding has occurred.,Minneapolis,Minnesota,Commercial,Resolved,Performed diagnostics on VRF-10000S. loose electrical connections detected. Recommended refrigerant recharge. Customer approved repair.,Chat,Expired,125.22071433449956,3.5
HVAC-2025-00767,Christopher Robinson,2025-05-27 08:47:00,Packaged HVAC Unit,PKG-9000Ultra,The heat pump PKG-9000Ultra is not providing adequate heating. House is at 44°F despite thermostat set to 72°F. Very concerned about pipes freezing.,Miami,Florida,Commercial,Resolved,Inspected unit on-site. Found loose electrical connections. Replaced heat exchanger. System operational now.,CRM,Expired,65.45176738728242,3.2
HVAC-2025-00768,Alexander Jackson,2025-08-07 21:32:00,Packaged HVAC Unit,PKG-9000Ultra,We've been waiting 17 days for a maintenance appointment for our Packaged HVAC Unit PKG-9000Ultra. No callbacks despite multiple requests.,San Francisco,California,Industrial,Resolved,Routine inspection revealed compressor failure. Cleaned coils and replaced filters. System performance improved but fan motor showing wear.,Service Portal,Active,239.70526025276519,2.5
HVAC-2024-00769,Ashley Parker,2024-02-08 11:19:00,Ductless Mini-Split,DMS-1200Q,We chose the Ductless Mini-Split DMS-1200Q specifically for its energy star rating but our bills have skyrocketed by 32% this quarter.,Atlanta,Georgia,Residential,Closed,,Email,Expired,213.599847274632,2.8
HVAC-2024-00770,Angela Gonzalez,2024-05-21 21:17:00,Central Air Conditioner,CAC-4000S,Our CAC-4000S thermostat app shows 'Device Offline' constantly. Have reset the router and thermostat multiple times.,Cleveland,Ohio,Residential,Open,,Phone,Active,,2.5
HVAC-2024-00771,Jason Hall,2024-05-19 10:34:00,Rooftop Unit,RTU-12000X,Our RTU-12000X compressor makes a terrible clicking and vibrating noise. It gets worse at night. Multiple complaints from family.,Milwaukee,Wisconsin,Residential,Resolved,Routine inspection revealed electrical short in wiring harness. Cleaned coils and replaced filters. System performance improved but condenser coil showing wear.,Phone,Active,314.42999620291846,4.4
HVAC-2025-00772,John Moore,2025-09-14 19:04:00,Central Air Conditioner,CAC-6000Ultra,"Total system failure on our CAC-6000Ultra. Fan motor, compressor, and control board all failed simultaneously. Suspecting electrical issue.",Phoenix,Arizona,Residential,In Progress,,Email,Active,22.51973748009138,2.9
HVAC-2025-00773,Ryan Hill,2025-08-05 15:17:00,Furnace,FRN-7500Pro,The Furnace FRN-7500Pro thermostat's geofencing feature stopped working. AC runs all day even when nobody is home. Wasting energy.,Milwaukee,Wisconsin,Residential,In Progress,Warranty repair completed. low refrigerant charge was covered. Replaced compressor. System tested and operational.,Chat,Active,262.8114135379922,3.1
HVAC-2025-00774,Kimberly Lopez,2025-09-24 18:57:00,Smart Thermostat,ST-200Eco,The Smart Thermostat ST-200Eco parts warranty should cover this repair but the dealer says it's a labor issue. Total runaround for 1 weeks.,Cleveland,Ohio,Commercial,Resolved,,Survey,Expired,167.39737409935432,1.7
HVAC-2024-00775,Rachel Hernandez,2024-02-19 06:19:00,Central Air Conditioner,CAC-3000X,The heat pump CAC-3000X is not providing adequate heating. House is at 92°F despite thermostat set to 72°F. Very concerned about pipes freezing.,Jacksonville,Florida,Commercial,Closed,Routine inspection revealed frozen evaporator coil. Cleaned coils and replaced filters. System performance improved but reversing valve showing wear.,Phone,Void,34.56721266061457,3.0
HVAC-2025-00776,Michael Davis,2025-01-10 13:28:00,Boiler,BLR-5000S,Banging noises from the ductwork connected to BLR-5000S every time the system starts. Sounds like something is loose inside.,Albuquerque,New Mexico,Commercial,Resolved,Multiple issues found: loose electrical connections. Complete overhaul recommended. Estimate provided to customer. Awaiting approval.,Chat,Active,181.2943674910091,3.1
HVAC-2024-00777,Michael Evans,2024-09-18 20:06:00,Rooftop Unit,RTU-6000S,We purchased the Rooftop Unit RTU-6000S 14 months ago and it's already failing to cool. Temperature stuck at 43°F. Unacceptable quality.,Miami,Florida,Commercial,Resolved,Unit is beyond repair. corroded heat exchanger too severe. Recommended full system replacement with latest VRF-25000Ultra system.,Chat,Expired,25.135322378796566,3.0
HVAC-2025-00778,Richard Nguyen,2025-03-28 16:41:00,Central Air Conditioner,CAC-5000Pro,Preventive maintenance on our Central Air Conditioner CAC-5000Pro was done poorly. Now the system is short-cycling every 3 minutes.,Sacramento,California,Industrial,Open,Unit is beyond repair. refrigerant leak in evaporator coil too severe. Recommended full system replacement with newer CAC-6000Ultra model.,Email,Extended,,4.2
HVAC-2024-00779,Katherine Brown,2024-02-09 07:02:00,Central Air Conditioner,CAC-4000S,WiFi connectivity issues with Central Air Conditioner CAC-4000S for the past 6 weeks. The scheduling feature doesn't work without connectivity.,Orlando,Florida,Residential,Closed,Unit is beyond repair. failed control board too severe. Recommended full system replacement with upgraded HP-4200Max system.,Phone,Expired,23.478825346825584,3.1
HVAC-2025-00780,Jeffrey Diaz,2025-02-11 19:43:00,VRF System,VRF-20000X,The VRF System (VRF-20000X) stopped providing cold air yesterday. It's blowing warm air instead. Our office is unbearable at 45°F.,Tampa,Florida,Residential,In Progress,Multiple issues found: corroded heat exchanger. Complete overhaul recommended. Estimate provided to customer. Awaiting approval.,Phone,Active,130.69247302324914,2.1
HVAC-2024-00781,Deborah Phillips,2024-08-09 17:11:00,Furnace,FRN-6000S,Our FRN-6000S smart thermostat firmware update bricked the device. Screen is blank and we can't control our HVAC system at all.,Cleveland,Ohio,Residential,In Progress,,Email,Extended,117.75153679982854,2.5
HVAC-2025-00782,Amanda Clark,2025-04-06 15:56:00,Smart Thermostat,ST-400Plus,The indoor unit of our Smart Thermostat ST-400Plus produces a constant whistling noise. Very annoying and disruptive.,Tucson,Arizona,Commercial,Closed,Routine inspection revealed faulty capacitor. Cleaned coils and replaced filters. System performance improved but reversing valve showing wear.,Service Portal,Active,244.05477076941787,4.0
HVAC-2025-00783,Pamela Brown,2025-11-07 13:20:00,Air Handler,AH-4500Pro,Preventive maintenance on our Air Handler AH-4500Pro was done poorly. Now the system is short-cycling every 5 minutes.,Charlotte,North Carolina,Residential,Resolved,Customer complaint verified. thermostat malfunction confirmed. Ordered replacement drain pan. Follow-up scheduled in 3 days.,Email,Active,253.69919244025957,2.7
HVAC-2024-00784,James Gonzalez,2024-11-23 20:05:00,Heat Pump,HP-4200Max,Our HP-4200Max compressor makes a terrible clicking and vibrating noise. It gets worse at night. Multiple complaints from family.,Houston,Texas,Residential,Resolved,Multiple issues found: failed control board. Complete overhaul recommended. Estimate provided to customer. Awaiting approval.,Phone,Active,27.32927890615131,4.1
HVAC-2025-00785,Stephanie Clark,2025-06-21 14:53:00,VRF System,VRF-10000S,Heating failure on our commercial VRF-10000S. Building occupants complaining about 73°F temperatures. Multiple offices affected.,Detroit,Michigan,Commercial,Closed,Routine inspection revealed dirty air filter causing restricted airflow. Cleaned coils and replaced filters. System performance improved but condenser coil showing wear.,Chat,Active,84.89869020127843,2.2
HVAC-2025-00786,Brian Brown,2025-07-15 06:26:00,Ductless Mini-Split,DMS-1500S,The Ductless Mini-Split DMS-1500S has a refrigerant leak. We can smell chemicals and the cooling has stopped. This could be a health hazard.,Buffalo,New York,Residential,In Progress,Performed diagnostics on DMS-1500S. cracked heat exchanger detected. Recommended duct sealing and insulation. Customer approved repair.,Chat,Active,114.80004213732683,1.2
HVAC-2025-00787,Mary Torres,2025-01-03 07:04:00,Ductless Mini-Split,DMS-1500S,The cooling capacity of our DMS-1500S has dropped significantly. Rooms are at 84°F despite running 24/7. Need immediate service.,Salt Lake City,Utah,Residential,In Progress,Warranty repair completed. loose electrical connections was covered. Replaced reversing valve. System tested and operational.,Phone,Active,93.28223656823566,1.7
HVAC-2024-00788,Joshua King,2024-12-20 07:15:00,VRF System,VRF-20000X,Preventive maintenance on our VRF System VRF-20000X was done poorly. Now the system is short-cycling every 4 minutes.,Tampa,Florida,Residential,Closed,,Survey,Active,301.66453358241546,4.8
HVAC-2024-00789,Charles Lopez,2024-02-26 09:37:00,Central Air Conditioner,CAC-5000Pro,The Central Air Conditioner CAC-5000Pro parts warranty should cover this repair but the dealer says it's a labor issue. Total runaround for 1 weeks.,San Antonio,Texas,Industrial,Escalated,Customer complaint verified. thermostat malfunction confirmed. Ordered replacement drain pan. Follow-up scheduled in 3 days.,Service Portal,Active,,2.3
HVAC-2024-00790,Lisa Young,2024-08-18 08:02:00,Heat Pump,HP-3500Elite,Heating failure on our commercial HP-3500Elite. Building occupants complaining about 92°F temperatures. Multiple offices affected.,Albuquerque,New Mexico,Residential,Closed,Multiple issues found: defective expansion valve. Complete overhaul recommended. Estimate provided to customer. Awaiting approval.,Social Media,Active,94.329973281594,3.5
HVAC-2024-00791,Michelle Martinez,2024-06-13 08:26:00,Heat Pump,HP-1800Eco,We've been waiting 2 days for a maintenance appointment for our Heat Pump HP-1800Eco. No callbacks despite multiple requests.,Buffalo,New York,Residential,In Progress,,Phone,Active,256.51245521876274,3.5
HVAC-2024-00792,Stephanie Clark,2024-07-02 06:23:00,Smart Thermostat,ST-700Ultra,Brand new Smart Thermostat ST-700Ultra installed 12 weeks ago cannot maintain temperature below 84°F. Extremely disappointed.,Chicago,Illinois,Commercial,Resolved,,Social Media,Expired,61.05036829418789,2.8
HVAC-2024-00793,Nancy King,2024-07-03 15:54:00,Rooftop Unit,RTU-15000Ultra,Our RTU-15000Ultra has developed a loud rattling sound when it cycles on. The noise level is unbearable and affects our daily life.,Charlotte,North Carolina,Residential,In Progress,Unit is beyond repair. low refrigerant charge too severe. Recommended full system replacement with newer CAC-6000Ultra model.,Service Portal,Active,220.63649065402475,4.9
HVAC-2024-00794,Emily Stewart,2024-02-04 17:55:00,Rooftop Unit,RTU-6000S,The Rooftop Unit (RTU-6000S) stopped providing cold air yesterday. It's blowing warm air instead. Our office is unbearable at 94°F.,Boston,Massachusetts,Residential,Open,Performed diagnostics on RTU-6000S. electrical short in wiring harness detected. Recommended system recalibration. Customer approved repair.,Phone,Active,,1.5
HVAC-2024-00795,James Parker,2024-06-27 16:12:00,Furnace,FRN-5500E,The heat pump FRN-5500E is not providing adequate heating. House is at 60°F despite thermostat set to 72°F. Very concerned about pipes freezing.,Orlando,Florida,Industrial,Closed,Emergency service call. Found low refrigerant charge. Temporary fix applied. Permanent repair requires control board — on backorder.,Service Portal,Active,77.88916339436388,2.7
HVAC-2025-00796,Kimberly Torres,2025-05-08 15:04:00,Smart Thermostat,ST-200Eco,Our Smart Thermostat ST-200Eco stopped heating entirely during the coldest week of winter. Indoor temp dropped to 76°F. This is a safety concern.,Cleveland,Ohio,Residential,Escalated,,Survey,Expired,,3.4
HVAC-2024-00797,Carolyn Cruz,2024-12-22 13:29:00,Air Handler,AH-5000Elite,Our new Air Handler AH-5000Elite installation is terrible. The condensate drain was connected wrong and water is leaking into the ceiling.,Buffalo,New York,Commercial,Open,Inspected unit on-site. Found dirty air filter causing restricted airflow. Replaced expansion valve. System operational now.,Phone,Active,,4.2
HVAC-2024-00798,Nicole Diaz,2024-09-19 06:53:00,Ductless Mini-Split,DMS-2400Max,Our Ductless Mini-Split DMS-2400Max stopped heating entirely during the coldest week of winter. Indoor temp dropped to 58°F. This is a safety concern.,Raleigh,North Carolina,Commercial,Resolved,,Chat,Expired,44.39576054718977,1.8
HVAC-2024-00799,Samantha Gomez,2024-06-10 07:08:00,Heat Pump,HP-2200DX,"After the technician visited last week, the HP-2200DX still isn't cooling properly. This is our 3rd service call for the same issue.",Indianapolis,Indiana,Residential,Open,Multiple issues found: burned-out fan motor. Complete overhaul recommended. Estimate provided to customer. Awaiting approval.,Phone,Expired,,2.7
HVAC-2024-00800,Andrew Brown,2024-01-10 09:46:00,Packaged HVAC Unit,PKG-4000S,Heating failure on our commercial PKG-4000S. Building occupants complaining about 93°F temperatures. Multiple offices affected.,Sacramento,California,Residential,Closed,Emergency service call. Found frozen evaporator coil. Temporary fix applied. Permanent repair requires filter drier — on backorder.,Email,Active,65.08010794139143,2.1
HVAC-2025-00801,Emily Williams,2025-09-12 11:59:00,Boiler,BLR-7000E,The indoor unit of our Boiler BLR-7000E produces a constant whistling noise. Very annoying and disruptive.,Seattle,Washington,Commercial,In Progress,,Chat,Extended,180.31832145821272,2.7
HVAC-2025-00802,Thomas Rivera,2025-11-22 13:37:00,Furnace,FRN-5500E,R-410A refrigerant leak detected in FRN-5500E. Cooling performance has degraded and we're worried about environmental impact.,New York,New York,Industrial,Resolved,Routine inspection revealed clogged condensate drain. Cleaned coils and replaced filters. System performance improved but contactor showing wear.,Phone,Extended,100.43711244005412,1.8
HVAC-2024-00803,Timothy Jackson,2024-03-16 21:05:00,Ductless Mini-Split,DMS-1200Q,Integration between DMS-1200Q and our home automation system broke after the last update. None of the smart features work now.,St. Louis,Missouri,Residential,Open,Customer complaint verified. failed ignition system confirmed. Ordered replacement capacitor. Follow-up scheduled in 3 days.,Phone,Expired,,3.3
HVAC-2024-00804,Andrew Young,2024-02-03 18:41:00,Smart Thermostat,ST-200Eco,Our Smart Thermostat ST-200Eco heating stopped working mid-winter. We have a newborn baby and the temp is 82°F inside. URGENT help needed!,Memphis,Tennessee,Residential,Escalated,Performed diagnostics on ST-200Eco. failed control board detected. Recommended refrigerant recharge. Customer approved repair.,Survey,Active,,2.4
HVAC-2024-00805,Helen Davis,2024-01-26 11:35:00,Heat Pump,HP-2800Plus,Our new Heat Pump HP-2800Plus installation is terrible. The condensate drain was connected wrong and water is leaking into the ceiling.,Atlanta,Georgia,Commercial,Resolved,Multiple issues found: refrigerant leak in evaporator coil. Complete overhaul recommended. Estimate provided to customer. Awaiting approval.,Email,Active,112.5976616752548,4.4
HVAC-2024-00806,Karen Flores,2024-07-03 10:24:00,Ductless Mini-Split,DMS-1200Q,The Ductless Mini-Split (DMS-1200Q) stopped providing cold air yesterday. It's blowing warm air instead. Our office is unbearable at 63°F.,Louisville,Kentucky,Commercial,Resolved,Emergency service call. Found burned-out fan motor. Temporary fix applied. Permanent repair requires thermostat — on backorder.,Email,Active,85.66875041828482,1.7
HVAC-2025-00807,Amanda Clark,2025-03-25 14:06:00,Central Air Conditioner,CAC-3000X,The heat pump CAC-3000X is not providing adequate heating. House is at 67°F despite thermostat set to 72°F. Very concerned about pipes freezing.,Albuquerque,New Mexico,Commercial,In Progress,Multiple issues found: blocked condenser coil. Complete overhaul recommended. Estimate provided to customer. Awaiting approval.,Social Media,Expired,69.2747129831183,3.3
HVAC-2024-00808,Ronald Green,2024-01-16 11:17:00,Furnace,FRN-9800HE,The Furnace FRN-9800HE has a refrigerant leak. We can smell chemicals and the cooling has stopped. This could be a health hazard.,Orlando,Florida,Industrial,In Progress,Performed diagnostics on FRN-9800HE. cracked heat exchanger detected. Recommended electrical rewiring. Customer approved repair.,CRM,Active,114.1215064261994,1.7
HVAC-2025-00809,Rebecca Taylor,2025-05-19 10:36:00,Air Handler,AH-3500E,R-410A refrigerant leak detected in AH-3500E. Cooling performance has degraded and we're worried about environmental impact.,Raleigh,North Carolina,Residential,Resolved,Multiple issues found: faulty capacitor. Complete overhaul recommended. Estimate provided to customer. Awaiting approval.,Email,Active,98.57396505263301,1.1
HVAC-2024-00810,Andrew Hall,2024-11-05 12:18:00,Air Handler,AH-5000Elite,Our AH-5000Elite thermostat app shows 'Device Offline' constantly. Have reset the router and thermostat multiple times.,Albuquerque,New Mexico,Residential,Closed,Performed diagnostics on AH-5000Elite. failed ignition system detected. Recommended control board replacement. Customer approved repair.,Social Media,Extended,227.14669405977767,4.1
HVAC-2024-00811,Jeffrey Johnson,2024-03-23 07:59:00,VRF System,VRF-10000S,The VRF-10000S control board has failed. The entire system is non-functional. We have a commercial building full of employees with no AC.,Pittsburgh,Pennsylvania,Commercial,In Progress,Customer complaint verified. frozen evaporator coil confirmed. Ordered replacement refrigerant line set. Follow-up scheduled in 10 days.,Phone,Void,59.61204383688958,2.5
HVAC-2024-00812,Nicole Phillips,2024-09-07 12:27:00,Air Handler,AH-4500Pro,Our AH-4500Pro compressor makes a terrible clicking and vibrating noise. It gets worse at night. Multiple complaints from family.,Tucson,Arizona,Commercial,Resolved,Routine inspection revealed worn compressor bearings. Cleaned coils and replaced filters. System performance improved but reversing valve showing wear.,Service Portal,Expired,315.82956952272923,4.1
HVAC-2025-00813,Kevin Nguyen,2025-04-25 08:58:00,Heat Pump,HP-3500Elite,The HP-3500Elite was installed 11 weeks ago but the installer used the wrong size ducts. System is extremely inefficient now.,Pittsburgh,Pennsylvania,Industrial,Resolved,Unit is beyond repair. damaged ductwork too severe. Recommended full system replacement with upgraded HP-4200Max system.,CRM,Void,147.43763080351027,2.2
HVAC-2024-00814,Angela Ramirez,2024-04-12 18:24:00,Boiler,BLR-5000S,The indoor unit of our Boiler BLR-5000S produces a constant whistling noise. Very annoying and disruptive.,Oklahoma City,Oklahoma,Residential,Resolved,Routine inspection revealed damaged ductwork. Cleaned coils and replaced filters. System performance improved but fan motor showing wear.,CRM,Active,216.05217366431572,2.3
HVAC-2024-00815,Sharon Lopez,2024-02-05 20:50:00,Boiler,BLR-5000S,Our new Boiler BLR-5000S installation is terrible. The condensate drain was connected wrong and water is leaking into the ceiling.,Chicago,Illinois,Residential,Resolved,Customer complaint verified. defective expansion valve confirmed. Ordered replacement refrigerant line set. Follow-up scheduled in 10 days.,Social Media,Expired,37.48977314928312,4.1
HVAC-2025-00816,Jeffrey Martin,2025-11-28 06:21:00,Rooftop Unit,RTU-6000S,"After the technician visited last week, the RTU-6000S still isn't cooling properly. This is our 5th service call for the same issue.",Richmond,Virginia,Residential,In Progress,Emergency service call. Found loose electrical connections. Temporary fix applied. Permanent repair requires evaporator coil — on backorder.,Email,Expired,100.44224227246278,2.3
HVAC-2025-00817,Cynthia Thompson,2025-10-14 21:38:00,Ductless Mini-Split,DMS-900Eco,Installation team left a mess and didn't complete the DMS-900Eco installation properly. Wires are exposed and the unit vibrates excessively.,San Francisco,California,Residential,Closed,Multiple issues found: electrical short in wiring harness. Complete overhaul recommended. Estimate provided to customer. Awaiting approval.,Phone,Active,88.53190416037641,2.6
HVAC-2025-00818,Mark Perez,2025-10-27 12:58:00,Air Handler,AH-5000Elite,"Installer damaged our wall and ceiling during Air Handler AH-5000Elite installation. Also, the system is not balanced — one room is freezing while another is hot.",Phoenix,Arizona,Residential,Resolved,Multiple issues found: frozen evaporator coil. Complete overhaul recommended. Estimate provided to customer. Awaiting approval.,Email,Extended,142.1486976840163,3.9
HVAC-2024-00819,Michael Hall,2024-06-05 08:03:00,Boiler,BLR-9500Ultra,Electrical failure in BLR-9500Ultra. Circuit breaker keeps tripping. Possible fire hazard. Need emergency service immediately.,Detroit,Michigan,Commercial,In Progress,Unit is beyond repair. loose electrical connections too severe. Recommended full system replacement with newer CAC-6000Ultra model.,Phone,Expired,59.68545864194293,2.8
HVAC-2024-00820,Gregory Carter,2024-11-10 14:01:00,Boiler,BLR-9500Ultra,WiFi connectivity issues with Boiler BLR-9500Ultra for the past 2 weeks. The scheduling feature doesn't work without connectivity.,Houston,Texas,Commercial,Resolved,Warranty repair completed. cracked heat exchanger was covered. Replaced blower motor. System tested and operational.,Phone,Extended,100.3480496253987,2.4
HVAC-2024-00821,Alexander Martin,2024-01-11 21:50:00,Smart Thermostat,ST-300Pro,"The ST-300Pro runs continuously without cycling off, leading to massive energy bills. Something is wrong with the efficiency.",Cincinnati,Ohio,Residential,Closed,Inspected unit on-site. Found low refrigerant charge. Replaced blower motor. System operational now.,Email,Expired,39.54793434131771,2.2
HVAC-2024-00822,Nicholas Evans,2024-06-20 11:06:00,Central Air Conditioner,CAC-6000Ultra,The Central Air Conditioner CAC-6000Ultra is making an extremely loud grinding noise that wakes us up at night. It's been going on for 13 days.,Tampa,Florida,Commercial,Resolved,Emergency service call. Found thermostat malfunction. Temporary fix applied. Permanent repair requires blower motor — on backorder.,Phone,Active,87.528841482536,4.7
HVAC-2024-00823,Anna Gomez,2024-05-24 21:42:00,Air Handler,AH-2000S,"Total system failure on our AH-2000S. Fan motor, compressor, and control board all failed simultaneously. Suspecting electrical issue.",Minneapolis,Minnesota,Residential,Open,Performed diagnostics on AH-2000S. worn compressor bearings detected. Recommended control board replacement. Customer approved repair.,Phone,Extended,,1.3
HVAC-2025-00824,John Miller,2025-05-28 12:24:00,Heat Pump,HP-1800Eco,Our HP-1800Eco is supposed to be a high-efficiency unit but we're paying more than with our old system. Very misleading marketing.,St. Louis,Missouri,Commercial,Escalated,Unit is beyond repair. loose electrical connections too severe. Recommended full system replacement with upgraded HP-4200Max system.,Phone,Active,,2.2
HVAC-2024-00825,Jonathan Brown,2024-09-20 13:03:00,VRF System,VRF-18000E,Installation team left a mess and didn't complete the VRF-18000E installation properly. Wires are exposed and the unit vibrates excessively.,Nashville,Tennessee,Commercial,Resolved,Multiple issues found: damaged ductwork. Complete overhaul recommended. Estimate provided to customer. Awaiting approval.,Email,Active,130.3315662478462,3.2
HVAC-2024-00826,Brenda Thomas,2024-12-22 13:00:00,Heat Pump,HP-3500Elite,Installation team left a mess and didn't complete the HP-3500Elite installation properly. Wires are exposed and the unit vibrates excessively.,Cleveland,Ohio,Residential,Closed,Inspected unit on-site. Found low refrigerant charge. Replaced expansion valve. System operational now.,Chat,Expired,51.59541035079989,2.4
HVAC-2025-00827,Christine Rivera,2025-07-28 10:42:00,Furnace,FRN-8500Elite,Our FRN-8500Elite smart thermostat firmware update bricked the device. Screen is blank and we can't control our HVAC system at all.,Louisville,Kentucky,Residential,Closed,,Email,Active,186.67699852970532,4.7
HVAC-2024-00828,Cynthia Martin,2024-02-15 15:37:00,Air Handler,AH-4500Pro,Brand new Air Handler AH-4500Pro installed 3 weeks ago cannot maintain temperature below 63°F. Extremely disappointed.,Cincinnati,Ohio,Residential,In Progress,Emergency service call. Found faulty reversing valve. Temporary fix applied. Permanent repair requires heat exchanger — on backorder.,Chat,Active,59.98933763867503,2.5
HVAC-2024-00829,Jeffrey Hernandez,2024-07-19 08:52:00,VRF System,VRF-10000S,The VRF-10000S was installed 4 weeks ago but the installer used the wrong size ducts. System is extremely inefficient now.,Minneapolis,Minnesota,Commercial,Closed,Customer complaint verified. faulty reversing valve confirmed. Ordered replacement control board. Follow-up scheduled in 14 days.,Email,Active,135.43491142407998,3.6
HVAC-2024-00830,Ronald Jones,2024-08-25 10:37:00,Packaged HVAC Unit,PKG-6500E,The maintenance technician for our PKG-6500E didn't bring the right parts and left the job incomplete. Still waiting for resolution.,Los Angeles,California,Residential,Open,Warranty repair completed. electrical short in wiring harness was covered. Replaced drain pan. System tested and operational.,CRM,Active,,3.9
HVAC-2024-00831,Donald Stewart,2024-08-05 14:50:00,Furnace,FRN-5500E,Post-installation inspection revealed that the Furnace FRN-5500E was installed without proper drainage. Basement flooding has occurred.,New York,New York,Industrial,Resolved,Inspected unit on-site. Found dirty air filter causing restricted airflow. Replaced evaporator coil. System operational now.,Email,Active,136.0085514945664,3.4
HVAC-2025-00832,Rebecca Rivera,2025-06-09 17:14:00,Packaged HVAC Unit,PKG-7000X,Our Packaged HVAC Unit PKG-7000X lost all refrigerant. The system is 32 months old. Suspected manufacturing defect in the line set.,Nashville,Tennessee,Residential,Open,Routine inspection revealed refrigerant leak in evaporator coil. Cleaned coils and replaced filters. System performance improved but heat exchanger showing wear.,Email,Expired,,2.1
HVAC-2024-00833,Katherine Evans,2024-07-05 06:55:00,Rooftop Unit,RTU-8000Pro,Our Rooftop Unit RTU-8000Pro lost all refrigerant. The system is 18 months old. Suspected manufacturing defect in the line set.,Memphis,Tennessee,Residential,Resolved,Unit is beyond repair. defective expansion valve too severe. Recommended full system replacement with high-efficiency FRN-9800HE.,Phone,Expired,73.85584137071571,1.5
HVAC-2025-00834,Jennifer Reyes,2025-03-13 20:10:00,VRF System,VRF-18000E,Our VRF-18000E thermostat app shows 'Device Offline' constantly. Have reset the router and thermostat multiple times.,Phoenix,Arizona,Residential,In Progress,Multiple issues found: refrigerant leak in evaporator coil. Complete overhaul recommended. Estimate provided to customer. Awaiting approval.,Phone,Void,205.950761264442,2.6
HVAC-2024-00835,Richard Flores,2024-12-12 07:43:00,Boiler,BLR-6500Pro,Post-installation inspection revealed that the Boiler BLR-6500Pro was installed without proper drainage. Basement flooding has occurred.,Minneapolis,Minnesota,Commercial,Resolved,,Phone,Active,111.9011143322184,4.9
HVAC-2024-00836,Brian Anderson,2024-01-13 17:11:00,Ductless Mini-Split,DMS-1200Q,Heating system DMS-1200Q fails to ignite. We've tried resetting multiple times. Temperature is dangerously low at 67°F.,Memphis,Tennessee,Commercial,Open,Customer complaint verified. burned-out fan motor confirmed. Ordered replacement expansion valve. Follow-up scheduled in 12 days.,Email,Expired,,3.1
HVAC-2024-00837,Mark Collins,2024-10-19 13:20:00,Rooftop Unit,RTU-15000Ultra,"The RTU-15000Ultra runs continuously without cycling off, leading to massive energy bills. Something is wrong with the efficiency.",Chicago,Illinois,Residential,Resolved,,Service Portal,Active,125.25315629358552,4.3
HVAC-2025-00838,Jessica Cruz,2025-05-12 19:46:00,Air Handler,AH-4500Pro,"The AH-4500Pro runs continuously without cycling off, leading to massive energy bills. Something is wrong with the efficiency.",Boston,Massachusetts,Commercial,In Progress,,Phone,Extended,17.42913204798186,2.8
HVAC-2024-00839,Sandra Jones,2024-08-27 10:58:00,Central Air Conditioner,CAC-6000Ultra,Banging noises from the ductwork connected to CAC-6000Ultra every time the system starts. Sounds like something is loose inside.,Raleigh,North Carolina,Residential,Resolved,Warranty repair completed. refrigerant leak in evaporator coil was covered. Replaced blower motor. System tested and operational.,Phone,Active,257.47320102619136,2.8
HVAC-2025-00840,Kimberly Harris,2025-07-15 18:29:00,Smart Thermostat,ST-500AI,Our Smart Thermostat ST-500AI heating stopped working mid-winter. We have a newborn baby and the temp is 79°F inside. URGENT help needed!,New York,New York,Commercial,Open,Performed diagnostics on ST-500AI. failed control board detected. Recommended duct sealing and insulation. Customer approved repair.,Social Media,Active,,2.1
HVAC-2024-00841,Charles Anderson,2024-01-22 09:43:00,Rooftop Unit,RTU-8000Pro,Our Rooftop Unit RTU-8000Pro lost all refrigerant. The system is 28 months old. Suspected manufacturing defect in the line set.,Memphis,Tennessee,Commercial,Resolved,Warranty repair completed. defective expansion valve was covered. Replaced control board. System tested and operational.,Survey,Active,9.579289669877522,1.9
HVAC-2024-00842,Jack Hernandez,2024-09-25 06:22:00,Furnace,FRN-5500E,My Furnace FRN-5500E compressor failed after 33 months. Company refusing to honor the 15-year warranty claim.,Minneapolis,Minnesota,Commercial,Resolved,Customer complaint verified. thermostat malfunction confirmed. Ordered replacement refrigerant line set. Follow-up scheduled in 5 days.,Email,Expired,103.78174478987103,2.3
HVAC-2024-00843,Katherine Miller,2024-07-07 15:40:00,Ductless Mini-Split,DMS-1200Q,Loud buzzing/humming noise coming from the outdoor unit DMS-1200Q. Neighbors have complained about the noise level.,Indianapolis,Indiana,Industrial,In Progress,,Email,Active,257.68424232367477,2.1
HVAC-2024-00844,Charles Martin,2024-11-15 11:04:00,VRF System,VRF-15000Pro,Our VRF System VRF-15000Pro heating stopped working mid-winter. We have a newborn baby and the temp is 64°F inside. URGENT help needed!,Las Vegas,Nevada,Industrial,In Progress,Unit is beyond repair. electrical short in wiring harness too severe. Recommended full system replacement with newer CAC-6000Ultra model.,Phone,Active,9.092559291905946,2.6
HVAC-2024-00845,Nancy Garcia,2024-08-21 21:15:00,Ductless Mini-Split,DMS-1500S,AC unit DMS-1500S has completely stopped cooling. Thermostat shows 61°F but the system is running constantly. Very frustrated.,Kansas City,Missouri,Commercial,Resolved,Emergency service call. Found cracked heat exchanger. Temporary fix applied. Permanent repair requires compressor — on backorder.,Chat,Expired,110.27463164716272,2.4
HVAC-2025-00846,Nicole Stewart,2025-06-03 09:56:00,Smart Thermostat,ST-300Pro,The Smart Thermostat (ST-300Pro) stopped providing cold air yesterday. It's blowing warm air instead. Our office is unbearable at 54°F.,Cincinnati,Ohio,Commercial,Resolved,Inspected unit on-site. Found electrical short in wiring harness. Replaced igniter. System operational now.,Survey,Active,46.56484080327586,2.2
HVAC-2025-00847,Jeffrey Lewis,2025-07-25 10:54:00,Air Handler,AH-2000S,Our Air Handler AH-2000S makes a clicking sound and then stops cooling. House temp is at 62°F. Children are uncomfortable.,Salt Lake City,Utah,Residential,Resolved,,Phone,Expired,129.44563406695207,2.3
HVAC-2025-00848,Donna Anderson,2025-08-22 18:04:00,Smart Thermostat,ST-700Ultra,R-410A refrigerant leak detected in ST-700Ultra. Cooling performance has degraded and we're worried about environmental impact.,San Antonio,Texas,Residential,Resolved,,Email,Expired,26.16563603168357,1.4
HVAC-2024-00849,Kathleen Williams,2024-09-14 14:30:00,Boiler,BLR-9500Ultra,The Boiler (BLR-9500Ultra) stopped providing cold air yesterday. It's blowing warm air instead. Our office is unbearable at 81°F.,Houston,Texas,Commercial,Resolved,,Email,Void,67.54986558316244,2.5
HVAC-2024-00850,Christopher Gonzalez,2024-02-16 07:24:00,Rooftop Unit,RTU-10000E,The heat pump RTU-10000E is not providing adequate heating. House is at 38°F despite thermostat set to 72°F. Very concerned about pipes freezing.,Sacramento,California,Commercial,In Progress,Multiple issues found: failed ignition system. Complete overhaul recommended. Estimate provided to customer. Awaiting approval.,Phone,Active,46.500204098623705,3.4
HVAC-2025-00851,Gary Thomas,2025-08-27 21:57:00,Boiler,BLR-6500Pro,AC unit BLR-6500Pro has completely stopped cooling. Thermostat shows 70°F but the system is running constantly. Very frustrated.,Tampa,Florida,Commercial,Resolved,Unit is beyond repair. refrigerant leak in evaporator coil too severe. Recommended full system replacement with commercial-grade RTU-15000Ultra.,Chat,Active,156.49679111236932,1.8
HVAC-2025-00852,Brenda Martinez,2025-02-12 17:28:00,Rooftop Unit,RTU-6000S,Our Rooftop Unit RTU-6000S makes a clicking sound and then stops cooling. House temp is at 64°F. Children are uncomfortable.,New York,New York,Commercial,Escalated,Unit is beyond repair. failed control board too severe. Recommended full system replacement with newer CAC-6000Ultra model.,Phone,Expired,,1.9
HVAC-2024-00853,Michelle Davis,2024-10-14 09:51:00,Ductless Mini-Split,DMS-1500S,My Ductless Mini-Split model DMS-1500S is not cooling at all. The house temperature is 63°F and it won't go below that. We've been suffering in this heat for 17 days now.,Portland,Oregon,Residential,Resolved,Multiple issues found: loose electrical connections. Complete overhaul recommended. Estimate provided to customer. Awaiting approval.,Chat,Active,10.007478085959896,3.2
HVAC-2024-00854,Amanda Wilson,2024-09-05 21:54:00,Furnace,FRN-5500E,The pilot light on our FRN-5500E keeps going out. Furnace won't stay on. House temperature dropping to 85°F overnight.,Charlotte,North Carolina,Industrial,In Progress,,Chat,Active,40.01448395631532,3.4
HVAC-2025-00855,Nicole Young,2025-04-12 14:06:00,Packaged HVAC Unit,PKG-7000X,Post-installation inspection revealed that the Packaged HVAC Unit PKG-7000X was installed without proper drainage. Basement flooding has occurred.,San Francisco,California,Commercial,Resolved,Emergency service call. Found dirty air filter causing restricted airflow. Temporary fix applied. Permanent repair requires capacitor — on backorder.,Email,Active,67.89633473523706,4.3
HVAC-2024-00856,Angela Rodriguez,2024-12-23 09:29:00,Boiler,BLR-7000E,"After the technician visited last week, the BLR-7000E still isn't cooling properly. This is our 5th service call for the same issue.",Jacksonville,Florida,Commercial,Closed,Warranty repair completed. burned-out fan motor was covered. Replaced reversing valve. System tested and operational.,Email,Void,155.81960239442748,2.3
HVAC-2025-00857,Michelle Johnson,2025-09-04 22:56:00,Ductless Mini-Split,DMS-1800Pro,Brand new Ductless Mini-Split DMS-1800Pro installed 8 weeks ago cannot maintain temperature below 50°F. Extremely disappointed.,Seattle,Washington,Commercial,Open,Inspected unit on-site. Found corroded heat exchanger. Replaced blower motor. System operational now.,Social Media,Active,,2.4
HVAC-2024-00858,Amy Hall,2024-08-04 22:27:00,Rooftop Unit,RTU-12000X,The cooling capacity of our RTU-12000X has dropped significantly. Rooms are at 56°F despite running 24/7. Need immediate service.,Dallas,Texas,Industrial,Resolved,Multiple issues found: compressor failure. Complete overhaul recommended. Estimate provided to customer. Awaiting approval.,Phone,Expired,98.45713411823789,1.7
HVAC-2024-00859,Kathleen Carter,2024-01-11 18:20:00,Rooftop Unit,RTU-10000E,The RTU-10000E furnace is blowing cold air instead of warm. It's 95°F inside and we have elderly family members at home.,Cleveland,Ohio,Residential,Resolved,Inspected unit on-site. Found worn compressor bearings. Replaced evaporator coil. System operational now.,Chat,Active,76.83245157378619,1.8
HVAC-2025-00860,Betty Hill,2025-09-05 14:41:00,Air Handler,AH-3500E,Our AH-3500E is supposed to be a high-efficiency unit but we're paying more than with our old system. Very misleading marketing.,Detroit,Michigan,Residential,Resolved,Customer complaint verified. electrical short in wiring harness confirmed. Ordered replacement condenser coil. Follow-up scheduled in 11 days.,Social Media,Expired,69.60517895677775,3.2
HVAC-2025-00861,Robert Edwards,2025-06-26 15:11:00,Rooftop Unit,RTU-10000E,The RTU-10000E is consuming way too much energy. Our utility bill went from $200 to $519 per month since installation.,Tampa,Florida,Residential,Resolved,,Email,Expired,51.80465654932784,3.0
HVAC-2024-00862,Emma Baker,2024-05-27 21:25:00,Smart Thermostat,ST-500AI,The pilot light on our ST-500AI keeps going out. Furnace won't stay on. House temperature dropping to 48°F overnight.,Sacramento,California,Residential,Resolved,Unit is beyond repair. blocked condenser coil too severe. Recommended full system replacement with upgraded HP-4200Max system.,CRM,Expired,2.5345661375000956,3.0
HVAC-2024-00863,William Hernandez,2024-04-14 09:29:00,Rooftop Unit,RTU-10000E,Heating failure on our commercial RTU-10000E. Building occupants complaining about 51°F temperatures. Multiple offices affected.,Houston,Texas,Industrial,Closed,,Email,Active,101.86096123443355,2.7
HVAC-2025-00864,Melissa Parker,2025-05-01 09:24:00,Ductless Mini-Split,DMS-1500S,The cooling capacity of our DMS-1500S has dropped significantly. Rooms are at 88°F despite running 24/7. Need immediate service.,Albuquerque,New Mexico,Commercial,In Progress,,CRM,Expired,37.52327116273493,2.9
HVAC-2024-00865,Carol Morales,2024-01-11 20:07:00,Smart Thermostat,ST-500AI,We've been waiting 25 days for a maintenance appointment for our Smart Thermostat ST-500AI. No callbacks despite multiple requests.,San Antonio,Texas,Industrial,Escalated,Performed diagnostics on ST-500AI. damaged ductwork detected. Recommended warranty claim processing. Customer approved repair.,Email,Void,,2.7
HVAC-2025-00866,Stephen Carter,2025-11-07 16:32:00,Furnace,FRN-8500Elite,The indoor unit of our Furnace FRN-8500Elite produces a constant whistling noise. Very annoying and disruptive.,Indianapolis,Indiana,Residential,Resolved,,Phone,Extended,286.8504739599952,2.4
HVAC-2024-00867,Catherine Young,2024-01-24 19:13:00,Heat Pump,HP-2800Plus,Maintenance was performed on HP-2800Plus but the filter was not replaced and the coils were not cleaned. Paid full price for incomplete work.,Nashville,Tennessee,Residential,In Progress,Inspected unit on-site. Found loose electrical connections. Replaced heat exchanger. System operational now.,Chat,Active,174.84377241231223,3.8
HVAC-2024-00868,Gary Murphy,2024-08-13 13:25:00,Rooftop Unit,RTU-12000X,Heating system RTU-12000X fails to ignite. We've tried resetting multiple times. Temperature is dangerously low at 50°F.,Tucson,Arizona,Residential,Resolved,Routine inspection revealed low refrigerant charge. Cleaned coils and replaced filters. System performance improved but refrigerant line set showing wear.,Chat,Void,67.40362334214116,3.3
HVAC-2025-00869,Betty Hill,2025-06-10 06:16:00,Boiler,BLR-5000S,Our Boiler BLR-5000S heating stopped working mid-winter. We have a newborn baby and the temp is 81°F inside. URGENT help needed!,Detroit,Michigan,Residential,Closed,Routine inspection revealed compressor failure. Cleaned coils and replaced filters. System performance improved but expansion valve showing wear.,Email,Active,38.35879497542375,2.4
HVAC-2025-00870,Nancy Sanchez,2025-04-24 14:21:00,Smart Thermostat,ST-200Eco,We purchased the Smart Thermostat ST-200Eco 14 months ago and it's already failing to cool. Temperature stuck at 79°F. Unacceptable quality.,Portland,Oregon,Residential,Closed,Multiple issues found: dirty air filter causing restricted airflow. Complete overhaul recommended. Estimate provided to customer. Awaiting approval.,Email,Expired,63.93494680780392,2.2
HVAC-2025-00871,Emily Phillips,2025-08-27 16:05:00,Furnace,FRN-8500Elite,Filed a warranty claim for our FRN-8500Elite 1 months ago. No response from the warranty department despite 3 follow-up calls.,Atlanta,Georgia,Residential,Resolved,Routine inspection revealed failed ignition system. Cleaned coils and replaced filters. System performance improved but flame sensor showing wear.,Email,Active,323.4250081992568,2.2
HVAC-2025-00872,Lisa Robinson,2025-01-23 10:23:00,Packaged HVAC Unit,PKG-9000Ultra,The Packaged HVAC Unit PKG-9000Ultra makes a high-pitched squealing noise during operation. We cannot sleep or work from home because of it.,Milwaukee,Wisconsin,Residential,Resolved,Unit is beyond repair. dirty air filter causing restricted airflow too severe. Recommended full system replacement with commercial-grade RTU-15000Ultra.,Email,Expired,210.97432761071775,2.8
HVAC-2024-00873,Ryan Baker,2024-06-03 18:24:00,Central Air Conditioner,CAC-5000Pro,We chose the Central Air Conditioner CAC-5000Pro specifically for its energy star rating but our bills have skyrocketed by 17% this quarter.,Miami,Florida,Residential,In Progress,Unit is beyond repair. corroded heat exchanger too severe. Recommended full system replacement with newer CAC-6000Ultra model.,CRM,Active,201.7760953520744,2.3
HVAC-2024-00874,Amy Morris,2024-07-27 17:05:00,Boiler,BLR-5000S,The cooling capacity of our BLR-5000S has dropped significantly. Rooms are at 90°F despite running 24/7. Need immediate service.,Richmond,Virginia,Industrial,Resolved,,Survey,Expired,54.8553827390825,3.2
HVAC-2025-00875,Eric Hill,2025-12-21 11:44:00,Ductless Mini-Split,DMS-1200Q,The heat pump DMS-1200Q is not providing adequate heating. House is at 61°F despite thermostat set to 72°F. Very concerned about pipes freezing.,Denver,Colorado,Residential,Resolved,Multiple issues found: electrical short in wiring harness. Complete overhaul recommended. Estimate provided to customer. Awaiting approval.,Email,Expired,75.14545301221705,3.1
HVAC-2024-00876,Daniel Flores,2024-02-24 07:12:00,Heat Pump,HP-3500Elite,We chose the Heat Pump HP-3500Elite specifically for its energy star rating but our bills have skyrocketed by 63% this quarter.,Richmond,Virginia,Residential,In Progress,Customer complaint verified. failed ignition system confirmed. Ordered replacement expansion valve. Follow-up scheduled in 6 days.,Email,Active,238.77339576928088,4.9
HVAC-2024-00877,Mary Edwards,2024-03-11 17:23:00,Heat Pump,HP-2800Plus,Our Heat Pump HP-2800Plus is leaking refrigerant. Green residue visible on the outdoor unit. Children play near it — very concerned about safety.,Los Angeles,California,Commercial,Closed,Customer complaint verified. clogged condensate drain confirmed. Ordered replacement blower motor. Follow-up scheduled in 13 days.,Email,Active,8.948554749780495,1.6
HVAC-2024-00878,William Wilson,2024-09-20 09:09:00,Heat Pump,HP-2200DX,"The Heat Pump HP-2200DX was installed incorrectly. Ductwork is leaking air, and the unit was placed in the wrong location.",Raleigh,North Carolina,Industrial,Closed,Emergency service call. Found frozen evaporator coil. Temporary fix applied. Permanent repair requires igniter — on backorder.,Chat,Active,13.032528552294297,2.9
HVAC-2024-00879,Shirley Harris,2024-02-21 21:22:00,Heat Pump,HP-4200Max,"After the technician visited last week, the HP-4200Max still isn't cooling properly. This is our 5th service call for the same issue.",Milwaukee,Wisconsin,Residential,Escalated,Unit is beyond repair. electrical short in wiring harness too severe. Recommended full system replacement with upgraded HP-4200Max system.,CRM,Expired,,1.8
HVAC-2024-00880,Thomas Allen,2024-06-06 10:01:00,Boiler,BLR-7000E,Preventive maintenance on our Boiler BLR-7000E was done poorly. Now the system is short-cycling every 7 minutes.,Miami,Florida,Industrial,Resolved,,Service Portal,Active,119.38890309590506,3.5
HVAC-2024-00881,Frank Baker,2024-05-06 11:16:00,Rooftop Unit,RTU-6000S,The Rooftop Unit RTU-6000S smart thermostat keeps disconnecting from WiFi. Cannot control temperature remotely anymore.,Phoenix,Arizona,Residential,Resolved,Performed diagnostics on RTU-6000S. worn compressor bearings detected. Recommended control board replacement. Customer approved repair.,Email,Expired,155.978900798523,4.4
HVAC-2025-00882,Donald Martinez,2025-07-17 22:59:00,VRF System,VRF-20000X,The cooling capacity of our VRF-20000X has dropped significantly. Rooms are at 93°F despite running 24/7. Need immediate service.,Oklahoma City,Oklahoma,Residential,Closed,Multiple issues found: low refrigerant charge. Complete overhaul recommended. Estimate provided to customer. Awaiting approval.,Email,Expired,153.45690655834935,2.7
HVAC-2025-00883,Carol Young,2025-04-03 06:13:00,Central Air Conditioner,CAC-4000S,Heating system CAC-4000S fails to ignite. We've tried resetting multiple times. Temperature is dangerously low at 94°F.,Oklahoma City,Oklahoma,Residential,In Progress,,Survey,Expired,103.10687113839245,2.5
HVAC-2024-00884,Mary Allen,2024-06-24 19:30:00,VRF System,VRF-25000Ultra,We've been waiting 19 days for a maintenance appointment for our VRF System VRF-25000Ultra. No callbacks despite multiple requests.,San Francisco,California,Commercial,Escalated,,Email,Active,,3.2
HVAC-2024-00885,Debra Diaz,2024-09-17 12:09:00,Rooftop Unit,RTU-6000S,Warranty repair on Rooftop Unit RTU-6000S has been pending for 6 weeks. We're without heating/cooling and no loaner was provided.,Portland,Oregon,Residential,Open,Performed diagnostics on RTU-6000S. worn compressor bearings detected. Recommended warranty claim processing. Customer approved repair.,CRM,Expired,,2.1
HVAC-2025-00886,Emily Lopez,2025-01-11 17:43:00,Air Handler,AH-5000Elite,"Installer damaged our wall and ceiling during Air Handler AH-5000Elite installation. Also, the system is not balanced — one room is freezing while another is hot.",Sacramento,California,Commercial,In Progress,Multiple issues found: burned-out fan motor. Complete overhaul recommended. Estimate provided to customer. Awaiting approval.,Chat,Expired,49.02422946797044,4.1
HVAC-2024-00887,Mary Miller,2024-09-25 17:49:00,Heat Pump,HP-1800Eco,The Heat Pump HP-1800Eco main board is fried after a power surge. System completely down for our 10-floor office building.,Salt Lake City,Utah,Residential,Open,Routine inspection revealed thermostat malfunction. Cleaned coils and replaced filters. System performance improved but expansion valve showing wear.,Email,Expired,,2.9
HVAC-2024-00888,Kathleen Carter,2024-07-06 14:09:00,Ductless Mini-Split,DMS-900Eco,Maintenance was performed on DMS-900Eco but the filter was not replaced and the coils were not cleaned. Paid full price for incomplete work.,Minneapolis,Minnesota,Residential,Escalated,,Survey,Active,,3.8
HVAC-2025-00889,Robert Hall,2025-11-24 13:23:00,Central Air Conditioner,CAC-6000Ultra,Our CAC-6000Ultra compressor makes a terrible clicking and vibrating noise. It gets worse at night. Multiple complaints from family.,Louisville,Kentucky,Residential,Closed,Emergency service call. Found frozen evaporator coil. Temporary fix applied. Permanent repair requires relay switch — on backorder.,Email,Void,115.02508918701423,2.8
HVAC-2024-00890,Lisa Hernandez,2024-07-23 22:52:00,Furnace,FRN-8500Elite,Our Furnace FRN-8500Elite stopped heating entirely during the coldest week of winter. Indoor temp dropped to 77°F. This is a safety concern.,Indianapolis,Indiana,Residential,Resolved,Emergency service call. Found dirty air filter causing restricted airflow. Temporary fix applied. Permanent repair requires blower motor — on backorder.,Service Portal,Active,61.154760353288275,3.0
HVAC-2025-00891,Kathleen Baker,2025-03-13 21:41:00,Smart Thermostat,ST-700Ultra,Our ST-700Ultra failed within the first year and the company is blaming us for the failure. This is clearly a manufacturing defect.,Oklahoma City,Oklahoma,Residential,Resolved,Customer complaint verified. corroded heat exchanger confirmed. Ordered replacement heat exchanger. Follow-up scheduled in 4 days.,Phone,Expired,262.77778203010655,1.0
HVAC-2024-00892,Jacob Wright,2024-03-14 14:39:00,VRF System,VRF-18000E,The VRF System (VRF-18000E) stopped providing cold air yesterday. It's blowing warm air instead. Our office is unbearable at 76°F.,Richmond,Virginia,Residential,Escalated,Routine inspection revealed faulty capacitor. Cleaned coils and replaced filters. System performance improved but blower motor showing wear.,Survey,Expired,,2.8
HVAC-2024-00893,James Wright,2024-10-25 19:34:00,Air Handler,AH-2000S,The AH-2000S was installed 8 weeks ago but the installer used the wrong size ducts. System is extremely inefficient now.,Jacksonville,Florida,Commercial,Open,,CRM,Extended,,2.4
HVAC-2024-00894,Dorothy Campbell,2024-06-25 15:39:00,Central Air Conditioner,CAC-4000S,WiFi connectivity issues with Central Air Conditioner CAC-4000S for the past 2 weeks. The scheduling feature doesn't work without connectivity.,Nashville,Tennessee,Residential,Open,Customer complaint verified. faulty capacitor confirmed. Ordered replacement igniter. Follow-up scheduled in 12 days.,CRM,Active,,2.4
HVAC-2025-00895,Nicholas Gonzalez,2025-07-12 06:53:00,Rooftop Unit,RTU-15000Ultra,The RTU-15000Ultra was installed 6 weeks ago but the installer used the wrong size ducts. System is extremely inefficient now.,Cincinnati,Ohio,Commercial,Escalated,Warranty repair completed. loose electrical connections was covered. Replaced igniter. System tested and operational.,Email,Expired,,3.1
HVAC-2025-00896,Brenda Hall,2025-04-21 09:16:00,Air Handler,AH-3000X,The AH-3000X is consuming way too much energy. Our utility bill went from $132 to $335 per month since installation.,Albuquerque,New Mexico,Commercial,Resolved,Warranty repair completed. compressor failure was covered. Replaced blower motor. System tested and operational.,CRM,Extended,88.54266261708321,2.9
HVAC-2024-00897,Deborah Collins,2024-10-01 08:29:00,VRF System,VRF-25000Ultra,Our electricity bill has increased by 62% since installing the VRF System VRF-25000Ultra. This unit was supposed to be energy efficient.,Indianapolis,Indiana,Commercial,Open,,CRM,Extended,,2.1
HVAC-2025-00898,Scott Evans,2025-06-22 13:22:00,Packaged HVAC Unit,PKG-6500E,Scheduled maintenance for Packaged HVAC Unit PKG-6500E was missed twice. No one contacted us to reschedule. Very poor service.,Los Angeles,California,Commercial,Resolved,Multiple issues found: failed ignition system. Complete overhaul recommended. Estimate provided to customer. Awaiting approval.,Phone,Extended,268.9514308928179,4.1
HVAC-2025-00899,Janet Evans,2025-07-06 21:40:00,Central Air Conditioner,CAC-4000S,AC unit CAC-4000S has completely stopped cooling. Thermostat shows 46°F but the system is running constantly. Very frustrated.,San Antonio,Texas,Industrial,In Progress,Inspected unit on-site. Found clogged condensate drain. Replaced reversing valve. System operational now.,Email,Expired,40.902615483390605,2.5
HVAC-2025-00900,Deborah Diaz,2025-03-08 21:51:00,Heat Pump,HP-1800Eco,"Installer damaged our wall and ceiling during Heat Pump HP-1800Eco installation. Also, the system is not balanced — one room is freezing while another is hot.",Cincinnati,Ohio,Industrial,Resolved,Performed diagnostics on HP-1800Eco. dirty air filter causing restricted airflow detected. Recommended coil replacement. Customer approved repair.,Survey,Active,87.07910193274368,4.3
HVAC-2024-00901,Paul Carter,2024-10-27 16:51:00,Heat Pump,HP-2200DX,Technician found a refrigerant leak in our HP-2200DX for the third time this year. Clearly a manufacturing defect in the coils.,Cleveland,Ohio,Industrial,Resolved,Customer complaint verified. failed ignition system confirmed. Ordered replacement drain pan. Follow-up scheduled in 14 days.,Survey,Active,115.7238010850884,2.3
HVAC-2025-00902,Jason Hill,2025-12-05 07:13:00,Ductless Mini-Split,DMS-1800Pro,Our Ductless Mini-Split DMS-1800Pro is leaking refrigerant. Green residue visible on the outdoor unit. Children play near it — very concerned about safety.,Buffalo,New York,Commercial,Resolved,Customer complaint verified. loose electrical connections confirmed. Ordered replacement heat exchanger. Follow-up scheduled in 9 days.,Phone,Expired,54.45798124987749,2.9
HVAC-2024-00903,Kathleen Garcia,2024-03-18 12:58:00,Rooftop Unit,RTU-15000Ultra,Integration between RTU-15000Ultra and our home automation system broke after the last update. None of the smart features work now.,Kansas City,Missouri,Residential,Open,Emergency service call. Found thermostat malfunction. Temporary fix applied. Permanent repair requires reversing valve — on backorder.,Email,Extended,,3.4
HVAC-2024-00904,Deborah Lewis,2024-08-04 21:09:00,Central Air Conditioner,CAC-4000S,The Central Air Conditioner CAC-4000S thermostat's geofencing feature stopped working. AC runs all day even when nobody is home. Wasting energy.,Miami,Florida,Residential,Resolved,Inspected unit on-site. Found defective expansion valve. Replaced contactor. System operational now.,Chat,Expired,223.4207850272643,2.3
HVAC-2025-00905,Jessica Rodriguez,2025-01-21 06:14:00,Furnace,FRN-8500Elite,The cooling capacity of our FRN-8500Elite has dropped significantly. Rooms are at 79°F despite running 24/7. Need immediate service.,San Antonio,Texas,Residential,Escalated,Multiple issues found: failed control board. Complete overhaul recommended. Estimate provided to customer. Awaiting approval.,Service Portal,Expired,,2.9
HVAC-2025-00906,Ryan Campbell,2025-09-06 18:50:00,Smart Thermostat,ST-400Plus,Our ST-400Plus smart thermostat firmware update bricked the device. Screen is blank and we can't control our HVAC system at all.,Phoenix,Arizona,Residential,Open,Emergency service call. Found clogged condensate drain. Temporary fix applied. Permanent repair requires expansion valve — on backorder.,Chat,Void,,4.1
HVAC-2025-00907,William Hill,2025-11-10 16:58:00,Rooftop Unit,RTU-12000X,Our RTU-12000X thermostat app shows 'Device Offline' constantly. Have reset the router and thermostat multiple times.,Nashville,Tennessee,Residential,In Progress,Inspected unit on-site. Found cracked heat exchanger. Replaced flame sensor. System operational now.,Social Media,Active,16.527442688903463,2.5
HVAC-2025-00908,Barbara Gomez,2025-03-14 22:28:00,Heat Pump,HP-3500Elite,We purchased the Heat Pump HP-3500Elite 22 months ago and it's already failing to cool. Temperature stuck at 50°F. Unacceptable quality.,Las Vegas,Nevada,Industrial,In Progress,Customer complaint verified. defective expansion valve confirmed. Ordered replacement drain pan. Follow-up scheduled in 3 days.,Phone,Void,118.57811578099312,1.5
HVAC-2025-00909,Rebecca Edwards,2025-05-22 13:53:00,Ductless Mini-Split,DMS-1500S,The pilot light on our DMS-1500S keeps going out. Furnace won't stay on. House temperature dropping to 51°F overnight.,Atlanta,Georgia,Commercial,Resolved,Inspected unit on-site. Found compressor failure. Replaced heat exchanger. System operational now.,Phone,Active,22.891554945522582,2.7
HVAC-2025-00910,Joshua Morris,2025-01-28 15:10:00,Boiler,BLR-5000S,The indoor unit of our Boiler BLR-5000S produces a constant whistling noise. Very annoying and disruptive.,Jacksonville,Florida,Residential,Resolved,Emergency service call. Found faulty capacitor. Temporary fix applied. Permanent repair requires relay switch — on backorder.,CRM,Extended,126.0401924564103,3.7
HVAC-2025-00911,Mary King,2025-07-05 11:24:00,Heat Pump,HP-2200DX,The Heat Pump HP-2200DX is making an extremely loud grinding noise that wakes us up at night. It's been going on for 16 days.,Pittsburgh,Pennsylvania,Residential,Resolved,,Phone,Void,16.111150031488073,2.6
HVAC-2025-00912,Cynthia White,2025-11-20 17:29:00,Air Handler,AH-3500E,Our Air Handler AH-3500E had a catastrophic compressor failure. Loud bang followed by complete shutdown. Potential safety hazard.,Miami,Florida,Commercial,In Progress,Unit is beyond repair. electrical short in wiring harness too severe. Recommended full system replacement with latest VRF-25000Ultra system.,Chat,Extended,19.029180514792532,1.4
HVAC-2025-00913,Emma Robinson,2025-09-18 11:18:00,Boiler,BLR-8000HE,Our BLR-8000HE failed within the first year and the company is blaming us for the failure. This is clearly a manufacturing defect.,Los Angeles,California,Residential,In Progress,,Service Portal,Active,266.3962764064669,1.3
HVAC-2025-00914,Shirley Baker,2025-09-03 10:32:00,Air Handler,AH-3000X,"After annual maintenance, our Air Handler AH-3000X stopped heating. Now at 90°F. This was working fine before the tech came.",Sacramento,California,Residential,Resolved,Emergency service call. Found thermostat malfunction. Temporary fix applied. Permanent repair requires refrigerant line set — on backorder.,Phone,Extended,103.6553342114708,2.0
HVAC-2024-00915,Thomas Perez,2024-06-16 19:35:00,Boiler,BLR-5000S,The heat pump BLR-5000S is not providing adequate heating. House is at 44°F despite thermostat set to 72°F. Very concerned about pipes freezing.,Louisville,Kentucky,Commercial,Resolved,Emergency service call. Found faulty reversing valve. Temporary fix applied. Permanent repair requires contactor — on backorder.,Email,Expired,6.961101509517542,2.9
HVAC-2025-00916,Christine Gomez,2025-12-07 08:16:00,Heat Pump,HP-4200Max,My Heat Pump model HP-4200Max is not cooling at all. The house temperature is 95°F and it won't go below that. We've been suffering in this heat for 29 days now.,Boston,Massachusetts,Commercial,Resolved,Warranty repair completed. failed ignition system was covered. Replaced filter drier. System tested and operational.,Survey,Active,138.059200246248,2.4
HVAC-2024-00917,Shirley Murphy,2024-02-05 11:46:00,Heat Pump,HP-4200Max,Our Heat Pump HP-4200Max stopped heating entirely during the coldest week of winter. Indoor temp dropped to 53°F. This is a safety concern.,Phoenix,Arizona,Residential,Closed,Performed diagnostics on HP-4200Max. worn compressor bearings detected. Recommended refrigerant recharge. Customer approved repair.,Email,Active,34.047737210133235,2.3
HVAC-2025-00918,Anna Harris,2025-08-09 14:10:00,Heat Pump,HP-2200DX,Preventive maintenance on our Heat Pump HP-2200DX was done poorly. Now the system is short-cycling every 4 minutes.,Las Vegas,Nevada,Residential,Resolved,,Phone,Expired,259.57670372771196,2.9
HVAC-2025-00919,Nicole Morris,2025-07-24 16:32:00,VRF System,VRF-25000Ultra,Heating failure on our commercial VRF-25000Ultra. Building occupants complaining about 47°F temperatures. Multiple offices affected.,Chicago,Illinois,Commercial,Resolved,Multiple issues found: faulty reversing valve. Complete overhaul recommended. Estimate provided to customer. Awaiting approval.,Phone,Active,14.609178578321334,2.4
HVAC-2024-00920,Benjamin Mitchell,2024-06-27 14:36:00,Central Air Conditioner,CAC-6000Ultra,The CAC-6000Ultra is consuming way too much energy. Our utility bill went from $150 to $430 per month since installation.,Los Angeles,California,Commercial,Resolved,,Chat,Expired,41.83012497964565,3.6
HVAC-2024-00921,Jacob Edwards,2024-07-13 10:22:00,Heat Pump,HP-2200DX,R-410A refrigerant leak detected in HP-2200DX. Cooling performance has degraded and we're worried about environmental impact.,St. Louis,Missouri,Residential,Closed,Routine inspection revealed corroded heat exchanger. Cleaned coils and replaced filters. System performance improved but blower motor showing wear.,Phone,Active,37.44474110804471,2.2
HVAC-2025-00922,Mark Wright,2025-05-25 15:14:00,Air Handler,AH-5000Elite,Heating failure on our commercial AH-5000Elite. Building occupants complaining about 48°F temperatures. Multiple offices affected.,Louisville,Kentucky,Industrial,Resolved,Warranty repair completed. corroded heat exchanger was covered. Replaced heat exchanger. System tested and operational.,CRM,Expired,69.4198144490367,3.0
HVAC-2025-00923,William Wright,2025-11-13 10:08:00,Central Air Conditioner,CAC-2500E,Technician found a refrigerant leak in our CAC-2500E for the third time this year. Clearly a manufacturing defect in the coils.,Columbus,Ohio,Residential,In Progress,Warranty repair completed. failed control board was covered. Replaced drain pan. System tested and operational.,Phone,Expired,72.75225185788877,1.1
HVAC-2025-00924,Samantha Young,2025-08-05 13:13:00,Central Air Conditioner,CAC-3000X,Our Central Air Conditioner CAC-3000X lost all refrigerant. The system is 30 months old. Suspected manufacturing defect in the line set.,Sacramento,California,Commercial,Closed,Routine inspection revealed defective expansion valve. Cleaned coils and replaced filters. System performance improved but igniter showing wear.,Phone,Extended,21.30290087039713,2.2
HVAC-2024-00925,Samuel Flores,2024-01-05 06:36:00,Smart Thermostat,ST-400Plus,Filed a warranty claim for our ST-400Plus 31 months ago. No response from the warranty department despite 5 follow-up calls.,Miami,Florida,Commercial,Resolved,Routine inspection revealed faulty reversing valve. Cleaned coils and replaced filters. System performance improved but expansion valve showing wear.,Email,Extended,141.35798882065419,2.3
HVAC-2024-00926,Sandra Phillips,2024-07-24 07:47:00,Boiler,BLR-7000E,Heating failure on our commercial BLR-7000E. Building occupants complaining about 53°F temperatures. Multiple offices affected.,Salt Lake City,Utah,Residential,Resolved,,CRM,Void,28.506793986207175,1.9
HVAC-2025-00927,Daniel Martin,2025-01-08 14:21:00,Packaged HVAC Unit,PKG-9000Ultra,Preventive maintenance on our Packaged HVAC Unit PKG-9000Ultra was done poorly. Now the system is short-cycling every 7 minutes.,Portland,Oregon,Commercial,Escalated,Emergency service call. Found failed control board. Temporary fix applied. Permanent repair requires filter drier — on backorder.,Phone,Active,,2.9
HVAC-2024-00928,Rachel Miller,2024-05-16 08:23:00,Boiler,BLR-5000S,Our Boiler BLR-5000S stopped heating entirely during the coldest week of winter. Indoor temp dropped to 78°F. This is a safety concern.,Indianapolis,Indiana,Residential,Closed,Customer complaint verified. dirty air filter causing restricted airflow confirmed. Ordered replacement capacitor. Follow-up scheduled in 4 days.,Phone,Expired,116.03028450518272,2.8
HVAC-2025-00929,Jacob Anderson,2025-10-01 17:45:00,Furnace,FRN-6000S,The pilot light on our FRN-6000S keeps going out. Furnace won't stay on. House temperature dropping to 63°F overnight.,Seattle,Washington,Commercial,In Progress,Inspected unit on-site. Found defective expansion valve. Replaced filter drier. System operational now.,Service Portal,Void,116.94456683150703,2.7
HVAC-2025-00930,Kenneth Roberts,2025-08-08 16:08:00,Boiler,BLR-5000S,Loud buzzing/humming noise coming from the outdoor unit BLR-5000S. Neighbors have complained about the noise level.,Phoenix,Arizona,Industrial,Open,Unit is beyond repair. faulty capacitor too severe. Recommended full system replacement with commercial-grade RTU-15000Ultra.,Email,Active,,2.5
HVAC-2024-00931,Ronald Anderson,2024-09-24 12:38:00,Smart Thermostat,ST-200Eco,"Installer damaged our wall and ceiling during Smart Thermostat ST-200Eco installation. Also, the system is not balanced — one room is freezing while another is hot.",Detroit,Michigan,Residential,Resolved,Inspected unit on-site. Found faulty capacitor. Replaced capacitor. System operational now.,Chat,Active,101.39907647645728,2.1
HVAC-2025-00932,Carolyn Morales,2025-01-11 18:48:00,Ductless Mini-Split,DMS-1500S,Banging noises from the ductwork connected to DMS-1500S every time the system starts. Sounds like something is loose inside.,Buffalo,New York,Residential,In Progress,,Email,Expired,11.946339049688785,4.8
HVAC-2024-00933,Susan Allen,2024-03-18 13:03:00,Central Air Conditioner,CAC-6000Ultra,The Central Air Conditioner (CAC-6000Ultra) stopped providing cold air yesterday. It's blowing warm air instead. Our office is unbearable at 81°F.,Milwaukee,Wisconsin,Commercial,Closed,,Chat,Expired,107.12498350544186,2.6
HVAC-2025-00934,Christine Campbell,2025-08-12 08:55:00,Packaged HVAC Unit,PKG-6500E,Banging noises from the ductwork connected to PKG-6500E every time the system starts. Sounds like something is loose inside.,Buffalo,New York,Residential,Resolved,,Phone,Expired,124.21808181258439,2.1
HVAC-2025-00935,Timothy Murphy,2025-10-14 16:48:00,Ductless Mini-Split,DMS-900Eco,Warranty claim for DMS-900Eco was denied citing 'improper installation' even though their own certified technician installed it.,San Francisco,California,Residential,Resolved,,Email,Extended,14.04455600722323,1.3
HVAC-2025-00936,Patrick Jones,2025-01-27 15:21:00,Boiler,BLR-8000HE,We chose the Boiler BLR-8000HE specifically for its energy star rating but our bills have skyrocketed by 51% this quarter.,Orlando,Florida,Residential,Open,,Email,Expired,,5.0
HVAC-2024-00937,Frank Scott,2024-07-01 06:37:00,VRF System,VRF-18000E,The VRF-18000E is consuming way too much energy. Our utility bill went from $146 to $511 per month since installation.,Atlanta,Georgia,Residential,In Progress,Unit is beyond repair. loose electrical connections too severe. Recommended full system replacement with upgraded HP-4200Max system.,Chat,Expired,82.13633444443633,2.1
HVAC-2025-00938,Laura Wilson,2025-09-02 06:10:00,VRF System,VRF-18000E,"After the technician visited last week, the VRF-18000E still isn't cooling properly. This is our 5th service call for the same issue.",Minneapolis,Minnesota,Residential,Open,Unit is beyond repair. corroded heat exchanger too severe. Recommended full system replacement with latest VRF-25000Ultra system.,CRM,Active,,3.0
HVAC-2025-00939,Brandon Adams,2025-02-25 14:31:00,Heat Pump,HP-1800Eco,Our Heat Pump HP-1800Eco stopped heating entirely during the coldest week of winter. Indoor temp dropped to 90°F. This is a safety concern.,Cleveland,Ohio,Residential,Resolved,Inspected unit on-site. Found electrical short in wiring harness. Replaced control board. System operational now.,Survey,Expired,40.51343350546909,2.4
HVAC-2024-00940,Jessica Young,2024-06-03 09:58:00,Packaged HVAC Unit,PKG-9000Ultra,The Packaged HVAC Unit PKG-9000Ultra parts warranty should cover this repair but the dealer says it's a labor issue. Total runaround for 3 weeks.,Richmond,Virginia,Residential,In Progress,Emergency service call. Found faulty reversing valve. Temporary fix applied. Permanent repair requires expansion valve — on backorder.,Social Media,Expired,274.39284741837537,2.4
HVAC-2024-00941,Brenda Wilson,2024-07-10 08:02:00,Air Handler,AH-3000X,"The AH-3000X runs continuously without cycling off, leading to massive energy bills. Something is wrong with the efficiency.",Seattle,Washington,Residential,In Progress,Multiple issues found: dirty air filter causing restricted airflow. Complete overhaul recommended. Estimate provided to customer. Awaiting approval.,Phone,Active,41.995429727163156,4.8
HVAC-2024-00942,Dorothy Roberts,2024-09-26 18:29:00,Smart Thermostat,ST-500AI,The heat pump ST-500AI is not providing adequate heating. House is at 48°F despite thermostat set to 72°F. Very concerned about pipes freezing.,Chicago,Illinois,Residential,Escalated,,Email,Active,,1.7
HVAC-2024-00943,Joshua Martinez,2024-12-20 09:45:00,Boiler,BLR-6500Pro,Heating system BLR-6500Pro fails to ignite. We've tried resetting multiple times. Temperature is dangerously low at 67°F.,Seattle,Washington,Residential,Closed,Routine inspection revealed blocked condenser coil. Cleaned coils and replaced filters. System performance improved but filter drier showing wear.,Chat,Active,98.2668011214486,2.3
HVAC-2025-00944,Donna Phillips,2025-08-10 19:50:00,Air Handler,AH-3000X,We purchased the Air Handler AH-3000X 29 months ago and it's already failing to cool. Temperature stuck at 48°F. Unacceptable quality.,Chicago,Illinois,Residential,In Progress,Emergency service call. Found clogged condensate drain. Temporary fix applied. Permanent repair requires capacitor — on backorder.,Phone,Void,7.496203974448036,2.1
HVAC-2024-00945,John Cruz,2024-01-15 21:48:00,Packaged HVAC Unit,PKG-6500E,The PKG-6500E was installed 10 weeks ago but the installer used the wrong size ducts. System is extremely inefficient now.,Seattle,Washington,Commercial,In Progress,Unit is beyond repair. faulty capacitor too severe. Recommended full system replacement with latest VRF-25000Ultra system.,Service Portal,Expired,136.66693384294345,4.4
HVAC-2024-00946,Susan Morris,2024-04-08 22:19:00,Heat Pump,HP-2200DX,The HP-2200DX was installed 1 weeks ago but the installer used the wrong size ducts. System is extremely inefficient now.,Pittsburgh,Pennsylvania,Commercial,Closed,Customer complaint verified. low refrigerant charge confirmed. Ordered replacement igniter. Follow-up scheduled in 11 days.,Service Portal,Active,30.52840850893507,3.7
HVAC-2025-00947,Carolyn Martin,2025-07-08 09:29:00,Central Air Conditioner,CAC-5000Pro,The Central Air Conditioner CAC-5000Pro thermostat's geofencing feature stopped working. AC runs all day even when nobody is home. Wasting energy.,San Francisco,California,Industrial,Closed,Multiple issues found: loose electrical connections. Complete overhaul recommended. Estimate provided to customer. Awaiting approval.,Survey,Expired,58.764673661881545,3.5
HVAC-2025-00948,Cynthia Taylor,2025-11-20 18:28:00,Ductless Mini-Split,DMS-1500S,Our Ductless Mini-Split DMS-1500S is leaking refrigerant. Green residue visible on the outdoor unit. Children play near it — very concerned about safety.,Miami,Florida,Residential,Resolved,Routine inspection revealed clogged condensate drain. Cleaned coils and replaced filters. System performance improved but expansion valve showing wear.,Chat,Active,104.98020624385377,2.6
HVAC-2025-00949,Jacob Gonzalez,2025-07-01 09:18:00,Heat Pump,HP-4200Max,AC unit HP-4200Max has completely stopped cooling. Thermostat shows 59°F but the system is running constantly. Very frustrated.,Orlando,Florida,Residential,Open,,CRM,Expired,,2.8
HVAC-2025-00950,William Moore,2025-10-03 19:04:00,Air Handler,AH-5000Elite,Our AH-5000Elite is supposed to be a high-efficiency unit but we're paying more than with our old system. Very misleading marketing.,Cincinnati,Ohio,Residential,Resolved,Inspected unit on-site. Found clogged condensate drain. Replaced control board. System operational now.,Survey,Void,253.01110950487555,3.9
HVAC-2025-00951,Patrick Turner,2025-01-17 09:31:00,Ductless Mini-Split,DMS-1200Q,The Ductless Mini-Split DMS-1200Q has a refrigerant leak. We can smell chemicals and the cooling has stopped. This could be a health hazard.,Memphis,Tennessee,Industrial,In Progress,Unit is beyond repair. defective expansion valve too severe. Recommended full system replacement with newer CAC-6000Ultra model.,Service Portal,Extended,112.76530330486946,2.9
HVAC-2025-00952,Cynthia Parker,2025-02-09 09:44:00,Furnace,FRN-7500Pro,The Furnace (FRN-7500Pro) stopped providing cold air yesterday. It's blowing warm air instead. Our office is unbearable at 87°F.,Salt Lake City,Utah,Commercial,Resolved,Customer complaint verified. defective expansion valve confirmed. Ordered replacement heat exchanger. Follow-up scheduled in 3 days.,Phone,Void,103.95622993210708,1.6
HVAC-2025-00953,Ashley Diaz,2025-07-28 11:59:00,Ductless Mini-Split,DMS-1800Pro,The heat pump DMS-1800Pro is not providing adequate heating. House is at 88°F despite thermostat set to 72°F. Very concerned about pipes freezing.,New York,New York,Residential,Closed,Customer complaint verified. corroded heat exchanger confirmed. Ordered replacement heat exchanger. Follow-up scheduled in 11 days.,Email,Active,37.55160406744262,2.5
HVAC-2025-00954,Brandon Miller,2025-10-23 17:38:00,Rooftop Unit,RTU-6000S,Our RTU-6000S smart thermostat firmware update bricked the device. Screen is blank and we can't control our HVAC system at all.,Las Vegas,Nevada,Commercial,Closed,Inspected unit on-site. Found thermostat malfunction. Replaced relay switch. System operational now.,Social Media,Active,165.9260066006489,3.4
HVAC-2024-00955,Ryan Sanchez,2024-07-18 06:11:00,Smart Thermostat,ST-400Plus,The Smart Thermostat (ST-400Plus) stopped providing cold air yesterday. It's blowing warm air instead. Our office is unbearable at 82°F.,Cleveland,Ohio,Residential,Resolved,Unit is beyond repair. compressor failure too severe. Recommended full system replacement with high-efficiency FRN-9800HE.,Chat,Void,80.81876565671077,2.0
HVAC-2025-00956,Anthony Clark,2025-08-05 17:25:00,Smart Thermostat,ST-200Eco,Preventive maintenance on our Smart Thermostat ST-200Eco was done poorly. Now the system is short-cycling every 4 minutes.,Memphis,Tennessee,Industrial,Open,Warranty repair completed. loose electrical connections was covered. Replaced heat exchanger. System tested and operational.,Phone,Void,,4.6
HVAC-2024-00957,James Stewart,2024-11-03 11:40:00,Central Air Conditioner,CAC-6000Ultra,My Central Air Conditioner model CAC-6000Ultra is not cooling at all. The house temperature is 61°F and it won't go below that. We've been suffering in this heat for 13 days now.,Tucson,Arizona,Residential,Resolved,Warranty repair completed. failed control board was covered. Replaced evaporator coil. System tested and operational.,Email,Void,93.34204498846424,1.8
HVAC-2024-00958,Helen Hill,2024-05-20 16:22:00,Heat Pump,HP-2800Plus,Brand new Heat Pump HP-2800Plus installed 5 weeks ago cannot maintain temperature below 92°F. Extremely disappointed.,Sacramento,California,Residential,Resolved,Warranty repair completed. blocked condenser coil was covered. Replaced contactor. System tested and operational.,Phone,Active,17.245305100882177,2.5
HVAC-2024-00959,Sharon Jackson,2024-01-22 14:43:00,Packaged HVAC Unit,PKG-5500Pro,The PKG-5500Pro is consuming way too much energy. Our utility bill went from $106 to $464 per month since installation.,Detroit,Michigan,Industrial,Resolved,Multiple issues found: refrigerant leak in evaporator coil. Complete overhaul recommended. Estimate provided to customer. Awaiting approval.,Phone,Expired,272.65617527921,3.7
HVAC-2024-00960,Cynthia Smith,2024-05-07 06:16:00,Rooftop Unit,RTU-12000X,Warranty repair on Rooftop Unit RTU-12000X has been pending for 12 weeks. We're without heating/cooling and no loaner was provided.,Columbus,Ohio,Residential,In Progress,,Service Portal,Active,150.97326636490297,1.4
HVAC-2024-00961,Edward Turner,2024-12-17 06:37:00,Rooftop Unit,RTU-15000Ultra,The cooling capacity of our RTU-15000Ultra has dropped significantly. Rooms are at 88°F despite running 24/7. Need immediate service.,Minneapolis,Minnesota,Residential,Open,,Phone,Extended,,3.4
HVAC-2024-00962,Gregory Sanchez,2024-08-12 14:47:00,Ductless Mini-Split,DMS-1200Q,Our Ductless Mini-Split DMS-1200Q makes a clicking sound and then stops cooling. House temp is at 91°F. Children are uncomfortable.,Las Vegas,Nevada,Industrial,Closed,Multiple issues found: worn compressor bearings. Complete overhaul recommended. Estimate provided to customer. Awaiting approval.,Email,Void,32.59451444373132,2.2
HVAC-2025-00963,Jonathan Smith,2025-07-02 13:05:00,Central Air Conditioner,CAC-3000X,Scheduled maintenance for Central Air Conditioner CAC-3000X was missed twice. No one contacted us to reschedule. Very poor service.,Tucson,Arizona,Residential,Resolved,,Service Portal,Active,305.9801116298126,3.1
HVAC-2024-00964,Debra Harris,2024-09-02 16:47:00,VRF System,VRF-10000S,Our electricity bill has increased by 31% since installing the VRF System VRF-10000S. This unit was supposed to be energy efficient.,Indianapolis,Indiana,Commercial,Resolved,,Email,Expired,330.2778521154032,2.3
HVAC-2024-00965,Scott Carter,2024-07-26 09:56:00,VRF System,VRF-18000E,Our VRF-18000E thermostat app shows 'Device Offline' constantly. Have reset the router and thermostat multiple times.,Indianapolis,Indiana,Commercial,Closed,Customer complaint verified. dirty air filter causing restricted airflow confirmed. Ordered replacement compressor. Follow-up scheduled in 10 days.,Phone,Extended,74.06495258423939,4.1
HVAC-2025-00966,Eric Rivera,2025-02-23 18:59:00,Rooftop Unit,RTU-8000Pro,The cooling capacity of our RTU-8000Pro has dropped significantly. Rooms are at 67°F despite running 24/7. Need immediate service.,Las Vegas,Nevada,Industrial,Closed,Emergency service call. Found failed ignition system. Temporary fix applied. Permanent repair requires drain pan — on backorder.,Phone,Expired,83.66300045475063,2.6
HVAC-2024-00967,Janet Hill,2024-07-02 06:41:00,Furnace,FRN-5500E,The Furnace FRN-5500E parts warranty should cover this repair but the dealer says it's a labor issue. Total runaround for 10 weeks.,Phoenix,Arizona,Residential,Resolved,,Phone,Expired,208.64399205659518,2.2
HVAC-2025-00968,Brandon Nelson,2025-09-19 09:44:00,Smart Thermostat,ST-200Eco,The Smart Thermostat ST-200Eco thermostat's geofencing feature stopped working. AC runs all day even when nobody is home. Wasting energy.,Milwaukee,Wisconsin,Residential,Escalated,Performed diagnostics on ST-200Eco. dirty air filter causing restricted airflow detected. Recommended electrical rewiring. Customer approved repair.,Phone,Active,,3.5
HVAC-2024-00969,Linda Cruz,2024-12-13 21:33:00,VRF System,VRF-20000X,Electrical failure in VRF-20000X. Circuit breaker keeps tripping. Possible fire hazard. Need emergency service immediately.,San Antonio,Texas,Industrial,In Progress,,Email,Active,101.23897737800273,2.4
HVAC-2024-00970,Barbara Moore,2024-05-07 19:37:00,Heat Pump,HP-4200Max,"The HP-4200Max runs continuously without cycling off, leading to massive energy bills. Something is wrong with the efficiency.",Cincinnati,Ohio,Commercial,Open,Performed diagnostics on HP-4200Max. loose electrical connections detected. Recommended warranty claim processing. Customer approved repair.,Chat,Expired,,2.6
HVAC-2025-00971,Karen Jones,2025-07-14 16:56:00,Air Handler,AH-2000S,Technician found a refrigerant leak in our AH-2000S for the third time this year. Clearly a manufacturing defect in the coils.,Miami,Florida,Commercial,Resolved,Emergency service call. Found burned-out fan motor. Temporary fix applied. Permanent repair requires thermostat — on backorder.,Email,Active,55.27517994068529,3.0
HVAC-2024-00972,Karen Walker,2024-07-21 10:30:00,Heat Pump,HP-4200Max,The cooling capacity of our HP-4200Max has dropped significantly. Rooms are at 42°F despite running 24/7. Need immediate service.,Phoenix,Arizona,Commercial,In Progress,,Email,Expired,152.60478393157354,1.8
HVAC-2024-00973,Margaret Robinson,2024-05-14 12:45:00,Central Air Conditioner,CAC-2500E,"The CAC-2500E runs continuously without cycling off, leading to massive energy bills. Something is wrong with the efficiency.",Sacramento,California,Residential,Resolved,,Email,Expired,271.05930355541307,2.9
HVAC-2024-00974,Nicole Jones,2024-06-14 06:11:00,Boiler,BLR-9500Ultra,Preventive maintenance on our Boiler BLR-9500Ultra was done poorly. Now the system is short-cycling every 8 minutes.,New York,New York,Residential,Resolved,,Email,Active,15.66331967215859,2.3
HVAC-2024-00975,Charles Carter,2024-03-18 12:43:00,Boiler,BLR-8000HE,The BLR-8000HE installation crew was unprofessional and left refrigerant lines exposed. System is now leaking refrigerant.,Portland,Oregon,Commercial,Escalated,Warranty repair completed. cracked heat exchanger was covered. Replaced drain pan. System tested and operational.,Chat,Expired,,4.2
HVAC-2024-00976,Stephen Jackson,2024-09-15 07:20:00,VRF System,VRF-15000Pro,The VRF System VRF-15000Pro smart thermostat keeps disconnecting from WiFi. Cannot control temperature remotely anymore.,Tampa,Florida,Commercial,In Progress,Performed diagnostics on VRF-15000Pro. burned-out fan motor detected. Recommended system recalibration. Customer approved repair.,Social Media,Expired,153.92866530184295,2.5
HVAC-2025-00977,Karen Allen,2025-09-16 19:00:00,Ductless Mini-Split,DMS-1800Pro,AC unit DMS-1800Pro has completely stopped cooling. Thermostat shows 82°F but the system is running constantly. Very frustrated.,Pittsburgh,Pennsylvania,Residential,Resolved,Unit is beyond repair. cracked heat exchanger too severe. Recommended full system replacement with upgraded HP-4200Max system.,Phone,Expired,140.17164182612663,2.0
HVAC-2024-00978,Linda Moore,2024-07-14 08:09:00,Smart Thermostat,ST-300Pro,Our Smart Thermostat ST-300Pro is leaking refrigerant. Green residue visible on the outdoor unit. Children play near it — very concerned about safety.,Cleveland,Ohio,Residential,Resolved,Inspected unit on-site. Found blocked condenser coil. Replaced reversing valve. System operational now.,Service Portal,Active,38.14515927655591,1.8
HVAC-2024-00979,Shirley Harris,2024-07-03 18:24:00,Furnace,FRN-8500Elite,The FRN-8500Elite installation crew was unprofessional and left refrigerant lines exposed. System is now leaking refrigerant.,San Antonio,Texas,Industrial,Closed,Unit is beyond repair. refrigerant leak in evaporator coil too severe. Recommended full system replacement with commercial-grade RTU-15000Ultra.,Chat,Active,14.513058332149809,3.4
HVAC-2025-00980,Gary Wilson,2025-07-18 06:33:00,Furnace,FRN-6000S,Technician found a refrigerant leak in our FRN-6000S for the third time this year. Clearly a manufacturing defect in the coils.,Tucson,Arizona,Residential,Resolved,,Email,Expired,93.97444733548029,2.4
HVAC-2024-00981,Brenda Campbell,2024-06-11 08:05:00,Central Air Conditioner,CAC-4000S,The Central Air Conditioner CAC-4000S makes a high-pitched squealing noise during operation. We cannot sleep or work from home because of it.,Miami,Florida,Industrial,Resolved,Warranty repair completed. blocked condenser coil was covered. Replaced heat exchanger. System tested and operational.,Phone,Expired,24.726779784257623,2.3
HVAC-2025-00982,Carol Edwards,2025-11-12 21:17:00,Furnace,FRN-9800HE,Our Furnace FRN-9800HE makes a clicking sound and then stops cooling. House temp is at 41°F. Children are uncomfortable.,Memphis,Tennessee,Commercial,Resolved,Inspected unit on-site. Found clogged condensate drain. Replaced compressor. System operational now.,CRM,Active,41.73117842061521,2.7
HVAC-2024-00983,Debra Edwards,2024-11-08 20:59:00,Packaged HVAC Unit,PKG-5500Pro,The smart thermostat PKG-5500Pro is not syncing with the HVAC system. Temperature readings are inaccurate by 9°F.,Cleveland,Ohio,Commercial,Closed,Warranty repair completed. frozen evaporator coil was covered. Replaced capacitor. System tested and operational.,Survey,Extended,137.71405210518256,3.7
HVAC-2025-00984,Dorothy Cruz,2025-07-09 07:32:00,Heat Pump,HP-4200Max,The indoor unit of our Heat Pump HP-4200Max produces a constant whistling noise. Very annoying and disruptive.,Las Vegas,Nevada,Residential,Escalated,Multiple issues found: worn compressor bearings. Complete overhaul recommended. Estimate provided to customer. Awaiting approval.,Email,Expired,,2.1
HVAC-2025-00985,Michael Collins,2025-04-17 16:38:00,Smart Thermostat,ST-500AI,"After annual maintenance, our Smart Thermostat ST-500AI stopped heating. Now at 51°F. This was working fine before the tech came.",Seattle,Washington,Commercial,Open,Inspected unit on-site. Found worn compressor bearings. Replaced flame sensor. System operational now.,Email,Expired,,2.8
HVAC-2024-00986,Susan Jackson,2024-12-11 16:18:00,Ductless Mini-Split,DMS-900Eco,Our DMS-900Eco is supposed to be a high-efficiency unit but we're paying more than with our old system. Very misleading marketing.,Richmond,Virginia,Commercial,Escalated,,Chat,Extended,,4.4
HVAC-2025-00987,Jason Edwards,2025-01-03 20:11:00,Packaged HVAC Unit,PKG-4000S,"Total system failure on our PKG-4000S. Fan motor, compressor, and control board all failed simultaneously. Suspecting electrical issue.",Albuquerque,New Mexico,Residential,Open,Customer complaint verified. defective expansion valve confirmed. Ordered replacement relay switch. Follow-up scheduled in 6 days.,Phone,Extended,,2.8
HVAC-2024-00988,Rachel Clark,2024-01-24 12:26:00,Air Handler,AH-3500E,Extended warranty for Air Handler AH-3500E was supposed to cover all parts and labor. Now they're saying refrigerant isn't covered.,Phoenix,Arizona,Commercial,Closed,Routine inspection revealed faulty reversing valve. Cleaned coils and replaced filters. System performance improved but blower motor showing wear.,Email,Expired,117.18180121201387,2.5
HVAC-2024-00989,Steven Brown,2024-10-23 10:44:00,Ductless Mini-Split,DMS-1500S,Our Ductless Mini-Split DMS-1500S stopped heating entirely during the coldest week of winter. Indoor temp dropped to 45°F. This is a safety concern.,Portland,Oregon,Industrial,Open,Unit is beyond repair. faulty capacitor too severe. Recommended full system replacement with commercial-grade RTU-15000Ultra.,Service Portal,Expired,,2.2
HVAC-2025-00990,Nancy Morales,2025-05-14 12:55:00,Ductless Mini-Split,DMS-1200Q,Filed a warranty claim for our DMS-1200Q 9 months ago. No response from the warranty department despite 13 follow-up calls.,Dallas,Texas,Commercial,Open,Customer complaint verified. electrical short in wiring harness confirmed. Ordered replacement contactor. Follow-up scheduled in 12 days.,Chat,Active,,1.7
HVAC-2024-00991,Brandon Wright,2024-08-11 10:04:00,Central Air Conditioner,CAC-4000S,The CAC-4000S was installed 6 weeks ago but the installer used the wrong size ducts. System is extremely inefficient now.,Boston,Massachusetts,Industrial,Resolved,Routine inspection revealed clogged condensate drain. Cleaned coils and replaced filters. System performance improved but filter drier showing wear.,Chat,Expired,10.806594084638947,4.8
HVAC-2024-00992,Donna Taylor,2024-03-27 20:05:00,VRF System,VRF-18000E,The indoor unit of our VRF System VRF-18000E produces a constant whistling noise. Very annoying and disruptive.,Boston,Massachusetts,Residential,In Progress,,Phone,Extended,317.84363261741674,3.6
HVAC-2025-00993,Samantha Mitchell,2025-07-15 08:47:00,Boiler,BLR-7000E,WiFi connectivity issues with Boiler BLR-7000E for the past 12 weeks. The scheduling feature doesn't work without connectivity.,Phoenix,Arizona,Residential,Resolved,Emergency service call. Found burned-out fan motor. Temporary fix applied. Permanent repair requires compressor — on backorder.,Phone,Active,217.17438173086097,3.0
HVAC-2024-00994,Charles Allen,2024-07-05 20:14:00,Smart Thermostat,ST-200Eco,Installation team left a mess and didn't complete the ST-200Eco installation properly. Wires are exposed and the unit vibrates excessively.,Minneapolis,Minnesota,Residential,In Progress,,Service Portal,Expired,153.5023611166612,2.9
HVAC-2025-00995,Emily King,2025-06-13 20:14:00,Furnace,FRN-6000S,Our Furnace FRN-6000S makes a clicking sound and then stops cooling. House temp is at 59°F. Children are uncomfortable.,Louisville,Kentucky,Residential,Escalated,Warranty repair completed. electrical short in wiring harness was covered. Replaced relay switch. System tested and operational.,CRM,Active,,3.4
HVAC-2025-00996,Emily Lee,2025-07-01 06:42:00,Air Handler,AH-5000Elite,The Air Handler AH-5000Elite thermostat's geofencing feature stopped working. AC runs all day even when nobody is home. Wasting energy.,Salt Lake City,Utah,Industrial,In Progress,,Chat,Void,199.12026944473473,3.8
HVAC-2024-00997,Carol Martinez,2024-07-08 22:31:00,Central Air Conditioner,CAC-4000S,The Central Air Conditioner CAC-4000S makes a high-pitched squealing noise during operation. We cannot sleep or work from home because of it.,Atlanta,Georgia,Industrial,Resolved,,Chat,Active,147.16986373297422,3.9
HVAC-2025-00998,Larry Baker,2025-12-12 19:42:00,Central Air Conditioner,CAC-3000X,Our Central Air Conditioner CAC-3000X makes a clicking sound and then stops cooling. House temp is at 90°F. Children are uncomfortable.,Cleveland,Ohio,Residential,Resolved,Warranty repair completed. corroded heat exchanger was covered. Replaced filter drier. System tested and operational.,Chat,Extended,61.96632907954719,2.5
HVAC-2024-00999,Nicholas Lee,2024-06-23 16:08:00,Smart Thermostat,ST-700Ultra,Scheduled maintenance for Smart Thermostat ST-700Ultra was missed twice. No one contacted us to reschedule. Very poor service.,Columbus,Ohio,Residential,Closed,Multiple issues found: frozen evaporator coil. Complete overhaul recommended. Estimate provided to customer. Awaiting approval.,Service Portal,Extended,261.75396017511684,3.9
HVAC-2025-01000,Donald Thompson,2025-08-15 12:01:00,Heat Pump,HP-4200Max,The Heat Pump HP-4200Max thermostat's geofencing feature stopped working. AC runs all day even when nobody is home. Wasting energy.,Oklahoma City,Oklahoma,Commercial,Resolved,Performed diagnostics on HP-4200Max. refrigerant leak in evaporator coil detected. Recommended coil replacement. Customer approved repair.,Email,Active,277.7912498641046,3.1
HVAC-2025-01001,Steven Lopez,2025-11-23 11:22:00,Heat Pump,HP-3500Elite,Our HP-3500Elite is supposed to be a high-efficiency unit but we're paying more than with our old system. Very misleading marketing.,Jacksonville,Florida,Commercial,Resolved,Routine inspection revealed clogged condensate drain. Cleaned coils and replaced filters. System performance improved but evaporator coil showing wear.,Phone,Active,311.4239330595301,3.4
HVAC-2025-01002,Joseph Martin,2025-03-23 11:57:00,Ductless Mini-Split,DMS-1800Pro,Our Ductless Mini-Split DMS-1800Pro makes a clicking sound and then stops cooling. House temp is at 57°F. Children are uncomfortable.,Memphis,Tennessee,Residential,Resolved,Routine inspection revealed worn compressor bearings. Cleaned coils and replaced filters. System performance improved but flame sensor showing wear.,Phone,Active,138.379396684924,1.7
HVAC-2024-01003,Emma Jones,2024-07-19 18:43:00,Furnace,FRN-5500E,The Furnace (FRN-5500E) stopped providing cold air yesterday. It's blowing warm air instead. Our office is unbearable at 94°F.,Raleigh,North Carolina,Residential,Resolved,Performed diagnostics on FRN-5500E. blocked condenser coil detected. Recommended full system replacement. Customer approved repair.,Phone,Extended,21.661552897695163,2.7
HVAC-2024-01004,Donald Clark,2024-11-23 08:39:00,Heat Pump,HP-3500Elite,Installation team left a mess and didn't complete the HP-3500Elite installation properly. Wires are exposed and the unit vibrates excessively.,Denver,Colorado,Industrial,Escalated,Inspected unit on-site. Found frozen evaporator coil. Replaced fan motor. System operational now.,Email,Active,,2.1
HVAC-2025-01005,Nicholas Martinez,2025-08-05 13:04:00,Central Air Conditioner,CAC-5000Pro,The smart thermostat CAC-5000Pro is not syncing with the HVAC system. Temperature readings are inaccurate by 11°F.,Kansas City,Missouri,Commercial,In Progress,Inspected unit on-site. Found defective expansion valve. Replaced refrigerant line set. System operational now.,Email,Extended,225.18094267821238,4.9
HVAC-2025-01006,Amy Wilson,2025-08-20 18:25:00,Central Air Conditioner,CAC-2500E,Brand new Central Air Conditioner CAC-2500E installed 10 weeks ago cannot maintain temperature below 92°F. Extremely disappointed.,St. Louis,Missouri,Residential,Resolved,,Service Portal,Active,117.16357299416403,1.6
HVAC-2025-01007,Janet Smith,2025-05-10 15:56:00,Smart Thermostat,ST-400Plus,Integration between ST-400Plus and our home automation system broke after the last update. None of the smart features work now.,Richmond,Virginia,Commercial,Resolved,Performed diagnostics on ST-400Plus. loose electrical connections detected. Recommended full system replacement. Customer approved repair.,Chat,Expired,87.83711219983887,3.0
HVAC-2025-01008,Stephen Morales,2025-09-26 06:13:00,Boiler,BLR-6500Pro,Warranty claim for BLR-6500Pro was denied citing 'improper installation' even though their own certified technician installed it.,San Antonio,Texas,Residential,In Progress,,Survey,Expired,185.99280083135022,2.4
HVAC-2024-01009,John Thomas,2024-02-16 08:08:00,VRF System,VRF-15000Pro,Heating system VRF-15000Pro fails to ignite. We've tried resetting multiple times. Temperature is dangerously low at 53°F.,Miami,Florida,Residential,Open,Unit is beyond repair. damaged ductwork too severe. Recommended full system replacement with high-efficiency FRN-9800HE.,Email,Extended,,2.5
HVAC-2024-01010,Robert Nelson,2024-07-04 15:24:00,Rooftop Unit,RTU-15000Ultra,Our Rooftop Unit RTU-15000Ultra stopped heating entirely during the coldest week of winter. Indoor temp dropped to 70°F. This is a safety concern.,Houston,Texas,Industrial,Closed,Routine inspection revealed loose electrical connections. Cleaned coils and replaced filters. System performance improved but heat exchanger showing wear.,Phone,Expired,21.633538776344786,3.0
HVAC-2025-01011,Edward Moore,2025-05-28 17:43:00,Packaged HVAC Unit,PKG-4000S,Loud buzzing/humming noise coming from the outdoor unit PKG-4000S. Neighbors have complained about the noise level.,Raleigh,North Carolina,Commercial,Open,Inspected unit on-site. Found loose electrical connections. Replaced blower motor. System operational now.,Phone,Active,,3.8
HVAC-2024-01012,Edward Campbell,2024-06-19 16:53:00,Furnace,FRN-7500Pro,"After the technician visited last week, the FRN-7500Pro still isn't cooling properly. This is our 5th service call for the same issue.",Tucson,Arizona,Residential,Escalated,,Phone,Active,,2.6
HVAC-2025-01013,Pamela Nelson,2025-10-23 16:56:00,Heat Pump,HP-2200DX,We purchased the Heat Pump HP-2200DX 17 months ago and it's already failing to cool. Temperature stuck at 64°F. Unacceptable quality.,Denver,Colorado,Residential,In Progress,Warranty repair completed. refrigerant leak in evaporator coil was covered. Replaced compressor. System tested and operational.,Service Portal,Active,104.5412992150399,2.3
HVAC-2024-01014,Edward Ramirez,2024-12-09 15:29:00,Heat Pump,HP-4200Max,The pilot light on our HP-4200Max keeps going out. Furnace won't stay on. House temperature dropping to 92°F overnight.,Cincinnati,Ohio,Commercial,In Progress,,Survey,Expired,29.639717511380102,2.8
HVAC-2024-01015,Andrew Thompson,2024-06-24 13:02:00,Furnace,FRN-8500Elite,We've been waiting 17 days for a maintenance appointment for our Furnace FRN-8500Elite. No callbacks despite multiple requests.,Charlotte,North Carolina,Industrial,Escalated,Performed diagnostics on FRN-8500Elite. blocked condenser coil detected. Recommended refrigerant recharge. Customer approved repair.,Service Portal,Active,,4.1
HVAC-2024-01016,William Baker,2024-07-22 12:03:00,Ductless Mini-Split,DMS-900Eco,Maintenance was performed on DMS-900Eco but the filter was not replaced and the coils were not cleaned. Paid full price for incomplete work.,Minneapolis,Minnesota,Residential,In Progress,,Phone,Expired,241.19990583458406,2.3
HVAC-2024-01017,Gary Ramirez,2024-04-04 22:15:00,Furnace,FRN-9800HE,Post-installation inspection revealed that the Furnace FRN-9800HE was installed without proper drainage. Basement flooding has occurred.,Las Vegas,Nevada,Commercial,Resolved,Unit is beyond repair. faulty capacitor too severe. Recommended full system replacement with high-efficiency FRN-9800HE.,CRM,Active,129.86120853963254,4.6
HVAC-2024-01018,Patricia Lee,2024-07-21 10:21:00,Rooftop Unit,RTU-10000E,"Total system failure on our RTU-10000E. Fan motor, compressor, and control board all failed simultaneously. Suspecting electrical issue.",Portland,Oregon,Residential,Closed,,Phone,Extended,87.79470685843785,2.1
HVAC-2025-01019,Mary Harris,2025-12-15 08:26:00,Air Handler,AH-5000Elite,Our AH-5000Elite smart thermostat firmware update bricked the device. Screen is blank and we can't control our HVAC system at all.,San Antonio,Texas,Residential,Escalated,,Chat,Void,,2.0
HVAC-2024-01020,Jeffrey Evans,2024-10-19 22:15:00,Boiler,BLR-8000HE,Our BLR-8000HE is supposed to be a high-efficiency unit but we're paying more than with our old system. Very misleading marketing.,Charlotte,North Carolina,Residential,Resolved,Unit is beyond repair. failed ignition system too severe. Recommended full system replacement with latest VRF-25000Ultra system.,Social Media,Expired,169.28019008779467,2.9
HVAC-2025-01021,Karen Davis,2025-07-19 14:31:00,Furnace,FRN-5500E,R-410A refrigerant leak detected in FRN-5500E. Cooling performance has degraded and we're worried about environmental impact.,Jacksonville,Florida,Commercial,Open,Multiple issues found: damaged ductwork. Complete overhaul recommended. Estimate provided to customer. Awaiting approval.,Service Portal,Active,,2.5
HVAC-2024-01022,Cynthia Phillips,2024-12-15 14:49:00,Furnace,FRN-8500Elite,The heat pump FRN-8500Elite is not providing adequate heating. House is at 41°F despite thermostat set to 72°F. Very concerned about pipes freezing.,Miami,Florida,Commercial,In Progress,,Phone,Expired,19.303263294554814,1.8
HVAC-2025-01023,Mark Murphy,2025-03-05 10:34:00,Smart Thermostat,ST-500AI,Our ST-500AI thermostat app shows 'Device Offline' constantly. Have reset the router and thermostat multiple times.,Indianapolis,Indiana,Commercial,In Progress,Emergency service call. Found loose electrical connections. Temporary fix applied. Permanent repair requires thermostat — on backorder.,Service Portal,Expired,160.63580541207352,4.7
HVAC-2024-01024,Stephanie Hernandez,2024-01-07 13:56:00,Furnace,FRN-6000S,We chose the Furnace FRN-6000S specifically for its energy star rating but our bills have skyrocketed by 75% this quarter.,Los Angeles,California,Commercial,Resolved,Performed diagnostics on FRN-6000S. loose electrical connections detected. Recommended electrical rewiring. Customer approved repair.,Chat,Extended,77.05781423261055,2.8
HVAC-2025-01025,Mark Reyes,2025-01-10 17:54:00,Boiler,BLR-7000E,My Boiler model BLR-7000E is not cooling at all. The house temperature is 55°F and it won't go below that. We've been suffering in this heat for 15 days now.,Indianapolis,Indiana,Residential,Resolved,,Social Media,Active,84.272686967051,2.9
HVAC-2024-01026,Eric Ramirez,2024-03-17 12:40:00,Furnace,FRN-8500Elite,We've been waiting 11 days for a maintenance appointment for our Furnace FRN-8500Elite. No callbacks despite multiple requests.,Pittsburgh,Pennsylvania,Residential,Resolved,,Chat,Expired,307.69533959435745,4.0
HVAC-2024-01027,Stephanie Collins,2024-08-05 16:00:00,Heat Pump,HP-1800Eco,Our electricity bill has increased by 62% since installing the Heat Pump HP-1800Eco. This unit was supposed to be energy efficient.,Milwaukee,Wisconsin,Residential,Closed,,Social Media,Expired,217.23004403799,4.3
HVAC-2025-01028,Gregory Turner,2025-05-13 11:09:00,Packaged HVAC Unit,PKG-4000S,"After annual maintenance, our Packaged HVAC Unit PKG-4000S stopped heating. Now at 68°F. This was working fine before the tech came.",Chicago,Illinois,Residential,Resolved,Customer complaint verified. compressor failure confirmed. Ordered replacement expansion valve. Follow-up scheduled in 10 days.,Email,Void,54.1284121483926,1.9
HVAC-2024-01029,Lisa Hall,2024-03-05 08:01:00,VRF System,VRF-25000Ultra,The pilot light on our VRF-25000Ultra keeps going out. Furnace won't stay on. House temperature dropping to 76°F overnight.,Detroit,Michigan,Commercial,Closed,Emergency service call. Found clogged condensate drain. Temporary fix applied. Permanent repair requires drain pan — on backorder.,Service Portal,Active,46.373088181993246,2.9
HVAC-2024-01030,Michelle Hill,2024-02-10 22:27:00,Boiler,BLR-6500Pro,The Boiler BLR-6500Pro thermostat's geofencing feature stopped working. AC runs all day even when nobody is home. Wasting energy.,Milwaukee,Wisconsin,Commercial,Resolved,Customer complaint verified. cracked heat exchanger confirmed. Ordered replacement heat exchanger. Follow-up scheduled in 2 days.,Social Media,Active,289.70532212145764,2.5
HVAC-2025-01031,Pamela Hill,2025-02-10 17:40:00,Boiler,BLR-7000E,The BLR-7000E evaporator coil is leaking refrigerant again. This has been repaired twice already. Need a permanent solution.,Buffalo,New York,Residential,In Progress,Unit is beyond repair. refrigerant leak in evaporator coil too severe. Recommended full system replacement with latest VRF-25000Ultra system.,Survey,Extended,86.46114669802947,1.8
HVAC-2025-01032,Kimberly Rivera,2025-09-24 20:28:00,Boiler,BLR-6500Pro,The heat pump BLR-6500Pro is not providing adequate heating. House is at 72°F despite thermostat set to 72°F. Very concerned about pipes freezing.,Atlanta,Georgia,Commercial,Closed,Multiple issues found: clogged condensate drain. Complete overhaul recommended. Estimate provided to customer. Awaiting approval.,Chat,Active,54.517147915555476,2.0
HVAC-2025-01033,Shirley Phillips,2025-08-09 18:51:00,Air Handler,AH-3500E,Our Air Handler AH-3500E makes a clicking sound and then stops cooling. House temp is at 77°F. Children are uncomfortable.,St. Louis,Missouri,Industrial,In Progress,,Service Portal,Active,147.4779267466059,2.2
HVAC-2025-01034,William Diaz,2025-06-19 07:13:00,Furnace,FRN-9800HE,"After maintenance on our FRN-9800HE, the system performance got worse. The technician may have damaged something.",Jacksonville,Florida,Residential,Resolved,Emergency service call. Found thermostat malfunction. Temporary fix applied. Permanent repair requires blower motor — on backorder.,Email,Expired,199.17116451403808,4.0
HVAC-2024-01035,Raymond Phillips,2024-07-02 15:07:00,Furnace,FRN-9800HE,Our Furnace FRN-9800HE makes a clicking sound and then stops cooling. House temp is at 40°F. Children are uncomfortable.,Orlando,Florida,Residential,In Progress,,Phone,Active,93.18451956079417,2.9
HVAC-2024-01036,Patrick Mitchell,2024-02-12 07:24:00,Ductless Mini-Split,DMS-1500S,Our Ductless Mini-Split DMS-1500S makes a clicking sound and then stops cooling. House temp is at 58°F. Children are uncomfortable.,Atlanta,Georgia,Commercial,Resolved,Customer complaint verified. corroded heat exchanger confirmed. Ordered replacement blower motor. Follow-up scheduled in 14 days.,Survey,Active,153.78895588064333,2.8
HVAC-2024-01037,Rachel Gonzalez,2024-12-23 11:48:00,Smart Thermostat,ST-700Ultra,The Smart Thermostat (ST-700Ultra) stopped providing cold air yesterday. It's blowing warm air instead. Our office is unbearable at 74°F.,Buffalo,New York,Industrial,Closed,Inspected unit on-site. Found electrical short in wiring harness. Replaced compressor. System operational now.,CRM,Void,6.832704398221478,3.3
HVAC-2025-01038,Nancy Turner,2025-07-13 10:45:00,Heat Pump,HP-3500Elite,Our annual service contract for Heat Pump HP-3500Elite has not been honored. Three scheduled visits were cancelled without notice.,Tucson,Arizona,Residential,Open,Inspected unit on-site. Found refrigerant leak in evaporator coil. Replaced condenser coil. System operational now.,Email,Active,,4.8
HVAC-2024-01039,Justin Murphy,2024-01-22 10:55:00,Furnace,FRN-9800HE,The Furnace FRN-9800HE thermostat's geofencing feature stopped working. AC runs all day even when nobody is home. Wasting energy.,Seattle,Washington,Industrial,Resolved,Customer complaint verified. electrical short in wiring harness confirmed. Ordered replacement contactor. Follow-up scheduled in 2 days.,Chat,Active,27.4462306777534,3.0
HVAC-2024-01040,Jessica Phillips,2024-09-10 17:01:00,Furnace,FRN-9800HE,The maintenance technician for our FRN-9800HE didn't bring the right parts and left the job incomplete. Still waiting for resolution.,Indianapolis,Indiana,Residential,Open,Customer complaint verified. compressor failure confirmed. Ordered replacement heat exchanger. Follow-up scheduled in 12 days.,Survey,Extended,,2.0
HVAC-2025-01041,Edward Taylor,2025-07-09 17:01:00,Heat Pump,HP-2800Plus,Integration between HP-2800Plus and our home automation system broke after the last update. None of the smart features work now.,Milwaukee,Wisconsin,Residential,Resolved,Routine inspection revealed refrigerant leak in evaporator coil. Cleaned coils and replaced filters. System performance improved but relay switch showing wear.,CRM,Active,306.0475870001678,3.5
HVAC-2025-01042,Deborah Hernandez,2025-08-28 20:58:00,Boiler,BLR-5000S,SEER rating of our Boiler BLR-5000S seems much lower than advertised. Energy consumption is 59% higher than expected.,Salt Lake City,Utah,Residential,Escalated,Routine inspection revealed clogged condensate drain. Cleaned coils and replaced filters. System performance improved but blower motor showing wear.,Social Media,Expired,,3.2
HVAC-2025-01043,Eric Taylor,2025-08-13 08:07:00,Smart Thermostat,ST-300Pro,My Smart Thermostat ST-300Pro compressor failed after 19 months. Company refusing to honor the 15-year warranty claim.,Kansas City,Missouri,Residential,Escalated,Multiple issues found: failed ignition system. Complete overhaul recommended. Estimate provided to customer. Awaiting approval.,Chat,Expired,,1.5
HVAC-2024-01044,Carol Flores,2024-03-11 10:17:00,Air Handler,AH-3500E,"After annual maintenance, our Air Handler AH-3500E stopped heating. Now at 68°F. This was working fine before the tech came.",New York,New York,Industrial,In Progress,Inspected unit on-site. Found corroded heat exchanger. Replaced fan motor. System operational now.,Email,Expired,100.07479393477652,1.5
HVAC-2024-01045,Justin Wright,2024-05-10 10:15:00,Heat Pump,HP-4200Max,"After maintenance on our HP-4200Max, the system performance got worse. The technician may have damaged something.",Detroit,Michigan,Residential,Resolved,Customer complaint verified. worn compressor bearings confirmed. Ordered replacement reversing valve. Follow-up scheduled in 7 days.,Phone,Expired,297.68683064116493,4.8
HVAC-2024-01046,Eric Hernandez,2024-09-04 19:59:00,Ductless Mini-Split,DMS-1200Q,Our Ductless Mini-Split DMS-1200Q is leaking refrigerant. Green residue visible on the outdoor unit. Children play near it — very concerned about safety.,Louisville,Kentucky,Residential,Open,Warranty repair completed. failed ignition system was covered. Replaced relay switch. System tested and operational.,Email,Void,,2.8
HVAC-2025-01047,Amy Martin,2025-12-28 10:26:00,Central Air Conditioner,CAC-3000X,Post-installation inspection revealed that the Central Air Conditioner CAC-3000X was installed without proper drainage. Basement flooding has occurred.,San Francisco,California,Commercial,In Progress,Emergency service call. Found thermostat malfunction. Temporary fix applied. Permanent repair requires flame sensor — on backorder.,Chat,Expired,36.04915534580953,4.3
HVAC-2024-01048,Thomas Murphy,2024-06-17 21:10:00,Packaged HVAC Unit,PKG-5500Pro,Heating system PKG-5500Pro fails to ignite. We've tried resetting multiple times. Temperature is dangerously low at 78°F.,Phoenix,Arizona,Industrial,Resolved,Inspected unit on-site. Found thermostat malfunction. Replaced capacitor. System operational now.,Email,Active,46.705904004080395,1.6
HVAC-2025-01049,Kimberly Lewis,2025-03-25 10:25:00,Rooftop Unit,RTU-6000S,The RTU-6000S furnace is blowing cold air instead of warm. It's 84°F inside and we have elderly family members at home.,Minneapolis,Minnesota,Residential,Resolved,,Email,Active,108.02039355774966,1.7
HVAC-2025-01050,Patricia Lopez,2025-10-08 13:52:00,Heat Pump,HP-2200DX,"After the technician visited last week, the HP-2200DX still isn't cooling properly. This is our 4th service call for the same issue.",Portland,Oregon,Industrial,Escalated,Emergency service call. Found loose electrical connections. Temporary fix applied. Permanent repair requires fan motor — on backorder.,Service Portal,Active,,2.7
HVAC-2024-01051,Karen Murphy,2024-07-27 21:32:00,Central Air Conditioner,CAC-5000Pro,The cooling capacity of our CAC-5000Pro has dropped significantly. Rooms are at 52°F despite running 24/7. Need immediate service.,Milwaukee,Wisconsin,Residential,Resolved,,Service Portal,Extended,22.958993852752364,2.6
HVAC-2025-01052,Ronald Reyes,2025-12-01 15:28:00,Ductless Mini-Split,DMS-2400Max,The maintenance technician for our DMS-2400Max didn't bring the right parts and left the job incomplete. Still waiting for resolution.,San Francisco,California,Commercial,Closed,Emergency service call. Found blocked condenser coil. Temporary fix applied. Permanent repair requires igniter — on backorder.,Social Media,Extended,295.9478458778998,3.6
HVAC-2024-01053,Brenda King,2024-11-26 10:07:00,Boiler,BLR-9500Ultra,Our Boiler BLR-9500Ultra heating stopped working mid-winter. We have a newborn baby and the temp is 38°F inside. URGENT help needed!,Cincinnati,Ohio,Commercial,In Progress,Unit is beyond repair. burned-out fan motor too severe. Recommended full system replacement with newer CAC-6000Ultra model.,CRM,Expired,115.08964652857054,1.8
HVAC-2025-01054,Eric Scott,2025-06-02 14:34:00,Furnace,FRN-8500Elite,The smart thermostat FRN-8500Elite is not syncing with the HVAC system. Temperature readings are inaccurate by 7°F.,Indianapolis,Indiana,Industrial,Open,Unit is beyond repair. failed ignition system too severe. Recommended full system replacement with latest VRF-25000Ultra system.,Phone,Expired,,5.0
HVAC-2024-01055,Stephen Mitchell,2024-07-26 18:16:00,Rooftop Unit,RTU-12000X,Scheduled maintenance for Rooftop Unit RTU-12000X was missed twice. No one contacted us to reschedule. Very poor service.,Louisville,Kentucky,Residential,Resolved,Warranty repair completed. electrical short in wiring harness was covered. Replaced fan motor. System tested and operational.,Social Media,Expired,311.6349556934008,4.2
HVAC-2025-01056,Scott Martinez,2025-07-16 17:36:00,Packaged HVAC Unit,PKG-5500Pro,Scheduled maintenance for Packaged HVAC Unit PKG-5500Pro was missed twice. No one contacted us to reschedule. Very poor service.,San Francisco,California,Residential,Resolved,Warranty repair completed. corroded heat exchanger was covered. Replaced drain pan. System tested and operational.,Phone,Extended,109.22027758725,3.5
HVAC-2024-01057,Steven Murphy,2024-01-03 13:39:00,Ductless Mini-Split,DMS-1500S,Scheduled maintenance for Ductless Mini-Split DMS-1500S was missed twice. No one contacted us to reschedule. Very poor service.,Chicago,Illinois,Residential,Resolved,Inspected unit on-site. Found defective expansion valve. Replaced heat exchanger. System operational now.,Phone,Active,253.7978745789048,3.2
HVAC-2024-01058,Jessica Garcia,2024-07-13 20:39:00,Heat Pump,HP-1800Eco,Our annual service contract for Heat Pump HP-1800Eco has not been honored. Three scheduled visits were cancelled without notice.,Pittsburgh,Pennsylvania,Residential,Resolved,Routine inspection revealed blocked condenser coil. Cleaned coils and replaced filters. System performance improved but fan motor showing wear.,Email,Active,19.99466985138454,4.0
HVAC-2025-01059,Cynthia Murphy,2025-12-20 12:10:00,Ductless Mini-Split,DMS-2400Max,Our DMS-2400Max thermostat app shows 'Device Offline' constantly. Have reset the router and thermostat multiple times.,Albuquerque,New Mexico,Residential,Open,Routine inspection revealed low refrigerant charge. Cleaned coils and replaced filters. System performance improved but drain pan showing wear.,Social Media,Active,,4.5
HVAC-2025-01060,Lisa Carter,2025-12-16 15:53:00,Furnace,FRN-8500Elite,Our Furnace FRN-8500Elite stopped heating entirely during the coldest week of winter. Indoor temp dropped to 90°F. This is a safety concern.,San Francisco,California,Industrial,Closed,Customer complaint verified. refrigerant leak in evaporator coil confirmed. Ordered replacement filter drier. Follow-up scheduled in 7 days.,Service Portal,Expired,34.041944207828884,2.5
HVAC-2025-01061,George Walker,2025-09-12 13:17:00,Boiler,BLR-9500Ultra,Heating failure on our commercial BLR-9500Ultra. Building occupants complaining about 80°F temperatures. Multiple offices affected.,Tucson,Arizona,Industrial,Closed,Unit is beyond repair. blocked condenser coil too severe. Recommended full system replacement with latest VRF-25000Ultra system.,Chat,Expired,17.305596037776425,1.5
HVAC-2025-01062,Timothy Hill,2025-07-08 12:12:00,Furnace,FRN-5500E,The FRN-5500E installation crew was unprofessional and left refrigerant lines exposed. System is now leaking refrigerant.,Richmond,Virginia,Residential,Resolved,Warranty repair completed. low refrigerant charge was covered. Replaced reversing valve. System tested and operational.,Phone,Expired,23.82196331485094,3.2
HVAC-2024-01063,Cynthia Scott,2024-01-14 17:33:00,Rooftop Unit,RTU-12000X,"Total system failure on our RTU-12000X. Fan motor, compressor, and control board all failed simultaneously. Suspecting electrical issue.",Seattle,Washington,Industrial,Resolved,Emergency service call. Found corroded heat exchanger. Temporary fix applied. Permanent repair requires reversing valve — on backorder.,Chat,Active,107.12061324998334,2.8
HVAC-2024-01064,Joseph Gomez,2024-05-02 08:01:00,Packaged HVAC Unit,PKG-4000S,Preventive maintenance on our Packaged HVAC Unit PKG-4000S was done poorly. Now the system is short-cycling every 5 minutes.,New York,New York,Commercial,Resolved,Customer complaint verified. thermostat malfunction confirmed. Ordered replacement thermostat. Follow-up scheduled in 14 days.,Email,Expired,231.71619396376306,3.8
HVAC-2025-01065,Sharon Stewart,2025-07-01 17:42:00,Rooftop Unit,RTU-15000Ultra,Heating failure on our commercial RTU-15000Ultra. Building occupants complaining about 68°F temperatures. Multiple offices affected.,New York,New York,Residential,In Progress,Multiple issues found: faulty reversing valve. Complete overhaul recommended. Estimate provided to customer. Awaiting approval.,Email,Expired,103.56465377127503,2.4
HVAC-2024-01066,Mary Morales,2024-12-23 12:58:00,Heat Pump,HP-2800Plus,The Heat Pump (HP-2800Plus) stopped providing cold air yesterday. It's blowing warm air instead. Our office is unbearable at 48°F.,Portland,Oregon,Residential,Closed,Warranty repair completed. damaged ductwork was covered. Replaced flame sensor. System tested and operational.,Email,Active,117.72146718817936,3.1
HVAC-2025-01067,Kevin Torres,2025-08-17 14:32:00,Central Air Conditioner,CAC-4000S,Preventive maintenance on our Central Air Conditioner CAC-4000S was done poorly. Now the system is short-cycling every 8 minutes.,Los Angeles,California,Commercial,In Progress,,Chat,Extended,159.68036417578077,3.3
HVAC-2025-01068,Catherine Ramirez,2025-07-24 22:53:00,Central Air Conditioner,CAC-2500E,SEER rating of our Central Air Conditioner CAC-2500E seems much lower than advertised. Energy consumption is 22% higher than expected.,Charlotte,North Carolina,Industrial,Closed,Emergency service call. Found dirty air filter causing restricted airflow. Temporary fix applied. Permanent repair requires reversing valve — on backorder.,CRM,Expired,224.14840230190597,4.7
HVAC-2025-01069,Kimberly Smith,2025-08-13 12:14:00,Furnace,FRN-9800HE,Brand new Furnace FRN-9800HE installed 7 weeks ago cannot maintain temperature below 78°F. Extremely disappointed.,Houston,Texas,Industrial,Escalated,Multiple issues found: corroded heat exchanger. Complete overhaul recommended. Estimate provided to customer. Awaiting approval.,Phone,Active,,2.3
HVAC-2025-01070,Deborah Taylor,2025-12-01 06:18:00,Central Air Conditioner,CAC-4000S,The Central Air Conditioner CAC-4000S main board is fried after a power surge. System completely down for our 3-floor office building.,Minneapolis,Minnesota,Residential,Resolved,Performed diagnostics on CAC-4000S. blocked condenser coil detected. Recommended compressor swap. Customer approved repair.,Chat,Expired,91.45149506339297,2.4
HVAC-2024-01071,William Lee,2024-06-19 22:47:00,Central Air Conditioner,CAC-2500E,Our CAC-2500E smart thermostat firmware update bricked the device. Screen is blank and we can't control our HVAC system at all.,Detroit,Michigan,Residential,Resolved,Emergency service call. Found worn compressor bearings. Temporary fix applied. Permanent repair requires flame sensor — on backorder.,Chat,Active,180.61548012641404,2.3
HVAC-2024-01072,Kevin Hill,2024-06-11 16:37:00,Ductless Mini-Split,DMS-1500S,Post-installation inspection revealed that the Ductless Mini-Split DMS-1500S was installed without proper drainage. Basement flooding has occurred.,Miami,Florida,Residential,Closed,,Phone,Expired,123.18204036200254,4.5
HVAC-2025-01073,Rachel Clark,2025-06-02 13:58:00,Rooftop Unit,RTU-6000S,"After annual maintenance, our Rooftop Unit RTU-6000S stopped heating. Now at 44°F. This was working fine before the tech came.",Sacramento,California,Residential,Closed,Inspected unit on-site. Found worn compressor bearings. Replaced thermostat. System operational now.,Email,Void,42.9070318825156,2.2
HVAC-2024-01074,John Williams,2024-05-05 12:32:00,Smart Thermostat,ST-400Plus,Banging noises from the ductwork connected to ST-400Plus every time the system starts. Sounds like something is loose inside.,Tucson,Arizona,Residential,In Progress,Warranty repair completed. damaged ductwork was covered. Replaced flame sensor. System tested and operational.,Chat,Extended,166.26901963004704,3.4
HVAC-2025-01075,Laura King,2025-07-22 21:07:00,Packaged HVAC Unit,PKG-9000Ultra,Our new Packaged HVAC Unit PKG-9000Ultra installation is terrible. The condensate drain was connected wrong and water is leaking into the ceiling.,Detroit,Michigan,Residential,Resolved,,Email,Active,31.675985063238517,3.4
HVAC-2024-01076,George Parker,2024-11-02 16:18:00,Central Air Conditioner,CAC-4000S,We've been waiting 26 days for a maintenance appointment for our Central Air Conditioner CAC-4000S. No callbacks despite multiple requests.,Columbus,Ohio,Residential,In Progress,Multiple issues found: faulty capacitor. Complete overhaul recommended. Estimate provided to customer. Awaiting approval.,Phone,Active,324.00370238928116,4.7
HVAC-2024-01077,Carolyn Collins,2024-09-10 12:05:00,Heat Pump,HP-4200Max,Our HP-4200Max smart thermostat firmware update bricked the device. Screen is blank and we can't control our HVAC system at all.,Jacksonville,Florida,Residential,Closed,Inspected unit on-site. Found frozen evaporator coil. Replaced fan motor. System operational now.,Social Media,Expired,259.2344577613889,2.3
HVAC-2024-01078,Jennifer Lee,2024-07-03 07:23:00,Ductless Mini-Split,DMS-2400Max,Our annual service contract for Ductless Mini-Split DMS-2400Max has not been honored. Three scheduled visits were cancelled without notice.,Columbus,Ohio,Commercial,Resolved,,Chat,Active,129.17108884394045,2.6
HVAC-2025-01079,Edward Edwards,2025-07-17 11:41:00,Central Air Conditioner,CAC-3000X,Banging noises from the ductwork connected to CAC-3000X every time the system starts. Sounds like something is loose inside.,Dallas,Texas,Commercial,Resolved,,Chat,Active,316.0340939427365,3.6
HVAC-2024-01080,Jeffrey Adams,2024-05-09 20:41:00,Ductless Mini-Split,DMS-900Eco,Post-installation inspection revealed that the Ductless Mini-Split DMS-900Eco was installed without proper drainage. Basement flooding has occurred.,Buffalo,New York,Residential,Resolved,Unit is beyond repair. frozen evaporator coil too severe. Recommended full system replacement with latest VRF-25000Ultra system.,Phone,Expired,138.55067744248663,3.2
HVAC-2025-01081,Justin Johnson,2025-02-11 19:25:00,Rooftop Unit,RTU-6000S,The RTU-6000S was installed 5 weeks ago but the installer used the wrong size ducts. System is extremely inefficient now.,San Antonio,Texas,Commercial,In Progress,Unit is beyond repair. blocked condenser coil too severe. Recommended full system replacement with upgraded HP-4200Max system.,Phone,Void,106.76326389709237,4.4
HVAC-2024-01082,Angela Evans,2024-02-08 20:13:00,VRF System,VRF-10000S,The VRF System VRF-10000S parts warranty should cover this repair but the dealer says it's a labor issue. Total runaround for 7 weeks.,Seattle,Washington,Residential,Resolved,Emergency service call. Found burned-out fan motor. Temporary fix applied. Permanent repair requires reversing valve — on backorder.,Phone,Void,229.56069220329766,1.1
HVAC-2025-01083,Ronald Morris,2025-06-27 20:32:00,Packaged HVAC Unit,PKG-6500E,Our new Packaged HVAC Unit PKG-6500E installation is terrible. The condensate drain was connected wrong and water is leaking into the ceiling.,Kansas City,Missouri,Commercial,Open,,CRM,Active,,2.4
HVAC-2024-01084,Pamela Lopez,2024-05-22 22:27:00,Packaged HVAC Unit,PKG-9000Ultra,We chose the Packaged HVAC Unit PKG-9000Ultra specifically for its energy star rating but our bills have skyrocketed by 74% this quarter.,Tucson,Arizona,Residential,Resolved,Emergency service call. Found damaged ductwork. Temporary fix applied. Permanent repair requires reversing valve — on backorder.,CRM,Active,89.85577805982126,2.2
HVAC-2025-01085,Anthony Gonzalez,2025-07-14 19:45:00,Rooftop Unit,RTU-15000Ultra,Maintenance was performed on RTU-15000Ultra but the filter was not replaced and the coils were not cleaned. Paid full price for incomplete work.,San Francisco,California,Residential,Resolved,Customer complaint verified. damaged ductwork confirmed. Ordered replacement condenser coil. Follow-up scheduled in 4 days.,Chat,Expired,263.64826371938693,2.4
HVAC-2025-01086,Matthew Garcia,2025-10-01 11:22:00,Central Air Conditioner,CAC-6000Ultra,The Central Air Conditioner (CAC-6000Ultra) stopped providing cold air yesterday. It's blowing warm air instead. Our office is unbearable at 85°F.,Cleveland,Ohio,Commercial,Open,Warranty repair completed. frozen evaporator coil was covered. Replaced contactor. System tested and operational.,Phone,Active,,3.5
HVAC-2024-01087,Jeffrey Torres,2024-05-27 20:07:00,Central Air Conditioner,CAC-4000S,Heating failure on our commercial CAC-4000S. Building occupants complaining about 84°F temperatures. Multiple offices affected.,Tampa,Florida,Industrial,In Progress,Customer complaint verified. dirty air filter causing restricted airflow confirmed. Ordered replacement relay switch. Follow-up scheduled in 11 days.,CRM,Active,31.007837144708496,2.7
HVAC-2024-01088,Jacob Davis,2024-01-09 20:20:00,Heat Pump,HP-3500Elite,"After annual maintenance, our Heat Pump HP-3500Elite stopped heating. Now at 65°F. This was working fine before the tech came.",Sacramento,California,Residential,Resolved,,Service Portal,Extended,81.58535547964726,2.3
HVAC-2025-01089,Sandra Williams,2025-10-28 12:51:00,Smart Thermostat,ST-500AI,My Smart Thermostat model ST-500AI is not cooling at all. The house temperature is 38°F and it won't go below that. We've been suffering in this heat for 29 days now.,New York,New York,Industrial,Resolved,Customer complaint verified. corroded heat exchanger confirmed. Ordered replacement fan motor. Follow-up scheduled in 13 days.,Survey,Expired,41.660342579182014,2.9
HVAC-2025-01090,David Rodriguez,2025-03-14 22:50:00,Smart Thermostat,ST-700Ultra,Our annual service contract for Smart Thermostat ST-700Ultra has not been honored. Three scheduled visits were cancelled without notice.,Sacramento,California,Commercial,Resolved,Customer complaint verified. worn compressor bearings confirmed. Ordered replacement expansion valve. Follow-up scheduled in 2 days.,Social Media,Expired,54.80051431360897,2.1
HVAC-2024-01091,Laura Jones,2024-08-15 07:00:00,Packaged HVAC Unit,PKG-6500E,Our Packaged HVAC Unit PKG-6500E stopped heating entirely during the coldest week of winter. Indoor temp dropped to 87°F. This is a safety concern.,Pittsburgh,Pennsylvania,Commercial,Closed,Emergency service call. Found failed control board. Temporary fix applied. Permanent repair requires compressor — on backorder.,Phone,Extended,33.09853867834728,2.4
HVAC-2024-01092,Ryan Carter,2024-11-28 12:58:00,Furnace,FRN-9800HE,Preventive maintenance on our Furnace FRN-9800HE was done poorly. Now the system is short-cycling every 2 minutes.,Pittsburgh,Pennsylvania,Commercial,Open,,Chat,Extended,,3.6
HVAC-2025-01093,Carolyn Allen,2025-01-20 12:15:00,Smart Thermostat,ST-500AI,We've been waiting 4 days for a maintenance appointment for our Smart Thermostat ST-500AI. No callbacks despite multiple requests.,Dallas,Texas,Residential,In Progress,,CRM,Active,171.8581893530562,3.6
HVAC-2024-01094,Thomas Roberts,2024-03-16 16:27:00,Central Air Conditioner,CAC-4000S,SEER rating of our Central Air Conditioner CAC-4000S seems much lower than advertised. Energy consumption is 57% higher than expected.,Detroit,Michigan,Commercial,Resolved,Unit is beyond repair. low refrigerant charge too severe. Recommended full system replacement with latest VRF-25000Ultra system.,Email,Expired,276.55843440083993,3.2
HVAC-2024-01095,Patricia Hall,2024-04-27 08:41:00,Heat Pump,HP-2200DX,Our HP-2200DX smart thermostat firmware update bricked the device. Screen is blank and we can't control our HVAC system at all.,Memphis,Tennessee,Residential,Closed,,Service Portal,Expired,141.23895814047117,2.5
HVAC-2025-01096,Joseph Perez,2025-08-10 19:01:00,Rooftop Unit,RTU-6000S,R-410A refrigerant leak detected in RTU-6000S. Cooling performance has degraded and we're worried about environmental impact.,Albuquerque,New Mexico,Residential,Resolved,Performed diagnostics on RTU-6000S. faulty capacitor detected. Recommended refrigerant recharge. Customer approved repair.,Service Portal,Active,84.05295691030109,2.1
HVAC-2025-01097,Andrew Murphy,2025-11-21 21:12:00,Smart Thermostat,ST-500AI,We purchased the Smart Thermostat ST-500AI 16 months ago and it's already failing to cool. Temperature stuck at 61°F. Unacceptable quality.,Columbus,Ohio,Residential,Resolved,Warranty repair completed. low refrigerant charge was covered. Replaced control board. System tested and operational.,Social Media,Expired,85.44855534278601,2.5
HVAC-2024-01098,Jessica Martin,2024-07-06 17:09:00,Ductless Mini-Split,DMS-900Eco,Post-installation inspection revealed that the Ductless Mini-Split DMS-900Eco was installed without proper drainage. Basement flooding has occurred.,Miami,Florida,Commercial,Resolved,,Phone,Active,45.68432293704795,3.9
HVAC-2024-01099,Kevin Thompson,2024-07-02 16:41:00,Boiler,BLR-8000HE,Banging noises from the ductwork connected to BLR-8000HE every time the system starts. Sounds like something is loose inside.,Milwaukee,Wisconsin,Residential,Resolved,,Social Media,Extended,130.64282348858444,2.7
HVAC-2024-01100,Ashley Scott,2024-06-26 10:08:00,Furnace,FRN-9800HE,Our FRN-9800HE has developed a loud rattling sound when it cycles on. The noise level is unbearable and affects our daily life.,Cincinnati,Ohio,Residential,Resolved,Unit is beyond repair. failed ignition system too severe. Recommended full system replacement with newer CAC-6000Ultra model.,Email,Expired,305.05826736931647,2.0
HVAC-2024-01101,Paul Jones,2024-03-17 08:04:00,Boiler,BLR-5000S,Our BLR-5000S is supposed to be a high-efficiency unit but we're paying more than with our old system. Very misleading marketing.,Sacramento,California,Residential,Open,Customer complaint verified. burned-out fan motor confirmed. Ordered replacement blower motor. Follow-up scheduled in 5 days.,Chat,Extended,,2.2
HVAC-2025-01102,Linda Rodriguez,2025-10-11 06:25:00,Ductless Mini-Split,DMS-2400Max,Our DMS-2400Max smart thermostat firmware update bricked the device. Screen is blank and we can't control our HVAC system at all.,Pittsburgh,Pennsylvania,Commercial,In Progress,Unit is beyond repair. electrical short in wiring harness too severe. Recommended full system replacement with newer CAC-6000Ultra model.,Service Portal,Expired,97.40822916668182,4.4
HVAC-2025-01103,Shirley Flores,2025-11-20 09:13:00,Furnace,FRN-8500Elite,Brand new Furnace FRN-8500Elite installed 6 weeks ago cannot maintain temperature below 54°F. Extremely disappointed.,Detroit,Michigan,Commercial,Closed,,Chat,Active,163.26541990289041,2.1
HVAC-2025-01104,Lisa Jackson,2025-11-14 11:00:00,Heat Pump,HP-2200DX,The Heat Pump HP-2200DX smart thermostat keeps disconnecting from WiFi. Cannot control temperature remotely anymore.,New York,New York,Industrial,Escalated,Routine inspection revealed corroded heat exchanger. Cleaned coils and replaced filters. System performance improved but heat exchanger showing wear.,Email,Active,,4.1
HVAC-2024-01105,Kimberly Hernandez,2024-01-19 22:54:00,VRF System,VRF-25000Ultra,Our electricity bill has increased by 52% since installing the VRF System VRF-25000Ultra. This unit was supposed to be energy efficient.,Dallas,Texas,Residential,Resolved,Routine inspection revealed defective expansion valve. Cleaned coils and replaced filters. System performance improved but capacitor showing wear.,Survey,Active,70.28254651005136,2.4
HVAC-2024-01106,David Nelson,2024-02-22 12:27:00,Central Air Conditioner,CAC-5000Pro,Our CAC-5000Pro thermostat app shows 'Device Offline' constantly. Have reset the router and thermostat multiple times.,Milwaukee,Wisconsin,Residential,Escalated,Routine inspection revealed clogged condensate drain. Cleaned coils and replaced filters. System performance improved but filter drier showing wear.,Phone,Active,,4.4
HVAC-2024-01107,Margaret Campbell,2024-11-21 15:10:00,Smart Thermostat,ST-400Plus,The Smart Thermostat ST-400Plus has a refrigerant leak. We can smell chemicals and the cooling has stopped. This could be a health hazard.,Pittsburgh,Pennsylvania,Commercial,Resolved,Routine inspection revealed failed ignition system. Cleaned coils and replaced filters. System performance improved but evaporator coil showing wear.,Chat,Active,35.54075694685505,2.5
HVAC-2025-01108,Frank Jackson,2025-08-23 15:27:00,Air Handler,AH-3500E,We chose the Air Handler AH-3500E specifically for its energy star rating but our bills have skyrocketed by 67% this quarter.,Cleveland,Ohio,Industrial,Resolved,Customer complaint verified. faulty reversing valve confirmed. Ordered replacement blower motor. Follow-up scheduled in 2 days.,Chat,Expired,212.7511519902405,3.6
HVAC-2024-01109,Lisa Walker,2024-07-04 09:12:00,VRF System,VRF-20000X,Installation team left a mess and didn't complete the VRF-20000X installation properly. Wires are exposed and the unit vibrates excessively.,Las Vegas,Nevada,Residential,Closed,Customer complaint verified. thermostat malfunction confirmed. Ordered replacement condenser coil. Follow-up scheduled in 14 days.,Phone,Active,139.92669939967135,3.6
HVAC-2025-01110,Samantha Murphy,2025-04-15 07:52:00,Rooftop Unit,RTU-15000Ultra,Our Rooftop Unit RTU-15000Ultra stopped heating entirely during the coldest week of winter. Indoor temp dropped to 84°F. This is a safety concern.,Tucson,Arizona,Residential,Open,Inspected unit on-site. Found burned-out fan motor. Replaced igniter. System operational now.,Survey,Expired,,2.8
HVAC-2025-01111,Brian Scott,2025-08-28 08:01:00,Air Handler,AH-5000Elite,The maintenance technician for our AH-5000Elite didn't bring the right parts and left the job incomplete. Still waiting for resolution.,St. Louis,Missouri,Commercial,Resolved,Performed diagnostics on AH-5000Elite. frozen evaporator coil detected. Recommended electrical rewiring. Customer approved repair.,Service Portal,Active,159.5202680216672,4.9
HVAC-2024-01112,Jennifer Scott,2024-09-13 12:42:00,Smart Thermostat,ST-700Ultra,The ST-700Ultra furnace is blowing cold air instead of warm. It's 65°F inside and we have elderly family members at home.,Boston,Massachusetts,Commercial,Resolved,Emergency service call. Found electrical short in wiring harness. Temporary fix applied. Permanent repair requires control board — on backorder.,Social Media,Expired,58.41627838006184,3.5
HVAC-2024-01113,Katherine Smith,2024-03-21 12:20:00,Ductless Mini-Split,DMS-900Eco,Heating failure on our commercial DMS-900Eco. Building occupants complaining about 87°F temperatures. Multiple offices affected.,Portland,Oregon,Residential,Resolved,,Phone,Active,57.37538690896226,3.2
HVAC-2025-01114,Betty Harris,2025-12-03 14:35:00,Smart Thermostat,ST-500AI,The ST-500AI installation crew was unprofessional and left refrigerant lines exposed. System is now leaking refrigerant.,Charlotte,North Carolina,Commercial,In Progress,Performed diagnostics on ST-500AI. clogged condensate drain detected. Recommended full system replacement. Customer approved repair.,Phone,Void,99.56263409987827,3.0
HVAC-2025-01115,Kevin Brown,2025-06-11 09:43:00,Smart Thermostat,ST-400Plus,Our electricity bill has increased by 41% since installing the Smart Thermostat ST-400Plus. This unit was supposed to be energy efficient.,Seattle,Washington,Industrial,Escalated,,Email,Expired,,3.8
HVAC-2024-01116,Jeffrey Green,2024-02-15 08:56:00,Boiler,BLR-6500Pro,Heating failure on our commercial BLR-6500Pro. Building occupants complaining about 94°F temperatures. Multiple offices affected.,Louisville,Kentucky,Commercial,Resolved,Emergency service call. Found corroded heat exchanger. Temporary fix applied. Permanent repair requires condenser coil — on backorder.,Chat,Active,113.45500792238778,2.1
HVAC-2024-01117,Jonathan Gonzalez,2024-06-02 19:46:00,Heat Pump,HP-2200DX,Warranty claim for HP-2200DX was denied citing 'improper installation' even though their own certified technician installed it.,Sacramento,California,Commercial,Resolved,Emergency service call. Found failed control board. Temporary fix applied. Permanent repair requires control board — on backorder.,Phone,Extended,16.77434460103104,2.2
HVAC-2025-01118,Nicole Morris,2025-01-14 08:27:00,Central Air Conditioner,CAC-5000Pro,The CAC-5000Pro installation crew was unprofessional and left refrigerant lines exposed. System is now leaking refrigerant.,Buffalo,New York,Residential,Resolved,Customer complaint verified. damaged ductwork confirmed. Ordered replacement compressor. Follow-up scheduled in 10 days.,Survey,Active,128.55607875089242,2.8
HVAC-2025-01119,Sarah Miller,2025-05-01 08:00:00,Central Air Conditioner,CAC-5000Pro,Our CAC-5000Pro failed within the first year and the company is blaming us for the failure. This is clearly a manufacturing defect.,Tampa,Florida,Residential,Open,Inspected unit on-site. Found cracked heat exchanger. Replaced flame sensor. System operational now.,Email,Active,,1.9
HVAC-2025-01120,Elizabeth Taylor,2025-11-23 20:31:00,Furnace,FRN-7500Pro,Our FRN-7500Pro is supposed to be a high-efficiency unit but we're paying more than with our old system. Very misleading marketing.,Salt Lake City,Utah,Residential,Resolved,,Email,Active,172.0331487474264,3.4
HVAC-2024-01121,Stephanie Flores,2024-06-21 20:53:00,VRF System,VRF-18000E,The VRF System VRF-18000E smart thermostat keeps disconnecting from WiFi. Cannot control temperature remotely anymore.,Seattle,Washington,Residential,Resolved,Multiple issues found: faulty capacitor. Complete overhaul recommended. Estimate provided to customer. Awaiting approval.,CRM,Active,323.4836506815974,3.7
HVAC-2025-01122,Gregory Green,2025-05-24 10:02:00,Central Air Conditioner,CAC-5000Pro,Our CAC-5000Pro is supposed to be a high-efficiency unit but we're paying more than with our old system. Very misleading marketing.,Columbus,Ohio,Industrial,Escalated,,Chat,Extended,,3.3
HVAC-2024-01123,Laura Evans,2024-04-22 17:22:00,Air Handler,AH-4500Pro,The pilot light on our AH-4500Pro keeps going out. Furnace won't stay on. House temperature dropping to 92°F overnight.,Indianapolis,Indiana,Commercial,Escalated,,Social Media,Active,,3.2
HVAC-2025-01124,Robert Flores,2025-09-13 09:44:00,Rooftop Unit,RTU-10000E,"Installer damaged our wall and ceiling during Rooftop Unit RTU-10000E installation. Also, the system is not balanced — one room is freezing while another is hot.",Tucson,Arizona,Residential,Resolved,Routine inspection revealed compressor failure. Cleaned coils and replaced filters. System performance improved but blower motor showing wear.,Social Media,Extended,49.836140420613056,4.8
HVAC-2025-01125,Michael Torres,2025-07-03 09:51:00,Air Handler,AH-5000Elite,Scheduled maintenance for Air Handler AH-5000Elite was missed twice. No one contacted us to reschedule. Very poor service.,Houston,Texas,Industrial,Resolved,,Email,Active,87.43750038374881,3.0
HVAC-2024-01126,Matthew Davis,2024-08-09 18:53:00,Ductless Mini-Split,DMS-1200Q,"The DMS-1200Q runs continuously without cycling off, leading to massive energy bills. Something is wrong with the efficiency.",Pittsburgh,Pennsylvania,Residential,Resolved,Routine inspection revealed failed control board. Cleaned coils and replaced filters. System performance improved but filter drier showing wear.,Phone,Expired,42.532530432506896,4.8
HVAC-2024-01127,Frank Nelson,2024-04-25 20:17:00,Air Handler,AH-2000S,We purchased the Air Handler AH-2000S 6 months ago and it's already failing to cool. Temperature stuck at 46°F. Unacceptable quality.,Los Angeles,California,Commercial,In Progress,Warranty repair completed. low refrigerant charge was covered. Replaced fan motor. System tested and operational.,CRM,Extended,80.91536811401663,1.6
HVAC-2024-01128,George Taylor,2024-10-21 10:01:00,Furnace,FRN-6000S,The FRN-6000S furnace is blowing cold air instead of warm. It's 94°F inside and we have elderly family members at home.,Kansas City,Missouri,Residential,Open,,Social Media,Expired,,3.1
HVAC-2025-01129,Kenneth Martin,2025-08-09 10:26:00,Packaged HVAC Unit,PKG-9000Ultra,AC unit PKG-9000Ultra has completely stopped cooling. Thermostat shows 79°F but the system is running constantly. Very frustrated.,Atlanta,Georgia,Residential,Closed,Unit is beyond repair. faulty capacitor too severe. Recommended full system replacement with high-efficiency FRN-9800HE.,Email,Active,129.16294487515506,3.5
HVAC-2025-01130,Amanda Brown,2025-03-17 07:44:00,Furnace,FRN-5500E,Loud buzzing/humming noise coming from the outdoor unit FRN-5500E. Neighbors have complained about the noise level.,San Francisco,California,Industrial,Resolved,,Chat,Extended,64.21750383539913,3.6
HVAC-2025-01131,Jonathan Moore,2025-09-19 18:16:00,Boiler,BLR-5000S,The Boiler BLR-5000S has a refrigerant leak. We can smell chemicals and the cooling has stopped. This could be a health hazard.,Cincinnati,Ohio,Residential,In Progress,Warranty repair completed. defective expansion valve was covered. Replaced drain pan. System tested and operational.,Phone,Active,53.30180271735544,1.8
HVAC-2025-01132,Dorothy Sanchez,2025-11-01 09:08:00,Rooftop Unit,RTU-6000S,Our RTU-6000S has developed a loud rattling sound when it cycles on. The noise level is unbearable and affects our daily life.,Denver,Colorado,Residential,Escalated,,Phone,Active,,4.4
HVAC-2024-01133,Catherine Hill,2024-12-23 21:18:00,Central Air Conditioner,CAC-3000X,Preventive maintenance on our Central Air Conditioner CAC-3000X was done poorly. Now the system is short-cycling every 6 minutes.,Los Angeles,California,Residential,Resolved,,Phone,Active,27.2593136198805,4.5
HVAC-2025-01134,Susan Murphy,2025-12-20 17:45:00,VRF System,VRF-18000E,Our VRF System VRF-18000E heating stopped working mid-winter. We have a newborn baby and the temp is 55°F inside. URGENT help needed!,Cleveland,Ohio,Residential,Resolved,Routine inspection revealed failed ignition system. Cleaned coils and replaced filters. System performance improved but contactor showing wear.,Chat,Active,54.93779264067197,1.9
HVAC-2025-01135,Stephen Carter,2025-07-23 06:49:00,Packaged HVAC Unit,PKG-5500Pro,"The PKG-5500Pro runs continuously without cycling off, leading to massive energy bills. Something is wrong with the efficiency.",Charlotte,North Carolina,Industrial,In Progress,Emergency service call. Found dirty air filter causing restricted airflow. Temporary fix applied. Permanent repair requires thermostat — on backorder.,Service Portal,Active,128.23926729388617,2.2
HVAC-2025-01136,Samantha Collins,2025-09-16 21:50:00,Heat Pump,HP-2200DX,Our Heat Pump HP-2200DX stopped heating entirely during the coldest week of winter. Indoor temp dropped to 60°F. This is a safety concern.,Charlotte,North Carolina,Residential,Resolved,Multiple issues found: corroded heat exchanger. Complete overhaul recommended. Estimate provided to customer. Awaiting approval.,Email,Active,109.45713233006747,2.0
HVAC-2025-01137,Brenda Harris,2025-06-26 16:13:00,Furnace,FRN-8500Elite,The heat pump FRN-8500Elite is not providing adequate heating. House is at 76°F despite thermostat set to 72°F. Very concerned about pipes freezing.,Albuquerque,New Mexico,Residential,Closed,Performed diagnostics on FRN-8500Elite. clogged condensate drain detected. Recommended duct sealing and insulation. Customer approved repair.,Email,Active,5.1087779702199,1.9
HVAC-2024-01138,Melissa Brown,2024-07-09 08:47:00,Boiler,BLR-6500Pro,My Boiler model BLR-6500Pro is not cooling at all. The house temperature is 80°F and it won't go below that. We've been suffering in this heat for 26 days now.,San Antonio,Texas,Residential,Open,,Service Portal,Active,,2.8
HVAC-2025-01139,Carol Reyes,2025-10-12 11:15:00,Air Handler,AH-3500E,The AH-3500E installation crew was unprofessional and left refrigerant lines exposed. System is now leaking refrigerant.,St. Louis,Missouri,Industrial,Resolved,,Chat,Extended,25.550401288797424,2.6
HVAC-2024-01140,Benjamin Diaz,2024-05-15 16:00:00,Heat Pump,HP-4200Max,Our Heat Pump HP-4200Max is leaking refrigerant. Green residue visible on the outdoor unit. Children play near it — very concerned about safety.,Boston,Massachusetts,Industrial,Resolved,,Phone,Active,4.8342098560583615,1.9
HVAC-2025-01141,Frank Moore,2025-11-14 15:43:00,Smart Thermostat,ST-400Plus,The ST-400Plus installation crew was unprofessional and left refrigerant lines exposed. System is now leaking refrigerant.,Milwaukee,Wisconsin,Residential,In Progress,Multiple issues found: refrigerant leak in evaporator coil. Complete overhaul recommended. Estimate provided to customer. Awaiting approval.,Email,Active,92.58898187762952,2.4
HVAC-2025-01142,Rachel Campbell,2025-06-15 14:02:00,Ductless Mini-Split,DMS-1500S,The cooling capacity of our DMS-1500S has dropped significantly. Rooms are at 86°F despite running 24/7. Need immediate service.,Tucson,Arizona,Commercial,Resolved,Routine inspection revealed blocked condenser coil. Cleaned coils and replaced filters. System performance improved but condenser coil showing wear.,Social Media,Expired,96.43693104208899,3.0
HVAC-2025-01143,Dorothy Jackson,2025-08-07 20:30:00,Boiler,BLR-5000S,"Installer damaged our wall and ceiling during Boiler BLR-5000S installation. Also, the system is not balanced — one room is freezing while another is hot.",Las Vegas,Nevada,Residential,In Progress,Warranty repair completed. blocked condenser coil was covered. Replaced expansion valve. System tested and operational.,Chat,Extended,21.960404952691906,4.2
HVAC-2025-01144,Patrick Lee,2025-10-13 11:27:00,Packaged HVAC Unit,PKG-5500Pro,R-410A refrigerant leak detected in PKG-5500Pro. Cooling performance has degraded and we're worried about environmental impact.,Cincinnati,Ohio,Residential,Open,,Service Portal,Extended,,2.3
HVAC-2024-01145,Kevin Morales,2024-02-05 15:11:00,Ductless Mini-Split,DMS-900Eco,Post-installation inspection revealed that the Ductless Mini-Split DMS-900Eco was installed without proper drainage. Basement flooding has occurred.,Sacramento,California,Commercial,Resolved,Multiple issues found: faulty reversing valve. Complete overhaul recommended. Estimate provided to customer. Awaiting approval.,Phone,Expired,122.73224851539891,2.0
HVAC-2025-01146,Jennifer Diaz,2025-07-24 14:39:00,Ductless Mini-Split,DMS-2400Max,The Ductless Mini-Split DMS-2400Max thermostat's geofencing feature stopped working. AC runs all day even when nobody is home. Wasting energy.,St. Louis,Missouri,Industrial,Resolved,,Social Media,Expired,324.6114405472361,4.2
HVAC-2025-01147,James Adams,2025-01-08 22:58:00,Boiler,BLR-5000S,"After the technician visited last week, the BLR-5000S still isn't cooling properly. This is our 3rd service call for the same issue.",Memphis,Tennessee,Residential,Closed,Routine inspection revealed frozen evaporator coil. Cleaned coils and replaced filters. System performance improved but condenser coil showing wear.,Service Portal,Extended,120.09115332607934,3.1
HVAC-2025-01148,Shirley Lee,2025-07-07 14:43:00,Smart Thermostat,ST-400Plus,"After annual maintenance, our Smart Thermostat ST-400Plus stopped heating. Now at 65°F. This was working fine before the tech came.",Pittsburgh,Pennsylvania,Residential,Resolved,Emergency service call. Found clogged condensate drain. Temporary fix applied. Permanent repair requires reversing valve — on backorder.,Phone,Expired,69.9965338900926,2.7
HVAC-2025-01149,Debra Flores,2025-09-21 18:24:00,VRF System,VRF-20000X,My VRF System model VRF-20000X is not cooling at all. The house temperature is 67°F and it won't go below that. We've been suffering in this heat for 23 days now.,Phoenix,Arizona,Residential,Resolved,Warranty repair completed. defective expansion valve was covered. Replaced fan motor. System tested and operational.,Chat,Active,17.861110793640208,1.7
HVAC-2025-01150,Helen Murphy,2025-08-28 10:37:00,Air Handler,AH-5000Elite,The indoor unit of our Air Handler AH-5000Elite produces a constant whistling noise. Very annoying and disruptive.,Salt Lake City,Utah,Residential,Closed,Inspected unit on-site. Found electrical short in wiring harness. Replaced flame sensor. System operational now.,Service Portal,Active,127.31222263234525,2.9
HVAC-2025-01151,Sharon Sanchez,2025-10-26 13:41:00,VRF System,VRF-18000E,"Installer damaged our wall and ceiling during VRF System VRF-18000E installation. Also, the system is not balanced — one room is freezing while another is hot.",Louisville,Kentucky,Residential,Resolved,Multiple issues found: refrigerant leak in evaporator coil. Complete overhaul recommended. Estimate provided to customer. Awaiting approval.,Phone,Active,82.54824270985715,2.9
HVAC-2025-01152,Ronald Wilson,2025-08-12 14:32:00,Ductless Mini-Split,DMS-1800Pro,Preventive maintenance on our Ductless Mini-Split DMS-1800Pro was done poorly. Now the system is short-cycling every 2 minutes.,Richmond,Virginia,Residential,Resolved,Customer complaint verified. faulty capacitor confirmed. Ordered replacement control board. Follow-up scheduled in 14 days.,Email,Active,102.97229055015119,2.5
HVAC-2025-01153,Cynthia Jackson,2025-12-08 12:51:00,Packaged HVAC Unit,PKG-5500Pro,The Packaged HVAC Unit PKG-5500Pro makes a high-pitched squealing noise during operation. We cannot sleep or work from home because of it.,Richmond,Virginia,Commercial,Resolved,Warranty repair completed. clogged condensate drain was covered. Replaced expansion valve. System tested and operational.,Social Media,Expired,151.4550969741389,2.8
HVAC-2025-01154,James Taylor,2025-02-27 09:31:00,Air Handler,AH-3000X,The AH-3000X furnace is blowing cold air instead of warm. It's 76°F inside and we have elderly family members at home.,Cincinnati,Ohio,Residential,Resolved,Performed diagnostics on AH-3000X. failed ignition system detected. Recommended warranty claim processing. Customer approved repair.,Chat,Extended,106.60055843307963,1.6
HVAC-2025-01155,Donald Ramirez,2025-09-06 15:52:00,Boiler,BLR-8000HE,We chose the Boiler BLR-8000HE specifically for its energy star rating but our bills have skyrocketed by 16% this quarter.,Charlotte,North Carolina,Residential,In Progress,Multiple issues found: clogged condensate drain. Complete overhaul recommended. Estimate provided to customer. Awaiting approval.,Phone,Active,147.40751467522423,2.7
HVAC-2025-01156,Emily Mitchell,2025-05-03 14:57:00,Smart Thermostat,ST-500AI,The Smart Thermostat ST-500AI main board is fried after a power surge. System completely down for our 8-floor office building.,Boston,Massachusetts,Residential,Closed,Inspected unit on-site. Found failed control board. Replaced capacitor. System operational now.,Chat,Active,113.87180279858389,1.1
HVAC-2024-01157,Dorothy Baker,2024-08-08 16:44:00,VRF System,VRF-15000Pro,We purchased the VRF System VRF-15000Pro 4 months ago and it's already failing to cool. Temperature stuck at 49°F. Unacceptable quality.,Portland,Oregon,Industrial,Open,Inspected unit on-site. Found blocked condenser coil. Replaced compressor. System operational now.,CRM,Expired,,2.5
HVAC-2024-01158,David Hall,2024-11-19 12:51:00,Air Handler,AH-3000X,Heating failure on our commercial AH-3000X. Building occupants complaining about 46°F temperatures. Multiple offices affected.,Pittsburgh,Pennsylvania,Commercial,Open,Performed diagnostics on AH-3000X. dirty air filter causing restricted airflow detected. Recommended compressor swap. Customer approved repair.,Phone,Expired,,1.8
HVAC-2024-01159,Jennifer Lewis,2024-11-10 20:30:00,Heat Pump,HP-3500Elite,The cooling capacity of our HP-3500Elite has dropped significantly. Rooms are at 91°F despite running 24/7. Need immediate service.,Los Angeles,California,Residential,Closed,,Chat,Extended,102.89547003685229,2.7
HVAC-2025-01160,Steven Clark,2025-11-20 08:02:00,Heat Pump,HP-2800Plus,"The Heat Pump HP-2800Plus was installed incorrectly. Ductwork is leaking air, and the unit was placed in the wrong location.",Phoenix,Arizona,Commercial,Escalated,Customer complaint verified. cracked heat exchanger confirmed. Ordered replacement evaporator coil. Follow-up scheduled in 4 days.,Phone,Active,,2.8
HVAC-2025-01161,Jennifer Garcia,2025-10-18 16:42:00,VRF System,VRF-10000S,Extended warranty for VRF System VRF-10000S was supposed to cover all parts and labor. Now they're saying refrigerant isn't covered.,Jacksonville,Florida,Residential,Resolved,Emergency service call. Found thermostat malfunction. Temporary fix applied. Permanent repair requires evaporator coil — on backorder.,Phone,Expired,130.05962264179828,1.1
HVAC-2024-01162,Christine Evans,2024-12-08 15:17:00,Air Handler,AH-4500Pro,Our Air Handler AH-4500Pro lost all refrigerant. The system is 33 months old. Suspected manufacturing defect in the line set.,Raleigh,North Carolina,Commercial,In Progress,Unit is beyond repair. faulty capacitor too severe. Recommended full system replacement with high-efficiency FRN-9800HE.,Social Media,Extended,43.73743279668579,2.6
HVAC-2025-01163,Sandra Lewis,2025-07-12 17:58:00,Rooftop Unit,RTU-15000Ultra,Warranty repair on Rooftop Unit RTU-15000Ultra has been pending for 5 weeks. We're without heating/cooling and no loaner was provided.,Cincinnati,Ohio,Residential,Escalated,Customer complaint verified. worn compressor bearings confirmed. Ordered replacement flame sensor. Follow-up scheduled in 3 days.,Phone,Extended,,2.2
HVAC-2025-01164,Margaret Davis,2025-06-27 12:29:00,Smart Thermostat,ST-300Pro,Installation team left a mess and didn't complete the ST-300Pro installation properly. Wires are exposed and the unit vibrates excessively.,Minneapolis,Minnesota,Residential,Resolved,Performed diagnostics on ST-300Pro. thermostat malfunction detected. Recommended duct sealing and insulation. Customer approved repair.,Phone,Active,27.603178780205962,3.3
HVAC-2025-01165,Betty Miller,2025-01-19 18:57:00,Boiler,BLR-8000HE,The BLR-8000HE furnace is blowing cold air instead of warm. It's 52°F inside and we have elderly family members at home.,Minneapolis,Minnesota,Commercial,Open,Routine inspection revealed loose electrical connections. Cleaned coils and replaced filters. System performance improved but thermostat showing wear.,CRM,Expired,,3.1
HVAC-2024-01166,Janet Williams,2024-08-14 06:43:00,Boiler,BLR-7000E,Technician found a refrigerant leak in our BLR-7000E for the third time this year. Clearly a manufacturing defect in the coils.,Pittsburgh,Pennsylvania,Commercial,In Progress,Routine inspection revealed frozen evaporator coil. Cleaned coils and replaced filters. System performance improved but heat exchanger showing wear.,Email,Active,82.50862528176282,1.7
HVAC-2024-01167,Sharon Turner,2024-12-16 07:46:00,Smart Thermostat,ST-400Plus,Installation team left a mess and didn't complete the ST-400Plus installation properly. Wires are exposed and the unit vibrates excessively.,Charlotte,North Carolina,Residential,In Progress,Warranty repair completed. corroded heat exchanger was covered. Replaced drain pan. System tested and operational.,Social Media,Active,108.63750437818848,4.6
HVAC-2025-01168,Katherine Campbell,2025-08-20 11:17:00,Central Air Conditioner,CAC-2500E,The Central Air Conditioner CAC-2500E is making an extremely loud grinding noise that wakes us up at night. It's been going on for 20 days.,Nashville,Tennessee,Commercial,Closed,,CRM,Extended,231.0993178689945,4.4
HVAC-2024-01169,Ashley Smith,2024-06-09 21:26:00,Air Handler,AH-3500E,Our Air Handler AH-3500E makes a clicking sound and then stops cooling. House temp is at 64°F. Children are uncomfortable.,Cincinnati,Ohio,Residential,Open,Customer complaint verified. electrical short in wiring harness confirmed. Ordered replacement expansion valve. Follow-up scheduled in 10 days.,CRM,Void,,2.5
HVAC-2025-01170,Jessica Diaz,2025-04-21 12:43:00,Furnace,FRN-7500Pro,My Furnace model FRN-7500Pro is not cooling at all. The house temperature is 42°F and it won't go below that. We've been suffering in this heat for 13 days now.,Dallas,Texas,Residential,Open,Customer complaint verified. low refrigerant charge confirmed. Ordered replacement thermostat. Follow-up scheduled in 5 days.,Chat,Active,,1.9
HVAC-2025-01171,Kathleen Anderson,2025-06-27 12:52:00,Central Air Conditioner,CAC-3000X,Installation team left a mess and didn't complete the CAC-3000X installation properly. Wires are exposed and the unit vibrates excessively.,New York,New York,Industrial,Escalated,Inspected unit on-site. Found compressor failure. Replaced control board. System operational now.,Chat,Active,,4.6
HVAC-2025-01172,Andrew Anderson,2025-11-02 07:39:00,Heat Pump,HP-1800Eco,Loud buzzing/humming noise coming from the outdoor unit HP-1800Eco. Neighbors have complained about the noise level.,Portland,Oregon,Commercial,Resolved,Inspected unit on-site. Found burned-out fan motor. Replaced drain pan. System operational now.,Chat,Extended,186.86364646296335,4.2
HVAC-2024-01173,Margaret Perez,2024-08-06 08:14:00,Ductless Mini-Split,DMS-1800Pro,The Ductless Mini-Split (DMS-1800Pro) stopped providing cold air yesterday. It's blowing warm air instead. Our office is unbearable at 62°F.,Denver,Colorado,Residential,Resolved,Performed diagnostics on DMS-1800Pro. faulty reversing valve detected. Recommended refrigerant recharge. Customer approved repair.,Email,Active,90.77767378500991,3.3
HVAC-2025-01174,Kathleen Baker,2025-05-28 14:48:00,Boiler,BLR-8000HE,The Boiler BLR-8000HE has a refrigerant leak. We can smell chemicals and the cooling has stopped. This could be a health hazard.,Boston,Massachusetts,Residential,In Progress,Unit is beyond repair. burned-out fan motor too severe. Recommended full system replacement with newer CAC-6000Ultra model.,Phone,Active,74.54542359454878,1.6
HVAC-2025-01175,Brenda Robinson,2025-05-14 21:28:00,Central Air Conditioner,CAC-2500E,Our Central Air Conditioner CAC-2500E stopped heating entirely during the coldest week of winter. Indoor temp dropped to 61°F. This is a safety concern.,Las Vegas,Nevada,Residential,Resolved,Multiple issues found: thermostat malfunction. Complete overhaul recommended. Estimate provided to customer. Awaiting approval.,Phone,Expired,60.072223185317974,3.0
HVAC-2024-01176,Betty Roberts,2024-03-04 13:08:00,Boiler,BLR-9500Ultra,Our Boiler BLR-9500Ultra had a catastrophic compressor failure. Loud bang followed by complete shutdown. Potential safety hazard.,Phoenix,Arizona,Residential,Open,Performed diagnostics on BLR-9500Ultra. faulty reversing valve detected. Recommended coil replacement. Customer approved repair.,Phone,Extended,,1.9
HVAC-2025-01177,Steven Davis,2025-04-26 20:36:00,Heat Pump,HP-2800Plus,"Installer damaged our wall and ceiling during Heat Pump HP-2800Plus installation. Also, the system is not balanced — one room is freezing while another is hot.",Salt Lake City,Utah,Industrial,Resolved,Warranty repair completed. clogged condensate drain was covered. Replaced fan motor. System tested and operational.,Service Portal,Expired,18.68863721801732,4.7
HVAC-2025-01178,Larry Martin,2025-09-15 20:26:00,VRF System,VRF-20000X,Our new VRF System VRF-20000X installation is terrible. The condensate drain was connected wrong and water is leaking into the ceiling.,Dallas,Texas,Commercial,In Progress,Customer complaint verified. damaged ductwork confirmed. Ordered replacement igniter. Follow-up scheduled in 13 days.,Phone,Active,8.753938643746512,3.5
HVAC-2024-01179,Larry Stewart,2024-07-11 12:46:00,Boiler,BLR-9500Ultra,The smart thermostat BLR-9500Ultra is not syncing with the HVAC system. Temperature readings are inaccurate by 6°F.,Detroit,Michigan,Residential,Closed,Emergency service call. Found frozen evaporator coil. Temporary fix applied. Permanent repair requires refrigerant line set — on backorder.,Chat,Expired,67.88825796942288,2.8
HVAC-2024-01180,Patrick Gomez,2024-08-23 22:19:00,Smart Thermostat,ST-400Plus,WiFi connectivity issues with Smart Thermostat ST-400Plus for the past 10 weeks. The scheduling feature doesn't work without connectivity.,Kansas City,Missouri,Residential,In Progress,Routine inspection revealed compressor failure. Cleaned coils and replaced filters. System performance improved but expansion valve showing wear.,Phone,Expired,200.05585925857463,2.7
HVAC-2024-01181,Ronald Sanchez,2024-12-02 09:26:00,Smart Thermostat,ST-300Pro,The Smart Thermostat ST-300Pro thermostat's geofencing feature stopped working. AC runs all day even when nobody is home. Wasting energy.,Salt Lake City,Utah,Residential,In Progress,Emergency service call. Found thermostat malfunction. Temporary fix applied. Permanent repair requires expansion valve — on backorder.,Phone,Active,295.8289731419619,2.3
HVAC-2025-01182,Andrew Perez,2025-03-05 08:04:00,Smart Thermostat,ST-300Pro,"After annual maintenance, our Smart Thermostat ST-300Pro stopped heating. Now at 51°F. This was working fine before the tech came.",Chicago,Illinois,Residential,In Progress,Routine inspection revealed damaged ductwork. Cleaned coils and replaced filters. System performance improved but flame sensor showing wear.,Chat,Active,68.98023132405488,2.5
HVAC-2025-01183,Margaret Murphy,2025-03-22 18:18:00,Heat Pump,HP-2800Plus,Our HP-2800Plus smart thermostat firmware update bricked the device. Screen is blank and we can't control our HVAC system at all.,New York,New York,Commercial,Closed,Customer complaint verified. faulty capacitor confirmed. Ordered replacement contactor. Follow-up scheduled in 6 days.,Service Portal,Active,152.6240940610193,2.6
HVAC-2025-01184,Joshua Walker,2025-01-27 11:16:00,VRF System,VRF-20000X,Loud buzzing/humming noise coming from the outdoor unit VRF-20000X. Neighbors have complained about the noise level.,Orlando,Florida,Commercial,Closed,Emergency service call. Found damaged ductwork. Temporary fix applied. Permanent repair requires drain pan — on backorder.,Phone,Expired,54.02300413195827,3.2
HVAC-2025-01185,Deborah Baker,2025-09-20 09:56:00,Rooftop Unit,RTU-6000S,Our RTU-6000S thermostat app shows 'Device Offline' constantly. Have reset the router and thermostat multiple times.,Detroit,Michigan,Commercial,Escalated,Unit is beyond repair. faulty capacitor too severe. Recommended full system replacement with upgraded HP-4200Max system.,Chat,Expired,,3.9
HVAC-2025-01186,Kimberly Nguyen,2025-12-06 19:50:00,Heat Pump,HP-1800Eco,Brand new Heat Pump HP-1800Eco installed 2 weeks ago cannot maintain temperature below 43°F. Extremely disappointed.,Oklahoma City,Oklahoma,Industrial,Resolved,Inspected unit on-site. Found compressor failure. Replaced reversing valve. System operational now.,Phone,Active,94.88620656834657,3.3
HVAC-2024-01187,Scott Wright,2024-10-08 19:04:00,Central Air Conditioner,CAC-4000S,"After the technician visited last week, the CAC-4000S still isn't cooling properly. This is our 4th service call for the same issue.",Indianapolis,Indiana,Commercial,In Progress,Performed diagnostics on CAC-4000S. damaged ductwork detected. Recommended system recalibration. Customer approved repair.,Social Media,Extended,125.33828799599249,2.9
HVAC-2024-01188,Gregory Wilson,2024-07-13 20:27:00,Smart Thermostat,ST-200Eco,The ST-200Eco installation crew was unprofessional and left refrigerant lines exposed. System is now leaking refrigerant.,Houston,Texas,Residential,Resolved,,Phone,Active,39.82057874843513,2.8
HVAC-2025-01189,Timothy Flores,2025-08-01 21:20:00,Packaged HVAC Unit,PKG-5500Pro,Our Packaged HVAC Unit PKG-5500Pro stopped heating entirely during the coldest week of winter. Indoor temp dropped to 53°F. This is a safety concern.,Atlanta,Georgia,Commercial,Open,Unit is beyond repair. compressor failure too severe. Recommended full system replacement with high-efficiency FRN-9800HE.,Phone,Active,,2.8
HVAC-2025-01190,Carol Collins,2025-08-25 20:48:00,Packaged HVAC Unit,PKG-7000X,Extended warranty for Packaged HVAC Unit PKG-7000X was supposed to cover all parts and labor. Now they're saying refrigerant isn't covered.,Cincinnati,Ohio,Residential,Escalated,Unit is beyond repair. low refrigerant charge too severe. Recommended full system replacement with high-efficiency FRN-9800HE.,Social Media,Expired,,1.5
HVAC-2024-01191,Helen Gomez,2024-09-28 21:37:00,Boiler,BLR-5000S,The BLR-5000S evaporator coil is leaking refrigerant again. This has been repaired twice already. Need a permanent solution.,New York,New York,Commercial,Resolved,Unit is beyond repair. faulty reversing valve too severe. Recommended full system replacement with high-efficiency FRN-9800HE.,Survey,Void,40.67512818820542,1.3
HVAC-2025-01192,Ashley Nelson,2025-06-16 16:14:00,VRF System,VRF-18000E,"Installer damaged our wall and ceiling during VRF System VRF-18000E installation. Also, the system is not balanced — one room is freezing while another is hot.",Richmond,Virginia,Residential,Resolved,Customer complaint verified. thermostat malfunction confirmed. Ordered replacement fan motor. Follow-up scheduled in 4 days.,Phone,Void,146.80249881044173,3.1
HVAC-2025-01193,Raymond Ramirez,2025-07-17 21:12:00,Packaged HVAC Unit,PKG-4000S,The Packaged HVAC Unit (PKG-4000S) stopped providing cold air yesterday. It's blowing warm air instead. Our office is unbearable at 57°F.,Tucson,Arizona,Residential,In Progress,Emergency service call. Found loose electrical connections. Temporary fix applied. Permanent repair requires reversing valve — on backorder.,Email,Active,102.93009858182552,3.2
HVAC-2025-01194,Stephen Miller,2025-07-08 19:41:00,Central Air Conditioner,CAC-2500E,Our electricity bill has increased by 64% since installing the Central Air Conditioner CAC-2500E. This unit was supposed to be energy efficient.,Salt Lake City,Utah,Residential,In Progress,Inspected unit on-site. Found worn compressor bearings. Replaced flame sensor. System operational now.,Phone,Expired,73.34302196345533,2.7
HVAC-2024-01195,Joseph Wilson,2024-05-07 14:57:00,Heat Pump,HP-2200DX,Our HP-2200DX smart thermostat firmware update bricked the device. Screen is blank and we can't control our HVAC system at all.,Oklahoma City,Oklahoma,Residential,In Progress,Warranty repair completed. dirty air filter causing restricted airflow was covered. Replaced blower motor. System tested and operational.,CRM,Active,125.49884633017989,4.2
HVAC-2025-01196,Andrew Wilson,2025-05-11 06:29:00,Furnace,FRN-8500Elite,The FRN-8500Elite evaporator coil is leaking refrigerant again. This has been repaired twice already. Need a permanent solution.,Houston,Texas,Residential,In Progress,Emergency service call. Found loose electrical connections. Temporary fix applied. Permanent repair requires fan motor — on backorder.,Email,Extended,51.865171042653,1.8
HVAC-2025-01197,John Lee,2025-02-08 07:11:00,Heat Pump,HP-1800Eco,Our Heat Pump HP-1800Eco heating stopped working mid-winter. We have a newborn baby and the temp is 90°F inside. URGENT help needed!,Cincinnati,Ohio,Residential,Resolved,,Email,Expired,21.927231123264423,1.8
HVAC-2025-01198,Ronald Nguyen,2025-11-27 17:05:00,Smart Thermostat,ST-400Plus,The heat pump ST-400Plus is not providing adequate heating. House is at 67°F despite thermostat set to 72°F. Very concerned about pipes freezing.,Kansas City,Missouri,Commercial,In Progress,,Chat,Expired,84.64613083682403,2.1
HVAC-2024-01199,Jennifer Robinson,2024-11-17 21:48:00,Air Handler,AH-2000S,Our Air Handler AH-2000S had a catastrophic compressor failure. Loud bang followed by complete shutdown. Potential safety hazard.,Albuquerque,New Mexico,Commercial,In Progress,Warranty repair completed. electrical short in wiring harness was covered. Replaced flame sensor. System tested and operational.,Phone,Extended,37.5488168324423,1.9
HVAC-2025-01200,Debra Lopez,2025-07-23 19:02:00,Furnace,FRN-6000S,The Furnace FRN-6000S is making an extremely loud grinding noise that wakes us up at night. It's been going on for 5 days.,Portland,Oregon,Residential,Open,,Social Media,Active,,3.9
HVAC-2025-01201,Brian Rivera,2025-09-22 22:21:00,Packaged HVAC Unit,PKG-9000Ultra,The Packaged HVAC Unit PKG-9000Ultra makes a high-pitched squealing noise during operation. We cannot sleep or work from home because of it.,Atlanta,Georgia,Industrial,Resolved,,Email,Extended,178.91051622372947,3.5
HVAC-2025-01202,Thomas King,2025-07-11 09:44:00,Heat Pump,HP-1800Eco,The smart thermostat HP-1800Eco is not syncing with the HVAC system. Temperature readings are inaccurate by 7°F.,Raleigh,North Carolina,Residential,Closed,Emergency service call. Found dirty air filter causing restricted airflow. Temporary fix applied. Permanent repair requires reversing valve — on backorder.,Phone,Expired,144.22696437539923,2.6
HVAC-2025-01203,William Diaz,2025-10-19 21:35:00,Heat Pump,HP-2800Plus,Technician found a refrigerant leak in our HP-2800Plus for the third time this year. Clearly a manufacturing defect in the coils.,San Antonio,Texas,Residential,Resolved,,CRM,Expired,118.8674466921806,2.5
HVAC-2025-01204,Ashley Reyes,2025-02-13 06:07:00,Central Air Conditioner,CAC-2500E,Technician found a refrigerant leak in our CAC-2500E for the third time this year. Clearly a manufacturing defect in the coils.,Albuquerque,New Mexico,Residential,Closed,Unit is beyond repair. damaged ductwork too severe. Recommended full system replacement with newer CAC-6000Ultra model.,Survey,Active,99.4084496742809,2.7
HVAC-2025-01205,John Ramirez,2025-06-20 15:10:00,Central Air Conditioner,CAC-6000Ultra,Our Central Air Conditioner CAC-6000Ultra had a catastrophic compressor failure. Loud bang followed by complete shutdown. Potential safety hazard.,St. Louis,Missouri,Residential,Escalated,Multiple issues found: cracked heat exchanger. Complete overhaul recommended. Estimate provided to customer. Awaiting approval.,Phone,Active,,2.9
HVAC-2024-01206,Christine Evans,2024-07-01 13:53:00,Furnace,FRN-8500Elite,Warranty claim for FRN-8500Elite was denied citing 'improper installation' even though their own certified technician installed it.,Richmond,Virginia,Residential,Escalated,Performed diagnostics on FRN-8500Elite. failed control board detected. Recommended compressor swap. Customer approved repair.,CRM,Expired,,1.5
HVAC-2025-01207,Matthew Sanchez,2025-03-16 11:32:00,Heat Pump,HP-2800Plus,Our Heat Pump HP-2800Plus had a catastrophic compressor failure. Loud bang followed by complete shutdown. Potential safety hazard.,Dallas,Texas,Commercial,In Progress,Inspected unit on-site. Found loose electrical connections. Replaced heat exchanger. System operational now.,Service Portal,Active,62.819746308222165,1.7
HVAC-2025-01208,Janet Young,2025-03-24 16:08:00,Boiler,BLR-7000E,"Complete system failure of our Boiler BLR-7000E. No power, no response, totally dead. Building has no climate control.",Tucson,Arizona,Industrial,In Progress,,Email,Active,76.50041458302604,1.1
HVAC-2024-01209,William Evans,2024-07-01 08:20:00,Air Handler,AH-3500E,Brand new Air Handler AH-3500E installed 2 weeks ago cannot maintain temperature below 73°F. Extremely disappointed.,Denver,Colorado,Residential,Resolved,Customer complaint verified. worn compressor bearings confirmed. Ordered replacement flame sensor. Follow-up scheduled in 4 days.,Email,Active,18.637596311860307,2.3
HVAC-2024-01210,Ryan Morris,2024-10-19 15:35:00,Boiler,BLR-9500Ultra,Warranty repair on Boiler BLR-9500Ultra has been pending for 3 weeks. We're without heating/cooling and no loaner was provided.,Nashville,Tennessee,Commercial,In Progress,,Social Media,Expired,91.97626580920841,2.3
HVAC-2025-01211,George Harris,2025-11-20 17:46:00,Air Handler,AH-5000Elite,My Air Handler AH-5000Elite compressor failed after 16 months. Company refusing to honor the 5-year warranty claim.,Milwaukee,Wisconsin,Commercial,Resolved,,Phone,Active,236.60483978379278,2.5
HVAC-2025-01212,Richard Rodriguez,2025-12-05 06:42:00,Central Air Conditioner,CAC-3000X,Banging noises from the ductwork connected to CAC-3000X every time the system starts. Sounds like something is loose inside.,Minneapolis,Minnesota,Residential,Closed,Unit is beyond repair. refrigerant leak in evaporator coil too severe. Recommended full system replacement with newer CAC-6000Ultra model.,Phone,Expired,78.40982911430615,4.8
HVAC-2025-01213,Emma Evans,2025-07-21 09:37:00,VRF System,VRF-18000E,"After the technician visited last week, the VRF-18000E still isn't cooling properly. This is our 3rd service call for the same issue.",Phoenix,Arizona,Residential,Resolved,Routine inspection revealed worn compressor bearings. Cleaned coils and replaced filters. System performance improved but expansion valve showing wear.,Email,Extended,141.59492359582643,3.2
HVAC-2024-01214,Richard Moore,2024-09-23 07:48:00,Central Air Conditioner,CAC-2500E,Our new Central Air Conditioner CAC-2500E installation is terrible. The condensate drain was connected wrong and water is leaking into the ceiling.,Indianapolis,Indiana,Residential,Resolved,Routine inspection revealed cracked heat exchanger. Cleaned coils and replaced filters. System performance improved but relay switch showing wear.,Chat,Active,30.375790254805974,2.6
HVAC-2025-01215,Nicholas Green,2025-08-25 06:02:00,Furnace,FRN-8500Elite,Electrical failure in FRN-8500Elite. Circuit breaker keeps tripping. Possible fire hazard. Need emergency service immediately.,Houston,Texas,Residential,Resolved,Inspected unit on-site. Found clogged condensate drain. Replaced blower motor. System operational now.,Phone,Extended,6.120813542514095,1.4
HVAC-2024-01216,Dorothy Rodriguez,2024-01-05 09:12:00,Boiler,BLR-6500Pro,Our Boiler BLR-6500Pro heating stopped working mid-winter. We have a newborn baby and the temp is 84°F inside. URGENT help needed!,Phoenix,Arizona,Residential,Open,Emergency service call. Found faulty capacitor. Temporary fix applied. Permanent repair requires filter drier — on backorder.,Social Media,Expired,,2.9
HVAC-2024-01217,John Roberts,2024-06-24 13:48:00,VRF System,VRF-20000X,We purchased the VRF System VRF-20000X 20 months ago and it's already failing to cool. Temperature stuck at 86°F. Unacceptable quality.,Minneapolis,Minnesota,Residential,Resolved,,Email,Expired,80.79466941823793,3.2
HVAC-2025-01218,Helen Edwards,2025-07-22 12:01:00,Rooftop Unit,RTU-10000E,The Rooftop Unit RTU-10000E parts warranty should cover this repair but the dealer says it's a labor issue. Total runaround for 4 weeks.,Louisville,Kentucky,Residential,In Progress,,Phone,Expired,194.45959408550746,1.3
HVAC-2025-01219,Nicole Moore,2025-06-15 20:25:00,Furnace,FRN-8500Elite,"The FRN-8500Elite runs continuously without cycling off, leading to massive energy bills. Something is wrong with the efficiency.",Tucson,Arizona,Residential,Resolved,Emergency service call. Found failed control board. Temporary fix applied. Permanent repair requires control board — on backorder.,Service Portal,Extended,274.5966266548997,3.7
HVAC-2024-01220,Stephanie Torres,2024-07-20 11:17:00,Ductless Mini-Split,DMS-1200Q,Our DMS-1200Q thermostat app shows 'Device Offline' constantly. Have reset the router and thermostat multiple times.,St. Louis,Missouri,Residential,Closed,Emergency service call. Found cracked heat exchanger. Temporary fix applied. Permanent repair requires compressor — on backorder.,Email,Active,296.78583276741057,2.2
HVAC-2024-01221,Ashley Robinson,2024-08-23 09:52:00,Air Handler,AH-5000Elite,We've been waiting 12 days for a maintenance appointment for our Air Handler AH-5000Elite. No callbacks despite multiple requests.,Louisville,Kentucky,Residential,Open,Routine inspection revealed worn compressor bearings. Cleaned coils and replaced filters. System performance improved but relay switch showing wear.,Service Portal,Extended,,3.3
HVAC-2024-01222,Catherine Hall,2024-12-09 19:20:00,Smart Thermostat,ST-500AI,Our new Smart Thermostat ST-500AI installation is terrible. The condensate drain was connected wrong and water is leaking into the ceiling.,Las Vegas,Nevada,Residential,Resolved,Inspected unit on-site. Found blocked condenser coil. Replaced relay switch. System operational now.,Chat,Expired,44.774352514485564,3.9
HVAC-2024-01223,Christine Roberts,2024-03-27 12:51:00,Ductless Mini-Split,DMS-1800Pro,The indoor unit of our Ductless Mini-Split DMS-1800Pro produces a constant whistling noise. Very annoying and disruptive.,Boston,Massachusetts,Industrial,Closed,Multiple issues found: thermostat malfunction. Complete overhaul recommended. Estimate provided to customer. Awaiting approval.,Social Media,Void,160.18782184336197,3.1
HVAC-2024-01224,Daniel Lewis,2024-06-19 12:58:00,Rooftop Unit,RTU-6000S,Our RTU-6000S smart thermostat firmware update bricked the device. Screen is blank and we can't control our HVAC system at all.,Denver,Colorado,Commercial,In Progress,Multiple issues found: damaged ductwork. Complete overhaul recommended. Estimate provided to customer. Awaiting approval.,Social Media,Void,37.61066035316118,4.4
HVAC-2024-01225,Karen Parker,2024-02-03 14:49:00,Central Air Conditioner,CAC-4000S,AC unit CAC-4000S has completely stopped cooling. Thermostat shows 60°F but the system is running constantly. Very frustrated.,Phoenix,Arizona,Residential,In Progress,,Email,Active,152.3509459051211,1.8
HVAC-2025-01226,Shirley Thompson,2025-01-06 19:58:00,Smart Thermostat,ST-700Ultra,Post-installation inspection revealed that the Smart Thermostat ST-700Ultra was installed without proper drainage. Basement flooding has occurred.,Richmond,Virginia,Residential,In Progress,Unit is beyond repair. burned-out fan motor too severe. Recommended full system replacement with high-efficiency FRN-9800HE.,Chat,Active,67.40262532449046,4.1
HVAC-2025-01227,Angela Torres,2025-01-06 18:57:00,VRF System,VRF-15000Pro,The pilot light on our VRF-15000Pro keeps going out. Furnace won't stay on. House temperature dropping to 72°F overnight.,Detroit,Michigan,Residential,Open,Emergency service call. Found failed control board. Temporary fix applied. Permanent repair requires compressor — on backorder.,Service Portal,Expired,,2.7
HVAC-2024-01228,Timothy Martin,2024-06-17 14:23:00,Boiler,BLR-5000S,Our BLR-5000S smart thermostat firmware update bricked the device. Screen is blank and we can't control our HVAC system at all.,Orlando,Florida,Residential,In Progress,Inspected unit on-site. Found faulty capacitor. Replaced heat exchanger. System operational now.,Phone,Expired,156.81845684219468,4.7
HVAC-2024-01229,Timothy Moore,2024-06-21 09:28:00,VRF System,VRF-25000Ultra,The VRF System (VRF-25000Ultra) stopped providing cold air yesterday. It's blowing warm air instead. Our office is unbearable at 86°F.,Nashville,Tennessee,Commercial,In Progress,Inspected unit on-site. Found refrigerant leak in evaporator coil. Replaced evaporator coil. System operational now.,Chat,Expired,21.376177110361535,3.1
HVAC-2025-01230,Eric Mitchell,2025-07-09 14:54:00,Packaged HVAC Unit,PKG-7000X,The Packaged HVAC Unit PKG-7000X has a refrigerant leak. We can smell chemicals and the cooling has stopped. This could be a health hazard.,Phoenix,Arizona,Residential,Escalated,Inspected unit on-site. Found corroded heat exchanger. Replaced reversing valve. System operational now.,Chat,Active,,1.3
HVAC-2025-01231,James White,2025-09-09 08:10:00,Ductless Mini-Split,DMS-1200Q,Our Ductless Mini-Split DMS-1200Q makes a clicking sound and then stops cooling. House temp is at 78°F. Children are uncomfortable.,Pittsburgh,Pennsylvania,Industrial,Closed,Customer complaint verified. defective expansion valve confirmed. Ordered replacement fan motor. Follow-up scheduled in 6 days.,Social Media,Active,128.38364308293404,1.9
HVAC-2024-01232,Frank Perez,2024-11-16 13:45:00,Rooftop Unit,RTU-12000X,Our new Rooftop Unit RTU-12000X installation is terrible. The condensate drain was connected wrong and water is leaking into the ceiling.,Minneapolis,Minnesota,Residential,Closed,Performed diagnostics on RTU-12000X. cracked heat exchanger detected. Recommended refrigerant recharge. Customer approved repair.,Phone,Extended,52.43680404970052,2.2
HVAC-2025-01233,Brenda Evans,2025-07-05 17:47:00,Furnace,FRN-8500Elite,Loud buzzing/humming noise coming from the outdoor unit FRN-8500Elite. Neighbors have complained about the noise level.,Louisville,Kentucky,Residential,In Progress,Warranty repair completed. dirty air filter causing restricted airflow was covered. Replaced flame sensor. System tested and operational.,Phone,Expired,91.528534273289,2.3
HVAC-2025-01234,Pamela Robinson,2025-01-04 10:58:00,Furnace,FRN-5500E,Our FRN-5500E is supposed to be a high-efficiency unit but we're paying more than with our old system. Very misleading marketing.,San Francisco,California,Residential,In Progress,,Phone,Active,91.02819376269294,2.8
HVAC-2025-01235,Timothy Davis,2025-06-25 12:30:00,Heat Pump,HP-4200Max,Scheduled maintenance for Heat Pump HP-4200Max was missed twice. No one contacted us to reschedule. Very poor service.,Tampa,Florida,Commercial,Resolved,,Email,Void,153.1345320069266,2.7
HVAC-2024-01236,Frank Parker,2024-05-25 17:07:00,Boiler,BLR-5000S,The Boiler BLR-5000S smart thermostat keeps disconnecting from WiFi. Cannot control temperature remotely anymore.,Milwaukee,Wisconsin,Residential,Resolved,Multiple issues found: burned-out fan motor. Complete overhaul recommended. Estimate provided to customer. Awaiting approval.,Survey,Active,327.5617002300878,3.1
HVAC-2024-01237,Mary Clark,2024-07-11 13:31:00,Packaged HVAC Unit,PKG-6500E,The Packaged HVAC Unit PKG-6500E is making an extremely loud grinding noise that wakes us up at night. It's been going on for 22 days.,Kansas City,Missouri,Industrial,In Progress,,CRM,Void,83.45229059401144,3.8
HVAC-2025-01238,Ryan Rodriguez,2025-06-09 21:12:00,Smart Thermostat,ST-300Pro,The Smart Thermostat ST-300Pro main board is fried after a power surge. System completely down for our 8-floor office building.,Tucson,Arizona,Industrial,Open,Inspected unit on-site. Found clogged condensate drain. Replaced fan motor. System operational now.,Survey,Void,,3.0
HVAC-2024-01239,Carolyn Lee,2024-07-10 09:45:00,Smart Thermostat,ST-200Eco,Preventive maintenance on our Smart Thermostat ST-200Eco was done poorly. Now the system is short-cycling every 5 minutes.,Albuquerque,New Mexico,Industrial,In Progress,Warranty repair completed. loose electrical connections was covered. Replaced heat exchanger. System tested and operational.,Chat,Active,78.38125504848817,3.4
HVAC-2025-01240,Christopher Thomas,2025-07-15 19:28:00,Rooftop Unit,RTU-10000E,WiFi connectivity issues with Rooftop Unit RTU-10000E for the past 11 weeks. The scheduling feature doesn't work without connectivity.,Denver,Colorado,Industrial,Resolved,Emergency service call. Found frozen evaporator coil. Temporary fix applied. Permanent repair requires fan motor — on backorder.,CRM,Expired,188.14308536699556,2.2
HVAC-2025-01241,Melissa Phillips,2025-12-12 12:29:00,Boiler,BLR-7000E,Our Boiler BLR-7000E makes a clicking sound and then stops cooling. House temp is at 79°F. Children are uncomfortable.,Seattle,Washington,Residential,Escalated,,Phone,Extended,,2.6
HVAC-2024-01242,Janet Nelson,2024-04-02 19:19:00,Central Air Conditioner,CAC-4000S,"Complete system failure of our Central Air Conditioner CAC-4000S. No power, no response, totally dead. Building has no climate control.",Miami,Florida,Residential,Closed,Inspected unit on-site. Found faulty reversing valve. Replaced flame sensor. System operational now.,Email,Expired,63.83844454131235,1.3
HVAC-2025-01243,Christopher Rivera,2025-07-27 13:42:00,Packaged HVAC Unit,PKG-5500Pro,WiFi connectivity issues with Packaged HVAC Unit PKG-5500Pro for the past 5 weeks. The scheduling feature doesn't work without connectivity.,Jacksonville,Florida,Industrial,Closed,Unit is beyond repair. cracked heat exchanger too severe. Recommended full system replacement with high-efficiency FRN-9800HE.,CRM,Active,327.44538349305014,4.2
HVAC-2024-01244,James Cruz,2024-06-02 15:07:00,VRF System,VRF-20000X,Preventive maintenance on our VRF System VRF-20000X was done poorly. Now the system is short-cycling every 3 minutes.,Los Angeles,California,Industrial,Resolved,Emergency service call. Found compressor failure. Temporary fix applied. Permanent repair requires reversing valve — on backorder.,Email,Expired,123.49621719444022,3.4
HVAC-2025-01245,Jeffrey Jones,2025-12-07 22:35:00,Furnace,FRN-8500Elite,Brand new Furnace FRN-8500Elite installed 4 weeks ago cannot maintain temperature below 44°F. Extremely disappointed.,Chicago,Illinois,Residential,Resolved,,Email,Active,145.79589870232192,3.2
HVAC-2024-01246,Nancy Gomez,2024-02-22 12:27:00,Smart Thermostat,ST-700Ultra,We purchased the Smart Thermostat ST-700Ultra 15 months ago and it's already failing to cool. Temperature stuck at 42°F. Unacceptable quality.,Cleveland,Ohio,Residential,Resolved,Unit is beyond repair. refrigerant leak in evaporator coil too severe. Recommended full system replacement with commercial-grade RTU-15000Ultra.,Phone,Expired,119.28161336147087,1.6
HVAC-2024-01247,Nicholas Parker,2024-04-09 11:40:00,Ductless Mini-Split,DMS-900Eco,The Ductless Mini-Split DMS-900Eco has a refrigerant leak. We can smell chemicals and the cooling has stopped. This could be a health hazard.,Denver,Colorado,Commercial,Resolved,Unit is beyond repair. dirty air filter causing restricted airflow too severe. Recommended full system replacement with high-efficiency FRN-9800HE.,Chat,Active,28.39230257831869,1.3
HVAC-2025-01248,George Lee,2025-05-05 19:07:00,Boiler,BLR-7000E,Our Boiler BLR-7000E lost all refrigerant. The system is 36 months old. Suspected manufacturing defect in the line set.,Orlando,Florida,Residential,Resolved,Warranty repair completed. electrical short in wiring harness was covered. Replaced relay switch. System tested and operational.,Service Portal,Active,45.11679045744039,2.0
HVAC-2024-01249,Brian Rodriguez,2024-06-11 18:38:00,Smart Thermostat,ST-500AI,Our annual service contract for Smart Thermostat ST-500AI has not been honored. Three scheduled visits were cancelled without notice.,Detroit,Michigan,Industrial,In Progress,,Email,Active,220.59554795447215,3.0
HVAC-2024-01250,Debra Carter,2024-07-22 08:39:00,Boiler,BLR-7000E,The indoor unit of our Boiler BLR-7000E produces a constant whistling noise. Very annoying and disruptive.,Albuquerque,New Mexico,Residential,In Progress,Performed diagnostics on BLR-7000E. faulty reversing valve detected. Recommended duct sealing and insulation. Customer approved repair.,Phone,Active,258.36050436832704,3.2
HVAC-2024-01251,Ashley Edwards,2024-08-19 20:04:00,Furnace,FRN-8500Elite,Our Furnace FRN-8500Elite makes a clicking sound and then stops cooling. House temp is at 53°F. Children are uncomfortable.,Cleveland,Ohio,Commercial,In Progress,,Survey,Expired,148.27436016991555,2.8
HVAC-2025-01252,John Anderson,2025-11-17 06:21:00,Packaged HVAC Unit,PKG-6500E,The Packaged HVAC Unit PKG-6500E thermostat's geofencing feature stopped working. AC runs all day even when nobody is home. Wasting energy.,Oklahoma City,Oklahoma,Residential,Open,,Phone,Active,,2.1
HVAC-2024-01253,Alexander Hall,2024-05-05 08:10:00,Central Air Conditioner,CAC-2500E,"The CAC-2500E runs continuously without cycling off, leading to massive energy bills. Something is wrong with the efficiency.",Tampa,Florida,Industrial,Closed,Emergency service call. Found clogged condensate drain. Temporary fix applied. Permanent repair requires control board — on backorder.,CRM,Extended,55.29322348442827,2.3
HVAC-2024-01254,Rebecca Gomez,2024-02-08 08:46:00,Ductless Mini-Split,DMS-2400Max,Preventive maintenance on our Ductless Mini-Split DMS-2400Max was done poorly. Now the system is short-cycling every 10 minutes.,Nashville,Tennessee,Commercial,Resolved,,Service Portal,Active,242.6623272873025,4.6
HVAC-2025-01255,Thomas Lewis,2025-02-12 07:33:00,Rooftop Unit,RTU-12000X,Our RTU-12000X has developed a loud rattling sound when it cycles on. The noise level is unbearable and affects our daily life.,Kansas City,Missouri,Residential,Resolved,,Service Portal,Extended,70.32992539206617,4.7
HVAC-2025-01256,Emily Jackson,2025-09-28 22:12:00,Furnace,FRN-6000S,Brand new Furnace FRN-6000S installed 3 weeks ago cannot maintain temperature below 62°F. Extremely disappointed.,Pittsburgh,Pennsylvania,Residential,Closed,Routine inspection revealed thermostat malfunction. Cleaned coils and replaced filters. System performance improved but relay switch showing wear.,Phone,Active,48.49242168584642,3.1
HVAC-2025-01257,Jonathan Clark,2025-12-23 11:08:00,Boiler,BLR-7000E,We chose the Boiler BLR-7000E specifically for its energy star rating but our bills have skyrocketed by 37% this quarter.,Portland,Oregon,Residential,In Progress,Emergency service call. Found corroded heat exchanger. Temporary fix applied. Permanent repair requires flame sensor — on backorder.,CRM,Expired,83.66827071528266,2.8
HVAC-2024-01258,Samuel Torres,2024-11-05 18:42:00,VRF System,VRF-25000Ultra,We've been waiting 16 days for a maintenance appointment for our VRF System VRF-25000Ultra. No callbacks despite multiple requests.,Pittsburgh,Pennsylvania,Residential,Resolved,Customer complaint verified. compressor failure confirmed. Ordered replacement contactor. Follow-up scheduled in 4 days.,Survey,Expired,99.04392855851523,5.0
HVAC-2024-01259,Cynthia Thompson,2024-07-25 07:45:00,VRF System,VRF-20000X,Our electricity bill has increased by 70% since installing the VRF System VRF-20000X. This unit was supposed to be energy efficient.,Chicago,Illinois,Residential,Closed,Unit is beyond repair. cracked heat exchanger too severe. Recommended full system replacement with latest VRF-25000Ultra system.,Phone,Expired,175.04937453646863,2.7
HVAC-2025-01260,Eric Hall,2025-06-16 20:49:00,Heat Pump,HP-2800Plus,The Heat Pump HP-2800Plus makes a high-pitched squealing noise during operation. We cannot sleep or work from home because of it.,New York,New York,Residential,In Progress,Emergency service call. Found blocked condenser coil. Temporary fix applied. Permanent repair requires thermostat — on backorder.,Email,Active,62.07260726690701,2.3
HVAC-2025-01261,Raymond Flores,2025-10-06 06:48:00,Heat Pump,HP-1800Eco,Our Heat Pump HP-1800Eco heating stopped working mid-winter. We have a newborn baby and the temp is 65°F inside. URGENT help needed!,Tampa,Florida,Residential,Closed,,Chat,Extended,93.07926462689497,2.0
HVAC-2025-01262,William Lewis,2025-09-21 20:33:00,Boiler,BLR-8000HE,The BLR-8000HE was installed 11 weeks ago but the installer used the wrong size ducts. System is extremely inefficient now.,Dallas,Texas,Residential,Escalated,Customer complaint verified. cracked heat exchanger confirmed. Ordered replacement drain pan. Follow-up scheduled in 11 days.,Chat,Expired,,4.2
HVAC-2024-01263,Timothy Rivera,2024-05-03 14:29:00,Smart Thermostat,ST-400Plus,Our ST-400Plus failed within the first year and the company is blaming us for the failure. This is clearly a manufacturing defect.,San Francisco,California,Residential,Resolved,,Phone,Expired,173.69955095804642,2.2
HVAC-2025-01264,Justin Garcia,2025-07-22 19:38:00,VRF System,VRF-18000E,Heating failure on our commercial VRF-18000E. Building occupants complaining about 81°F temperatures. Multiple offices affected.,Las Vegas,Nevada,Residential,In Progress,Inspected unit on-site. Found compressor failure. Replaced control board. System operational now.,Email,Active,42.14298549820673,2.0
HVAC-2025-01265,Cynthia Martin,2025-12-12 10:39:00,Air Handler,AH-5000Elite,Scheduled maintenance for Air Handler AH-5000Elite was missed twice. No one contacted us to reschedule. Very poor service.,San Antonio,Texas,Commercial,In Progress,Routine inspection revealed corroded heat exchanger. Cleaned coils and replaced filters. System performance improved but evaporator coil showing wear.,Phone,Void,45.70918558372062,2.4
HVAC-2025-01266,James Stewart,2025-09-18 21:20:00,Heat Pump,HP-3500Elite,The Heat Pump HP-3500Elite thermostat's geofencing feature stopped working. AC runs all day even when nobody is home. Wasting energy.,Las Vegas,Nevada,Residential,Open,Warranty repair completed. faulty reversing valve was covered. Replaced condenser coil. System tested and operational.,Phone,Expired,,2.3
HVAC-2024-01267,Betty Roberts,2024-02-10 13:23:00,Heat Pump,HP-3500Elite,The HP-3500Elite evaporator coil is leaking refrigerant again. This has been repaired twice already. Need a permanent solution.,Kansas City,Missouri,Residential,Resolved,Warranty repair completed. damaged ductwork was covered. Replaced drain pan. System tested and operational.,Phone,Void,7.949308885088644,1.3
HVAC-2024-01268,Debra Carter,2024-03-21 15:51:00,VRF System,VRF-25000Ultra,Our VRF System VRF-25000Ultra lost all refrigerant. The system is 24 months old. Suspected manufacturing defect in the line set.,Memphis,Tennessee,Commercial,In Progress,Warranty repair completed. electrical short in wiring harness was covered. Replaced fan motor. System tested and operational.,Social Media,Expired,115.88595991488243,1.1
HVAC-2025-01269,Dorothy Martinez,2025-08-13 18:13:00,VRF System,VRF-18000E,We purchased the VRF System VRF-18000E 16 months ago and it's already failing to cool. Temperature stuck at 80°F. Unacceptable quality.,Houston,Texas,Residential,Resolved,Emergency service call. Found failed ignition system. Temporary fix applied. Permanent repair requires capacitor — on backorder.,Email,Expired,23.371717586941415,3.5
HVAC-2024-01270,Ronald Cruz,2024-12-20 19:23:00,Central Air Conditioner,CAC-4000S,Banging noises from the ductwork connected to CAC-4000S every time the system starts. Sounds like something is loose inside.,Boston,Massachusetts,Residential,Resolved,,Phone,Extended,111.9441373831357,4.2
HVAC-2024-01271,Charles Rodriguez,2024-01-19 13:13:00,Central Air Conditioner,CAC-2500E,Our new Central Air Conditioner CAC-2500E installation is terrible. The condensate drain was connected wrong and water is leaking into the ceiling.,Chicago,Illinois,Residential,Open,Multiple issues found: frozen evaporator coil. Complete overhaul recommended. Estimate provided to customer. Awaiting approval.,Chat,Active,,3.3
HVAC-2025-01272,Sharon Harris,2025-07-11 11:09:00,Rooftop Unit,RTU-10000E,Our Rooftop Unit RTU-10000E heating stopped working mid-winter. We have a newborn baby and the temp is 42°F inside. URGENT help needed!,Seattle,Washington,Commercial,Resolved,Customer complaint verified. failed ignition system confirmed. Ordered replacement flame sensor. Follow-up scheduled in 14 days.,Phone,Expired,67.65190543121881,2.8
HVAC-2025-01273,Mary Thomas,2025-06-28 21:17:00,Furnace,FRN-7500Pro,AC unit FRN-7500Pro has completely stopped cooling. Thermostat shows 76°F but the system is running constantly. Very frustrated.,Raleigh,North Carolina,Residential,Resolved,Emergency service call. Found low refrigerant charge. Temporary fix applied. Permanent repair requires contactor — on backorder.,Phone,Expired,151.08606637468196,2.0
HVAC-2024-01274,Kimberly Allen,2024-02-11 22:00:00,Smart Thermostat,ST-500AI,The Smart Thermostat ST-500AI main board is fried after a power surge. System completely down for our 8-floor office building.,Chicago,Illinois,Residential,Closed,,Chat,Expired,51.61512626264137,2.2
HVAC-2025-01275,Nicholas Anderson,2025-09-08 12:30:00,Heat Pump,HP-2800Plus,Installation team left a mess and didn't complete the HP-2800Plus installation properly. Wires are exposed and the unit vibrates excessively.,Pittsburgh,Pennsylvania,Industrial,Open,Emergency service call. Found failed control board. Temporary fix applied. Permanent repair requires blower motor — on backorder.,Survey,Void,,4.7
HVAC-2025-01276,Scott Martinez,2025-05-21 06:16:00,Heat Pump,HP-1800Eco,Scheduled maintenance for Heat Pump HP-1800Eco was missed twice. No one contacted us to reschedule. Very poor service.,Jacksonville,Florida,Residential,Resolved,,Chat,Extended,218.44339794579602,3.3
HVAC-2025-01277,Ashley Anderson,2025-08-17 20:51:00,VRF System,VRF-10000S,Heating failure on our commercial VRF-10000S. Building occupants complaining about 53°F temperatures. Multiple offices affected.,San Antonio,Texas,Residential,Resolved,Warranty repair completed. failed control board was covered. Replaced heat exchanger. System tested and operational.,Social Media,Void,104.9068371112676,2.4
HVAC-2024-01278,William Stewart,2024-08-05 13:32:00,VRF System,VRF-18000E,The smart thermostat VRF-18000E is not syncing with the HVAC system. Temperature readings are inaccurate by 8°F.,Charlotte,North Carolina,Residential,Resolved,Warranty repair completed. defective expansion valve was covered. Replaced drain pan. System tested and operational.,Email,Extended,265.62754965693836,4.8
HVAC-2025-01279,Jack Stewart,2025-05-10 07:20:00,Boiler,BLR-7000E,The indoor unit of our Boiler BLR-7000E produces a constant whistling noise. Very annoying and disruptive.,Pittsburgh,Pennsylvania,Residential,In Progress,Routine inspection revealed low refrigerant charge. Cleaned coils and replaced filters. System performance improved but control board showing wear.,Email,Active,142.06992376763145,4.6
HVAC-2024-01280,Stephen Jackson,2024-07-20 18:58:00,Furnace,FRN-7500Pro,We purchased the Furnace FRN-7500Pro 4 months ago and it's already failing to cool. Temperature stuck at 53°F. Unacceptable quality.,Phoenix,Arizona,Residential,Resolved,Multiple issues found: failed ignition system. Complete overhaul recommended. Estimate provided to customer. Awaiting approval.,Survey,Active,81.1930672727269,2.8
HVAC-2025-01281,Brandon Brown,2025-10-01 07:43:00,Boiler,BLR-6500Pro,WiFi connectivity issues with Boiler BLR-6500Pro for the past 1 weeks. The scheduling feature doesn't work without connectivity.,Tampa,Florida,Residential,Resolved,Unit is beyond repair. compressor failure too severe. Recommended full system replacement with commercial-grade RTU-15000Ultra.,Phone,Expired,204.99725934201024,2.5
HVAC-2025-01282,Lisa Scott,2025-09-16 09:04:00,Central Air Conditioner,CAC-4000S,We chose the Central Air Conditioner CAC-4000S specifically for its energy star rating but our bills have skyrocketed by 66% this quarter.,Memphis,Tennessee,Residential,In Progress,Unit is beyond repair. failed control board too severe. Recommended full system replacement with newer CAC-6000Ultra model.,Chat,Extended,245.82959954558441,4.4
HVAC-2025-01283,William Harris,2025-05-05 19:33:00,Smart Thermostat,ST-400Plus,The Smart Thermostat ST-400Plus smart thermostat keeps disconnecting from WiFi. Cannot control temperature remotely anymore.,San Francisco,California,Industrial,Closed,Emergency service call. Found electrical short in wiring harness. Temporary fix applied. Permanent repair requires compressor — on backorder.,Phone,Expired,237.01439785501762,2.1
HVAC-2024-01284,Frank Harris,2024-07-04 15:46:00,Air Handler,AH-3500E,Filed a warranty claim for our AH-3500E 5 months ago. No response from the warranty department despite 11 follow-up calls.,Pittsburgh,Pennsylvania,Residential,Open,Performed diagnostics on AH-3500E. defective expansion valve detected. Recommended electrical rewiring. Customer approved repair.,Email,Expired,,2.3
HVAC-2025-01285,James Green,2025-01-16 21:23:00,Rooftop Unit,RTU-15000Ultra,Our annual service contract for Rooftop Unit RTU-15000Ultra has not been honored. Three scheduled visits were cancelled without notice.,Indianapolis,Indiana,Commercial,Resolved,Emergency service call. Found electrical short in wiring harness. Temporary fix applied. Permanent repair requires heat exchanger — on backorder.,Phone,Void,267.3671508081503,2.9
HVAC-2024-01286,Joseph Williams,2024-06-11 21:32:00,Boiler,BLR-9500Ultra,Our Boiler BLR-9500Ultra lost all refrigerant. The system is 1 months old. Suspected manufacturing defect in the line set.,Tampa,Florida,Commercial,Escalated,Inspected unit on-site. Found electrical short in wiring harness. Replaced igniter. System operational now.,Chat,Active,,1.6
HVAC-2024-01287,Dorothy Garcia,2024-10-11 17:40:00,Heat Pump,HP-1800Eco,The Heat Pump HP-1800Eco smart thermostat keeps disconnecting from WiFi. Cannot control temperature remotely anymore.,Kansas City,Missouri,Industrial,Open,,Chat,Active,,4.0
HVAC-2025-01288,Gregory Lewis,2025-06-20 13:21:00,Packaged HVAC Unit,PKG-9000Ultra,The cooling capacity of our PKG-9000Ultra has dropped significantly. Rooms are at 40°F despite running 24/7. Need immediate service.,Salt Lake City,Utah,Commercial,Resolved,,CRM,Expired,87.01831030138668,1.6
HVAC-2025-01289,Christine Jones,2025-09-28 11:16:00,Air Handler,AH-4500Pro,Our AH-4500Pro smart thermostat firmware update bricked the device. Screen is blank and we can't control our HVAC system at all.,Charlotte,North Carolina,Commercial,Closed,Inspected unit on-site. Found worn compressor bearings. Replaced expansion valve. System operational now.,Chat,Extended,141.48667719700825,4.1
HVAC-2024-01290,Joseph Gomez,2024-07-24 20:03:00,Central Air Conditioner,CAC-2500E,The smart thermostat CAC-2500E is not syncing with the HVAC system. Temperature readings are inaccurate by 5°F.,Pittsburgh,Pennsylvania,Commercial,Closed,,Phone,Expired,12.563013616129176,3.8
HVAC-2025-01291,Nicholas Edwards,2025-04-13 10:23:00,Rooftop Unit,RTU-10000E,"Complete system failure of our Rooftop Unit RTU-10000E. No power, no response, totally dead. Building has no climate control.",Tucson,Arizona,Residential,In Progress,Multiple issues found: refrigerant leak in evaporator coil. Complete overhaul recommended. Estimate provided to customer. Awaiting approval.,Email,Expired,17.01322607757348,1.8
HVAC-2024-01292,Timothy Hernandez,2024-09-15 13:41:00,Furnace,FRN-5500E,Loud buzzing/humming noise coming from the outdoor unit FRN-5500E. Neighbors have complained about the noise level.,Seattle,Washington,Residential,In Progress,,Email,Void,20.07789877927642,2.8
HVAC-2025-01293,Scott Morales,2025-05-09 08:42:00,Packaged HVAC Unit,PKG-4000S,The PKG-4000S furnace is blowing cold air instead of warm. It's 95°F inside and we have elderly family members at home.,Pittsburgh,Pennsylvania,Commercial,Open,Multiple issues found: worn compressor bearings. Complete overhaul recommended. Estimate provided to customer. Awaiting approval.,Phone,Expired,,1.6
HVAC-2024-01294,Dorothy Baker,2024-08-10 19:16:00,Furnace,FRN-9800HE,Extended warranty for Furnace FRN-9800HE was supposed to cover all parts and labor. Now they're saying refrigerant isn't covered.,Charlotte,North Carolina,Residential,In Progress,Warranty repair completed. cracked heat exchanger was covered. Replaced compressor. System tested and operational.,Social Media,Active,70.74040762060942,1.2
HVAC-2024-01295,Emily Thompson,2024-06-28 17:49:00,Rooftop Unit,RTU-8000Pro,Our RTU-8000Pro has developed a loud rattling sound when it cycles on. The noise level is unbearable and affects our daily life.,Detroit,Michigan,Industrial,In Progress,,Email,Void,173.08825809854986,2.2
HVAC-2024-01296,Jeffrey Nguyen,2024-12-05 19:30:00,Boiler,BLR-6500Pro,"The BLR-6500Pro runs continuously without cycling off, leading to massive energy bills. Something is wrong with the efficiency.",Boston,Massachusetts,Residential,In Progress,,CRM,Active,154.66742834755718,4.2
HVAC-2024-01297,Stephanie Evans,2024-05-26 08:12:00,VRF System,VRF-25000Ultra,"Installer damaged our wall and ceiling during VRF System VRF-25000Ultra installation. Also, the system is not balanced — one room is freezing while another is hot.",Raleigh,North Carolina,Residential,Resolved,,Email,Void,139.9975556980088,4.3
HVAC-2025-01298,Janet Gonzalez,2025-07-08 15:02:00,VRF System,VRF-20000X,The VRF-20000X installation crew was unprofessional and left refrigerant lines exposed. System is now leaking refrigerant.,San Francisco,California,Commercial,Resolved,Unit is beyond repair. faulty capacitor too severe. Recommended full system replacement with latest VRF-25000Ultra system.,Phone,Active,56.29927538678174,4.9
HVAC-2025-01299,Gary Young,2025-10-07 08:07:00,Heat Pump,HP-4200Max,The HP-4200Max was installed 3 weeks ago but the installer used the wrong size ducts. System is extremely inefficient now.,Indianapolis,Indiana,Residential,Closed,,CRM,Expired,93.24510539390538,2.3
HVAC-2025-01300,Christopher Diaz,2025-10-28 21:35:00,Heat Pump,HP-1800Eco,The HP-1800Eco furnace is blowing cold air instead of warm. It's 39°F inside and we have elderly family members at home.,St. Louis,Missouri,Residential,Closed,Routine inspection revealed dirty air filter causing restricted airflow. Cleaned coils and replaced filters. System performance improved but capacitor showing wear.,Service Portal,Active,94.2548131416064,3.5
HVAC-2024-01301,Rebecca Mitchell,2024-01-23 22:04:00,Heat Pump,HP-3500Elite,Our Heat Pump HP-3500Elite had a catastrophic compressor failure. Loud bang followed by complete shutdown. Potential safety hazard.,Miami,Florida,Commercial,Resolved,,Chat,Active,114.80986335778915,2.1
HVAC-2025-01302,Amanda Gomez,2025-08-03 14:48:00,Rooftop Unit,RTU-8000Pro,"After the technician visited last week, the RTU-8000Pro still isn't cooling properly. This is our 3rd service call for the same issue.",Los Angeles,California,Commercial,In Progress,,Phone,Extended,29.42882597663434,3.3
HVAC-2024-01303,Sarah Collins,2024-08-08 11:29:00,Central Air Conditioner,CAC-4000S,My Central Air Conditioner model CAC-4000S is not cooling at all. The house temperature is 78°F and it won't go below that. We've been suffering in this heat for 6 days now.,Seattle,Washington,Residential,Closed,,Service Portal,Active,132.68590834359372,1.9
HVAC-2025-01304,Jason Ramirez,2025-06-12 14:29:00,Furnace,FRN-6000S,SEER rating of our Furnace FRN-6000S seems much lower than advertised. Energy consumption is 52% higher than expected.,Richmond,Virginia,Residential,Resolved,,Chat,Extended,64.9734787460726,4.9
HVAC-2024-01305,Alexander Smith,2024-08-24 12:07:00,VRF System,VRF-18000E,Our VRF-18000E has developed a loud rattling sound when it cycles on. The noise level is unbearable and affects our daily life.,Tucson,Arizona,Commercial,Open,Inspected unit on-site. Found compressor failure. Replaced drain pan. System operational now.,CRM,Extended,,5.0
HVAC-2025-01306,Stephanie Robinson,2025-01-06 11:51:00,Ductless Mini-Split,DMS-1800Pro,The DMS-1800Pro furnace is blowing cold air instead of warm. It's 89°F inside and we have elderly family members at home.,Kansas City,Missouri,Residential,Resolved,Inspected unit on-site. Found clogged condensate drain. Replaced condenser coil. System operational now.,Phone,Active,34.60665194238304,3.0
HVAC-2025-01307,Scott Johnson,2025-09-11 20:58:00,Air Handler,AH-3000X,Our Air Handler AH-3000X heating stopped working mid-winter. We have a newborn baby and the temp is 41°F inside. URGENT help needed!,Nashville,Tennessee,Residential,Escalated,,Chat,Expired,,2.6
HVAC-2024-01308,Robert Perez,2024-02-05 11:51:00,Smart Thermostat,ST-200Eco,Brand new Smart Thermostat ST-200Eco installed 11 weeks ago cannot maintain temperature below 89°F. Extremely disappointed.,Louisville,Kentucky,Commercial,Resolved,Warranty repair completed. cracked heat exchanger was covered. Replaced expansion valve. System tested and operational.,Service Portal,Active,71.93096445166674,3.0
HVAC-2025-01309,Shirley Anderson,2025-11-23 17:10:00,Furnace,FRN-7500Pro,The pilot light on our FRN-7500Pro keeps going out. Furnace won't stay on. House temperature dropping to 94°F overnight.,Milwaukee,Wisconsin,Industrial,In Progress,Warranty repair completed. thermostat malfunction was covered. Replaced condenser coil. System tested and operational.,Email,Void,75.68469158538132,3.3
HVAC-2024-01310,Stephanie Adams,2024-01-15 08:59:00,Rooftop Unit,RTU-8000Pro,The Rooftop Unit RTU-8000Pro is making an extremely loud grinding noise that wakes us up at night. It's been going on for 4 days.,Jacksonville,Florida,Industrial,Closed,Routine inspection revealed low refrigerant charge. Cleaned coils and replaced filters. System performance improved but blower motor showing wear.,Phone,Expired,310.43461138143505,4.0
HVAC-2024-01311,Ashley Green,2024-02-15 12:34:00,Smart Thermostat,ST-500AI,The pilot light on our ST-500AI keeps going out. Furnace won't stay on. House temperature dropping to 68°F overnight.,Seattle,Washington,Industrial,Resolved,Inspected unit on-site. Found dirty air filter causing restricted airflow. Replaced control board. System operational now.,Chat,Extended,12.366053877019079,1.8
HVAC-2025-01312,Jacob Green,2025-06-07 14:48:00,Air Handler,AH-2000S,Post-installation inspection revealed that the Air Handler AH-2000S was installed without proper drainage. Basement flooding has occurred.,New York,New York,Residential,Resolved,Warranty repair completed. electrical short in wiring harness was covered. Replaced thermostat. System tested and operational.,Service Portal,Active,24.02516083099348,4.6
HVAC-2025-01313,Andrew Diaz,2025-03-04 16:39:00,Air Handler,AH-5000Elite,Warranty claim for AH-5000Elite was denied citing 'improper installation' even though their own certified technician installed it.,Detroit,Michigan,Residential,Closed,Customer complaint verified. cracked heat exchanger confirmed. Ordered replacement filter drier. Follow-up scheduled in 6 days.,Email,Active,29.198513130280325,2.1
HVAC-2024-01314,Debra Adams,2024-09-21 09:48:00,Ductless Mini-Split,DMS-1800Pro,The DMS-1800Pro furnace is blowing cold air instead of warm. It's 65°F inside and we have elderly family members at home.,Phoenix,Arizona,Industrial,Resolved,Emergency service call. Found defective expansion valve. Temporary fix applied. Permanent repair requires control board — on backorder.,CRM,Active,59.0566099076896,2.4
HVAC-2025-01315,George Walker,2025-08-21 21:15:00,Air Handler,AH-3000X,"The Air Handler AH-3000X was installed incorrectly. Ductwork is leaking air, and the unit was placed in the wrong location.",Salt Lake City,Utah,Commercial,Resolved,Warranty repair completed. frozen evaporator coil was covered. Replaced drain pan. System tested and operational.,Phone,Expired,130.5694765082087,2.5
HVAC-2025-01316,Brian Morris,2025-08-21 06:47:00,Boiler,BLR-5000S,My Boiler model BLR-5000S is not cooling at all. The house temperature is 54°F and it won't go below that. We've been suffering in this heat for 1 days now.,Cleveland,Ohio,Residential,Resolved,,Email,Extended,157.84577380200167,1.6
HVAC-2024-01317,Samantha Carter,2024-08-10 08:27:00,Furnace,FRN-5500E,The Furnace FRN-5500E has a refrigerant leak. We can smell chemicals and the cooling has stopped. This could be a health hazard.,Chicago,Illinois,Residential,In Progress,,Phone,Extended,87.08504375363614,2.8
HVAC-2024-01318,Jason Thomas,2024-03-06 16:24:00,Boiler,BLR-7000E,My Boiler model BLR-7000E is not cooling at all. The house temperature is 70°F and it won't go below that. We've been suffering in this heat for 18 days now.,Albuquerque,New Mexico,Residential,In Progress,Multiple issues found: blocked condenser coil. Complete overhaul recommended. Estimate provided to customer. Awaiting approval.,CRM,Expired,39.12709201226335,3.2
HVAC-2024-01319,Helen Torres,2024-08-20 14:11:00,Boiler,BLR-8000HE,Loud buzzing/humming noise coming from the outdoor unit BLR-8000HE. Neighbors have complained about the noise level.,Miami,Florida,Residential,In Progress,Warranty repair completed. damaged ductwork was covered. Replaced evaporator coil. System tested and operational.,Email,Active,221.0303992531051,3.4
HVAC-2025-01320,William Walker,2025-03-15 10:14:00,Central Air Conditioner,CAC-2500E,AC unit CAC-2500E has completely stopped cooling. Thermostat shows 80°F but the system is running constantly. Very frustrated.,Louisville,Kentucky,Commercial,Open,Emergency service call. Found dirty air filter causing restricted airflow. Temporary fix applied. Permanent repair requires blower motor — on backorder.,Service Portal,Extended,,2.7
HVAC-2024-01321,Alexander Stewart,2024-03-27 10:11:00,Heat Pump,HP-2200DX,The heat pump HP-2200DX is not providing adequate heating. House is at 79°F despite thermostat set to 72°F. Very concerned about pipes freezing.,Seattle,Washington,Industrial,Closed,Unit is beyond repair. failed ignition system too severe. Recommended full system replacement with newer CAC-6000Ultra model.,Chat,Extended,63.79926264887948,2.1
HVAC-2024-01322,Laura Rodriguez,2024-02-04 19:52:00,VRF System,VRF-25000Ultra,We purchased the VRF System VRF-25000Ultra 7 months ago and it's already failing to cool. Temperature stuck at 75°F. Unacceptable quality.,Buffalo,New York,Residential,Resolved,,Phone,Active,167.26425266856057,2.7
HVAC-2025-01323,Mary Adams,2025-06-19 14:25:00,VRF System,VRF-15000Pro,The VRF System VRF-15000Pro is making an extremely loud grinding noise that wakes us up at night. It's been going on for 27 days.,Boston,Massachusetts,Residential,Resolved,Emergency service call. Found electrical short in wiring harness. Temporary fix applied. Permanent repair requires control board — on backorder.,Email,Expired,168.15507424924425,5.0
HVAC-2024-01324,Amanda Morales,2024-08-17 16:03:00,Smart Thermostat,ST-700Ultra,Our Smart Thermostat ST-700Ultra lost all refrigerant. The system is 9 months old. Suspected manufacturing defect in the line set.,Minneapolis,Minnesota,Commercial,Resolved,,Email,Expired,67.29335965308876,1.3
HVAC-2024-01325,Emma Nelson,2024-11-21 18:13:00,Ductless Mini-Split,DMS-2400Max,The Ductless Mini-Split DMS-2400Max smart thermostat keeps disconnecting from WiFi. Cannot control temperature remotely anymore.,Seattle,Washington,Residential,Resolved,,Service Portal,Expired,236.60348211677393,5.0
HVAC-2024-01326,Jennifer Morris,2024-07-01 19:06:00,Ductless Mini-Split,DMS-1200Q,Banging noises from the ductwork connected to DMS-1200Q every time the system starts. Sounds like something is loose inside.,Richmond,Virginia,Commercial,Closed,Customer complaint verified. faulty reversing valve confirmed. Ordered replacement compressor. Follow-up scheduled in 14 days.,CRM,Active,309.6097034939417,3.6
HVAC-2024-01327,Janet Jones,2024-10-11 13:24:00,Heat Pump,HP-4200Max,AC unit HP-4200Max has completely stopped cooling. Thermostat shows 91°F but the system is running constantly. Very frustrated.,Tucson,Arizona,Commercial,Open,Multiple issues found: thermostat malfunction. Complete overhaul recommended. Estimate provided to customer. Awaiting approval.,Phone,Expired,,3.3
HVAC-2024-01328,William Mitchell,2024-12-27 20:16:00,Boiler,BLR-7000E,Preventive maintenance on our Boiler BLR-7000E was done poorly. Now the system is short-cycling every 7 minutes.,Tampa,Florida,Industrial,Open,Routine inspection revealed damaged ductwork. Cleaned coils and replaced filters. System performance improved but igniter showing wear.,Email,Active,,3.1
HVAC-2024-01329,Benjamin Morris,2024-04-03 13:56:00,Smart Thermostat,ST-200Eco,R-410A refrigerant leak detected in ST-200Eco. Cooling performance has degraded and we're worried about environmental impact.,Nashville,Tennessee,Industrial,Open,,CRM,Active,,1.1
HVAC-2024-01330,Ronald Diaz,2024-07-10 20:22:00,Heat Pump,HP-1800Eco,The cooling capacity of our HP-1800Eco has dropped significantly. Rooms are at 65°F despite running 24/7. Need immediate service.,Boston,Massachusetts,Residential,Open,Unit is beyond repair. damaged ductwork too severe. Recommended full system replacement with latest VRF-25000Ultra system.,Service Portal,Expired,,3.2
HVAC-2024-01331,Amy Allen,2024-07-12 16:38:00,Boiler,BLR-9500Ultra,My Boiler model BLR-9500Ultra is not cooling at all. The house temperature is 43°F and it won't go below that. We've been suffering in this heat for 7 days now.,Houston,Texas,Residential,Open,Unit is beyond repair. low refrigerant charge too severe. Recommended full system replacement with newer CAC-6000Ultra model.,Service Portal,Expired,,3.2
HVAC-2025-01332,Nicole White,2025-05-04 19:32:00,Air Handler,AH-2000S,Brand new Air Handler AH-2000S installed 4 weeks ago cannot maintain temperature below 89°F. Extremely disappointed.,Nashville,Tennessee,Industrial,In Progress,Warranty repair completed. dirty air filter causing restricted airflow was covered. Replaced drain pan. System tested and operational.,Chat,Active,128.81712185986373,2.8
HVAC-2024-01333,Michelle Roberts,2024-12-23 14:58:00,Packaged HVAC Unit,PKG-7000X,The heat pump PKG-7000X is not providing adequate heating. House is at 49°F despite thermostat set to 72°F. Very concerned about pipes freezing.,San Antonio,Texas,Industrial,Closed,Warranty repair completed. blocked condenser coil was covered. Replaced evaporator coil. System tested and operational.,Chat,Active,106.9103062196524,2.6
HVAC-2024-01334,Jason Taylor,2024-07-15 22:02:00,Rooftop Unit,RTU-15000Ultra,The Rooftop Unit RTU-15000Ultra makes a high-pitched squealing noise during operation. We cannot sleep or work from home because of it.,Orlando,Florida,Residential,Closed,Unit is beyond repair. defective expansion valve too severe. Recommended full system replacement with commercial-grade RTU-15000Ultra.,Email,Expired,288.4409288799052,3.4
HVAC-2024-01335,Kenneth Anderson,2024-06-04 20:27:00,VRF System,VRF-10000S,The VRF System VRF-10000S parts warranty should cover this repair but the dealer says it's a labor issue. Total runaround for 7 weeks.,Cincinnati,Ohio,Residential,Closed,Emergency service call. Found low refrigerant charge. Temporary fix applied. Permanent repair requires evaporator coil — on backorder.,Phone,Extended,145.91097002226212,2.3
HVAC-2024-01336,Jonathan Adams,2024-12-23 08:23:00,Smart Thermostat,ST-200Eco,We purchased the Smart Thermostat ST-200Eco 27 months ago and it's already failing to cool. Temperature stuck at 88°F. Unacceptable quality.,Columbus,Ohio,Industrial,In Progress,Inspected unit on-site. Found low refrigerant charge. Replaced refrigerant line set. System operational now.,Phone,Expired,132.6151835756696,2.9
HVAC-2025-01337,Larry Baker,2025-08-27 19:13:00,Smart Thermostat,ST-300Pro,Our new Smart Thermostat ST-300Pro installation is terrible. The condensate drain was connected wrong and water is leaking into the ceiling.,Portland,Oregon,Commercial,Resolved,,Service Portal,Active,152.36788389970718,3.0
HVAC-2025-01338,Sharon Flores,2025-09-27 18:01:00,Central Air Conditioner,CAC-4000S,The CAC-4000S control board has failed. The entire system is non-functional. We have a commercial building full of employees with no AC.,Portland,Oregon,Residential,Resolved,Warranty repair completed. refrigerant leak in evaporator coil was covered. Replaced relay switch. System tested and operational.,Chat,Active,77.0741088249777,2.6
HVAC-2025-01339,Daniel Baker,2025-07-10 08:37:00,Furnace,FRN-5500E,Our Furnace FRN-5500E heating stopped working mid-winter. We have a newborn baby and the temp is 50°F inside. URGENT help needed!,Denver,Colorado,Residential,Closed,Warranty repair completed. faulty reversing valve was covered. Replaced filter drier. System tested and operational.,Email,Active,102.83452481545399,2.9
HVAC-2025-01340,Daniel Scott,2025-03-27 06:09:00,Smart Thermostat,ST-500AI,Scheduled maintenance for Smart Thermostat ST-500AI was missed twice. No one contacted us to reschedule. Very poor service.,San Francisco,California,Industrial,Resolved,Inspected unit on-site. Found defective expansion valve. Replaced capacitor. System operational now.,Phone,Extended,149.76029631751464,4.6
HVAC-2024-01341,Larry Davis,2024-07-09 19:58:00,Heat Pump,HP-2800Plus,Scheduled maintenance for Heat Pump HP-2800Plus was missed twice. No one contacted us to reschedule. Very poor service.,Indianapolis,Indiana,Commercial,Open,Inspected unit on-site. Found failed control board. Replaced fan motor. System operational now.,Phone,Active,,4.5
HVAC-2025-01342,Daniel Edwards,2025-06-24 21:15:00,VRF System,VRF-10000S,Electrical failure in VRF-10000S. Circuit breaker keeps tripping. Possible fire hazard. Need emergency service immediately.,San Antonio,Texas,Commercial,Resolved,Multiple issues found: frozen evaporator coil. Complete overhaul recommended. Estimate provided to customer. Awaiting approval.,Email,Expired,3.1479820335113877,3.0
HVAC-2025-01343,Emma Walker,2025-08-28 15:43:00,Furnace,FRN-9800HE,The FRN-9800HE was installed 7 weeks ago but the installer used the wrong size ducts. System is extremely inefficient now.,Oklahoma City,Oklahoma,Residential,Resolved,,Email,Expired,79.66419074696731,4.1
HVAC-2024-01344,Timothy Green,2024-06-02 15:01:00,Rooftop Unit,RTU-10000E,Integration between RTU-10000E and our home automation system broke after the last update. None of the smart features work now.,Tucson,Arizona,Residential,Closed,,Survey,Expired,292.11362596974254,4.9
HVAC-2024-01345,Kenneth Brown,2024-09-15 07:59:00,Packaged HVAC Unit,PKG-7000X,The pilot light on our PKG-7000X keeps going out. Furnace won't stay on. House temperature dropping to 69°F overnight.,New York,New York,Residential,Resolved,Warranty repair completed. faulty capacitor was covered. Replaced fan motor. System tested and operational.,Service Portal,Active,48.68761357812633,3.1
HVAC-2025-01346,Alexander Cruz,2025-12-09 12:05:00,Ductless Mini-Split,DMS-900Eco,We purchased the Ductless Mini-Split DMS-900Eco 6 months ago and it's already failing to cool. Temperature stuck at 95°F. Unacceptable quality.,Tucson,Arizona,Residential,Closed,Emergency service call. Found defective expansion valve. Temporary fix applied. Permanent repair requires capacitor — on backorder.,CRM,Void,5.11712648213793,3.4
HVAC-2024-01347,Emma Diaz,2024-08-28 11:46:00,Ductless Mini-Split,DMS-1800Pro,Heating failure on our commercial DMS-1800Pro. Building occupants complaining about 89°F temperatures. Multiple offices affected.,Nashville,Tennessee,Residential,Open,,Phone,Expired,,3.2
HVAC-2024-01348,Karen Morris,2024-11-03 09:36:00,Central Air Conditioner,CAC-5000Pro,Our Central Air Conditioner CAC-5000Pro lost all refrigerant. The system is 6 months old. Suspected manufacturing defect in the line set.,Orlando,Florida,Commercial,Closed,Inspected unit on-site. Found refrigerant leak in evaporator coil. Replaced blower motor. System operational now.,Service Portal,Extended,49.96045250339759,2.7
HVAC-2025-01349,Janet Morales,2025-03-28 14:48:00,Ductless Mini-Split,DMS-900Eco,The indoor unit of our Ductless Mini-Split DMS-900Eco produces a constant whistling noise. Very annoying and disruptive.,Las Vegas,Nevada,Residential,Closed,Multiple issues found: defective expansion valve. Complete overhaul recommended. Estimate provided to customer. Awaiting approval.,Social Media,Expired,144.1302117128207,2.3
HVAC-2024-01350,Carol Garcia,2024-01-19 21:42:00,Packaged HVAC Unit,PKG-7000X,Our PKG-7000X compressor makes a terrible clicking and vibrating noise. It gets worse at night. Multiple complaints from family.,Sacramento,California,Residential,Resolved,,Chat,Expired,250.0695407679367,3.1
HVAC-2025-01351,Patrick Anderson,2025-03-25 11:26:00,Packaged HVAC Unit,PKG-7000X,Our Packaged HVAC Unit PKG-7000X heating stopped working mid-winter. We have a newborn baby and the temp is 95°F inside. URGENT help needed!,Oklahoma City,Oklahoma,Residential,Resolved,Inspected unit on-site. Found low refrigerant charge. Replaced capacitor. System operational now.,Service Portal,Active,18.871586815005664,1.6
HVAC-2024-01352,John Brown,2024-07-20 20:25:00,Central Air Conditioner,CAC-4000S,"After annual maintenance, our Central Air Conditioner CAC-4000S stopped heating. Now at 80°F. This was working fine before the tech came.",Raleigh,North Carolina,Commercial,Resolved,,Email,Active,56.16081104013712,1.7
HVAC-2025-01353,Stephen Robinson,2025-07-16 21:51:00,Air Handler,AH-3000X,The Air Handler AH-3000X smart thermostat keeps disconnecting from WiFi. Cannot control temperature remotely anymore.,Miami,Florida,Residential,Resolved,Routine inspection revealed low refrigerant charge. Cleaned coils and replaced filters. System performance improved but flame sensor showing wear.,Social Media,Expired,60.25760851702724,4.5
HVAC-2024-01354,Jack Brown,2024-08-06 07:22:00,Heat Pump,HP-1800Eco,The heat pump HP-1800Eco is not providing adequate heating. House is at 38°F despite thermostat set to 72°F. Very concerned about pipes freezing.,Cincinnati,Ohio,Commercial,In Progress,Emergency service call. Found cracked heat exchanger. Temporary fix applied. Permanent repair requires refrigerant line set — on backorder.,Phone,Expired,105.63426853152983,2.3
HVAC-2025-01355,Jessica Gomez,2025-09-23 13:29:00,Furnace,FRN-6000S,"After the technician visited last week, the FRN-6000S still isn't cooling properly. This is our 3rd service call for the same issue.",Las Vegas,Nevada,Residential,Resolved,Warranty repair completed. refrigerant leak in evaporator coil was covered. Replaced fan motor. System tested and operational.,Email,Active,148.79195334114647,1.7
HVAC-2024-01356,Brandon Cruz,2024-10-06 16:55:00,Air Handler,AH-3000X,The AH-3000X was installed 10 weeks ago but the installer used the wrong size ducts. System is extremely inefficient now.,Charlotte,North Carolina,Residential,Escalated,Emergency service call. Found dirty air filter causing restricted airflow. Temporary fix applied. Permanent repair requires filter drier — on backorder.,Service Portal,Void,,2.8
HVAC-2024-01357,Alexander Murphy,2024-05-28 13:01:00,Boiler,BLR-6500Pro,Preventive maintenance on our Boiler BLR-6500Pro was done poorly. Now the system is short-cycling every 3 minutes.,Phoenix,Arizona,Residential,Open,Unit is beyond repair. dirty air filter causing restricted airflow too severe. Recommended full system replacement with commercial-grade RTU-15000Ultra.,Social Media,Active,,3.2
HVAC-2024-01358,Matthew Smith,2024-10-09 21:00:00,Air Handler,AH-2000S,Extended warranty for Air Handler AH-2000S was supposed to cover all parts and labor. Now they're saying refrigerant isn't covered.,Minneapolis,Minnesota,Residential,Resolved,,Phone,Extended,147.5485308038174,1.6
HVAC-2025-01359,Mark White,2025-09-06 21:19:00,Central Air Conditioner,CAC-2500E,Our CAC-2500E is supposed to be a high-efficiency unit but we're paying more than with our old system. Very misleading marketing.,Houston,Texas,Residential,Resolved,,Chat,Extended,153.7672123143468,3.0
HVAC-2025-01360,Patricia Rivera,2025-07-01 17:07:00,Furnace,FRN-5500E,Our Furnace FRN-5500E makes a clicking sound and then stops cooling. House temp is at 42°F. Children are uncomfortable.,San Francisco,California,Industrial,Resolved,,Social Media,Extended,108.15690490473992,1.7
HVAC-2025-01361,Anthony Miller,2025-02-18 14:28:00,Packaged HVAC Unit,PKG-7000X,Our PKG-7000X thermostat app shows 'Device Offline' constantly. Have reset the router and thermostat multiple times.,Seattle,Washington,Residential,Escalated,Emergency service call. Found loose electrical connections. Temporary fix applied. Permanent repair requires thermostat — on backorder.,Phone,Expired,,3.1
HVAC-2025-01362,Brian Harris,2025-01-18 08:36:00,Central Air Conditioner,CAC-2500E,The Central Air Conditioner CAC-2500E makes a high-pitched squealing noise during operation. We cannot sleep or work from home because of it.,Seattle,Washington,Industrial,Resolved,,Phone,Active,105.57356092393718,4.9
HVAC-2025-01363,Eric Walker,2025-07-25 13:15:00,Packaged HVAC Unit,PKG-9000Ultra,The cooling capacity of our PKG-9000Ultra has dropped significantly. Rooms are at 61°F despite running 24/7. Need immediate service.,Miami,Florida,Residential,Open,Emergency service call. Found faulty capacitor. Temporary fix applied. Permanent repair requires relay switch — on backorder.,Phone,Extended,,1.9
HVAC-2025-01364,Janet Turner,2025-12-14 22:19:00,VRF System,VRF-10000S,My VRF System model VRF-10000S is not cooling at all. The house temperature is 87°F and it won't go below that. We've been suffering in this heat for 5 days now.,Memphis,Tennessee,Residential,Resolved,,Phone,Active,30.271527320994753,2.1
HVAC-2024-01365,Susan Smith,2024-07-20 11:18:00,Ductless Mini-Split,DMS-2400Max,The Ductless Mini-Split DMS-2400Max main board is fried after a power surge. System completely down for our 3-floor office building.,Memphis,Tennessee,Residential,Resolved,,Email,Active,83.70275958492346,1.8
HVAC-2024-01366,Robert Diaz,2024-08-06 21:37:00,Air Handler,AH-4500Pro,The maintenance technician for our AH-4500Pro didn't bring the right parts and left the job incomplete. Still waiting for resolution.,Las Vegas,Nevada,Residential,Closed,,Email,Expired,95.33303591458449,3.0
HVAC-2025-01367,Jonathan Young,2025-07-24 14:16:00,Heat Pump,HP-4200Max,"Installer damaged our wall and ceiling during Heat Pump HP-4200Max installation. Also, the system is not balanced — one room is freezing while another is hot.",Louisville,Kentucky,Industrial,Resolved,Emergency service call. Found damaged ductwork. Temporary fix applied. Permanent repair requires relay switch — on backorder.,Phone,Extended,159.06197610917016,4.7
HVAC-2025-01368,Samuel Nelson,2025-12-21 15:14:00,Air Handler,AH-2000S,"After annual maintenance, our Air Handler AH-2000S stopped heating. Now at 82°F. This was working fine before the tech came.",Houston,Texas,Residential,Resolved,Unit is beyond repair. cracked heat exchanger too severe. Recommended full system replacement with high-efficiency FRN-9800HE.,Phone,Expired,54.52552485344173,1.8
HVAC-2024-01369,Betty Anderson,2024-10-27 21:42:00,Ductless Mini-Split,DMS-2400Max,Our electricity bill has increased by 17% since installing the Ductless Mini-Split DMS-2400Max. This unit was supposed to be energy efficient.,Sacramento,California,Residential,Open,Emergency service call. Found faulty reversing valve. Temporary fix applied. Permanent repair requires condenser coil — on backorder.,Email,Expired,,2.8
HVAC-2025-01370,Gary Green,2025-04-09 06:48:00,Rooftop Unit,RTU-8000Pro,The RTU-8000Pro was installed 6 weeks ago but the installer used the wrong size ducts. System is extremely inefficient now.,Denver,Colorado,Residential,Resolved,,Email,Active,23.162448245163176,3.8
HVAC-2025-01371,Susan Robinson,2025-08-06 10:45:00,Smart Thermostat,ST-300Pro,The Smart Thermostat ST-300Pro parts warranty should cover this repair but the dealer says it's a labor issue. Total runaround for 3 weeks.,Raleigh,North Carolina,Residential,In Progress,,Email,Active,111.1342711181236,2.2
HVAC-2025-01372,Brenda Flores,2025-08-06 19:57:00,Boiler,BLR-6500Pro,"Installer damaged our wall and ceiling during Boiler BLR-6500Pro installation. Also, the system is not balanced — one room is freezing while another is hot.",Salt Lake City,Utah,Industrial,Open,Unit is beyond repair. burned-out fan motor too severe. Recommended full system replacement with latest VRF-25000Ultra system.,Email,Active,,3.7
HVAC-2024-01373,Michelle Baker,2024-09-10 07:36:00,Heat Pump,HP-1800Eco,Heating system HP-1800Eco fails to ignite. We've tried resetting multiple times. Temperature is dangerously low at 64°F.,Atlanta,Georgia,Residential,Resolved,Unit is beyond repair. cracked heat exchanger too severe. Recommended full system replacement with commercial-grade RTU-15000Ultra.,Email,Active,80.58880333572333,3.2
HVAC-2024-01374,Ronald Mitchell,2024-05-11 22:59:00,Ductless Mini-Split,DMS-1200Q,The Ductless Mini-Split DMS-1200Q has a refrigerant leak. We can smell chemicals and the cooling has stopped. This could be a health hazard.,Memphis,Tennessee,Commercial,Escalated,,Phone,Extended,,1.2
HVAC-2024-01375,Sharon Rivera,2024-04-15 19:58:00,Air Handler,AH-3500E,My Air Handler AH-3500E compressor failed after 29 months. Company refusing to honor the 10-year warranty claim.,Nashville,Tennessee,Residential,Escalated,Inspected unit on-site. Found burned-out fan motor. Replaced flame sensor. System operational now.,Chat,Extended,,1.2
HVAC-2025-01376,Lisa Robinson,2025-06-11 11:03:00,Smart Thermostat,ST-300Pro,The cooling capacity of our ST-300Pro has dropped significantly. Rooms are at 69°F despite running 24/7. Need immediate service.,Nashville,Tennessee,Commercial,Resolved,Multiple issues found: loose electrical connections. Complete overhaul recommended. Estimate provided to customer. Awaiting approval.,CRM,Active,133.45566339914674,2.6
HVAC-2025-01377,Ronald Scott,2025-08-16 15:56:00,Heat Pump,HP-4200Max,The cooling capacity of our HP-4200Max has dropped significantly. Rooms are at 84°F despite running 24/7. Need immediate service.,Las Vegas,Nevada,Residential,Closed,Emergency service call. Found failed control board. Temporary fix applied. Permanent repair requires thermostat — on backorder.,Email,Expired,46.93980708980276,2.8
HVAC-2024-01378,Nicole Stewart,2024-12-19 13:04:00,Boiler,BLR-6500Pro,Our Boiler BLR-6500Pro lost all refrigerant. The system is 14 months old. Suspected manufacturing defect in the line set.,Kansas City,Missouri,Commercial,Open,Inspected unit on-site. Found refrigerant leak in evaporator coil. Replaced refrigerant line set. System operational now.,Phone,Active,,1.7
HVAC-2024-01379,Robert Turner,2024-06-21 10:49:00,Central Air Conditioner,CAC-5000Pro,Our Central Air Conditioner CAC-5000Pro had a catastrophic compressor failure. Loud bang followed by complete shutdown. Potential safety hazard.,Seattle,Washington,Residential,Closed,Routine inspection revealed failed control board. Cleaned coils and replaced filters. System performance improved but reversing valve showing wear.,Phone,Expired,57.15297899864361,1.1
HVAC-2024-01380,Angela Hernandez,2024-12-05 22:10:00,Ductless Mini-Split,DMS-1200Q,Our DMS-1200Q failed within the first year and the company is blaming us for the failure. This is clearly a manufacturing defect.,Dallas,Texas,Commercial,Escalated,Multiple issues found: blocked condenser coil. Complete overhaul recommended. Estimate provided to customer. Awaiting approval.,Phone,Active,,2.5
HVAC-2024-01381,Jason Nelson,2024-06-13 12:11:00,Packaged HVAC Unit,PKG-4000S,The heat pump PKG-4000S is not providing adequate heating. House is at 87°F despite thermostat set to 72°F. Very concerned about pipes freezing.,Tucson,Arizona,Residential,Closed,,Social Media,Extended,105.53419296891741,1.9
HVAC-2025-01382,Eric Hill,2025-12-16 16:10:00,Central Air Conditioner,CAC-4000S,"Installer damaged our wall and ceiling during Central Air Conditioner CAC-4000S installation. Also, the system is not balanced — one room is freezing while another is hot.",Los Angeles,California,Commercial,Resolved,,CRM,Active,96.7768284388507,2.3
HVAC-2025-01383,Amy Gonzalez,2025-06-04 16:38:00,Packaged HVAC Unit,PKG-7000X,The indoor unit of our Packaged HVAC Unit PKG-7000X produces a constant whistling noise. Very annoying and disruptive.,Pittsburgh,Pennsylvania,Residential,Resolved,Performed diagnostics on PKG-7000X. dirty air filter causing restricted airflow detected. Recommended full system replacement. Customer approved repair.,Phone,Extended,186.23372257221644,4.2
HVAC-2024-01384,Larry Rivera,2024-06-05 09:51:00,Smart Thermostat,ST-300Pro,Our ST-300Pro has developed a loud rattling sound when it cycles on. The noise level is unbearable and affects our daily life.,Houston,Texas,Commercial,Escalated,Unit is beyond repair. clogged condensate drain too severe. Recommended full system replacement with latest VRF-25000Ultra system.,Phone,Expired,,3.8
HVAC-2025-01385,Andrew Roberts,2025-10-20 12:10:00,Rooftop Unit,RTU-6000S,My Rooftop Unit RTU-6000S compressor failed after 23 months. Company refusing to honor the 15-year warranty claim.,Buffalo,New York,Residential,Resolved,Customer complaint verified. blocked condenser coil confirmed. Ordered replacement compressor. Follow-up scheduled in 7 days.,CRM,Active,293.68575375953117,2.4
HVAC-2024-01386,Gregory Roberts,2024-08-10 15:16:00,Furnace,FRN-8500Elite,Our FRN-8500Elite smart thermostat firmware update bricked the device. Screen is blank and we can't control our HVAC system at all.,St. Louis,Missouri,Residential,Escalated,Warranty repair completed. burned-out fan motor was covered. Replaced compressor. System tested and operational.,Phone,Expired,,2.8
HVAC-2025-01387,Barbara Parker,2025-05-02 16:43:00,Packaged HVAC Unit,PKG-5500Pro,The cooling capacity of our PKG-5500Pro has dropped significantly. Rooms are at 38°F despite running 24/7. Need immediate service.,Denver,Colorado,Industrial,In Progress,,Phone,Void,133.61043361578086,3.4
HVAC-2024-01388,Amanda Collins,2024-06-03 16:03:00,Central Air Conditioner,CAC-4000S,Our new Central Air Conditioner CAC-4000S installation is terrible. The condensate drain was connected wrong and water is leaking into the ceiling.,Charlotte,North Carolina,Residential,Closed,,Survey,Active,34.40050056817132,4.0
HVAC-2024-01389,Rachel Morales,2024-05-26 10:15:00,Packaged HVAC Unit,PKG-4000S,Loud buzzing/humming noise coming from the outdoor unit PKG-4000S. Neighbors have complained about the noise level.,Portland,Oregon,Residential,Escalated,Customer complaint verified. refrigerant leak in evaporator coil confirmed. Ordered replacement igniter. Follow-up scheduled in 2 days.,CRM,Expired,,2.4
HVAC-2025-01390,Linda Morris,2025-07-23 22:04:00,Air Handler,AH-3000X,Preventive maintenance on our Air Handler AH-3000X was done poorly. Now the system is short-cycling every 9 minutes.,Raleigh,North Carolina,Residential,In Progress,,Service Portal,Extended,131.9287237267925,3.1
HVAC-2025-01391,Karen Martin,2025-02-14 20:02:00,Central Air Conditioner,CAC-4000S,"After the technician visited last week, the CAC-4000S still isn't cooling properly. This is our 3rd service call for the same issue.",Pittsburgh,Pennsylvania,Industrial,Resolved,Warranty repair completed. failed ignition system was covered. Replaced drain pan. System tested and operational.,Phone,Expired,105.00557378613455,3.2
HVAC-2025-01392,John Cruz,2025-06-18 19:11:00,Rooftop Unit,RTU-8000Pro,Scheduled maintenance for Rooftop Unit RTU-8000Pro was missed twice. No one contacted us to reschedule. Very poor service.,Tucson,Arizona,Industrial,Closed,Performed diagnostics on RTU-8000Pro. damaged ductwork detected. Recommended refrigerant recharge. Customer approved repair.,Phone,Expired,12.004939662281389,4.3
HVAC-2024-01393,Laura Hernandez,2024-04-18 11:18:00,Smart Thermostat,ST-700Ultra,Brand new Smart Thermostat ST-700Ultra installed 1 weeks ago cannot maintain temperature below 90°F. Extremely disappointed.,Milwaukee,Wisconsin,Residential,Resolved,Customer complaint verified. thermostat malfunction confirmed. Ordered replacement heat exchanger. Follow-up scheduled in 9 days.,CRM,Extended,137.34805968045717,2.8
HVAC-2024-01394,Andrew King,2024-02-23 13:24:00,Smart Thermostat,ST-500AI,Banging noises from the ductwork connected to ST-500AI every time the system starts. Sounds like something is loose inside.,Cincinnati,Ohio,Commercial,Open,Customer complaint verified. failed control board confirmed. Ordered replacement control board. Follow-up scheduled in 12 days.,Service Portal,Expired,,4.2
HVAC-2024-01395,Elizabeth Nguyen,2024-12-14 07:01:00,Smart Thermostat,ST-400Plus,The Smart Thermostat (ST-400Plus) stopped providing cold air yesterday. It's blowing warm air instead. Our office is unbearable at 59°F.,Cleveland,Ohio,Residential,Closed,,Service Portal,Active,73.33036133353319,3.3
HVAC-2025-01396,Kathleen Thompson,2025-09-18 10:17:00,Heat Pump,HP-4200Max,"After annual maintenance, our Heat Pump HP-4200Max stopped heating. Now at 93°F. This was working fine before the tech came.",Phoenix,Arizona,Residential,Resolved,Unit is beyond repair. defective expansion valve too severe. Recommended full system replacement with high-efficiency FRN-9800HE.,Email,Expired,117.04641906070128,2.1
HVAC-2024-01397,Mary Moore,2024-06-20 14:37:00,Central Air Conditioner,CAC-3000X,The heat pump CAC-3000X is not providing adequate heating. House is at 41°F despite thermostat set to 72°F. Very concerned about pipes freezing.,Indianapolis,Indiana,Industrial,Closed,Performed diagnostics on CAC-3000X. burned-out fan motor detected. Recommended duct sealing and insulation. Customer approved repair.,Phone,Active,72.69187789831669,1.6
HVAC-2024-01398,James Thomas,2024-02-08 17:47:00,Air Handler,AH-4500Pro,Warranty claim for AH-4500Pro was denied citing 'improper installation' even though their own certified technician installed it.,Columbus,Ohio,Residential,Resolved,,Phone,Extended,37.980299465817836,1.8
HVAC-2024-01399,Christopher Gonzalez,2024-08-04 20:20:00,Smart Thermostat,ST-200Eco,"After the technician visited last week, the ST-200Eco still isn't cooling properly. This is our 3rd service call for the same issue.",Boston,Massachusetts,Commercial,Open,Emergency service call. Found defective expansion valve. Temporary fix applied. Permanent repair requires flame sensor — on backorder.,Service Portal,Active,,2.0
HVAC-2024-01400,Jack Hall,2024-08-10 22:10:00,VRF System,VRF-25000Ultra,Integration between VRF-25000Ultra and our home automation system broke after the last update. None of the smart features work now.,Cleveland,Ohio,Industrial,Open,Inspected unit on-site. Found cracked heat exchanger. Replaced reversing valve. System operational now.,CRM,Expired,,2.6
HVAC-2024-01401,William Mitchell,2024-07-14 10:48:00,Furnace,FRN-5500E,Installation team left a mess and didn't complete the FRN-5500E installation properly. Wires are exposed and the unit vibrates excessively.,Los Angeles,California,Industrial,Resolved,Unit is beyond repair. compressor failure too severe. Recommended full system replacement with high-efficiency FRN-9800HE.,Service Portal,Void,65.21719461133412,2.1
HVAC-2025-01402,Alexander Martin,2025-07-01 22:01:00,Furnace,FRN-8500Elite,Our Furnace FRN-8500Elite stopped heating entirely during the coldest week of winter. Indoor temp dropped to 87°F. This is a safety concern.,Sacramento,California,Residential,In Progress,Emergency service call. Found defective expansion valve. Temporary fix applied. Permanent repair requires fan motor — on backorder.,Service Portal,Expired,119.56001051426091,3.1
HVAC-2024-01403,Jessica Clark,2024-02-26 14:49:00,Ductless Mini-Split,DMS-1500S,"The DMS-1500S runs continuously without cycling off, leading to massive energy bills. Something is wrong with the efficiency.",Raleigh,North Carolina,Commercial,Resolved,Customer complaint verified. corroded heat exchanger confirmed. Ordered replacement igniter. Follow-up scheduled in 8 days.,Survey,Active,193.57496399736095,4.2
HVAC-2024-01404,Nancy Morales,2024-10-17 10:39:00,Boiler,BLR-8000HE,"Installer damaged our wall and ceiling during Boiler BLR-8000HE installation. Also, the system is not balanced — one room is freezing while another is hot.",Detroit,Michigan,Residential,Open,,Chat,Void,,2.9
HVAC-2024-01405,Angela Roberts,2024-05-07 16:10:00,Boiler,BLR-8000HE,Post-installation inspection revealed that the Boiler BLR-8000HE was installed without proper drainage. Basement flooding has occurred.,Buffalo,New York,Residential,Resolved,Performed diagnostics on BLR-8000HE. thermostat malfunction detected. Recommended control board replacement. Customer approved repair.,Social Media,Extended,115.08719607039045,4.8
HVAC-2025-01406,Amy Turner,2025-08-09 14:13:00,Rooftop Unit,RTU-12000X,The Rooftop Unit RTU-12000X smart thermostat keeps disconnecting from WiFi. Cannot control temperature remotely anymore.,Albuquerque,New Mexico,Residential,Open,Unit is beyond repair. worn compressor bearings too severe. Recommended full system replacement with commercial-grade RTU-15000Ultra.,Phone,Expired,,4.1
HVAC-2025-01407,Emily Reyes,2025-12-17 14:11:00,Rooftop Unit,RTU-8000Pro,The RTU-8000Pro furnace is blowing cold air instead of warm. It's 83°F inside and we have elderly family members at home.,Denver,Colorado,Commercial,Resolved,Inspected unit on-site. Found failed ignition system. Replaced drain pan. System operational now.,Service Portal,Active,64.02190864153924,3.0
HVAC-2024-01408,Kenneth Perez,2024-06-10 11:45:00,Heat Pump,HP-3500Elite,The Heat Pump (HP-3500Elite) stopped providing cold air yesterday. It's blowing warm air instead. Our office is unbearable at 45°F.,Portland,Oregon,Industrial,Resolved,Customer complaint verified. burned-out fan motor confirmed. Ordered replacement fan motor. Follow-up scheduled in 9 days.,Email,Expired,19.070365482221888,1.7
HVAC-2024-01409,Lisa Martin,2024-06-02 06:57:00,Ductless Mini-Split,DMS-1200Q,The cooling capacity of our DMS-1200Q has dropped significantly. Rooms are at 45°F despite running 24/7. Need immediate service.,Dallas,Texas,Residential,Resolved,,Phone,Active,40.98240900859986,3.2
HVAC-2024-01410,Carolyn Smith,2024-06-27 18:02:00,Central Air Conditioner,CAC-3000X,The heat pump CAC-3000X is not providing adequate heating. House is at 80°F despite thermostat set to 72°F. Very concerned about pipes freezing.,Memphis,Tennessee,Residential,Closed,,Phone,Expired,35.315902002203835,1.6
HVAC-2025-01411,Emma Martin,2025-04-22 08:51:00,Ductless Mini-Split,DMS-900Eco,Installation team left a mess and didn't complete the DMS-900Eco installation properly. Wires are exposed and the unit vibrates excessively.,Sacramento,California,Residential,In Progress,Routine inspection revealed failed ignition system. Cleaned coils and replaced filters. System performance improved but reversing valve showing wear.,Phone,Expired,76.6733351446269,2.2
HVAC-2024-01412,Gary Campbell,2024-03-19 16:55:00,Central Air Conditioner,CAC-4000S,Our Central Air Conditioner CAC-4000S heating stopped working mid-winter. We have a newborn baby and the temp is 43°F inside. URGENT help needed!,Oklahoma City,Oklahoma,Residential,Open,Emergency service call. Found worn compressor bearings. Temporary fix applied. Permanent repair requires flame sensor — on backorder.,Survey,Active,,2.9
HVAC-2024-01413,James Phillips,2024-01-25 06:08:00,Packaged HVAC Unit,PKG-4000S,We purchased the Packaged HVAC Unit PKG-4000S 18 months ago and it's already failing to cool. Temperature stuck at 79°F. Unacceptable quality.,San Francisco,California,Residential,Open,Multiple issues found: worn compressor bearings. Complete overhaul recommended. Estimate provided to customer. Awaiting approval.,Service Portal,Active,,3.4
HVAC-2025-01414,Lisa Johnson,2025-08-07 19:22:00,VRF System,VRF-20000X,Integration between VRF-20000X and our home automation system broke after the last update. None of the smart features work now.,Salt Lake City,Utah,Residential,Resolved,Inspected unit on-site. Found damaged ductwork. Replaced heat exchanger. System operational now.,Chat,Extended,217.58689811590426,4.4
HVAC-2025-01415,Christopher Williams,2025-08-10 16:13:00,Central Air Conditioner,CAC-2500E,Brand new Central Air Conditioner CAC-2500E installed 4 weeks ago cannot maintain temperature below 43°F. Extremely disappointed.,Dallas,Texas,Industrial,Resolved,Routine inspection revealed frozen evaporator coil. Cleaned coils and replaced filters. System performance improved but thermostat showing wear.,Email,Active,95.82897640462602,1.6
HVAC-2024-01416,Karen Sanchez,2024-02-19 22:10:00,VRF System,VRF-25000Ultra,Our VRF System VRF-25000Ultra had a catastrophic compressor failure. Loud bang followed by complete shutdown. Potential safety hazard.,Nashville,Tennessee,Residential,Resolved,,Phone,Expired,80.47166618005222,1.9
HVAC-2024-01417,John Hall,2024-12-19 17:19:00,Boiler,BLR-5000S,The Boiler BLR-5000S is making an extremely loud grinding noise that wakes us up at night. It's been going on for 2 days.,Dallas,Texas,Residential,In Progress,Emergency service call. Found damaged ductwork. Temporary fix applied. Permanent repair requires fan motor — on backorder.,Phone,Active,328.6085627132722,3.3
HVAC-2025-01418,Kathleen Carter,2025-02-21 17:27:00,Packaged HVAC Unit,PKG-6500E,Our PKG-6500E thermostat app shows 'Device Offline' constantly. Have reset the router and thermostat multiple times.,Chicago,Illinois,Residential,Open,,CRM,Active,,4.2
HVAC-2025-01419,Susan Allen,2025-07-15 06:56:00,Rooftop Unit,RTU-15000Ultra,"After annual maintenance, our Rooftop Unit RTU-15000Ultra stopped heating. Now at 48°F. This was working fine before the tech came.",Cincinnati,Ohio,Commercial,In Progress,,Email,Active,63.47411060805212,2.8
HVAC-2025-01420,Sharon Morales,2025-01-06 22:54:00,Furnace,FRN-6000S,The pilot light on our FRN-6000S keeps going out. Furnace won't stay on. House temperature dropping to 47°F overnight.,San Francisco,California,Commercial,Escalated,,CRM,Extended,,1.5
HVAC-2024-01421,Gary Nguyen,2024-02-19 09:47:00,Central Air Conditioner,CAC-6000Ultra,The heat pump CAC-6000Ultra is not providing adequate heating. House is at 89°F despite thermostat set to 72°F. Very concerned about pipes freezing.,Houston,Texas,Residential,Escalated,,CRM,Expired,,2.2
HVAC-2024-01422,Nancy Evans,2024-05-25 16:47:00,Packaged HVAC Unit,PKG-9000Ultra,"Total system failure on our PKG-9000Ultra. Fan motor, compressor, and control board all failed simultaneously. Suspecting electrical issue.",Columbus,Ohio,Residential,Resolved,,Email,Void,75.74194432268206,2.1
HVAC-2024-01423,Pamela Cruz,2024-10-09 08:43:00,Boiler,BLR-6500Pro,Heating system BLR-6500Pro fails to ignite. We've tried resetting multiple times. Temperature is dangerously low at 54°F.,Seattle,Washington,Residential,Open,,Email,Expired,,1.8
HVAC-2024-01424,Gregory Morris,2024-04-15 13:34:00,Rooftop Unit,RTU-12000X,Our RTU-12000X compressor makes a terrible clicking and vibrating noise. It gets worse at night. Multiple complaints from family.,Miami,Florida,Residential,Closed,Performed diagnostics on RTU-12000X. failed control board detected. Recommended electrical rewiring. Customer approved repair.,Chat,Active,102.21562880741992,2.6
HVAC-2024-01425,Matthew Rodriguez,2024-07-24 17:19:00,Air Handler,AH-3500E,The AH-3500E is consuming way too much energy. Our utility bill went from $128 to $337 per month since installation.,Denver,Colorado,Residential,Closed,,Service Portal,Extended,144.95938275478358,2.9
HVAC-2024-01426,Mary Miller,2024-04-02 09:19:00,Air Handler,AH-3500E,We chose the Air Handler AH-3500E specifically for its energy star rating but our bills have skyrocketed by 44% this quarter.,Buffalo,New York,Commercial,Resolved,,Social Media,Extended,140.7090923377523,4.7
HVAC-2025-01427,Karen Sanchez,2025-12-07 19:53:00,Packaged HVAC Unit,PKG-7000X,The PKG-7000X evaporator coil is leaking refrigerant again. This has been repaired twice already. Need a permanent solution.,Los Angeles,California,Residential,Resolved,Customer complaint verified. faulty reversing valve confirmed. Ordered replacement condenser coil. Follow-up scheduled in 6 days.,Social Media,Expired,24.418254966049815,2.8
HVAC-2025-01428,Brenda Wilson,2025-03-18 09:13:00,Central Air Conditioner,CAC-2500E,Our new Central Air Conditioner CAC-2500E installation is terrible. The condensate drain was connected wrong and water is leaking into the ceiling.,Seattle,Washington,Industrial,Resolved,Warranty repair completed. cracked heat exchanger was covered. Replaced reversing valve. System tested and operational.,Phone,Expired,108.24637967296457,4.4
HVAC-2025-01429,Frank Allen,2025-01-25 22:29:00,Smart Thermostat,ST-700Ultra,"After maintenance on our ST-700Ultra, the system performance got worse. The technician may have damaged something.",Milwaukee,Wisconsin,Residential,Resolved,Unit is beyond repair. refrigerant leak in evaporator coil too severe. Recommended full system replacement with high-efficiency FRN-9800HE.,Email,Void,162.84122857775873,3.2
HVAC-2024-01430,Emily Diaz,2024-11-25 07:49:00,Heat Pump,HP-2200DX,Our new Heat Pump HP-2200DX installation is terrible. The condensate drain was connected wrong and water is leaking into the ceiling.,Buffalo,New York,Industrial,Closed,Warranty repair completed. blocked condenser coil was covered. Replaced expansion valve. System tested and operational.,Survey,Extended,109.98466915353436,3.6
HVAC-2024-01431,Emily Roberts,2024-06-11 19:51:00,Ductless Mini-Split,DMS-1500S,We've been waiting 27 days for a maintenance appointment for our Ductless Mini-Split DMS-1500S. No callbacks despite multiple requests.,Boston,Massachusetts,Residential,Open,,Social Media,Expired,,4.0
HVAC-2025-01432,Thomas Edwards,2025-07-06 12:52:00,Heat Pump,HP-1800Eco,The HP-1800Eco installation crew was unprofessional and left refrigerant lines exposed. System is now leaking refrigerant.,Tucson,Arizona,Residential,Closed,Unit is beyond repair. burned-out fan motor too severe. Recommended full system replacement with high-efficiency FRN-9800HE.,Email,Active,155.97360289323257,4.4
HVAC-2025-01433,William Wright,2025-07-21 13:56:00,Air Handler,AH-3000X,The AH-3000X installation crew was unprofessional and left refrigerant lines exposed. System is now leaking refrigerant.,Raleigh,North Carolina,Residential,Resolved,Unit is beyond repair. low refrigerant charge too severe. Recommended full system replacement with latest VRF-25000Ultra system.,Social Media,Expired,140.82550102902863,3.1
HVAC-2024-01434,Linda Martin,2024-05-07 18:02:00,Smart Thermostat,ST-200Eco,The Smart Thermostat ST-200Eco makes a high-pitched squealing noise during operation. We cannot sleep or work from home because of it.,Tampa,Florida,Residential,In Progress,Customer complaint verified. electrical short in wiring harness confirmed. Ordered replacement filter drier. Follow-up scheduled in 13 days.,Phone,Active,285.89334297105387,3.5
HVAC-2024-01435,Timothy Green,2024-12-10 12:31:00,Boiler,BLR-7000E,AC unit BLR-7000E has completely stopped cooling. Thermostat shows 77°F but the system is running constantly. Very frustrated.,Nashville,Tennessee,Residential,In Progress,Emergency service call. Found corroded heat exchanger. Temporary fix applied. Permanent repair requires blower motor — on backorder.,Chat,Extended,157.8015774307815,2.5
HVAC-2025-01436,Timothy Ramirez,2025-09-06 17:57:00,Heat Pump,HP-2200DX,"After annual maintenance, our Heat Pump HP-2200DX stopped heating. Now at 87°F. This was working fine before the tech came.",Miami,Florida,Residential,Closed,Emergency service call. Found burned-out fan motor. Temporary fix applied. Permanent repair requires blower motor — on backorder.,Email,Active,39.68249471503378,2.1
HVAC-2025-01437,Gregory Rodriguez,2025-09-04 07:36:00,Rooftop Unit,RTU-12000X,Scheduled maintenance for Rooftop Unit RTU-12000X was missed twice. No one contacted us to reschedule. Very poor service.,Milwaukee,Wisconsin,Residential,Open,,Email,Active,,4.6
HVAC-2025-01438,Nancy Turner,2025-09-28 20:21:00,Ductless Mini-Split,DMS-1200Q,"The DMS-1200Q runs continuously without cycling off, leading to massive energy bills. Something is wrong with the efficiency.",Memphis,Tennessee,Residential,Escalated,Customer complaint verified. worn compressor bearings confirmed. Ordered replacement fan motor. Follow-up scheduled in 6 days.,Phone,Extended,,2.6
HVAC-2025-01439,Kevin Wilson,2025-07-17 07:18:00,Ductless Mini-Split,DMS-1800Pro,AC unit DMS-1800Pro has completely stopped cooling. Thermostat shows 90°F but the system is running constantly. Very frustrated.,Chicago,Illinois,Residential,Open,,Email,Active,,2.4
HVAC-2025-01440,Brenda Morales,2025-12-11 20:38:00,Air Handler,AH-3000X,We purchased the Air Handler AH-3000X 4 months ago and it's already failing to cool. Temperature stuck at 93°F. Unacceptable quality.,Cleveland,Ohio,Commercial,Closed,Emergency service call. Found clogged condensate drain. Temporary fix applied. Permanent repair requires evaporator coil — on backorder.,Email,Active,67.52730596206533,3.2
HVAC-2025-01441,Deborah Morris,2025-12-20 17:51:00,Ductless Mini-Split,DMS-1200Q,"After the technician visited last week, the DMS-1200Q still isn't cooling properly. This is our 3rd service call for the same issue.",Cincinnati,Ohio,Commercial,Resolved,Customer complaint verified. failed control board confirmed. Ordered replacement heat exchanger. Follow-up scheduled in 9 days.,Social Media,Expired,25.74642998348775,3.2
HVAC-2024-01442,Jason Gomez,2024-12-13 20:25:00,Heat Pump,HP-2800Plus,"After annual maintenance, our Heat Pump HP-2800Plus stopped heating. Now at 68°F. This was working fine before the tech came.",Pittsburgh,Pennsylvania,Residential,Open,Performed diagnostics on HP-2800Plus. electrical short in wiring harness detected. Recommended electrical rewiring. Customer approved repair.,Social Media,Active,,2.6
HVAC-2025-01443,Nicole Nelson,2025-04-06 20:03:00,Central Air Conditioner,CAC-6000Ultra,Preventive maintenance on our Central Air Conditioner CAC-6000Ultra was done poorly. Now the system is short-cycling every 3 minutes.,Tucson,Arizona,Residential,In Progress,Routine inspection revealed blocked condenser coil. Cleaned coils and replaced filters. System performance improved but capacitor showing wear.,Email,Active,191.91624056640603,2.2
HVAC-2024-01444,Jonathan Murphy,2024-12-08 16:26:00,Furnace,FRN-5500E,Heating failure on our commercial FRN-5500E. Building occupants complaining about 55°F temperatures. Multiple offices affected.,Louisville,Kentucky,Industrial,Resolved,Inspected unit on-site. Found failed control board. Replaced refrigerant line set. System operational now.,Phone,Void,68.05981866237934,2.8
HVAC-2024-01445,Edward Rodriguez,2024-10-03 21:49:00,Central Air Conditioner,CAC-4000S,Our new Central Air Conditioner CAC-4000S installation is terrible. The condensate drain was connected wrong and water is leaking into the ceiling.,Jacksonville,Florida,Residential,Resolved,,Email,Expired,124.51069978996036,4.6
HVAC-2025-01446,Ashley Allen,2025-08-13 17:51:00,Ductless Mini-Split,DMS-1800Pro,The indoor unit of our Ductless Mini-Split DMS-1800Pro produces a constant whistling noise. Very annoying and disruptive.,Charlotte,North Carolina,Commercial,Resolved,Routine inspection revealed blocked condenser coil. Cleaned coils and replaced filters. System performance improved but filter drier showing wear.,Survey,Active,105.39733934581231,4.9
HVAC-2025-01447,Carol Brown,2025-04-17 11:34:00,Smart Thermostat,ST-700Ultra,"Complete system failure of our Smart Thermostat ST-700Ultra. No power, no response, totally dead. Building has no climate control.",Phoenix,Arizona,Industrial,Escalated,,Chat,Extended,,2.7
HVAC-2025-01448,Janet Sanchez,2025-05-23 10:29:00,Smart Thermostat,ST-200Eco,"After annual maintenance, our Smart Thermostat ST-200Eco stopped heating. Now at 77°F. This was working fine before the tech came.",Salt Lake City,Utah,Residential,Closed,Routine inspection revealed compressor failure. Cleaned coils and replaced filters. System performance improved but reversing valve showing wear.,Phone,Extended,58.68423449240387,3.1
HVAC-2025-01449,Nancy Evans,2025-09-03 06:13:00,Ductless Mini-Split,DMS-1800Pro,Integration between DMS-1800Pro and our home automation system broke after the last update. None of the smart features work now.,Dallas,Texas,Residential,Open,Customer complaint verified. cracked heat exchanger confirmed. Ordered replacement evaporator coil. Follow-up scheduled in 11 days.,Social Media,Extended,,2.7
HVAC-2025-01450,Alexander Anderson,2025-05-15 11:27:00,Furnace,FRN-7500Pro,Loud buzzing/humming noise coming from the outdoor unit FRN-7500Pro. Neighbors have complained about the noise level.,Nashville,Tennessee,Residential,Open,,CRM,Void,,3.9
HVAC-2024-01451,Paul Lopez,2024-01-26 22:18:00,Ductless Mini-Split,DMS-900Eco,Technician found a refrigerant leak in our DMS-900Eco for the third time this year. Clearly a manufacturing defect in the coils.,Memphis,Tennessee,Commercial,Escalated,,Phone,Extended,,1.9
HVAC-2025-01452,Sandra Allen,2025-02-25 20:13:00,Smart Thermostat,ST-500AI,Our new Smart Thermostat ST-500AI installation is terrible. The condensate drain was connected wrong and water is leaking into the ceiling.,Tucson,Arizona,Residential,In Progress,Customer complaint verified. burned-out fan motor confirmed. Ordered replacement capacitor. Follow-up scheduled in 8 days.,Phone,Active,91.76376438700365,3.1
HVAC-2024-01453,Christopher Brown,2024-08-28 07:15:00,Furnace,FRN-5500E,Our Furnace FRN-5500E stopped heating entirely during the coldest week of winter. Indoor temp dropped to 82°F. This is a safety concern.,Charlotte,North Carolina,Commercial,Escalated,Warranty repair completed. electrical short in wiring harness was covered. Replaced drain pan. System tested and operational.,Phone,Active,,3.3
HVAC-2024-01454,Angela Rivera,2024-08-20 13:38:00,Smart Thermostat,ST-700Ultra,Our Smart Thermostat ST-700Ultra lost all refrigerant. The system is 25 months old. Suspected manufacturing defect in the line set.,Cincinnati,Ohio,Commercial,In Progress,,Phone,Expired,11.374791835165926,2.1
HVAC-2025-01455,Cynthia Smith,2025-10-13 06:53:00,Rooftop Unit,RTU-6000S,Our RTU-6000S smart thermostat firmware update bricked the device. Screen is blank and we can't control our HVAC system at all.,Tucson,Arizona,Commercial,In Progress,Inspected unit on-site. Found clogged condensate drain. Replaced relay switch. System operational now.,Email,Expired,230.68402699255438,3.1
HVAC-2024-01456,Brandon Perez,2024-04-15 15:13:00,Furnace,FRN-8500Elite,The Furnace FRN-8500Elite has a refrigerant leak. We can smell chemicals and the cooling has stopped. This could be a health hazard.,Cincinnati,Ohio,Residential,Resolved,Inspected unit on-site. Found defective expansion valve. Replaced igniter. System operational now.,Phone,Expired,58.6412383577386,2.0
HVAC-2024-01457,Ronald Turner,2024-07-20 08:47:00,Packaged HVAC Unit,PKG-9000Ultra,The cooling capacity of our PKG-9000Ultra has dropped significantly. Rooms are at 38°F despite running 24/7. Need immediate service.,Milwaukee,Wisconsin,Commercial,Resolved,Customer complaint verified. corroded heat exchanger confirmed. Ordered replacement capacitor. Follow-up scheduled in 14 days.,Service Portal,Extended,17.53889835270443,2.8
HVAC-2024-01458,Jennifer Davis,2024-04-01 06:04:00,Packaged HVAC Unit,PKG-4000S,Our electricity bill has increased by 71% since installing the Packaged HVAC Unit PKG-4000S. This unit was supposed to be energy efficient.,Kansas City,Missouri,Residential,Closed,,Phone,Active,59.934864911793454,3.7
HVAC-2024-01459,Joseph Jones,2024-11-04 18:31:00,Boiler,BLR-5000S,My Boiler BLR-5000S compressor failed after 25 months. Company refusing to honor the 5-year warranty claim.,Minneapolis,Minnesota,Residential,Closed,,Email,Extended,90.69981845648152,1.4
HVAC-2024-01460,Jack Nelson,2024-08-24 09:41:00,Air Handler,AH-3000X,The Air Handler AH-3000X makes a high-pitched squealing noise during operation. We cannot sleep or work from home because of it.,Chicago,Illinois,Residential,Resolved,Warranty repair completed. corroded heat exchanger was covered. Replaced compressor. System tested and operational.,Survey,Active,217.17143265400588,4.0
HVAC-2025-01461,Brandon Thompson,2025-07-11 11:13:00,Smart Thermostat,ST-200Eco,Post-installation inspection revealed that the Smart Thermostat ST-200Eco was installed without proper drainage. Basement flooding has occurred.,Miami,Florida,Residential,In Progress,Warranty repair completed. blocked condenser coil was covered. Replaced fan motor. System tested and operational.,CRM,Active,147.8242313770465,2.1
HVAC-2024-01462,Jacob Thompson,2024-02-04 21:54:00,Boiler,BLR-8000HE,My Boiler model BLR-8000HE is not cooling at all. The house temperature is 39°F and it won't go below that. We've been suffering in this heat for 5 days now.,Detroit,Michigan,Commercial,Resolved,Unit is beyond repair. frozen evaporator coil too severe. Recommended full system replacement with commercial-grade RTU-15000Ultra.,Phone,Extended,61.22911759570976,1.8
HVAC-2025-01463,Shirley Gonzalez,2025-01-22 20:59:00,Ductless Mini-Split,DMS-1800Pro,"Complete system failure of our Ductless Mini-Split DMS-1800Pro. No power, no response, totally dead. Building has no climate control.",Jacksonville,Florida,Residential,Open,Multiple issues found: worn compressor bearings. Complete overhaul recommended. Estimate provided to customer. Awaiting approval.,Email,Expired,,1.0
HVAC-2025-01464,Larry Nelson,2025-07-09 19:47:00,Boiler,BLR-9500Ultra,Electrical failure in BLR-9500Ultra. Circuit breaker keeps tripping. Possible fire hazard. Need emergency service immediately.,San Antonio,Texas,Residential,Resolved,Customer complaint verified. compressor failure confirmed. Ordered replacement refrigerant line set. Follow-up scheduled in 14 days.,Phone,Extended,101.10932319374164,1.9
HVAC-2024-01465,Samuel Davis,2024-01-22 13:42:00,Boiler,BLR-5000S,Heating system BLR-5000S fails to ignite. We've tried resetting multiple times. Temperature is dangerously low at 59°F.,Jacksonville,Florida,Commercial,Open,Emergency service call. Found failed ignition system. Temporary fix applied. Permanent repair requires flame sensor — on backorder.,Phone,Expired,,2.2
HVAC-2024-01466,Debra Williams,2024-06-12 17:43:00,Heat Pump,HP-1800Eco,Our HP-1800Eco is supposed to be a high-efficiency unit but we're paying more than with our old system. Very misleading marketing.,Seattle,Washington,Residential,Escalated,,Survey,Active,,4.3
HVAC-2025-01467,Donna King,2025-04-17 07:44:00,Rooftop Unit,RTU-10000E,"The Rooftop Unit RTU-10000E was installed incorrectly. Ductwork is leaking air, and the unit was placed in the wrong location.",Louisville,Kentucky,Residential,Resolved,Emergency service call. Found damaged ductwork. Temporary fix applied. Permanent repair requires condenser coil — on backorder.,Service Portal,Void,44.80771680651172,3.5
HVAC-2024-01468,Rebecca Perez,2024-08-13 22:15:00,Air Handler,AH-5000Elite,"After the technician visited last week, the AH-5000Elite still isn't cooling properly. This is our 4th service call for the same issue.",San Antonio,Texas,Residential,Open,,Social Media,Expired,,2.2
HVAC-2025-01469,Jason Baker,2025-06-08 14:00:00,VRF System,VRF-20000X,Our annual service contract for VRF System VRF-20000X has not been honored. Three scheduled visits were cancelled without notice.,Nashville,Tennessee,Commercial,Resolved,Multiple issues found: worn compressor bearings. Complete overhaul recommended. Estimate provided to customer. Awaiting approval.,Service Portal,Expired,93.68510137326433,5.0
HVAC-2025-01470,Jennifer Morales,2025-05-21 20:01:00,Furnace,FRN-6000S,"The FRN-6000S runs continuously without cycling off, leading to massive energy bills. Something is wrong with the efficiency.",Orlando,Florida,Residential,Open,Warranty repair completed. faulty capacitor was covered. Replaced expansion valve. System tested and operational.,CRM,Expired,,4.1
HVAC-2024-01471,George Young,2024-03-09 17:08:00,Packaged HVAC Unit,PKG-6500E,The Packaged HVAC Unit PKG-6500E makes a high-pitched squealing noise during operation. We cannot sleep or work from home because of it.,Tampa,Florida,Commercial,Escalated,Emergency service call. Found loose electrical connections. Temporary fix applied. Permanent repair requires flame sensor — on backorder.,Chat,Active,,4.0
HVAC-2024-01472,Brenda Johnson,2024-09-19 08:40:00,Boiler,BLR-9500Ultra,The pilot light on our BLR-9500Ultra keeps going out. Furnace won't stay on. House temperature dropping to 57°F overnight.,Boston,Massachusetts,Commercial,Resolved,,Social Media,Void,38.979130054516645,2.0
HVAC-2025-01473,Jonathan Lee,2025-02-10 14:31:00,Furnace,FRN-8500Elite,"The FRN-8500Elite runs continuously without cycling off, leading to massive energy bills. Something is wrong with the efficiency.",Pittsburgh,Pennsylvania,Industrial,In Progress,,Service Portal,Active,71.07410902861525,4.4
HVAC-2024-01474,Stephen Johnson,2024-06-17 06:59:00,Central Air Conditioner,CAC-4000S,The cooling capacity of our CAC-4000S has dropped significantly. Rooms are at 90°F despite running 24/7. Need immediate service.,Boston,Massachusetts,Residential,Closed,Multiple issues found: burned-out fan motor. Complete overhaul recommended. Estimate provided to customer. Awaiting approval.,Email,Active,71.90494384746762,3.5
HVAC-2025-01475,Matthew Johnson,2025-02-28 22:47:00,Rooftop Unit,RTU-12000X,Our RTU-12000X compressor makes a terrible clicking and vibrating noise. It gets worse at night. Multiple complaints from family.,Jacksonville,Florida,Commercial,Escalated,,Social Media,Expired,,4.3
HVAC-2024-01476,Karen Evans,2024-12-15 06:53:00,Central Air Conditioner,CAC-6000Ultra,"The Central Air Conditioner CAC-6000Ultra was installed incorrectly. Ductwork is leaking air, and the unit was placed in the wrong location.",Minneapolis,Minnesota,Residential,Open,Customer complaint verified. low refrigerant charge confirmed. Ordered replacement reversing valve. Follow-up scheduled in 3 days.,Social Media,Extended,,2.9
HVAC-2025-01477,Sharon Hernandez,2025-06-15 10:57:00,Rooftop Unit,RTU-8000Pro,Our Rooftop Unit RTU-8000Pro heating stopped working mid-winter. We have a newborn baby and the temp is 75°F inside. URGENT help needed!,Oklahoma City,Oklahoma,Commercial,In Progress,Customer complaint verified. refrigerant leak in evaporator coil confirmed. Ordered replacement thermostat. Follow-up scheduled in 14 days.,Social Media,Expired,98.29286229505809,1.7
HVAC-2025-01478,Brandon Gonzalez,2025-09-03 19:29:00,Central Air Conditioner,CAC-2500E,SEER rating of our Central Air Conditioner CAC-2500E seems much lower than advertised. Energy consumption is 34% higher than expected.,Pittsburgh,Pennsylvania,Residential,Resolved,,Social Media,Active,203.42190498177442,4.7
HVAC-2025-01479,Jack Williams,2025-09-19 14:02:00,Packaged HVAC Unit,PKG-6500E,The PKG-6500E furnace is blowing cold air instead of warm. It's 89°F inside and we have elderly family members at home.,Miami,Florida,Commercial,In Progress,,Phone,Void,62.977698329677196,2.3
HVAC-2025-01480,Samantha Turner,2025-08-15 16:43:00,Boiler,BLR-6500Pro,"Complete system failure of our Boiler BLR-6500Pro. No power, no response, totally dead. Building has no climate control.",Detroit,Michigan,Commercial,Resolved,,Email,Void,108.74761340249289,2.5
HVAC-2024-01481,Jason Miller,2024-08-05 17:07:00,Rooftop Unit,RTU-15000Ultra,The RTU-15000Ultra was installed 1 weeks ago but the installer used the wrong size ducts. System is extremely inefficient now.,Pittsburgh,Pennsylvania,Commercial,Resolved,Performed diagnostics on RTU-15000Ultra. damaged ductwork detected. Recommended duct sealing and insulation. Customer approved repair.,Social Media,Void,54.55549760075988,2.8
HVAC-2024-01482,Kimberly Moore,2024-01-28 07:02:00,Smart Thermostat,ST-200Eco,Maintenance was performed on ST-200Eco but the filter was not replaced and the coils were not cleaned. Paid full price for incomplete work.,Raleigh,North Carolina,Residential,Resolved,Emergency service call. Found thermostat malfunction. Temporary fix applied. Permanent repair requires refrigerant line set — on backorder.,Email,Extended,34.404570382862715,2.0
HVAC-2025-01483,Nicholas Morris,2025-06-17 19:35:00,Furnace,FRN-7500Pro,We purchased the Furnace FRN-7500Pro 31 months ago and it's already failing to cool. Temperature stuck at 38°F. Unacceptable quality.,Orlando,Florida,Industrial,Closed,Warranty repair completed. dirty air filter causing restricted airflow was covered. Replaced flame sensor. System tested and operational.,Email,Expired,73.89658627660286,2.3
HVAC-2024-01484,Kevin Roberts,2024-07-19 14:40:00,Air Handler,AH-2000S,Post-installation inspection revealed that the Air Handler AH-2000S was installed without proper drainage. Basement flooding has occurred.,Oklahoma City,Oklahoma,Residential,Resolved,Multiple issues found: failed control board. Complete overhaul recommended. Estimate provided to customer. Awaiting approval.,Phone,Active,118.66055574316076,3.1
HVAC-2025-01485,Samuel Martin,2025-08-21 17:20:00,Ductless Mini-Split,DMS-2400Max,Our Ductless Mini-Split DMS-2400Max stopped heating entirely during the coldest week of winter. Indoor temp dropped to 65°F. This is a safety concern.,Pittsburgh,Pennsylvania,Residential,In Progress,,Chat,Active,24.532400749965095,3.3
HVAC-2024-01486,Steven Clark,2024-07-28 22:21:00,VRF System,VRF-18000E,Heating failure on our commercial VRF-18000E. Building occupants complaining about 92°F temperatures. Multiple offices affected.,St. Louis,Missouri,Residential,Open,Warranty repair completed. frozen evaporator coil was covered. Replaced condenser coil. System tested and operational.,Phone,Expired,,2.0
HVAC-2025-01487,Charles Rodriguez,2025-07-13 15:46:00,Packaged HVAC Unit,PKG-4000S,Electrical failure in PKG-4000S. Circuit breaker keeps tripping. Possible fire hazard. Need emergency service immediately.,Orlando,Florida,Residential,Open,,Phone,Active,,2.3
HVAC-2025-01488,John Murphy,2025-12-18 20:27:00,Boiler,BLR-7000E,Our Boiler BLR-7000E lost all refrigerant. The system is 2 months old. Suspected manufacturing defect in the line set.,Pittsburgh,Pennsylvania,Residential,Resolved,Routine inspection revealed refrigerant leak in evaporator coil. Cleaned coils and replaced filters. System performance improved but thermostat showing wear.,CRM,Expired,51.059745869564544,1.2
HVAC-2024-01489,Anthony Nelson,2024-12-10 17:20:00,Boiler,BLR-6500Pro,"The Boiler BLR-6500Pro was installed incorrectly. Ductwork is leaking air, and the unit was placed in the wrong location.",Albuquerque,New Mexico,Residential,Open,Emergency service call. Found corroded heat exchanger. Temporary fix applied. Permanent repair requires flame sensor — on backorder.,Email,Active,,2.8
HVAC-2024-01490,Emily Clark,2024-11-05 22:47:00,Packaged HVAC Unit,PKG-6500E,AC unit PKG-6500E has completely stopped cooling. Thermostat shows 70°F but the system is running constantly. Very frustrated.,Dallas,Texas,Residential,Resolved,,Survey,Extended,67.61070452717125,3.2
HVAC-2025-01491,Brian Gonzalez,2025-10-02 11:21:00,Air Handler,AH-3000X,Heating system AH-3000X fails to ignite. We've tried resetting multiple times. Temperature is dangerously low at 79°F.,Detroit,Michigan,Residential,Resolved,,CRM,Active,77.4998037731335,3.0
HVAC-2025-01492,Paul Campbell,2025-01-24 17:51:00,Ductless Mini-Split,DMS-2400Max,"Installer damaged our wall and ceiling during Ductless Mini-Split DMS-2400Max installation. Also, the system is not balanced — one room is freezing while another is hot.",Portland,Oregon,Residential,Resolved,Multiple issues found: frozen evaporator coil. Complete overhaul recommended. Estimate provided to customer. Awaiting approval.,Phone,Active,41.012605968866225,2.1
HVAC-2024-01493,Jennifer Garcia,2024-07-17 10:35:00,VRF System,VRF-15000Pro,"The VRF-15000Pro runs continuously without cycling off, leading to massive energy bills. Something is wrong with the efficiency.",Nashville,Tennessee,Industrial,Resolved,Emergency service call. Found thermostat malfunction. Temporary fix applied. Permanent repair requires flame sensor — on backorder.,Survey,Active,267.18807244130903,3.7
HVAC-2025-01494,Carol Jones,2025-05-09 20:56:00,Smart Thermostat,ST-200Eco,Our ST-200Eco failed within the first year and the company is blaming us for the failure. This is clearly a manufacturing defect.,Columbus,Ohio,Residential,Resolved,,Email,Active,230.84572061239086,1.6
HVAC-2024-01495,William Lopez,2024-02-27 19:54:00,Smart Thermostat,ST-400Plus,The maintenance technician for our ST-400Plus didn't bring the right parts and left the job incomplete. Still waiting for resolution.,Pittsburgh,Pennsylvania,Residential,Escalated,Inspected unit on-site. Found refrigerant leak in evaporator coil. Replaced heat exchanger. System operational now.,Social Media,Active,,3.0
HVAC-2024-01496,Laura Perez,2024-02-06 15:15:00,Furnace,FRN-9800HE,Warranty repair on Furnace FRN-9800HE has been pending for 2 weeks. We're without heating/cooling and no loaner was provided.,Houston,Texas,Residential,Resolved,Inspected unit on-site. Found burned-out fan motor. Replaced blower motor. System operational now.,Survey,Active,16.931230721288077,1.3
HVAC-2025-01497,Scott Collins,2025-03-24 22:17:00,Furnace,FRN-6000S,The FRN-6000S installation crew was unprofessional and left refrigerant lines exposed. System is now leaking refrigerant.,Raleigh,North Carolina,Commercial,Escalated,Multiple issues found: dirty air filter causing restricted airflow. Complete overhaul recommended. Estimate provided to customer. Awaiting approval.,Phone,Extended,,4.9
HVAC-2024-01498,Nancy Jackson,2024-12-24 16:27:00,Smart Thermostat,ST-300Pro,The ST-300Pro was installed 1 weeks ago but the installer used the wrong size ducts. System is extremely inefficient now.,Jacksonville,Florida,Commercial,In Progress,Emergency service call. Found failed control board. Temporary fix applied. Permanent repair requires heat exchanger — on backorder.,Phone,Expired,153.9205752315962,2.6
HVAC-2024-01499,Patricia Roberts,2024-12-07 22:46:00,VRF System,VRF-18000E,Heating failure on our commercial VRF-18000E. Building occupants complaining about 83°F temperatures. Multiple offices affected.,Atlanta,Georgia,Residential,Closed,Unit is beyond repair. corroded heat exchanger too severe. Recommended full system replacement with upgraded HP-4200Max system.,Email,Expired,27.661532117921553,2.7
HVAC-2025-01500,Rachel Hall,2025-12-26 17:24:00,Central Air Conditioner,CAC-6000Ultra,The cooling capacity of our CAC-6000Ultra has dropped significantly. Rooms are at 90°F despite running 24/7. Need immediate service.,Tucson,Arizona,Commercial,Resolved,,CRM,Expired,98.34625497327804,2.0
HVAC-2024-01501,Rachel White,2024-01-11 13:48:00,Air Handler,AH-4500Pro,We purchased the Air Handler AH-4500Pro 30 months ago and it's already failing to cool. Temperature stuck at 50°F. Unacceptable quality.,Miami,Florida,Commercial,Resolved,Emergency service call. Found worn compressor bearings. Temporary fix applied. Permanent repair requires refrigerant line set — on backorder.,Email,Expired,97.54272279644607,1.6
HVAC-2025-01502,Timothy Moore,2025-07-06 09:17:00,Boiler,BLR-6500Pro,Our BLR-6500Pro has developed a loud rattling sound when it cycles on. The noise level is unbearable and affects our daily life.,Buffalo,New York,Residential,Resolved,Routine inspection revealed worn compressor bearings. Cleaned coils and replaced filters. System performance improved but blower motor showing wear.,Chat,Extended,21.55945079302484,3.9
HVAC-2025-01503,Stephanie Hill,2025-02-15 19:57:00,Furnace,FRN-8500Elite,Our FRN-8500Elite is supposed to be a high-efficiency unit but we're paying more than with our old system. Very misleading marketing.,Oklahoma City,Oklahoma,Residential,Resolved,Multiple issues found: low refrigerant charge. Complete overhaul recommended. Estimate provided to customer. Awaiting approval.,Chat,Active,24.18821217404053,2.9
HVAC-2024-01504,Edward Young,2024-11-16 08:22:00,Ductless Mini-Split,DMS-1800Pro,The DMS-1800Pro was installed 5 weeks ago but the installer used the wrong size ducts. System is extremely inefficient now.,Detroit,Michigan,Industrial,Resolved,Performed diagnostics on DMS-1800Pro. cracked heat exchanger detected. Recommended electrical rewiring. Customer approved repair.,Phone,Active,103.82625262925926,3.0
HVAC-2025-01505,Shirley Hernandez,2025-08-10 15:10:00,Central Air Conditioner,CAC-6000Ultra,Our CAC-6000Ultra is supposed to be a high-efficiency unit but we're paying more than with our old system. Very misleading marketing.,Oklahoma City,Oklahoma,Residential,Closed,Warranty repair completed. electrical short in wiring harness was covered. Replaced refrigerant line set. System tested and operational.,Phone,Expired,224.16692663545172,2.1
HVAC-2024-01506,Patricia Torres,2024-07-22 07:28:00,Heat Pump,HP-2200DX,The Heat Pump HP-2200DX smart thermostat keeps disconnecting from WiFi. Cannot control temperature remotely anymore.,Boston,Massachusetts,Commercial,Resolved,Warranty repair completed. frozen evaporator coil was covered. Replaced compressor. System tested and operational.,Social Media,Extended,308.94506385151374,2.5
HVAC-2025-01507,Kimberly Robinson,2025-01-18 16:02:00,Ductless Mini-Split,DMS-1200Q,Maintenance was performed on DMS-1200Q but the filter was not replaced and the coils were not cleaned. Paid full price for incomplete work.,Kansas City,Missouri,Residential,Escalated,Customer complaint verified. compressor failure confirmed. Ordered replacement flame sensor. Follow-up scheduled in 7 days.,Email,Extended,,2.8
HVAC-2024-01508,Kimberly Anderson,2024-12-04 08:58:00,Heat Pump,HP-1800Eco,The Heat Pump HP-1800Eco makes a high-pitched squealing noise during operation. We cannot sleep or work from home because of it.,Salt Lake City,Utah,Residential,Resolved,Multiple issues found: failed control board. Complete overhaul recommended. Estimate provided to customer. Awaiting approval.,CRM,Active,254.4607580400217,3.8
HVAC-2025-01509,John Diaz,2025-06-24 07:34:00,Heat Pump,HP-4200Max,Our Heat Pump HP-4200Max makes a clicking sound and then stops cooling. House temp is at 38°F. Children are uncomfortable.,San Antonio,Texas,Residential,Resolved,Emergency service call. Found defective expansion valve. Temporary fix applied. Permanent repair requires fan motor — on backorder.,Phone,Void,94.00215209186011,2.4
HVAC-2025-01510,Michelle Martinez,2025-02-23 09:50:00,Furnace,FRN-6000S,The FRN-6000S is consuming way too much energy. Our utility bill went from $198 to $548 per month since installation.,Cincinnati,Ohio,Residential,Resolved,Customer complaint verified. damaged ductwork confirmed. Ordered replacement capacitor. Follow-up scheduled in 2 days.,Survey,Active,178.8182081786417,4.6
HVAC-2024-01511,David Perez,2024-03-18 19:40:00,VRF System,VRF-25000Ultra,Banging noises from the ductwork connected to VRF-25000Ultra every time the system starts. Sounds like something is loose inside.,St. Louis,Missouri,Industrial,Escalated,,CRM,Expired,,2.1
HVAC-2024-01512,Richard Rivera,2024-01-09 07:32:00,Furnace,FRN-8500Elite,"After maintenance on our FRN-8500Elite, the system performance got worse. The technician may have damaged something.",Cleveland,Ohio,Commercial,Resolved,Warranty repair completed. faulty reversing valve was covered. Replaced filter drier. System tested and operational.,Phone,Expired,298.74253362287624,2.6
HVAC-2025-01513,Emma Diaz,2025-10-24 09:43:00,Furnace,FRN-9800HE,"Installer damaged our wall and ceiling during Furnace FRN-9800HE installation. Also, the system is not balanced — one room is freezing while another is hot.",Minneapolis,Minnesota,Residential,Escalated,,Email,Extended,,4.6
HVAC-2025-01514,Patricia Jones,2025-10-02 18:25:00,Heat Pump,HP-2200DX,Our HP-2200DX smart thermostat firmware update bricked the device. Screen is blank and we can't control our HVAC system at all.,Milwaukee,Wisconsin,Commercial,Resolved,Inspected unit on-site. Found worn compressor bearings. Replaced contactor. System operational now.,Phone,Expired,124.18444203208749,3.6
HVAC-2025-01515,Jennifer Cruz,2025-10-07 19:04:00,Central Air Conditioner,CAC-6000Ultra,The Central Air Conditioner CAC-6000Ultra is making an extremely loud grinding noise that wakes us up at night. It's been going on for 7 days.,Milwaukee,Wisconsin,Residential,Open,Routine inspection revealed frozen evaporator coil. Cleaned coils and replaced filters. System performance improved but fan motor showing wear.,Phone,Expired,,3.8
HVAC-2024-01516,Amy Baker,2024-10-04 21:27:00,VRF System,VRF-20000X,The indoor unit of our VRF System VRF-20000X produces a constant whistling noise. Very annoying and disruptive.,Tucson,Arizona,Residential,Open,Performed diagnostics on VRF-20000X. clogged condensate drain detected. Recommended duct sealing and insulation. Customer approved repair.,Social Media,Expired,,2.6
HVAC-2025-01517,Kenneth Young,2025-06-18 19:28:00,Ductless Mini-Split,DMS-1200Q,We've been waiting 15 days for a maintenance appointment for our Ductless Mini-Split DMS-1200Q. No callbacks despite multiple requests.,Columbus,Ohio,Industrial,Resolved,Unit is beyond repair. refrigerant leak in evaporator coil too severe. Recommended full system replacement with upgraded HP-4200Max system.,Email,Active,268.66426833418734,4.8
HVAC-2024-01518,Patricia Reyes,2024-01-26 06:32:00,Boiler,BLR-5000S,The heat pump BLR-5000S is not providing adequate heating. House is at 76°F despite thermostat set to 72°F. Very concerned about pipes freezing.,Detroit,Michigan,Commercial,In Progress,Emergency service call. Found defective expansion valve. Temporary fix applied. Permanent repair requires relay switch — on backorder.,Phone,Extended,3.136233512155377,2.9
HVAC-2024-01519,Jeffrey Taylor,2024-01-26 15:47:00,Rooftop Unit,RTU-10000E,The indoor unit of our Rooftop Unit RTU-10000E produces a constant whistling noise. Very annoying and disruptive.,Milwaukee,Wisconsin,Commercial,Resolved,,Chat,Active,63.39982005314947,3.4
HVAC-2025-01520,Jennifer Thompson,2025-05-09 12:54:00,Central Air Conditioner,CAC-2500E,Our new Central Air Conditioner CAC-2500E installation is terrible. The condensate drain was connected wrong and water is leaking into the ceiling.,Los Angeles,California,Commercial,Resolved,Multiple issues found: failed ignition system. Complete overhaul recommended. Estimate provided to customer. Awaiting approval.,Phone,Active,103.46426238116518,2.2
HVAC-2024-01521,Carolyn Ramirez,2024-12-17 16:28:00,Packaged HVAC Unit,PKG-6500E,Heating failure on our commercial PKG-6500E. Building occupants complaining about 64°F temperatures. Multiple offices affected.,Sacramento,California,Residential,Resolved,,Chat,Expired,90.94294111055669,1.7
HVAC-2024-01522,Helen Edwards,2024-06-27 22:59:00,Furnace,FRN-5500E,Our electricity bill has increased by 77% since installing the Furnace FRN-5500E. This unit was supposed to be energy efficient.,St. Louis,Missouri,Residential,Open,Multiple issues found: clogged condensate drain. Complete overhaul recommended. Estimate provided to customer. Awaiting approval.,Email,Extended,,3.5
HVAC-2025-01523,Deborah Williams,2025-08-21 16:01:00,Furnace,FRN-6000S,Installation team left a mess and didn't complete the FRN-6000S installation properly. Wires are exposed and the unit vibrates excessively.,Seattle,Washington,Industrial,Resolved,,Phone,Extended,36.55205808897703,2.8
HVAC-2024-01524,Jason Williams,2024-12-16 06:29:00,Packaged HVAC Unit,PKG-9000Ultra,"Installer damaged our wall and ceiling during Packaged HVAC Unit PKG-9000Ultra installation. Also, the system is not balanced — one room is freezing while another is hot.",St. Louis,Missouri,Commercial,Open,,Phone,Active,,3.5
HVAC-2024-01525,Jennifer Sanchez,2024-09-10 21:48:00,Central Air Conditioner,CAC-6000Ultra,We purchased the Central Air Conditioner CAC-6000Ultra 18 months ago and it's already failing to cool. Temperature stuck at 53°F. Unacceptable quality.,San Antonio,Texas,Residential,Resolved,Multiple issues found: damaged ductwork. Complete overhaul recommended. Estimate provided to customer. Awaiting approval.,Email,Void,40.46926327290555,3.2
HVAC-2025-01526,Jacob Scott,2025-08-23 07:41:00,Central Air Conditioner,CAC-3000X,The maintenance technician for our CAC-3000X didn't bring the right parts and left the job incomplete. Still waiting for resolution.,Seattle,Washington,Residential,Resolved,,Phone,Active,96.2725017911976,4.9
HVAC-2024-01527,Patricia Hernandez,2024-01-23 20:43:00,Smart Thermostat,ST-500AI,"After the technician visited last week, the ST-500AI still isn't cooling properly. This is our 5th service call for the same issue.",Columbus,Ohio,Commercial,Resolved,Routine inspection revealed failed control board. Cleaned coils and replaced filters. System performance improved but contactor showing wear.,Phone,Active,46.71089508195551,3.3
HVAC-2025-01528,Joseph Harris,2025-04-16 21:24:00,Packaged HVAC Unit,PKG-7000X,"Installer damaged our wall and ceiling during Packaged HVAC Unit PKG-7000X installation. Also, the system is not balanced — one room is freezing while another is hot.",Sacramento,California,Residential,Open,Emergency service call. Found thermostat malfunction. Temporary fix applied. Permanent repair requires contactor — on backorder.,Phone,Void,,2.8
HVAC-2025-01529,Helen Rivera,2025-06-01 13:49:00,Central Air Conditioner,CAC-5000Pro,"Installer damaged our wall and ceiling during Central Air Conditioner CAC-5000Pro installation. Also, the system is not balanced — one room is freezing while another is hot.",San Antonio,Texas,Commercial,Closed,Multiple issues found: dirty air filter causing restricted airflow. Complete overhaul recommended. Estimate provided to customer. Awaiting approval.,Survey,Void,44.4754765572343,3.3
HVAC-2024-01530,Paul Walker,2024-11-20 06:04:00,Air Handler,AH-2000S,Heating system AH-2000S fails to ignite. We've tried resetting multiple times. Temperature is dangerously low at 49°F.,Buffalo,New York,Commercial,Resolved,,Survey,Extended,21.396530274368033,2.4
HVAC-2025-01531,Kimberly Smith,2025-08-23 13:35:00,Smart Thermostat,ST-300Pro,Post-installation inspection revealed that the Smart Thermostat ST-300Pro was installed without proper drainage. Basement flooding has occurred.,Orlando,Florida,Residential,Closed,,Phone,Active,29.557334638444093,4.7
HVAC-2025-01532,Margaret Carter,2025-06-07 21:50:00,Air Handler,AH-3500E,"After annual maintenance, our Air Handler AH-3500E stopped heating. Now at 82°F. This was working fine before the tech came.",Richmond,Virginia,Residential,Closed,Routine inspection revealed faulty reversing valve. Cleaned coils and replaced filters. System performance improved but refrigerant line set showing wear.,Phone,Extended,20.509453845526036,3.0
HVAC-2025-01533,Sarah White,2025-02-20 22:46:00,Heat Pump,HP-3500Elite,Our Heat Pump HP-3500Elite lost all refrigerant. The system is 32 months old. Suspected manufacturing defect in the line set.,Pittsburgh,Pennsylvania,Commercial,Resolved,Unit is beyond repair. cracked heat exchanger too severe. Recommended full system replacement with latest VRF-25000Ultra system.,CRM,Active,112.41406262601141,1.2
HVAC-2025-01534,Patricia Harris,2025-04-15 10:21:00,VRF System,VRF-15000Pro,Heating system VRF-15000Pro fails to ignite. We've tried resetting multiple times. Temperature is dangerously low at 54°F.,Memphis,Tennessee,Residential,Resolved,,Phone,Active,19.857442725623716,2.5
HVAC-2024-01535,Ronald Hill,2024-06-15 06:27:00,Heat Pump,HP-3500Elite,Heating failure on our commercial HP-3500Elite. Building occupants complaining about 53°F temperatures. Multiple offices affected.,Memphis,Tennessee,Residential,Resolved,Performed diagnostics on HP-3500Elite. clogged condensate drain detected. Recommended refrigerant recharge. Customer approved repair.,Social Media,Active,104.71889616401756,1.9
HVAC-2025-01536,Sandra Gonzalez,2025-08-11 08:18:00,Rooftop Unit,RTU-8000Pro,The heat pump RTU-8000Pro is not providing adequate heating. House is at 63°F despite thermostat set to 72°F. Very concerned about pipes freezing.,Cincinnati,Ohio,Commercial,Resolved,Customer complaint verified. refrigerant leak in evaporator coil confirmed. Ordered replacement control board. Follow-up scheduled in 4 days.,CRM,Extended,91.2758894635918,2.4
HVAC-2024-01537,Nicholas Anderson,2024-11-14 22:27:00,Boiler,BLR-8000HE,SEER rating of our Boiler BLR-8000HE seems much lower than advertised. Energy consumption is 40% higher than expected.,Portland,Oregon,Residential,Closed,Routine inspection revealed low refrigerant charge. Cleaned coils and replaced filters. System performance improved but heat exchanger showing wear.,Email,Expired,243.94883732119442,4.7
HVAC-2024-01538,Michael Parker,2024-08-25 08:05:00,Air Handler,AH-4500Pro,AC unit AH-4500Pro has completely stopped cooling. Thermostat shows 88°F but the system is running constantly. Very frustrated.,Cleveland,Ohio,Commercial,In Progress,,Phone,Active,128.83885796238508,2.8
HVAC-2024-01539,Benjamin Roberts,2024-06-25 17:39:00,Boiler,BLR-7000E,"After maintenance on our BLR-7000E, the system performance got worse. The technician may have damaged something.",Indianapolis,Indiana,Industrial,Resolved,Performed diagnostics on BLR-7000E. failed ignition system detected. Recommended full system replacement. Customer approved repair.,Email,Expired,331.93792604394065,2.2
HVAC-2025-01540,Jack Taylor,2025-12-09 12:11:00,Ductless Mini-Split,DMS-1200Q,Our new Ductless Mini-Split DMS-1200Q installation is terrible. The condensate drain was connected wrong and water is leaking into the ceiling.,Chicago,Illinois,Commercial,Open,Customer complaint verified. damaged ductwork confirmed. Ordered replacement condenser coil. Follow-up scheduled in 5 days.,Service Portal,Active,,3.9
HVAC-2024-01541,William Baker,2024-05-26 18:01:00,Boiler,BLR-7000E,Maintenance was performed on BLR-7000E but the filter was not replaced and the coils were not cleaned. Paid full price for incomplete work.,Pittsburgh,Pennsylvania,Industrial,Closed,Multiple issues found: failed ignition system. Complete overhaul recommended. Estimate provided to customer. Awaiting approval.,Service Portal,Expired,178.50864729626645,2.3
HVAC-2024-01542,Brenda Williams,2024-03-26 06:22:00,Ductless Mini-Split,DMS-2400Max,The Ductless Mini-Split DMS-2400Max has a refrigerant leak. We can smell chemicals and the cooling has stopped. This could be a health hazard.,Seattle,Washington,Residential,Escalated,Inspected unit on-site. Found compressor failure. Replaced contactor. System operational now.,Service Portal,Expired,,2.4
HVAC-2024-01543,Stephanie Murphy,2024-02-12 12:36:00,Packaged HVAC Unit,PKG-6500E,Filed a warranty claim for our PKG-6500E 27 months ago. No response from the warranty department despite 9 follow-up calls.,Chicago,Illinois,Commercial,In Progress,Performed diagnostics on PKG-6500E. frozen evaporator coil detected. Recommended system recalibration. Customer approved repair.,Chat,Expired,235.5047497900988,2.2
HVAC-2024-01544,Laura Stewart,2024-12-11 16:30:00,Central Air Conditioner,CAC-6000Ultra,Post-installation inspection revealed that the Central Air Conditioner CAC-6000Ultra was installed without proper drainage. Basement flooding has occurred.,Oklahoma City,Oklahoma,Commercial,Resolved,Emergency service call. Found blocked condenser coil. Temporary fix applied. Permanent repair requires reversing valve — on backorder.,CRM,Expired,35.443453002231635,2.1
HVAC-2024-01545,John Scott,2024-12-11 07:47:00,Heat Pump,HP-3500Elite,Our Heat Pump HP-3500Elite stopped heating entirely during the coldest week of winter. Indoor temp dropped to 61°F. This is a safety concern.,Dallas,Texas,Commercial,In Progress,Customer complaint verified. loose electrical connections confirmed. Ordered replacement reversing valve. Follow-up scheduled in 2 days.,CRM,Active,60.32345334946832,1.6
HVAC-2025-01546,Anna Edwards,2025-05-14 08:17:00,Smart Thermostat,ST-700Ultra,The ST-700Ultra installation crew was unprofessional and left refrigerant lines exposed. System is now leaking refrigerant.,Charlotte,North Carolina,Residential,In Progress,Performed diagnostics on ST-700Ultra. thermostat malfunction detected. Recommended control board replacement. Customer approved repair.,Service Portal,Extended,131.85025409088615,4.9
HVAC-2024-01547,Deborah Evans,2024-12-09 07:38:00,Central Air Conditioner,CAC-6000Ultra,We purchased the Central Air Conditioner CAC-6000Ultra 8 months ago and it's already failing to cool. Temperature stuck at 80°F. Unacceptable quality.,Milwaukee,Wisconsin,Commercial,Closed,,Phone,Expired,137.39246085680173,1.8
HVAC-2024-01548,Nicholas Williams,2024-08-06 13:35:00,VRF System,VRF-25000Ultra,The VRF System VRF-25000Ultra main board is fried after a power surge. System completely down for our 10-floor office building.,Los Angeles,California,Residential,In Progress,Warranty repair completed. failed ignition system was covered. Replaced heat exchanger. System tested and operational.,Phone,Active,48.38362143285256,1.3
HVAC-2025-01549,Melissa Hernandez,2025-06-15 21:11:00,Packaged HVAC Unit,PKG-6500E,The Packaged HVAC Unit PKG-6500E thermostat's geofencing feature stopped working. AC runs all day even when nobody is home. Wasting energy.,Atlanta,Georgia,Residential,Resolved,Performed diagnostics on PKG-6500E. worn compressor bearings detected. Recommended warranty claim processing. Customer approved repair.,Phone,Active,311.1792663940677,4.9
HVAC-2024-01550,Linda Lee,2024-02-16 12:08:00,Smart Thermostat,ST-200Eco,The ST-200Eco evaporator coil is leaking refrigerant again. This has been repaired twice already. Need a permanent solution.,Buffalo,New York,Residential,In Progress,Performed diagnostics on ST-200Eco. blocked condenser coil detected. Recommended electrical rewiring. Customer approved repair.,Chat,Void,81.0597032028832,2.1
HVAC-2025-01551,Joseph Anderson,2025-02-25 18:08:00,Furnace,FRN-5500E,The Furnace (FRN-5500E) stopped providing cold air yesterday. It's blowing warm air instead. Our office is unbearable at 79°F.,Columbus,Ohio,Residential,In Progress,Routine inspection revealed thermostat malfunction. Cleaned coils and replaced filters. System performance improved but drain pan showing wear.,CRM,Active,14.71617162239034,1.5
HVAC-2024-01552,Eric Edwards,2024-12-22 10:27:00,Packaged HVAC Unit,PKG-4000S,Our Packaged HVAC Unit PKG-4000S heating stopped working mid-winter. We have a newborn baby and the temp is 91°F inside. URGENT help needed!,Las Vegas,Nevada,Commercial,Resolved,Multiple issues found: thermostat malfunction. Complete overhaul recommended. Estimate provided to customer. Awaiting approval.,Email,Void,57.817836048333874,2.7
HVAC-2024-01553,Brandon Torres,2024-06-23 20:45:00,Smart Thermostat,ST-200Eco,Our ST-200Eco is supposed to be a high-efficiency unit but we're paying more than with our old system. Very misleading marketing.,Milwaukee,Wisconsin,Residential,Resolved,,Chat,Void,153.26879624369639,4.7
HVAC-2024-01554,Christine Stewart,2024-09-26 15:14:00,Central Air Conditioner,CAC-2500E,The CAC-2500E installation crew was unprofessional and left refrigerant lines exposed. System is now leaking refrigerant.,San Francisco,California,Residential,Closed,Multiple issues found: failed ignition system. Complete overhaul recommended. Estimate provided to customer. Awaiting approval.,Service Portal,Expired,70.60326705231024,4.6
HVAC-2025-01555,Joshua Baker,2025-07-21 17:59:00,Packaged HVAC Unit,PKG-4000S,Heating failure on our commercial PKG-4000S. Building occupants complaining about 40°F temperatures. Multiple offices affected.,Louisville,Kentucky,Residential,In Progress,Warranty repair completed. burned-out fan motor was covered. Replaced expansion valve. System tested and operational.,Email,Active,104.66886537502852,2.9
HVAC-2025-01556,Angela Allen,2025-01-21 08:04:00,Rooftop Unit,RTU-15000Ultra,The Rooftop Unit RTU-15000Ultra thermostat's geofencing feature stopped working. AC runs all day even when nobody is home. Wasting energy.,Albuquerque,New Mexico,Residential,Resolved,,Phone,Active,248.52164620049268,4.5
HVAC-2024-01557,Jack Nguyen,2024-01-24 21:45:00,Packaged HVAC Unit,PKG-5500Pro,Brand new Packaged HVAC Unit PKG-5500Pro installed 7 weeks ago cannot maintain temperature below 76°F. Extremely disappointed.,Tucson,Arizona,Commercial,In Progress,Customer complaint verified. faulty capacitor confirmed. Ordered replacement relay switch. Follow-up scheduled in 10 days.,Email,Active,72.48986434830225,3.4
HVAC-2024-01558,Anthony Brown,2024-06-24 20:38:00,Furnace,FRN-8500Elite,Our FRN-8500Elite has developed a loud rattling sound when it cycles on. The noise level is unbearable and affects our daily life.,Las Vegas,Nevada,Residential,Resolved,Multiple issues found: damaged ductwork. Complete overhaul recommended. Estimate provided to customer. Awaiting approval.,Phone,Active,217.88708080676207,3.0
HVAC-2025-01559,Susan Murphy,2025-08-13 20:44:00,Heat Pump,HP-4200Max,The HP-4200Max control board has failed. The entire system is non-functional. We have a commercial building full of employees with no AC.,Minneapolis,Minnesota,Residential,Resolved,,Email,Expired,75.92448168385613,1.7
HVAC-2025-01560,Emily Reyes,2025-01-10 18:02:00,Rooftop Unit,RTU-15000Ultra,The RTU-15000Ultra was installed 5 weeks ago but the installer used the wrong size ducts. System is extremely inefficient now.,Memphis,Tennessee,Residential,In Progress,Performed diagnostics on RTU-15000Ultra. compressor failure detected. Recommended full system replacement. Customer approved repair.,Social Media,Void,147.68481249062202,2.3
HVAC-2024-01561,Anna Allen,2024-06-14 17:02:00,VRF System,VRF-10000S,The VRF System VRF-10000S makes a high-pitched squealing noise during operation. We cannot sleep or work from home because of it.,Milwaukee,Wisconsin,Industrial,Resolved,Unit is beyond repair. blocked condenser coil too severe. Recommended full system replacement with newer CAC-6000Ultra model.,Chat,Expired,259.92183448185426,3.0
HVAC-2024-01562,Amanda Parker,2024-02-04 17:07:00,Smart Thermostat,ST-300Pro,The heat pump ST-300Pro is not providing adequate heating. House is at 63°F despite thermostat set to 72°F. Very concerned about pipes freezing.,Memphis,Tennessee,Residential,Resolved,Warranty repair completed. dirty air filter causing restricted airflow was covered. Replaced capacitor. System tested and operational.,Email,Extended,107.08772029009738,2.3
HVAC-2025-01563,Frank Stewart,2025-07-17 12:46:00,Heat Pump,HP-1800Eco,Our HP-1800Eco compressor makes a terrible clicking and vibrating noise. It gets worse at night. Multiple complaints from family.,Milwaukee,Wisconsin,Residential,In Progress,Warranty repair completed. faulty reversing valve was covered. Replaced evaporator coil. System tested and operational.,Chat,Active,34.90959184956428,4.3
HVAC-2025-01564,Stephen Phillips,2025-02-16 16:02:00,Rooftop Unit,RTU-6000S,The RTU-6000S is consuming way too much energy. Our utility bill went from $88 to $355 per month since installation.,Charlotte,North Carolina,Residential,Resolved,Performed diagnostics on RTU-6000S. loose electrical connections detected. Recommended refrigerant recharge. Customer approved repair.,Phone,Expired,214.37192974518186,2.8
HVAC-2025-01565,Christine Carter,2025-04-02 10:07:00,Air Handler,AH-3000X,Our new Air Handler AH-3000X installation is terrible. The condensate drain was connected wrong and water is leaking into the ceiling.,San Antonio,Texas,Commercial,Open,,Email,Extended,,2.9
HVAC-2025-01566,Ronald Johnson,2025-01-14 11:15:00,Furnace,FRN-5500E,"After the technician visited last week, the FRN-5500E still isn't cooling properly. This is our 4th service call for the same issue.",Tucson,Arizona,Commercial,Closed,Performed diagnostics on FRN-5500E. blocked condenser coil detected. Recommended full system replacement. Customer approved repair.,Phone,Expired,130.54594887332328,3.5
HVAC-2024-01567,Elizabeth Phillips,2024-01-03 21:32:00,Smart Thermostat,ST-500AI,The ST-500AI furnace is blowing cold air instead of warm. It's 75°F inside and we have elderly family members at home.,Sacramento,California,Residential,In Progress,,Social Media,Expired,23.068437963641347,3.4
HVAC-2025-01568,Brenda Ramirez,2025-02-28 17:53:00,Furnace,FRN-7500Pro,"After maintenance on our FRN-7500Pro, the system performance got worse. The technician may have damaged something.",Louisville,Kentucky,Industrial,Resolved,Customer complaint verified. defective expansion valve confirmed. Ordered replacement heat exchanger. Follow-up scheduled in 7 days.,CRM,Active,149.9876261101063,3.5
HVAC-2024-01569,Betty Evans,2024-01-16 17:26:00,Packaged HVAC Unit,PKG-7000X,The heat pump PKG-7000X is not providing adequate heating. House is at 84°F despite thermostat set to 72°F. Very concerned about pipes freezing.,Sacramento,California,Residential,Open,Unit is beyond repair. cracked heat exchanger too severe. Recommended full system replacement with commercial-grade RTU-15000Ultra.,Phone,Active,,1.5
HVAC-2024-01570,Charles Murphy,2024-10-19 11:40:00,Central Air Conditioner,CAC-2500E,"The CAC-2500E runs continuously without cycling off, leading to massive energy bills. Something is wrong with the efficiency.",Detroit,Michigan,Commercial,Closed,Emergency service call. Found defective expansion valve. Temporary fix applied. Permanent repair requires blower motor — on backorder.,Social Media,Expired,294.68342300615836,3.0
HVAC-2025-01571,Helen Clark,2025-08-03 22:01:00,Furnace,FRN-5500E,Warranty claim for FRN-5500E was denied citing 'improper installation' even though their own certified technician installed it.,Cincinnati,Ohio,Commercial,Escalated,Customer complaint verified. blocked condenser coil confirmed. Ordered replacement flame sensor. Follow-up scheduled in 11 days.,Phone,Expired,,1.4
HVAC-2025-01572,Jeffrey Allen,2025-02-12 13:09:00,Furnace,FRN-8500Elite,Heating system FRN-8500Elite fails to ignite. We've tried resetting multiple times. Temperature is dangerously low at 55°F.,Orlando,Florida,Residential,Open,Emergency service call. Found burned-out fan motor. Temporary fix applied. Permanent repair requires drain pan — on backorder.,Chat,Expired,,1.9
HVAC-2024-01573,David Lopez,2024-06-24 16:52:00,Heat Pump,HP-4200Max,Loud buzzing/humming noise coming from the outdoor unit HP-4200Max. Neighbors have complained about the noise level.,Memphis,Tennessee,Residential,Open,,Chat,Active,,4.9
HVAC-2025-01574,Justin Cruz,2025-06-21 17:22:00,Ductless Mini-Split,DMS-1800Pro,The DMS-1800Pro installation crew was unprofessional and left refrigerant lines exposed. System is now leaking refrigerant.,Cleveland,Ohio,Commercial,Escalated,Emergency service call. Found cracked heat exchanger. Temporary fix applied. Permanent repair requires filter drier — on backorder.,Phone,Void,,4.5
HVAC-2024-01575,Joshua Taylor,2024-02-04 21:29:00,Furnace,FRN-7500Pro,Our FRN-7500Pro has developed a loud rattling sound when it cycles on. The noise level is unbearable and affects our daily life.,Jacksonville,Florida,Commercial,Resolved,Emergency service call. Found damaged ductwork. Temporary fix applied. Permanent repair requires thermostat — on backorder.,Phone,Active,40.394968758325696,2.6
HVAC-2024-01576,Jason Sanchez,2024-05-08 11:30:00,Heat Pump,HP-2800Plus,Electrical failure in HP-2800Plus. Circuit breaker keeps tripping. Possible fire hazard. Need emergency service immediately.,Chicago,Illinois,Residential,In Progress,Inspected unit on-site. Found corroded heat exchanger. Replaced flame sensor. System operational now.,Social Media,Active,115.90158474203456,1.6
HVAC-2024-01577,Samuel Allen,2024-05-16 19:34:00,Packaged HVAC Unit,PKG-5500Pro,"Complete system failure of our Packaged HVAC Unit PKG-5500Pro. No power, no response, totally dead. Building has no climate control.",Pittsburgh,Pennsylvania,Industrial,Resolved,Multiple issues found: damaged ductwork. Complete overhaul recommended. Estimate provided to customer. Awaiting approval.,Phone,Active,65.64965598052939,2.1
HVAC-2024-01578,Betty Ramirez,2024-08-14 11:23:00,Rooftop Unit,RTU-12000X,Our RTU-12000X has developed a loud rattling sound when it cycles on. The noise level is unbearable and affects our daily life.,Tampa,Florida,Commercial,In Progress,,Service Portal,Active,247.32551080867177,3.0
HVAC-2024-01579,Ryan Hill,2024-07-16 14:30:00,Air Handler,AH-3000X,Technician found a refrigerant leak in our AH-3000X for the third time this year. Clearly a manufacturing defect in the coils.,Phoenix,Arizona,Residential,Escalated,Warranty repair completed. compressor failure was covered. Replaced drain pan. System tested and operational.,CRM,Void,,1.3
HVAC-2025-01580,George Hall,2025-07-11 18:44:00,Air Handler,AH-3500E,Warranty repair on Air Handler AH-3500E has been pending for 8 weeks. We're without heating/cooling and no loaner was provided.,Nashville,Tennessee,Residential,In Progress,Customer complaint verified. blocked condenser coil confirmed. Ordered replacement control board. Follow-up scheduled in 12 days.,CRM,Extended,207.27076748891685,1.2
HVAC-2025-01581,Brandon Rivera,2025-05-15 19:52:00,Heat Pump,HP-4200Max,The pilot light on our HP-4200Max keeps going out. Furnace won't stay on. House temperature dropping to 58°F overnight.,Cincinnati,Ohio,Commercial,Resolved,Inspected unit on-site. Found failed control board. Replaced refrigerant line set. System operational now.,Phone,Active,112.18244385636812,3.0
HVAC-2025-01582,Raymond Jackson,2025-07-20 09:55:00,Air Handler,AH-3000X,Our AH-3000X has developed a loud rattling sound when it cycles on. The noise level is unbearable and affects our daily life.,St. Louis,Missouri,Residential,Escalated,Warranty repair completed. worn compressor bearings was covered. Replaced condenser coil. System tested and operational.,Email,Expired,,3.2
HVAC-2025-01583,Linda Reyes,2025-12-12 07:27:00,Packaged HVAC Unit,PKG-5500Pro,Brand new Packaged HVAC Unit PKG-5500Pro installed 7 weeks ago cannot maintain temperature below 82°F. Extremely disappointed.,Pittsburgh,Pennsylvania,Residential,In Progress,Multiple issues found: loose electrical connections. Complete overhaul recommended. Estimate provided to customer. Awaiting approval.,Survey,Active,47.241758050408244,2.3
HVAC-2024-01584,Robert Mitchell,2024-05-19 18:29:00,Rooftop Unit,RTU-15000Ultra,SEER rating of our Rooftop Unit RTU-15000Ultra seems much lower than advertised. Energy consumption is 41% higher than expected.,Kansas City,Missouri,Residential,Closed,Customer complaint verified. damaged ductwork confirmed. Ordered replacement evaporator coil. Follow-up scheduled in 3 days.,Chat,Void,170.23651747284907,2.1
HVAC-2025-01585,Andrew Williams,2025-10-11 08:42:00,Boiler,BLR-9500Ultra,My Boiler model BLR-9500Ultra is not cooling at all. The house temperature is 50°F and it won't go below that. We've been suffering in this heat for 12 days now.,Phoenix,Arizona,Commercial,Resolved,,Social Media,Extended,162.45798538078031,1.7
HVAC-2024-01586,Gregory Edwards,2024-01-20 06:00:00,Ductless Mini-Split,DMS-900Eco,Post-installation inspection revealed that the Ductless Mini-Split DMS-900Eco was installed without proper drainage. Basement flooding has occurred.,New York,New York,Commercial,Resolved,Performed diagnostics on DMS-900Eco. burned-out fan motor detected. Recommended coil replacement. Customer approved repair.,Phone,Expired,53.83146205810948,2.8
HVAC-2025-01587,Amanda Rodriguez,2025-05-08 12:13:00,VRF System,VRF-20000X,Our VRF System VRF-20000X makes a clicking sound and then stops cooling. House temp is at 61°F. Children are uncomfortable.,Portland,Oregon,Commercial,Closed,Warranty repair completed. frozen evaporator coil was covered. Replaced igniter. System tested and operational.,Chat,Extended,149.02770349211647,3.2
HVAC-2024-01588,Debra Robinson,2024-06-28 15:59:00,Central Air Conditioner,CAC-5000Pro,Maintenance was performed on CAC-5000Pro but the filter was not replaced and the coils were not cleaned. Paid full price for incomplete work.,Denver,Colorado,Industrial,Resolved,Unit is beyond repair. damaged ductwork too severe. Recommended full system replacement with upgraded HP-4200Max system.,Social Media,Expired,71.78034289833883,2.9
HVAC-2024-01589,Donald Phillips,2024-12-22 08:42:00,Central Air Conditioner,CAC-4000S,The Central Air Conditioner CAC-4000S has a refrigerant leak. We can smell chemicals and the cooling has stopped. This could be a health hazard.,Houston,Texas,Residential,Closed,Performed diagnostics on CAC-4000S. failed control board detected. Recommended control board replacement. Customer approved repair.,Phone,Void,29.7934485701602,2.1
HVAC-2025-01590,Mark Martinez,2025-08-08 18:10:00,Boiler,BLR-8000HE,"Total system failure on our BLR-8000HE. Fan motor, compressor, and control board all failed simultaneously. Suspecting electrical issue.",San Antonio,Texas,Commercial,Resolved,Customer complaint verified. blocked condenser coil confirmed. Ordered replacement condenser coil. Follow-up scheduled in 7 days.,Phone,Expired,116.20540199812338,1.3
HVAC-2024-01591,Mark Lewis,2024-11-20 16:15:00,Smart Thermostat,ST-400Plus,"The Smart Thermostat ST-400Plus was installed incorrectly. Ductwork is leaking air, and the unit was placed in the wrong location.",Pittsburgh,Pennsylvania,Industrial,Escalated,,CRM,Active,,4.2
HVAC-2024-01592,Rachel Campbell,2024-07-08 17:35:00,Rooftop Unit,RTU-8000Pro,Heating failure on our commercial RTU-8000Pro. Building occupants complaining about 62°F temperatures. Multiple offices affected.,Indianapolis,Indiana,Commercial,Resolved,,Phone,Active,110.89388125542251,3.5
HVAC-2025-01593,Donald Martinez,2025-02-15 16:39:00,Packaged HVAC Unit,PKG-9000Ultra,We chose the Packaged HVAC Unit PKG-9000Ultra specifically for its energy star rating but our bills have skyrocketed by 15% this quarter.,Cleveland,Ohio,Residential,In Progress,Warranty repair completed. compressor failure was covered. Replaced condenser coil. System tested and operational.,Phone,Extended,203.8159030357867,5.0
HVAC-2025-01594,Catherine Ramirez,2025-05-04 10:27:00,Ductless Mini-Split,DMS-1800Pro,My Ductless Mini-Split model DMS-1800Pro is not cooling at all. The house temperature is 82°F and it won't go below that. We've been suffering in this heat for 9 days now.,San Francisco,California,Residential,Resolved,Performed diagnostics on DMS-1800Pro. blocked condenser coil detected. Recommended refrigerant recharge. Customer approved repair.,Email,Expired,130.30041953937175,3.4
HVAC-2025-01595,Lisa Adams,2025-03-19 17:35:00,Central Air Conditioner,CAC-5000Pro,Heating system CAC-5000Pro fails to ignite. We've tried resetting multiple times. Temperature is dangerously low at 60°F.,New York,New York,Commercial,Closed,Warranty repair completed. frozen evaporator coil was covered. Replaced contactor. System tested and operational.,Service Portal,Void,48.9358309271562,1.6
HVAC-2025-01596,Edward Campbell,2025-07-16 19:26:00,Central Air Conditioner,CAC-6000Ultra,Our CAC-6000Ultra failed within the first year and the company is blaming us for the failure. This is clearly a manufacturing defect.,Cincinnati,Ohio,Residential,Resolved,Performed diagnostics on CAC-6000Ultra. low refrigerant charge detected. Recommended warranty claim processing. Customer approved repair.,Social Media,Expired,9.467990588178239,1.2
HVAC-2024-01597,Ronald Evans,2024-05-14 14:24:00,Central Air Conditioner,CAC-4000S,R-410A refrigerant leak detected in CAC-4000S. Cooling performance has degraded and we're worried about environmental impact.,Cleveland,Ohio,Residential,Resolved,Performed diagnostics on CAC-4000S. thermostat malfunction detected. Recommended system recalibration. Customer approved repair.,CRM,Expired,94.64860434565861,1.6
HVAC-2024-01598,Sarah Murphy,2024-05-06 13:35:00,Air Handler,AH-4500Pro,Extended warranty for Air Handler AH-4500Pro was supposed to cover all parts and labor. Now they're saying refrigerant isn't covered.,Phoenix,Arizona,Residential,Escalated,Inspected unit on-site. Found corroded heat exchanger. Replaced compressor. System operational now.,Social Media,Active,,2.5
HVAC-2024-01599,Brian Lewis,2024-05-11 22:55:00,Smart Thermostat,ST-500AI,The indoor unit of our Smart Thermostat ST-500AI produces a constant whistling noise. Very annoying and disruptive.,Tampa,Florida,Commercial,Resolved,Routine inspection revealed low refrigerant charge. Cleaned coils and replaced filters. System performance improved but relay switch showing wear.,Chat,Expired,254.76182494927463,3.3
HVAC-2024-01600,Michael Green,2024-09-03 15:57:00,VRF System,VRF-25000Ultra,Technician found a refrigerant leak in our VRF-25000Ultra for the third time this year. Clearly a manufacturing defect in the coils.,St. Louis,Missouri,Residential,In Progress,Customer complaint verified. defective expansion valve confirmed. Ordered replacement blower motor. Follow-up scheduled in 14 days.,CRM,Expired,73.99889652969554,1.2
HVAC-2025-01601,Carol Wright,2025-01-06 06:43:00,Packaged HVAC Unit,PKG-9000Ultra,We chose the Packaged HVAC Unit PKG-9000Ultra specifically for its energy star rating but our bills have skyrocketed by 49% this quarter.,Oklahoma City,Oklahoma,Industrial,Escalated,Emergency service call. Found damaged ductwork. Temporary fix applied. Permanent repair requires blower motor — on backorder.,CRM,Active,,4.8
HVAC-2025-01602,George Gonzalez,2025-12-27 18:42:00,Boiler,BLR-7000E,The maintenance technician for our BLR-7000E didn't bring the right parts and left the job incomplete. Still waiting for resolution.,Houston,Texas,Industrial,Resolved,Warranty repair completed. low refrigerant charge was covered. Replaced refrigerant line set. System tested and operational.,Phone,Expired,200.5231601774324,2.3
HVAC-2025-01603,Dorothy Martinez,2025-06-20 06:27:00,Rooftop Unit,RTU-15000Ultra,We purchased the Rooftop Unit RTU-15000Ultra 21 months ago and it's already failing to cool. Temperature stuck at 62°F. Unacceptable quality.,Houston,Texas,Industrial,Resolved,Performed diagnostics on RTU-15000Ultra. burned-out fan motor detected. Recommended compressor swap. Customer approved repair.,Email,Active,5.7661568807984995,2.9
HVAC-2025-01604,James Anderson,2025-03-19 22:44:00,Central Air Conditioner,CAC-6000Ultra,SEER rating of our Central Air Conditioner CAC-6000Ultra seems much lower than advertised. Energy consumption is 57% higher than expected.,Charlotte,North Carolina,Commercial,Open,Emergency service call. Found electrical short in wiring harness. Temporary fix applied. Permanent repair requires flame sensor — on backorder.,Social Media,Expired,,3.6
HVAC-2025-01605,Matthew Thompson,2025-02-25 19:15:00,Heat Pump,HP-2200DX,Scheduled maintenance for Heat Pump HP-2200DX was missed twice. No one contacted us to reschedule. Very poor service.,Portland,Oregon,Commercial,Resolved,Customer complaint verified. faulty reversing valve confirmed. Ordered replacement compressor. Follow-up scheduled in 12 days.,CRM,Expired,284.0708865534993,4.2
HVAC-2025-01606,Emma Williams,2025-02-19 17:30:00,Central Air Conditioner,CAC-6000Ultra,AC unit CAC-6000Ultra has completely stopped cooling. Thermostat shows 49°F but the system is running constantly. Very frustrated.,Denver,Colorado,Commercial,Open,,Phone,Active,,3.5
HVAC-2024-01607,Brian Anderson,2024-04-02 16:47:00,Furnace,FRN-5500E,The cooling capacity of our FRN-5500E has dropped significantly. Rooms are at 48°F despite running 24/7. Need immediate service.,Jacksonville,Florida,Commercial,In Progress,Emergency service call. Found defective expansion valve. Temporary fix applied. Permanent repair requires drain pan — on backorder.,CRM,Active,40.60989693229036,2.0
HVAC-2024-01608,Margaret Roberts,2024-02-04 10:17:00,Rooftop Unit,RTU-8000Pro,Heating system RTU-8000Pro fails to ignite. We've tried resetting multiple times. Temperature is dangerously low at 41°F.,Phoenix,Arizona,Residential,Escalated,Unit is beyond repair. faulty reversing valve too severe. Recommended full system replacement with latest VRF-25000Ultra system.,Email,Active,,2.2
HVAC-2025-01609,Christopher Davis,2025-01-17 14:22:00,VRF System,VRF-15000Pro,The VRF System (VRF-15000Pro) stopped providing cold air yesterday. It's blowing warm air instead. Our office is unbearable at 86°F.,Charlotte,North Carolina,Commercial,Resolved,Unit is beyond repair. electrical short in wiring harness too severe. Recommended full system replacement with commercial-grade RTU-15000Ultra.,Phone,Expired,27.091173423046833,2.1
HVAC-2025-01610,Jonathan Gomez,2025-08-16 15:33:00,Packaged HVAC Unit,PKG-9000Ultra,Heating system PKG-9000Ultra fails to ignite. We've tried resetting multiple times. Temperature is dangerously low at 81°F.,Dallas,Texas,Commercial,Resolved,Customer complaint verified. frozen evaporator coil confirmed. Ordered replacement blower motor. Follow-up scheduled in 6 days.,Phone,Active,106.71092970945652,3.0
HVAC-2024-01611,Steven Martin,2024-04-20 12:31:00,Smart Thermostat,ST-500AI,The heat pump ST-500AI is not providing adequate heating. House is at 95°F despite thermostat set to 72°F. Very concerned about pipes freezing.,Albuquerque,New Mexico,Residential,Closed,Customer complaint verified. failed control board confirmed. Ordered replacement contactor. Follow-up scheduled in 13 days.,Social Media,Void,89.0618826329251,3.5
HVAC-2025-01612,Nicole Morales,2025-12-12 12:52:00,Heat Pump,HP-3500Elite,Our Heat Pump HP-3500Elite makes a clicking sound and then stops cooling. House temp is at 86°F. Children are uncomfortable.,Jacksonville,Florida,Residential,Resolved,Emergency service call. Found faulty reversing valve. Temporary fix applied. Permanent repair requires thermostat — on backorder.,CRM,Active,42.4975006707367,3.3
HVAC-2025-01613,Shirley Thomas,2025-05-04 07:35:00,Ductless Mini-Split,DMS-1800Pro,Our Ductless Mini-Split DMS-1800Pro is leaking refrigerant. Green residue visible on the outdoor unit. Children play near it — very concerned about safety.,Louisville,Kentucky,Residential,Resolved,Unit is beyond repair. failed control board too severe. Recommended full system replacement with commercial-grade RTU-15000Ultra.,Social Media,Expired,116.84217767253466,2.3
HVAC-2025-01614,Benjamin Johnson,2025-12-11 12:51:00,VRF System,VRF-18000E,Our VRF System VRF-18000E is leaking refrigerant. Green residue visible on the outdoor unit. Children play near it — very concerned about safety.,San Antonio,Texas,Residential,In Progress,,Social Media,Expired,92.7010955982148,1.9
HVAC-2024-01615,Gary Thomas,2024-08-22 22:41:00,VRF System,VRF-15000Pro,Heating system VRF-15000Pro fails to ignite. We've tried resetting multiple times. Temperature is dangerously low at 56°F.,Albuquerque,New Mexico,Commercial,In Progress,Customer complaint verified. dirty air filter causing restricted airflow confirmed. Ordered replacement condenser coil. Follow-up scheduled in 5 days.,Phone,Expired,101.00310404296764,3.0
HVAC-2025-01616,Pamela Rivera,2025-12-13 08:22:00,Heat Pump,HP-3500Elite,Our Heat Pump HP-3500Elite is leaking refrigerant. Green residue visible on the outdoor unit. Children play near it — very concerned about safety.,Detroit,Michigan,Commercial,Resolved,Warranty repair completed. corroded heat exchanger was covered. Replaced reversing valve. System tested and operational.,Phone,Void,68.72601458947685,2.0
HVAC-2025-01617,Justin Stewart,2025-02-12 08:01:00,Air Handler,AH-2000S,My Air Handler model AH-2000S is not cooling at all. The house temperature is 44°F and it won't go below that. We've been suffering in this heat for 29 days now.,Miami,Florida,Residential,Resolved,Inspected unit on-site. Found faulty capacitor. Replaced thermostat. System operational now.,Email,Expired,81.32213650043576,2.1
HVAC-2025-01618,Patrick Lopez,2025-02-07 21:08:00,Ductless Mini-Split,DMS-1500S,Our Ductless Mini-Split DMS-1500S had a catastrophic compressor failure. Loud bang followed by complete shutdown. Potential safety hazard.,Sacramento,California,Commercial,Open,Performed diagnostics on DMS-1500S. faulty capacitor detected. Recommended compressor swap. Customer approved repair.,Chat,Expired,,2.7
HVAC-2025-01619,Deborah Baker,2025-05-16 18:14:00,Air Handler,AH-4500Pro,We purchased the Air Handler AH-4500Pro 24 months ago and it's already failing to cool. Temperature stuck at 66°F. Unacceptable quality.,Dallas,Texas,Residential,Open,Performed diagnostics on AH-4500Pro. burned-out fan motor detected. Recommended duct sealing and insulation. Customer approved repair.,Email,Extended,,1.6
HVAC-2025-01620,Christopher Campbell,2025-01-25 16:10:00,Packaged HVAC Unit,PKG-5500Pro,The heat pump PKG-5500Pro is not providing adequate heating. House is at 66°F despite thermostat set to 72°F. Very concerned about pipes freezing.,Detroit,Michigan,Residential,Escalated,Unit is beyond repair. clogged condensate drain too severe. Recommended full system replacement with commercial-grade RTU-15000Ultra.,Social Media,Active,,2.0
HVAC-2025-01621,Kenneth Scott,2025-02-28 16:15:00,Boiler,BLR-7000E,Our Boiler BLR-7000E stopped heating entirely during the coldest week of winter. Indoor temp dropped to 62°F. This is a safety concern.,Pittsburgh,Pennsylvania,Commercial,In Progress,Warranty repair completed. failed control board was covered. Replaced fan motor. System tested and operational.,Phone,Extended,77.42344954805786,3.4
HVAC-2024-01622,Kathleen King,2024-12-14 14:20:00,Packaged HVAC Unit,PKG-7000X,The Packaged HVAC Unit PKG-7000X smart thermostat keeps disconnecting from WiFi. Cannot control temperature remotely anymore.,Nashville,Tennessee,Commercial,Resolved,Emergency service call. Found thermostat malfunction. Temporary fix applied. Permanent repair requires filter drier — on backorder.,Survey,Expired,193.37066821156787,4.3
HVAC-2025-01623,Stephanie Cruz,2025-11-26 21:59:00,Packaged HVAC Unit,PKG-5500Pro,My Packaged HVAC Unit model PKG-5500Pro is not cooling at all. The house temperature is 84°F and it won't go below that. We've been suffering in this heat for 25 days now.,New York,New York,Commercial,In Progress,Warranty repair completed. worn compressor bearings was covered. Replaced igniter. System tested and operational.,Survey,Active,90.91011629205597,2.6
HVAC-2025-01624,Melissa Roberts,2025-07-11 11:13:00,VRF System,VRF-25000Ultra,Our new VRF System VRF-25000Ultra installation is terrible. The condensate drain was connected wrong and water is leaking into the ceiling.,Tucson,Arizona,Industrial,Open,,Phone,Active,,4.9
HVAC-2024-01625,Mary Roberts,2024-09-20 21:10:00,Heat Pump,HP-2800Plus,Heating failure on our commercial HP-2800Plus. Building occupants complaining about 60°F temperatures. Multiple offices affected.,Pittsburgh,Pennsylvania,Commercial,Resolved,Customer complaint verified. frozen evaporator coil confirmed. Ordered replacement blower motor. Follow-up scheduled in 14 days.,Phone,Active,52.4295141263448,2.2
HVAC-2025-01626,Pamela Jackson,2025-06-19 07:35:00,Ductless Mini-Split,DMS-1800Pro,Maintenance was performed on DMS-1800Pro but the filter was not replaced and the coils were not cleaned. Paid full price for incomplete work.,Memphis,Tennessee,Residential,Resolved,Warranty repair completed. compressor failure was covered. Replaced refrigerant line set. System tested and operational.,Email,Void,42.629629669355964,3.2
HVAC-2025-01627,Jennifer Smith,2025-03-21 18:24:00,VRF System,VRF-15000Pro,The VRF-15000Pro was installed 2 weeks ago but the installer used the wrong size ducts. System is extremely inefficient now.,Dallas,Texas,Residential,Resolved,Inspected unit on-site. Found compressor failure. Replaced refrigerant line set. System operational now.,Phone,Void,132.97669792147423,4.4
HVAC-2024-01628,David Garcia,2024-09-26 14:46:00,Central Air Conditioner,CAC-3000X,"The Central Air Conditioner CAC-3000X was installed incorrectly. Ductwork is leaking air, and the unit was placed in the wrong location.",Cincinnati,Ohio,Residential,Escalated,Customer complaint verified. refrigerant leak in evaporator coil confirmed. Ordered replacement control board. Follow-up scheduled in 3 days.,Service Portal,Expired,,3.4
HVAC-2024-01629,Deborah Green,2024-06-04 08:57:00,Heat Pump,HP-1800Eco,Extended warranty for Heat Pump HP-1800Eco was supposed to cover all parts and labor. Now they're saying refrigerant isn't covered.,Albuquerque,New Mexico,Residential,Escalated,Routine inspection revealed burned-out fan motor. Cleaned coils and replaced filters. System performance improved but igniter showing wear.,CRM,Active,,2.2
HVAC-2025-01630,Jeffrey Murphy,2025-02-21 10:26:00,Furnace,FRN-6000S,Heating system FRN-6000S fails to ignite. We've tried resetting multiple times. Temperature is dangerously low at 95°F.,San Francisco,California,Residential,Resolved,Multiple issues found: blocked condenser coil. Complete overhaul recommended. Estimate provided to customer. Awaiting approval.,Phone,Expired,76.26412308067587,2.1
HVAC-2025-01631,Justin Roberts,2025-07-18 06:31:00,Ductless Mini-Split,DMS-1800Pro,The Ductless Mini-Split DMS-1800Pro has a refrigerant leak. We can smell chemicals and the cooling has stopped. This could be a health hazard.,Los Angeles,California,Commercial,Open,Warranty repair completed. damaged ductwork was covered. Replaced blower motor. System tested and operational.,CRM,Active,,1.1
HVAC-2025-01632,Ashley Edwards,2025-05-27 16:40:00,Boiler,BLR-9500Ultra,Our BLR-9500Ultra has developed a loud rattling sound when it cycles on. The noise level is unbearable and affects our daily life.,Oklahoma City,Oklahoma,Commercial,Resolved,Routine inspection revealed defective expansion valve. Cleaned coils and replaced filters. System performance improved but control board showing wear.,Service Portal,Active,159.4760107633843,4.8
HVAC-2025-01633,Samuel Gonzalez,2025-02-25 15:27:00,Ductless Mini-Split,DMS-900Eco,AC unit DMS-900Eco has completely stopped cooling. Thermostat shows 67°F but the system is running constantly. Very frustrated.,San Antonio,Texas,Residential,In Progress,Unit is beyond repair. thermostat malfunction too severe. Recommended full system replacement with high-efficiency FRN-9800HE.,Phone,Extended,8.931205854513777,1.6
HVAC-2025-01634,Mark Smith,2025-12-27 17:49:00,Ductless Mini-Split,DMS-2400Max,Filed a warranty claim for our DMS-2400Max 19 months ago. No response from the warranty department despite 15 follow-up calls.,Jacksonville,Florida,Commercial,In Progress,Emergency service call. Found low refrigerant charge. Temporary fix applied. Permanent repair requires heat exchanger — on backorder.,Service Portal,Active,9.737493389902529,2.2
HVAC-2025-01635,Patrick Phillips,2025-02-27 10:13:00,Ductless Mini-Split,DMS-2400Max,"After the technician visited last week, the DMS-2400Max still isn't cooling properly. This is our 3rd service call for the same issue.",Dallas,Texas,Residential,Resolved,,Phone,Active,62.74307758687993,2.4
HVAC-2025-01636,Donna Jackson,2025-08-10 13:00:00,VRF System,VRF-20000X,The VRF System VRF-20000X makes a high-pitched squealing noise during operation. We cannot sleep or work from home because of it.,Miami,Florida,Residential,Resolved,Inspected unit on-site. Found blocked condenser coil. Replaced relay switch. System operational now.,Phone,Active,131.02306287120712,3.2
HVAC-2025-01637,William Scott,2025-02-08 08:47:00,Air Handler,AH-4500Pro,"Installer damaged our wall and ceiling during Air Handler AH-4500Pro installation. Also, the system is not balanced — one room is freezing while another is hot.",Las Vegas,Nevada,Residential,In Progress,,Chat,Extended,148.30534363705942,3.4
HVAC-2024-01638,Andrew Stewart,2024-11-14 21:19:00,Furnace,FRN-8500Elite,The cooling capacity of our FRN-8500Elite has dropped significantly. Rooms are at 46°F despite running 24/7. Need immediate service.,Minneapolis,Minnesota,Commercial,Resolved,,CRM,Void,147.01990765618046,2.2
HVAC-2024-01639,Joshua Phillips,2024-12-06 15:21:00,Rooftop Unit,RTU-10000E,Our Rooftop Unit RTU-10000E heating stopped working mid-winter. We have a newborn baby and the temp is 69°F inside. URGENT help needed!,Indianapolis,Indiana,Commercial,Open,,Social Media,Active,,1.5
HVAC-2024-01640,Brian Hall,2024-03-08 16:51:00,Boiler,BLR-9500Ultra,Our Boiler BLR-9500Ultra makes a clicking sound and then stops cooling. House temp is at 89°F. Children are uncomfortable.,Portland,Oregon,Industrial,Resolved,,Phone,Expired,107.128980210004,1.8
HVAC-2024-01641,Donna Thompson,2024-02-24 09:04:00,VRF System,VRF-25000Ultra,Our VRF System VRF-25000Ultra lost all refrigerant. The system is 24 months old. Suspected manufacturing defect in the line set.,Tucson,Arizona,Residential,Resolved,Routine inspection revealed low refrigerant charge. Cleaned coils and replaced filters. System performance improved but filter drier showing wear.,Social Media,Active,25.14154862260984,1.3
HVAC-2024-01642,Gregory Sanchez,2024-01-12 14:34:00,Heat Pump,HP-1800Eco,"After the technician visited last week, the HP-1800Eco still isn't cooling properly. This is our 3rd service call for the same issue.",New York,New York,Residential,In Progress,Multiple issues found: blocked condenser coil. Complete overhaul recommended. Estimate provided to customer. Awaiting approval.,Service Portal,Active,73.6229599782256,2.1
HVAC-2024-01643,Janet Green,2024-09-23 20:55:00,Air Handler,AH-3000X,Warranty repair on Air Handler AH-3000X has been pending for 9 weeks. We're without heating/cooling and no loaner was provided.,Indianapolis,Indiana,Residential,Resolved,Multiple issues found: faulty capacitor. Complete overhaul recommended. Estimate provided to customer. Awaiting approval.,Chat,Active,314.1000420038496,1.2
HVAC-2024-01644,Sandra Mitchell,2024-03-04 22:02:00,Air Handler,AH-3500E,Our Air Handler AH-3500E had a catastrophic compressor failure. Loud bang followed by complete shutdown. Potential safety hazard.,Milwaukee,Wisconsin,Commercial,Resolved,Multiple issues found: dirty air filter causing restricted airflow. Complete overhaul recommended. Estimate provided to customer. Awaiting approval.,Phone,Active,117.27894744456603,1.5
HVAC-2024-01645,Donna Baker,2024-12-21 15:32:00,Rooftop Unit,RTU-15000Ultra,Integration between RTU-15000Ultra and our home automation system broke after the last update. None of the smart features work now.,Tampa,Florida,Commercial,Closed,,Email,Extended,17.726850459756335,3.4
HVAC-2025-01646,Amanda Williams,2025-01-24 17:29:00,Boiler,BLR-9500Ultra,WiFi connectivity issues with Boiler BLR-9500Ultra for the past 7 weeks. The scheduling feature doesn't work without connectivity.,Oklahoma City,Oklahoma,Commercial,Resolved,Multiple issues found: failed control board. Complete overhaul recommended. Estimate provided to customer. Awaiting approval.,Phone,Void,69.28323536627894,4.7
HVAC-2025-01647,Gregory Wright,2025-08-12 12:08:00,Air Handler,AH-5000Elite,The AH-5000Elite was installed 10 weeks ago but the installer used the wrong size ducts. System is extremely inefficient now.,Kansas City,Missouri,Commercial,In Progress,,Phone,Active,120.29871638557614,2.2
HVAC-2024-01648,Brenda Wilson,2024-07-19 12:45:00,Packaged HVAC Unit,PKG-5500Pro,"After the technician visited last week, the PKG-5500Pro still isn't cooling properly. This is our 5th service call for the same issue.",Cincinnati,Ohio,Commercial,Open,Inspected unit on-site. Found worn compressor bearings. Replaced drain pan. System operational now.,Phone,Active,,3.1
HVAC-2025-01649,Mark Perez,2025-06-22 16:47:00,Rooftop Unit,RTU-6000S,The Rooftop Unit RTU-6000S main board is fried after a power surge. System completely down for our 10-floor office building.,Minneapolis,Minnesota,Residential,Open,Unit is beyond repair. compressor failure too severe. Recommended full system replacement with commercial-grade RTU-15000Ultra.,Chat,Active,,2.0
HVAC-2024-01650,Gary Diaz,2024-04-11 10:45:00,Air Handler,AH-5000Elite,Our new Air Handler AH-5000Elite installation is terrible. The condensate drain was connected wrong and water is leaking into the ceiling.,Albuquerque,New Mexico,Commercial,Resolved,,Phone,Extended,60.20062775286546,2.7
HVAC-2024-01651,Emma Turner,2024-06-28 12:18:00,Heat Pump,HP-2200DX,We chose the Heat Pump HP-2200DX specifically for its energy star rating but our bills have skyrocketed by 58% this quarter.,Denver,Colorado,Residential,In Progress,Warranty repair completed. faulty capacitor was covered. Replaced igniter. System tested and operational.,Phone,Active,12.059081450575576,3.4
HVAC-2025-01652,Amanda Rodriguez,2025-09-11 22:34:00,Rooftop Unit,RTU-6000S,The Rooftop Unit RTU-6000S parts warranty should cover this repair but the dealer says it's a labor issue. Total runaround for 7 weeks.,Albuquerque,New Mexico,Industrial,In Progress,Emergency service call. Found blocked condenser coil. Temporary fix applied. Permanent repair requires relay switch — on backorder.,Phone,Extended,27.05158060404635,2.2
HVAC-2024-01653,Brandon Edwards,2024-02-21 22:53:00,Air Handler,AH-2000S,Our Air Handler AH-2000S stopped heating entirely during the coldest week of winter. Indoor temp dropped to 72°F. This is a safety concern.,Portland,Oregon,Residential,Escalated,Warranty repair completed. defective expansion valve was covered. Replaced fan motor. System tested and operational.,Phone,Active,,3.3
HVAC-2025-01654,Alexander Davis,2025-07-10 09:02:00,Air Handler,AH-2000S,The Air Handler AH-2000S makes a high-pitched squealing noise during operation. We cannot sleep or work from home because of it.,Buffalo,New York,Residential,Resolved,,Service Portal,Expired,257.90835187380554,3.6
HVAC-2025-01655,Shirley Hill,2025-06-14 17:06:00,Ductless Mini-Split,DMS-900Eco,The Ductless Mini-Split DMS-900Eco has a refrigerant leak. We can smell chemicals and the cooling has stopped. This could be a health hazard.,Oklahoma City,Oklahoma,Industrial,Resolved,Inspected unit on-site. Found loose electrical connections. Replaced fan motor. System operational now.,Survey,Expired,108.90356641869525,2.2
HVAC-2025-01656,Anna Hill,2025-08-04 06:34:00,Rooftop Unit,RTU-6000S,Banging noises from the ductwork connected to RTU-6000S every time the system starts. Sounds like something is loose inside.,San Francisco,California,Industrial,Escalated,Unit is beyond repair. clogged condensate drain too severe. Recommended full system replacement with upgraded HP-4200Max system.,Social Media,Void,,4.6
HVAC-2024-01657,Rebecca Martinez,2024-12-07 16:11:00,Central Air Conditioner,CAC-5000Pro,AC unit CAC-5000Pro has completely stopped cooling. Thermostat shows 62°F but the system is running constantly. Very frustrated.,Pittsburgh,Pennsylvania,Residential,Resolved,Performed diagnostics on CAC-5000Pro. refrigerant leak in evaporator coil detected. Recommended refrigerant recharge. Customer approved repair.,Email,Active,166.27906032944057,3.0
HVAC-2024-01658,Brian Sanchez,2024-07-04 12:21:00,Rooftop Unit,RTU-15000Ultra,"Total system failure on our RTU-15000Ultra. Fan motor, compressor, and control board all failed simultaneously. Suspecting electrical issue.",San Antonio,Texas,Commercial,Resolved,Unit is beyond repair. clogged condensate drain too severe. Recommended full system replacement with latest VRF-25000Ultra system.,Phone,Active,28.748213101050908,2.7
HVAC-2025-01659,Ashley Morales,2025-12-02 06:55:00,Rooftop Unit,RTU-8000Pro,Our Rooftop Unit RTU-8000Pro lost all refrigerant. The system is 36 months old. Suspected manufacturing defect in the line set.,New York,New York,Residential,Closed,,Email,Active,86.53421789169576,1.4
HVAC-2025-01660,Sarah Hernandez,2025-08-24 10:41:00,Ductless Mini-Split,DMS-1200Q,The DMS-1200Q is consuming way too much energy. Our utility bill went from $193 to $570 per month since installation.,Cleveland,Ohio,Residential,Open,Warranty repair completed. dirty air filter causing restricted airflow was covered. Replaced evaporator coil. System tested and operational.,Phone,Active,,3.6
HVAC-2024-01661,Jason Green,2024-06-20 19:44:00,Heat Pump,HP-4200Max,SEER rating of our Heat Pump HP-4200Max seems much lower than advertised. Energy consumption is 45% higher than expected.,Orlando,Florida,Residential,Resolved,,Phone,Active,123.09523843846723,2.2
HVAC-2025-01662,Michelle Baker,2025-06-01 21:40:00,Rooftop Unit,RTU-6000S,The RTU-6000S evaporator coil is leaking refrigerant again. This has been repaired twice already. Need a permanent solution.,Phoenix,Arizona,Residential,In Progress,Performed diagnostics on RTU-6000S. clogged condensate drain detected. Recommended compressor swap. Customer approved repair.,Email,Extended,93.43456616235888,2.5
HVAC-2025-01663,Stephen Phillips,2025-06-20 22:31:00,Rooftop Unit,RTU-15000Ultra,The heat pump RTU-15000Ultra is not providing adequate heating. House is at 38°F despite thermostat set to 72°F. Very concerned about pipes freezing.,Charlotte,North Carolina,Commercial,In Progress,Multiple issues found: failed ignition system. Complete overhaul recommended. Estimate provided to customer. Awaiting approval.,Phone,Active,70.59429838257985,1.8
HVAC-2024-01664,Donald Mitchell,2024-12-08 10:09:00,Central Air Conditioner,CAC-5000Pro,The CAC-5000Pro was installed 9 weeks ago but the installer used the wrong size ducts. System is extremely inefficient now.,New York,New York,Residential,Resolved,Performed diagnostics on CAC-5000Pro. damaged ductwork detected. Recommended electrical rewiring. Customer approved repair.,Phone,Active,30.834891834380606,3.2
HVAC-2024-01665,Gregory Diaz,2024-01-26 22:03:00,Central Air Conditioner,CAC-6000Ultra,The smart thermostat CAC-6000Ultra is not syncing with the HVAC system. Temperature readings are inaccurate by 12°F.,Jacksonville,Florida,Industrial,Open,Performed diagnostics on CAC-6000Ultra. burned-out fan motor detected. Recommended system recalibration. Customer approved repair.,Phone,Active,,4.1
HVAC-2024-01666,Brian Thomas,2024-03-17 20:52:00,Boiler,BLR-7000E,The heat pump BLR-7000E is not providing adequate heating. House is at 76°F despite thermostat set to 72°F. Very concerned about pipes freezing.,Salt Lake City,Utah,Commercial,In Progress,,Social Media,Active,70.54065736628313,2.6
HVAC-2025-01667,Scott Phillips,2025-08-18 21:14:00,Ductless Mini-Split,DMS-1500S,"Total system failure on our DMS-1500S. Fan motor, compressor, and control board all failed simultaneously. Suspecting electrical issue.",Columbus,Ohio,Residential,Resolved,,Chat,Active,62.93683394914033,2.8
HVAC-2025-01668,Pamela Cruz,2025-06-26 19:28:00,Ductless Mini-Split,DMS-1800Pro,The cooling capacity of our DMS-1800Pro has dropped significantly. Rooms are at 49°F despite running 24/7. Need immediate service.,Seattle,Washington,Commercial,Resolved,Performed diagnostics on DMS-1800Pro. electrical short in wiring harness detected. Recommended system recalibration. Customer approved repair.,Chat,Active,103.84381490533602,2.2
HVAC-2025-01669,Ronald Hernandez,2025-12-16 12:24:00,Air Handler,AH-3500E,The heat pump AH-3500E is not providing adequate heating. House is at 51°F despite thermostat set to 72°F. Very concerned about pipes freezing.,Indianapolis,Indiana,Residential,Resolved,Customer complaint verified. refrigerant leak in evaporator coil confirmed. Ordered replacement expansion valve. Follow-up scheduled in 5 days.,Survey,Active,65.30949574121459,2.3
HVAC-2025-01670,Jason Parker,2025-07-27 13:32:00,VRF System,VRF-25000Ultra,Our VRF System VRF-25000Ultra stopped heating entirely during the coldest week of winter. Indoor temp dropped to 63°F. This is a safety concern.,Indianapolis,Indiana,Residential,Closed,Performed diagnostics on VRF-25000Ultra. dirty air filter causing restricted airflow detected. Recommended full system replacement. Customer approved repair.,Phone,Expired,97.79176348059362,3.3
HVAC-2025-01671,Samantha Cruz,2025-10-08 18:53:00,VRF System,VRF-15000Pro,Our VRF System VRF-15000Pro lost all refrigerant. The system is 21 months old. Suspected manufacturing defect in the line set.,Tampa,Florida,Commercial,Resolved,Emergency service call. Found low refrigerant charge. Temporary fix applied. Permanent repair requires drain pan — on backorder.,Social Media,Expired,87.14855066187597,2.1
HVAC-2025-01672,Kenneth Wilson,2025-11-27 19:51:00,Furnace,FRN-7500Pro,Installation team left a mess and didn't complete the FRN-7500Pro installation properly. Wires are exposed and the unit vibrates excessively.,Cleveland,Ohio,Residential,Closed,Inspected unit on-site. Found burned-out fan motor. Replaced refrigerant line set. System operational now.,Email,Expired,144.44722008819673,4.1
HVAC-2025-01673,Amanda White,2025-11-19 13:55:00,Ductless Mini-Split,DMS-1500S,"After annual maintenance, our Ductless Mini-Split DMS-1500S stopped heating. Now at 79°F. This was working fine before the tech came.",Cincinnati,Ohio,Industrial,In Progress,Unit is beyond repair. blocked condenser coil too severe. Recommended full system replacement with commercial-grade RTU-15000Ultra.,Phone,Active,39.620603784909775,3.4
HVAC-2025-01674,Mary Parker,2025-07-14 16:37:00,Furnace,FRN-9800HE,Our Furnace FRN-9800HE heating stopped working mid-winter. We have a newborn baby and the temp is 85°F inside. URGENT help needed!,Miami,Florida,Residential,In Progress,Unit is beyond repair. failed ignition system too severe. Recommended full system replacement with upgraded HP-4200Max system.,Social Media,Extended,72.53299790308809,2.9
HVAC-2025-01675,Nicholas Walker,2025-02-11 10:34:00,Ductless Mini-Split,DMS-2400Max,My Ductless Mini-Split DMS-2400Max compressor failed after 5 months. Company refusing to honor the 15-year warranty claim.,Tucson,Arizona,Industrial,Escalated,Emergency service call. Found compressor failure. Temporary fix applied. Permanent repair requires heat exchanger — on backorder.,Chat,Extended,,1.6
HVAC-2025-01676,Stephen Wright,2025-02-02 14:44:00,Furnace,FRN-5500E,The cooling capacity of our FRN-5500E has dropped significantly. Rooms are at 41°F despite running 24/7. Need immediate service.,Richmond,Virginia,Residential,Closed,,Chat,Active,104.57464252011579,2.6
HVAC-2025-01677,Michelle Wright,2025-01-13 10:14:00,Central Air Conditioner,CAC-6000Ultra,The heat pump CAC-6000Ultra is not providing adequate heating. House is at 72°F despite thermostat set to 72°F. Very concerned about pipes freezing.,Houston,Texas,Industrial,Closed,Routine inspection revealed worn compressor bearings. Cleaned coils and replaced filters. System performance improved but refrigerant line set showing wear.,Phone,Active,119.59741731584054,2.7
HVAC-2025-01678,Justin Gonzalez,2025-11-23 20:27:00,Heat Pump,HP-1800Eco,Scheduled maintenance for Heat Pump HP-1800Eco was missed twice. No one contacted us to reschedule. Very poor service.,Sacramento,California,Residential,Closed,Inspected unit on-site. Found low refrigerant charge. Replaced compressor. System operational now.,Phone,Extended,195.9223395992131,4.9
HVAC-2025-01679,Michael Taylor,2025-06-16 08:58:00,Packaged HVAC Unit,PKG-4000S,Our Packaged HVAC Unit PKG-4000S is leaking refrigerant. Green residue visible on the outdoor unit. Children play near it — very concerned about safety.,San Antonio,Texas,Residential,Resolved,Inspected unit on-site. Found failed ignition system. Replaced control board. System operational now.,Phone,Active,10.763829365239006,2.3
HVAC-2024-01680,Rebecca Green,2024-07-07 15:24:00,Air Handler,AH-4500Pro,Installation team left a mess and didn't complete the AH-4500Pro installation properly. Wires are exposed and the unit vibrates excessively.,San Francisco,California,Commercial,Resolved,Customer complaint verified. damaged ductwork confirmed. Ordered replacement flame sensor. Follow-up scheduled in 4 days.,Phone,Expired,107.82413748770361,4.4
HVAC-2024-01681,Samantha Miller,2024-11-03 16:17:00,Rooftop Unit,RTU-6000S,The Rooftop Unit RTU-6000S makes a high-pitched squealing noise during operation. We cannot sleep or work from home because of it.,Seattle,Washington,Commercial,Closed,Emergency service call. Found electrical short in wiring harness. Temporary fix applied. Permanent repair requires control board — on backorder.,Social Media,Void,156.93058753959525,2.3
HVAC-2024-01682,Kenneth Nelson,2024-02-28 19:58:00,Boiler,BLR-7000E,"Total system failure on our BLR-7000E. Fan motor, compressor, and control board all failed simultaneously. Suspecting electrical issue.",Columbus,Ohio,Residential,Open,Customer complaint verified. blocked condenser coil confirmed. Ordered replacement igniter. Follow-up scheduled in 6 days.,Email,Expired,,1.6
HVAC-2024-01683,Charles Robinson,2024-10-06 18:27:00,Air Handler,AH-4500Pro,Heating failure on our commercial AH-4500Pro. Building occupants complaining about 89°F temperatures. Multiple offices affected.,Charlotte,North Carolina,Residential,In Progress,Routine inspection revealed burned-out fan motor. Cleaned coils and replaced filters. System performance improved but expansion valve showing wear.,Chat,Expired,48.265412132515735,2.1
HVAC-2025-01684,Helen Anderson,2025-07-16 12:19:00,Smart Thermostat,ST-400Plus,The Smart Thermostat ST-400Plus is making an extremely loud grinding noise that wakes us up at night. It's been going on for 12 days.,San Antonio,Texas,Residential,Escalated,Unit is beyond repair. faulty capacitor too severe. Recommended full system replacement with upgraded HP-4200Max system.,Survey,Expired,,2.7
HVAC-2024-01685,Kathleen Martin,2024-03-21 16:44:00,Air Handler,AH-3000X,"Installer damaged our wall and ceiling during Air Handler AH-3000X installation. Also, the system is not balanced — one room is freezing while another is hot.",Albuquerque,New Mexico,Residential,Resolved,,Email,Active,145.90194489111238,2.6
HVAC-2025-01686,Sharon Walker,2025-07-09 16:20:00,Air Handler,AH-3000X,Maintenance was performed on AH-3000X but the filter was not replaced and the coils were not cleaned. Paid full price for incomplete work.,Dallas,Texas,Commercial,Closed,Routine inspection revealed damaged ductwork. Cleaned coils and replaced filters. System performance improved but thermostat showing wear.,Phone,Active,310.37956531667226,3.5
HVAC-2024-01687,Brian Stewart,2024-10-04 17:24:00,Packaged HVAC Unit,PKG-7000X,The PKG-7000X furnace is blowing cold air instead of warm. It's 65°F inside and we have elderly family members at home.,Cleveland,Ohio,Residential,Resolved,Routine inspection revealed thermostat malfunction. Cleaned coils and replaced filters. System performance improved but condenser coil showing wear.,Social Media,Active,113.52191303116965,3.5
HVAC-2024-01688,Margaret Roberts,2024-11-10 17:06:00,Boiler,BLR-9500Ultra,Our Boiler BLR-9500Ultra heating stopped working mid-winter. We have a newborn baby and the temp is 38°F inside. URGENT help needed!,Charlotte,North Carolina,Commercial,Resolved,Warranty repair completed. faulty capacitor was covered. Replaced flame sensor. System tested and operational.,Email,Expired,24.352068603269096,2.5
HVAC-2025-01689,Emily Allen,2025-02-23 11:12:00,Boiler,BLR-6500Pro,"Installer damaged our wall and ceiling during Boiler BLR-6500Pro installation. Also, the system is not balanced — one room is freezing while another is hot.",Houston,Texas,Commercial,Resolved,,Email,Active,55.123779107986934,4.8
HVAC-2025-01690,Kimberly Clark,2025-07-08 10:51:00,Ductless Mini-Split,DMS-1200Q,Our DMS-1200Q compressor makes a terrible clicking and vibrating noise. It gets worse at night. Multiple complaints from family.,Memphis,Tennessee,Residential,In Progress,Warranty repair completed. failed control board was covered. Replaced condenser coil. System tested and operational.,Email,Extended,209.09955860026906,3.0
HVAC-2025-01691,Linda Carter,2025-12-07 15:53:00,Air Handler,AH-3000X,Our Air Handler AH-3000X makes a clicking sound and then stops cooling. House temp is at 75°F. Children are uncomfortable.,Columbus,Ohio,Residential,Resolved,Routine inspection revealed failed ignition system. Cleaned coils and replaced filters. System performance improved but condenser coil showing wear.,Email,Expired,75.23233712122159,1.8
HVAC-2024-01692,Andrew Thompson,2024-08-23 12:27:00,Central Air Conditioner,CAC-6000Ultra,Extended warranty for Central Air Conditioner CAC-6000Ultra was supposed to cover all parts and labor. Now they're saying refrigerant isn't covered.,Columbus,Ohio,Residential,Resolved,Customer complaint verified. dirty air filter causing restricted airflow confirmed. Ordered replacement blower motor. Follow-up scheduled in 3 days.,Service Portal,Void,59.29607693097368,1.5
HVAC-2025-01693,Ryan Rivera,2025-07-12 11:09:00,Central Air Conditioner,CAC-4000S,Our CAC-4000S has developed a loud rattling sound when it cycles on. The noise level is unbearable and affects our daily life.,Orlando,Florida,Residential,Resolved,,CRM,Active,203.64770019662947,3.9
HVAC-2024-01694,Debra King,2024-01-21 08:15:00,Smart Thermostat,ST-500AI,Our ST-500AI has developed a loud rattling sound when it cycles on. The noise level is unbearable and affects our daily life.,Seattle,Washington,Commercial,Closed,Multiple issues found: faulty reversing valve. Complete overhaul recommended. Estimate provided to customer. Awaiting approval.,Service Portal,Expired,265.81659237258964,3.9
HVAC-2024-01695,Amanda Thompson,2024-06-18 10:23:00,Packaged HVAC Unit,PKG-9000Ultra,We purchased the Packaged HVAC Unit PKG-9000Ultra 22 months ago and it's already failing to cool. Temperature stuck at 90°F. Unacceptable quality.,Detroit,Michigan,Residential,In Progress,,Phone,Extended,157.87039864079708,2.9
HVAC-2025-01696,Carolyn Moore,2025-09-04 06:34:00,Smart Thermostat,ST-500AI,Electrical failure in ST-500AI. Circuit breaker keeps tripping. Possible fire hazard. Need emergency service immediately.,Miami,Florida,Commercial,Open,Performed diagnostics on ST-500AI. damaged ductwork detected. Recommended refrigerant recharge. Customer approved repair.,CRM,Extended,,2.8
HVAC-2024-01697,Ronald Morales,2024-06-04 15:16:00,Smart Thermostat,ST-700Ultra,The ST-700Ultra furnace is blowing cold air instead of warm. It's 49°F inside and we have elderly family members at home.,Orlando,Florida,Residential,Resolved,Routine inspection revealed burned-out fan motor. Cleaned coils and replaced filters. System performance improved but evaporator coil showing wear.,Email,Active,39.97799437274841,3.2
HVAC-2025-01698,Amanda Cruz,2025-05-14 07:13:00,Boiler,BLR-9500Ultra,"Installer damaged our wall and ceiling during Boiler BLR-9500Ultra installation. Also, the system is not balanced — one room is freezing while another is hot.",Los Angeles,California,Commercial,Escalated,Routine inspection revealed corroded heat exchanger. Cleaned coils and replaced filters. System performance improved but condenser coil showing wear.,Chat,Active,,4.6
HVAC-2025-01699,Mary Morris,2025-05-01 13:00:00,Boiler,BLR-6500Pro,AC unit BLR-6500Pro has completely stopped cooling. Thermostat shows 50°F but the system is running constantly. Very frustrated.,Cleveland,Ohio,Commercial,Resolved,Unit is beyond repair. corroded heat exchanger too severe. Recommended full system replacement with upgraded HP-4200Max system.,Email,Expired,16.841233598828175,2.9
HVAC-2025-01700,Carol Gomez,2025-07-04 11:15:00,Air Handler,AH-5000Elite,We chose the Air Handler AH-5000Elite specifically for its energy star rating but our bills have skyrocketed by 28% this quarter.,Atlanta,Georgia,Commercial,Resolved,,Phone,Active,126.83005123203394,2.3
HVAC-2025-01701,Brandon Phillips,2025-01-06 08:03:00,Boiler,BLR-6500Pro,Our Boiler BLR-6500Pro is leaking refrigerant. Green residue visible on the outdoor unit. Children play near it — very concerned about safety.,Milwaukee,Wisconsin,Residential,Escalated,Unit is beyond repair. electrical short in wiring harness too severe. Recommended full system replacement with upgraded HP-4200Max system.,Phone,Expired,,1.9
HVAC-2025-01702,Richard King,2025-12-18 18:39:00,Packaged HVAC Unit,PKG-5500Pro,The Packaged HVAC Unit PKG-5500Pro smart thermostat keeps disconnecting from WiFi. Cannot control temperature remotely anymore.,Tucson,Arizona,Commercial,Closed,Warranty repair completed. thermostat malfunction was covered. Replaced contactor. System tested and operational.,CRM,Active,91.91901552477115,2.5
HVAC-2024-01703,Joshua Wilson,2024-02-22 14:03:00,Smart Thermostat,ST-300Pro,Maintenance was performed on ST-300Pro but the filter was not replaced and the coils were not cleaned. Paid full price for incomplete work.,Pittsburgh,Pennsylvania,Industrial,Resolved,,Social Media,Expired,45.8625746366737,2.4
HVAC-2025-01704,Patrick Gomez,2025-10-15 10:20:00,Smart Thermostat,ST-500AI,The pilot light on our ST-500AI keeps going out. Furnace won't stay on. House temperature dropping to 38°F overnight.,Charlotte,North Carolina,Commercial,Resolved,Emergency service call. Found cracked heat exchanger. Temporary fix applied. Permanent repair requires reversing valve — on backorder.,Social Media,Active,42.18749173732149,2.7
HVAC-2024-01705,Deborah Roberts,2024-08-15 19:32:00,Packaged HVAC Unit,PKG-5500Pro,The cooling capacity of our PKG-5500Pro has dropped significantly. Rooms are at 39°F despite running 24/7. Need immediate service.,New York,New York,Residential,Open,,Chat,Active,,3.1
HVAC-2024-01706,Brian Clark,2024-04-27 16:39:00,Packaged HVAC Unit,PKG-5500Pro,My Packaged HVAC Unit model PKG-5500Pro is not cooling at all. The house temperature is 76°F and it won't go below that. We've been suffering in this heat for 26 days now.,Dallas,Texas,Residential,In Progress,,Phone,Active,12.999603019543963,2.8
HVAC-2025-01707,Paul Cruz,2025-08-08 13:14:00,VRF System,VRF-10000S,Our VRF System VRF-10000S stopped heating entirely during the coldest week of winter. Indoor temp dropped to 72°F. This is a safety concern.,Houston,Texas,Residential,Closed,Emergency service call. Found faulty reversing valve. Temporary fix applied. Permanent repair requires fan motor — on backorder.,Phone,Void,69.89529327826155,3.1
HVAC-2025-01708,Elizabeth Rivera,2025-01-07 06:37:00,Heat Pump,HP-3500Elite,Our HP-3500Elite thermostat app shows 'Device Offline' constantly. Have reset the router and thermostat multiple times.,Cleveland,Ohio,Residential,In Progress,Performed diagnostics on HP-3500Elite. burned-out fan motor detected. Recommended control board replacement. Customer approved repair.,Service Portal,Void,234.78594591045518,2.4
HVAC-2024-01709,Laura Ramirez,2024-09-07 10:56:00,Smart Thermostat,ST-300Pro,Warranty repair on Smart Thermostat ST-300Pro has been pending for 7 weeks. We're without heating/cooling and no loaner was provided.,Orlando,Florida,Commercial,Escalated,Customer complaint verified. frozen evaporator coil confirmed. Ordered replacement igniter. Follow-up scheduled in 4 days.,Chat,Active,,2.1
HVAC-2024-01710,Michelle King,2024-06-14 15:05:00,VRF System,VRF-10000S,SEER rating of our VRF System VRF-10000S seems much lower than advertised. Energy consumption is 43% higher than expected.,Detroit,Michigan,Residential,Resolved,,Survey,Expired,114.09641221263888,2.1
HVAC-2024-01711,Lisa Reyes,2024-02-28 06:43:00,Rooftop Unit,RTU-8000Pro,"Complete system failure of our Rooftop Unit RTU-8000Pro. No power, no response, totally dead. Building has no climate control.",Indianapolis,Indiana,Residential,Closed,,Chat,Active,111.57184000896379,2.9
HVAC-2025-01712,Patrick Moore,2025-06-23 12:00:00,Heat Pump,HP-3500Elite,R-410A refrigerant leak detected in HP-3500Elite. Cooling performance has degraded and we're worried about environmental impact.,Atlanta,Georgia,Commercial,In Progress,Unit is beyond repair. defective expansion valve too severe. Recommended full system replacement with upgraded HP-4200Max system.,Phone,Expired,68.19121310803712,2.6
HVAC-2024-01713,Nancy Lee,2024-12-26 12:34:00,Boiler,BLR-8000HE,Our BLR-8000HE thermostat app shows 'Device Offline' constantly. Have reset the router and thermostat multiple times.,Tampa,Florida,Commercial,In Progress,Customer complaint verified. frozen evaporator coil confirmed. Ordered replacement refrigerant line set. Follow-up scheduled in 7 days.,Social Media,Active,276.673857698916,3.5
HVAC-2024-01714,Catherine Morris,2024-07-18 22:21:00,Boiler,BLR-7000E,Our Boiler BLR-7000E had a catastrophic compressor failure. Loud bang followed by complete shutdown. Potential safety hazard.,Miami,Florida,Residential,Open,Performed diagnostics on BLR-7000E. blocked condenser coil detected. Recommended refrigerant recharge. Customer approved repair.,Phone,Expired,,1.6
HVAC-2024-01715,David Wilson,2024-07-07 07:50:00,Heat Pump,HP-2200DX,Our HP-2200DX thermostat app shows 'Device Offline' constantly. Have reset the router and thermostat multiple times.,San Francisco,California,Residential,Resolved,Multiple issues found: faulty capacitor. Complete overhaul recommended. Estimate provided to customer. Awaiting approval.,Phone,Active,185.4292653387058,4.0
HVAC-2024-01716,Edward Nelson,2024-10-13 06:40:00,Ductless Mini-Split,DMS-1500S,We chose the Ductless Mini-Split DMS-1500S specifically for its energy star rating but our bills have skyrocketed by 73% this quarter.,Buffalo,New York,Commercial,In Progress,,Chat,Active,294.1980158136314,4.5
HVAC-2024-01717,Eric Wright,2024-05-19 22:44:00,Packaged HVAC Unit,PKG-9000Ultra,"After the technician visited last week, the PKG-9000Ultra still isn't cooling properly. This is our 4th service call for the same issue.",Tucson,Arizona,Residential,In Progress,,Chat,Active,38.19173671048804,3.0
HVAC-2024-01718,Katherine Smith,2024-12-28 15:18:00,Ductless Mini-Split,DMS-1500S,The DMS-1500S furnace is blowing cold air instead of warm. It's 56°F inside and we have elderly family members at home.,Portland,Oregon,Commercial,In Progress,Inspected unit on-site. Found thermostat malfunction. Replaced compressor. System operational now.,Phone,Extended,21.598826716132137,2.6
HVAC-2024-01719,Christine Nguyen,2024-09-21 19:14:00,Rooftop Unit,RTU-15000Ultra,The cooling capacity of our RTU-15000Ultra has dropped significantly. Rooms are at 86°F despite running 24/7. Need immediate service.,Minneapolis,Minnesota,Residential,Open,,Email,Void,,2.5
HVAC-2025-01720,Nicholas Scott,2025-06-08 16:31:00,Ductless Mini-Split,DMS-2400Max,"After the technician visited last week, the DMS-2400Max still isn't cooling properly. This is our 5th service call for the same issue.",Louisville,Kentucky,Residential,Escalated,,Email,Extended,,2.4
HVAC-2024-01721,Catherine Mitchell,2024-02-18 17:33:00,Heat Pump,HP-3500Elite,Our HP-3500Elite thermostat app shows 'Device Offline' constantly. Have reset the router and thermostat multiple times.,Atlanta,Georgia,Industrial,Escalated,,Phone,Active,,2.6
HVAC-2025-01722,Cynthia Collins,2025-07-13 07:09:00,Smart Thermostat,ST-400Plus,"After annual maintenance, our Smart Thermostat ST-400Plus stopped heating. Now at 70°F. This was working fine before the tech came.",Tucson,Arizona,Residential,Resolved,Multiple issues found: cracked heat exchanger. Complete overhaul recommended. Estimate provided to customer. Awaiting approval.,Phone,Expired,76.68215120926932,2.6
HVAC-2024-01723,Joshua Robinson,2024-03-04 12:07:00,Rooftop Unit,RTU-12000X,The Rooftop Unit RTU-12000X main board is fried after a power surge. System completely down for our 8-floor office building.,Atlanta,Georgia,Commercial,Escalated,Warranty repair completed. failed control board was covered. Replaced compressor. System tested and operational.,Phone,Expired,,2.7
HVAC-2024-01724,Patricia Cruz,2024-07-08 14:23:00,Packaged HVAC Unit,PKG-9000Ultra,"After the technician visited last week, the PKG-9000Ultra still isn't cooling properly. This is our 4th service call for the same issue.",Phoenix,Arizona,Residential,Open,Inspected unit on-site. Found compressor failure. Replaced fan motor. System operational now.,Email,Expired,,1.6
HVAC-2025-01725,Mark Scott,2025-12-05 22:19:00,Air Handler,AH-3000X,WiFi connectivity issues with Air Handler AH-3000X for the past 7 weeks. The scheduling feature doesn't work without connectivity.,Louisville,Kentucky,Industrial,Closed,,Chat,Expired,196.30261952406352,3.8
HVAC-2025-01726,Jason Carter,2025-07-04 21:47:00,Packaged HVAC Unit,PKG-7000X,The pilot light on our PKG-7000X keeps going out. Furnace won't stay on. House temperature dropping to 61°F overnight.,Boston,Massachusetts,Industrial,Open,Performed diagnostics on PKG-7000X. compressor failure detected. Recommended full system replacement. Customer approved repair.,Chat,Active,,3.1
HVAC-2025-01727,William Thomas,2025-12-28 14:06:00,Boiler,BLR-6500Pro,The BLR-6500Pro furnace is blowing cold air instead of warm. It's 82°F inside and we have elderly family members at home.,Salt Lake City,Utah,Residential,Resolved,Warranty repair completed. clogged condensate drain was covered. Replaced evaporator coil. System tested and operational.,Email,Active,93.22098767414077,3.4
HVAC-2025-01728,Eric Turner,2025-06-03 17:01:00,Boiler,BLR-8000HE,The Boiler (BLR-8000HE) stopped providing cold air yesterday. It's blowing warm air instead. Our office is unbearable at 71°F.,Portland,Oregon,Residential,Closed,Performed diagnostics on BLR-8000HE. cracked heat exchanger detected. Recommended refrigerant recharge. Customer approved repair.,Chat,Expired,109.88045285893384,2.6
HVAC-2024-01729,Michelle Williams,2024-08-19 12:00:00,Air Handler,AH-3500E,We purchased the Air Handler AH-3500E 17 months ago and it's already failing to cool. Temperature stuck at 86°F. Unacceptable quality.,Pittsburgh,Pennsylvania,Residential,Open,Emergency service call. Found burned-out fan motor. Temporary fix applied. Permanent repair requires control board — on backorder.,Phone,Void,,2.2
HVAC-2024-01730,Pamela Anderson,2024-05-05 20:47:00,Packaged HVAC Unit,PKG-7000X,Our Packaged HVAC Unit PKG-7000X makes a clicking sound and then stops cooling. House temp is at 65°F. Children are uncomfortable.,St. Louis,Missouri,Commercial,In Progress,,Phone,Expired,15.152024772387087,2.7
HVAC-2025-01731,Anna Lopez,2025-05-23 15:59:00,Ductless Mini-Split,DMS-1500S,The DMS-1500S was installed 9 weeks ago but the installer used the wrong size ducts. System is extremely inefficient now.,New York,New York,Commercial,Resolved,Unit is beyond repair. faulty reversing valve too severe. Recommended full system replacement with latest VRF-25000Ultra system.,Email,Active,92.60184687176942,3.8
HVAC-2024-01732,Pamela Sanchez,2024-05-18 18:28:00,Packaged HVAC Unit,PKG-7000X,Our PKG-7000X is supposed to be a high-efficiency unit but we're paying more than with our old system. Very misleading marketing.,Louisville,Kentucky,Industrial,Resolved,Multiple issues found: refrigerant leak in evaporator coil. Complete overhaul recommended. Estimate provided to customer. Awaiting approval.,CRM,Active,298.98402008612163,2.3
HVAC-2025-01733,Edward Lee,2025-01-06 15:30:00,Central Air Conditioner,CAC-4000S,Our new Central Air Conditioner CAC-4000S installation is terrible. The condensate drain was connected wrong and water is leaking into the ceiling.,Richmond,Virginia,Residential,Resolved,Emergency service call. Found electrical short in wiring harness. Temporary fix applied. Permanent repair requires evaporator coil — on backorder.,Survey,Extended,156.02616947459518,2.6
HVAC-2025-01734,Pamela Martinez,2025-05-18 19:06:00,Ductless Mini-Split,DMS-1800Pro,"The Ductless Mini-Split DMS-1800Pro was installed incorrectly. Ductwork is leaking air, and the unit was placed in the wrong location.",Albuquerque,New Mexico,Residential,Resolved,Emergency service call. Found corroded heat exchanger. Temporary fix applied. Permanent repair requires fan motor — on backorder.,Phone,Extended,81.4495773678208,4.8
HVAC-2024-01735,Brian Collins,2024-08-11 21:44:00,VRF System,VRF-18000E,Our VRF-18000E is supposed to be a high-efficiency unit but we're paying more than with our old system. Very misleading marketing.,Milwaukee,Wisconsin,Residential,Open,Customer complaint verified. clogged condensate drain confirmed. Ordered replacement capacitor. Follow-up scheduled in 5 days.,Service Portal,Expired,,3.6
HVAC-2024-01736,Matthew Collins,2024-02-01 11:07:00,VRF System,VRF-25000Ultra,The smart thermostat VRF-25000Ultra is not syncing with the HVAC system. Temperature readings are inaccurate by 9°F.,Tucson,Arizona,Residential,Resolved,Multiple issues found: faulty reversing valve. Complete overhaul recommended. Estimate provided to customer. Awaiting approval.,CRM,Expired,193.13997910747938,2.1
HVAC-2024-01737,Anna Adams,2024-03-08 20:57:00,Ductless Mini-Split,DMS-2400Max,"After the technician visited last week, the DMS-2400Max still isn't cooling properly. This is our 4th service call for the same issue.",Jacksonville,Florida,Industrial,Resolved,,Email,Void,157.42523659502203,2.3
HVAC-2025-01738,Larry Walker,2025-09-22 20:35:00,Furnace,FRN-6000S,The FRN-6000S furnace is blowing cold air instead of warm. It's 86°F inside and we have elderly family members at home.,Columbus,Ohio,Residential,In Progress,Warranty repair completed. faulty reversing valve was covered. Replaced flame sensor. System tested and operational.,Phone,Expired,23.179325272817,1.8
HVAC-2025-01739,Robert Harris,2025-04-22 21:28:00,Rooftop Unit,RTU-8000Pro,The pilot light on our RTU-8000Pro keeps going out. Furnace won't stay on. House temperature dropping to 43°F overnight.,San Antonio,Texas,Residential,Resolved,Warranty repair completed. worn compressor bearings was covered. Replaced heat exchanger. System tested and operational.,Phone,Expired,87.08508890216899,3.4
HVAC-2025-01740,Joseph Hall,2025-07-13 11:09:00,Rooftop Unit,RTU-6000S,AC unit RTU-6000S has completely stopped cooling. Thermostat shows 69°F but the system is running constantly. Very frustrated.,Dallas,Texas,Residential,In Progress,Performed diagnostics on RTU-6000S. compressor failure detected. Recommended full system replacement. Customer approved repair.,Email,Active,122.28179995990921,3.2
HVAC-2025-01741,Susan Murphy,2025-09-22 22:27:00,Furnace,FRN-9800HE,Our Furnace FRN-9800HE heating stopped working mid-winter. We have a newborn baby and the temp is 95°F inside. URGENT help needed!,Orlando,Florida,Commercial,Closed,,Phone,Extended,97.31699443058478,3.1
HVAC-2025-01742,Cynthia Thomas,2025-06-18 20:50:00,Smart Thermostat,ST-400Plus,We purchased the Smart Thermostat ST-400Plus 30 months ago and it's already failing to cool. Temperature stuck at 77°F. Unacceptable quality.,Los Angeles,California,Industrial,Open,Routine inspection revealed dirty air filter causing restricted airflow. Cleaned coils and replaced filters. System performance improved but flame sensor showing wear.,Chat,Active,,1.9
HVAC-2024-01743,Justin King,2024-02-08 08:12:00,Heat Pump,HP-2800Plus,My Heat Pump model HP-2800Plus is not cooling at all. The house temperature is 41°F and it won't go below that. We've been suffering in this heat for 5 days now.,Minneapolis,Minnesota,Industrial,Resolved,Multiple issues found: faulty reversing valve. Complete overhaul recommended. Estimate provided to customer. Awaiting approval.,Phone,Extended,108.07111805328263,2.3
HVAC-2024-01744,Anna Brown,2024-02-21 12:29:00,Ductless Mini-Split,DMS-900Eco,Our annual service contract for Ductless Mini-Split DMS-900Eco has not been honored. Three scheduled visits were cancelled without notice.,Las Vegas,Nevada,Commercial,In Progress,Multiple issues found: worn compressor bearings. Complete overhaul recommended. Estimate provided to customer. Awaiting approval.,Phone,Extended,180.27250500566228,3.0
HVAC-2025-01745,Sarah Garcia,2025-11-06 14:17:00,Air Handler,AH-5000Elite,Preventive maintenance on our Air Handler AH-5000Elite was done poorly. Now the system is short-cycling every 10 minutes.,San Antonio,Texas,Residential,Closed,,Phone,Active,181.81459886176035,2.8
HVAC-2025-01746,James Edwards,2025-01-17 14:02:00,Furnace,FRN-8500Elite,We've been waiting 8 days for a maintenance appointment for our Furnace FRN-8500Elite. No callbacks despite multiple requests.,Orlando,Florida,Residential,Open,Multiple issues found: faulty capacitor. Complete overhaul recommended. Estimate provided to customer. Awaiting approval.,Email,Active,,3.5
HVAC-2024-01747,Anthony Moore,2024-09-06 19:29:00,Smart Thermostat,ST-500AI,"Installer damaged our wall and ceiling during Smart Thermostat ST-500AI installation. Also, the system is not balanced — one room is freezing while another is hot.",Nashville,Tennessee,Industrial,In Progress,,Phone,Expired,16.73088445765687,2.2
HVAC-2025-01748,George Sanchez,2025-08-18 10:08:00,Ductless Mini-Split,DMS-1500S,The pilot light on our DMS-1500S keeps going out. Furnace won't stay on. House temperature dropping to 89°F overnight.,Charlotte,North Carolina,Residential,Closed,Customer complaint verified. blocked condenser coil confirmed. Ordered replacement contactor. Follow-up scheduled in 13 days.,Social Media,Extended,19.612218677805078,3.4
HVAC-2025-01749,Rebecca Morales,2025-04-10 21:20:00,Furnace,FRN-7500Pro,The Furnace FRN-7500Pro smart thermostat keeps disconnecting from WiFi. Cannot control temperature remotely anymore.,St. Louis,Missouri,Industrial,Open,Inspected unit on-site. Found faulty reversing valve. Replaced drain pan. System operational now.,Phone,Active,,4.1
HVAC-2025-01750,Elizabeth Martin,2025-11-17 21:08:00,Central Air Conditioner,CAC-5000Pro,Our Central Air Conditioner CAC-5000Pro heating stopped working mid-winter. We have a newborn baby and the temp is 48°F inside. URGENT help needed!,Kansas City,Missouri,Residential,In Progress,Emergency service call. Found faulty capacitor. Temporary fix applied. Permanent repair requires compressor — on backorder.,CRM,Active,100.9361910678678,2.5
HVAC-2024-01751,Christopher Harris,2024-10-24 09:36:00,Furnace,FRN-9800HE,Our FRN-9800HE compressor makes a terrible clicking and vibrating noise. It gets worse at night. Multiple complaints from family.,Milwaukee,Wisconsin,Commercial,Escalated,Unit is beyond repair. frozen evaporator coil too severe. Recommended full system replacement with commercial-grade RTU-15000Ultra.,Phone,Expired,,3.0
HVAC-2024-01752,Mary Lopez,2024-01-19 17:24:00,Central Air Conditioner,CAC-5000Pro,Scheduled maintenance for Central Air Conditioner CAC-5000Pro was missed twice. No one contacted us to reschedule. Very poor service.,Las Vegas,Nevada,Residential,Resolved,Performed diagnostics on CAC-5000Pro. refrigerant leak in evaporator coil detected. Recommended coil replacement. Customer approved repair.,Phone,Active,286.56728919305607,2.3
HVAC-2025-01753,Frank Flores,2025-06-25 07:11:00,Rooftop Unit,RTU-8000Pro,Our Rooftop Unit RTU-8000Pro heating stopped working mid-winter. We have a newborn baby and the temp is 89°F inside. URGENT help needed!,Memphis,Tennessee,Industrial,In Progress,Multiple issues found: refrigerant leak in evaporator coil. Complete overhaul recommended. Estimate provided to customer. Awaiting approval.,Email,Active,118.50629036955142,1.6
HVAC-2025-01754,Brandon Thomas,2025-10-14 15:24:00,Smart Thermostat,ST-500AI,R-410A refrigerant leak detected in ST-500AI. Cooling performance has degraded and we're worried about environmental impact.,Richmond,Virginia,Residential,Resolved,,Survey,Void,88.38011082988302,1.5
HVAC-2024-01755,Lisa Jackson,2024-07-07 11:09:00,Rooftop Unit,RTU-15000Ultra,Our Rooftop Unit RTU-15000Ultra stopped heating entirely during the coldest week of winter. Indoor temp dropped to 39°F. This is a safety concern.,Orlando,Florida,Commercial,Closed,Warranty repair completed. faulty capacitor was covered. Replaced compressor. System tested and operational.,Social Media,Expired,28.337997024833665,2.4
HVAC-2025-01756,Margaret Clark,2025-01-20 08:54:00,Ductless Mini-Split,DMS-1800Pro,The Ductless Mini-Split DMS-1800Pro parts warranty should cover this repair but the dealer says it's a labor issue. Total runaround for 6 weeks.,Denver,Colorado,Residential,Resolved,Unit is beyond repair. clogged condensate drain too severe. Recommended full system replacement with newer CAC-6000Ultra model.,Chat,Active,207.55202805033,1.4
HVAC-2025-01757,Michael Scott,2025-09-11 09:44:00,Rooftop Unit,RTU-10000E,"Complete system failure of our Rooftop Unit RTU-10000E. No power, no response, totally dead. Building has no climate control.",San Francisco,California,Residential,Closed,Inspected unit on-site. Found compressor failure. Replaced filter drier. System operational now.,Phone,Expired,18.02587830015162,1.4
HVAC-2024-01758,Laura Young,2024-12-20 13:10:00,Air Handler,AH-3500E,The pilot light on our AH-3500E keeps going out. Furnace won't stay on. House temperature dropping to 39°F overnight.,Milwaukee,Wisconsin,Commercial,Closed,,Email,Active,103.69241214968243,3.4
HVAC-2024-01759,Nicole Smith,2024-04-18 10:56:00,Boiler,BLR-8000HE,The BLR-8000HE furnace is blowing cold air instead of warm. It's 41°F inside and we have elderly family members at home.,Kansas City,Missouri,Residential,Resolved,,Email,Expired,93.40137206809688,3.0
HVAC-2024-01760,Mark Sanchez,2024-02-23 06:30:00,Central Air Conditioner,CAC-2500E,"The Central Air Conditioner CAC-2500E was installed incorrectly. Ductwork is leaking air, and the unit was placed in the wrong location.",Orlando,Florida,Residential,In Progress,,Email,Extended,7.667219847190211,3.5
HVAC-2025-01761,Larry Martin,2025-06-11 14:51:00,Ductless Mini-Split,DMS-1200Q,SEER rating of our Ductless Mini-Split DMS-1200Q seems much lower than advertised. Energy consumption is 27% higher than expected.,Cincinnati,Ohio,Industrial,Closed,,Social Media,Active,17.39725256311704,4.4
HVAC-2024-01762,Jeffrey Clark,2024-07-10 13:58:00,Smart Thermostat,ST-400Plus,The indoor unit of our Smart Thermostat ST-400Plus produces a constant whistling noise. Very annoying and disruptive.,Atlanta,Georgia,Industrial,Escalated,Routine inspection revealed frozen evaporator coil. Cleaned coils and replaced filters. System performance improved but control board showing wear.,Service Portal,Expired,,4.8
HVAC-2025-01763,Nicholas Wright,2025-01-28 13:27:00,Boiler,BLR-7000E,The heat pump BLR-7000E is not providing adequate heating. House is at 46°F despite thermostat set to 72°F. Very concerned about pipes freezing.,Dallas,Texas,Residential,In Progress,Customer complaint verified. compressor failure confirmed. Ordered replacement expansion valve. Follow-up scheduled in 6 days.,Survey,Active,57.899586423800834,2.7
HVAC-2024-01764,Patrick Martinez,2024-01-03 08:46:00,Central Air Conditioner,CAC-3000X,Preventive maintenance on our Central Air Conditioner CAC-3000X was done poorly. Now the system is short-cycling every 5 minutes.,Portland,Oregon,Commercial,Escalated,,Chat,Active,,3.7
HVAC-2025-01765,Frank Thomas,2025-03-11 20:19:00,Boiler,BLR-9500Ultra,"After maintenance on our BLR-9500Ultra, the system performance got worse. The technician may have damaged something.",Albuquerque,New Mexico,Industrial,Closed,Unit is beyond repair. electrical short in wiring harness too severe. Recommended full system replacement with upgraded HP-4200Max system.,Chat,Expired,103.61236364418683,3.4
HVAC-2025-01766,Charles Collins,2025-08-18 08:08:00,VRF System,VRF-20000X,Preventive maintenance on our VRF System VRF-20000X was done poorly. Now the system is short-cycling every 10 minutes.,Kansas City,Missouri,Residential,Resolved,,Chat,Active,285.4282094560079,4.5
HVAC-2025-01767,Janet Evans,2025-12-16 19:30:00,Central Air Conditioner,CAC-6000Ultra,Warranty repair on Central Air Conditioner CAC-6000Ultra has been pending for 6 weeks. We're without heating/cooling and no loaner was provided.,San Francisco,California,Commercial,Escalated,,Chat,Active,,1.5
HVAC-2024-01768,Anthony Moore,2024-01-21 17:16:00,Ductless Mini-Split,DMS-1800Pro,Post-installation inspection revealed that the Ductless Mini-Split DMS-1800Pro was installed without proper drainage. Basement flooding has occurred.,Milwaukee,Wisconsin,Residential,Resolved,Warranty repair completed. electrical short in wiring harness was covered. Replaced filter drier. System tested and operational.,Email,Active,79.42515655739999,4.6
HVAC-2025-01769,Scott Rodriguez,2025-08-11 21:25:00,Ductless Mini-Split,DMS-1200Q,Our Ductless Mini-Split DMS-1200Q makes a clicking sound and then stops cooling. House temp is at 70°F. Children are uncomfortable.,Cleveland,Ohio,Commercial,Open,,Chat,Active,,1.6
HVAC-2025-01770,Steven Sanchez,2025-07-16 09:07:00,VRF System,VRF-20000X,Filed a warranty claim for our VRF-20000X 6 months ago. No response from the warranty department despite 4 follow-up calls.,Tucson,Arizona,Commercial,In Progress,Routine inspection revealed faulty reversing valve. Cleaned coils and replaced filters. System performance improved but compressor showing wear.,Chat,Expired,279.8222177633929,1.6
HVAC-2024-01771,Angela Reyes,2024-08-03 13:09:00,Central Air Conditioner,CAC-6000Ultra,Loud buzzing/humming noise coming from the outdoor unit CAC-6000Ultra. Neighbors have complained about the noise level.,Chicago,Illinois,Residential,Closed,,Email,Active,230.02876642326848,3.9
HVAC-2025-01772,Kathleen Allen,2025-07-02 16:02:00,Heat Pump,HP-2200DX,The cooling capacity of our HP-2200DX has dropped significantly. Rooms are at 88°F despite running 24/7. Need immediate service.,Los Angeles,California,Industrial,Resolved,Performed diagnostics on HP-2200DX. corroded heat exchanger detected. Recommended compressor swap. Customer approved repair.,CRM,Expired,81.68380817040217,2.1
HVAC-2024-01773,Anthony Adams,2024-03-13 12:14:00,Packaged HVAC Unit,PKG-4000S,Our Packaged HVAC Unit PKG-4000S is leaking refrigerant. Green residue visible on the outdoor unit. Children play near it — very concerned about safety.,Oklahoma City,Oklahoma,Residential,In Progress,Routine inspection revealed blocked condenser coil. Cleaned coils and replaced filters. System performance improved but fan motor showing wear.,Email,Active,54.681696315070575,1.6
HVAC-2025-01774,Kenneth Ramirez,2025-04-26 16:09:00,Smart Thermostat,ST-500AI,The Smart Thermostat (ST-500AI) stopped providing cold air yesterday. It's blowing warm air instead. Our office is unbearable at 74°F.,Charlotte,North Carolina,Industrial,In Progress,Unit is beyond repair. defective expansion valve too severe. Recommended full system replacement with upgraded HP-4200Max system.,Service Portal,Active,99.7726677852257,2.9
HVAC-2025-01775,Emily Walker,2025-09-04 12:09:00,Central Air Conditioner,CAC-6000Ultra,The Central Air Conditioner CAC-6000Ultra is making an extremely loud grinding noise that wakes us up at night. It's been going on for 9 days.,Memphis,Tennessee,Residential,Open,,Chat,Expired,,3.3
HVAC-2024-01776,Jessica Anderson,2024-08-22 13:52:00,Packaged HVAC Unit,PKG-4000S,"Total system failure on our PKG-4000S. Fan motor, compressor, and control board all failed simultaneously. Suspecting electrical issue.",Milwaukee,Wisconsin,Residential,Resolved,,Phone,Extended,52.562521656112395,2.0
HVAC-2024-01777,Gary Hernandez,2024-03-09 17:07:00,VRF System,VRF-15000Pro,"Total system failure on our VRF-15000Pro. Fan motor, compressor, and control board all failed simultaneously. Suspecting electrical issue.",Raleigh,North Carolina,Residential,Open,,Email,Active,,1.9
HVAC-2025-01778,Christine Murphy,2025-08-12 06:49:00,Furnace,FRN-5500E,AC unit FRN-5500E has completely stopped cooling. Thermostat shows 53°F but the system is running constantly. Very frustrated.,Charlotte,North Carolina,Commercial,Closed,Multiple issues found: cracked heat exchanger. Complete overhaul recommended. Estimate provided to customer. Awaiting approval.,Social Media,Expired,20.978950408840387,3.1
HVAC-2025-01779,Charles Parker,2025-03-28 15:41:00,Air Handler,AH-3500E,AC unit AH-3500E has completely stopped cooling. Thermostat shows 72°F but the system is running constantly. Very frustrated.,Tucson,Arizona,Industrial,Open,Emergency service call. Found dirty air filter causing restricted airflow. Temporary fix applied. Permanent repair requires thermostat — on backorder.,Social Media,Active,,1.8
HVAC-2025-01780,John Roberts,2025-04-23 08:28:00,Rooftop Unit,RTU-8000Pro,"After annual maintenance, our Rooftop Unit RTU-8000Pro stopped heating. Now at 70°F. This was working fine before the tech came.",Salt Lake City,Utah,Residential,In Progress,Routine inspection revealed defective expansion valve. Cleaned coils and replaced filters. System performance improved but flame sensor showing wear.,Phone,Active,71.17403982092868,2.8
HVAC-2025-01781,Jason Diaz,2025-08-16 16:59:00,Furnace,FRN-6000S,The FRN-6000S is consuming way too much energy. Our utility bill went from $118 to $387 per month since installation.,Nashville,Tennessee,Residential,Resolved,Customer complaint verified. failed ignition system confirmed. Ordered replacement flame sensor. Follow-up scheduled in 7 days.,Survey,Expired,227.36804458315746,2.1
HVAC-2024-01782,Daniel Williams,2024-02-17 13:00:00,Central Air Conditioner,CAC-3000X,"After the technician visited last week, the CAC-3000X still isn't cooling properly. This is our 5th service call for the same issue.",Orlando,Florida,Commercial,Resolved,Performed diagnostics on CAC-3000X. frozen evaporator coil detected. Recommended coil replacement. Customer approved repair.,Social Media,Extended,95.78655451740829,1.6
HVAC-2024-01783,Barbara Williams,2024-07-07 07:46:00,Rooftop Unit,RTU-12000X,We chose the Rooftop Unit RTU-12000X specifically for its energy star rating but our bills have skyrocketed by 31% this quarter.,Boston,Massachusetts,Residential,Escalated,Routine inspection revealed burned-out fan motor. Cleaned coils and replaced filters. System performance improved but condenser coil showing wear.,Phone,Extended,,2.5
HVAC-2024-01784,Gary Wilson,2024-03-10 07:35:00,Furnace,FRN-7500Pro,Brand new Furnace FRN-7500Pro installed 6 weeks ago cannot maintain temperature below 76°F. Extremely disappointed.,Phoenix,Arizona,Industrial,Resolved,Emergency service call. Found corroded heat exchanger. Temporary fix applied. Permanent repair requires contactor — on backorder.,Chat,Active,82.91190515935482,2.6
HVAC-2025-01785,Frank Nguyen,2025-05-03 11:08:00,Central Air Conditioner,CAC-4000S,Our CAC-4000S smart thermostat firmware update bricked the device. Screen is blank and we can't control our HVAC system at all.,Oklahoma City,Oklahoma,Residential,Resolved,,Phone,Void,199.3487559885283,4.2
HVAC-2025-01786,Raymond Diaz,2025-05-17 14:33:00,Heat Pump,HP-2200DX,Preventive maintenance on our Heat Pump HP-2200DX was done poorly. Now the system is short-cycling every 2 minutes.,San Francisco,California,Residential,In Progress,Performed diagnostics on HP-2200DX. low refrigerant charge detected. Recommended compressor swap. Customer approved repair.,Phone,Expired,232.71653468586305,3.3
HVAC-2024-01787,Amanda Lopez,2024-04-08 18:52:00,Heat Pump,HP-1800Eco,We've been waiting 28 days for a maintenance appointment for our Heat Pump HP-1800Eco. No callbacks despite multiple requests.,Seattle,Washington,Industrial,Resolved,Inspected unit on-site. Found refrigerant leak in evaporator coil. Replaced refrigerant line set. System operational now.,Phone,Void,66.8891916442992,2.8
HVAC-2025-01788,Sandra Gomez,2025-08-20 14:38:00,Rooftop Unit,RTU-10000E,Our RTU-10000E compressor makes a terrible clicking and vibrating noise. It gets worse at night. Multiple complaints from family.,Denver,Colorado,Commercial,Resolved,Routine inspection revealed burned-out fan motor. Cleaned coils and replaced filters. System performance improved but control board showing wear.,Email,Expired,118.14319681056078,3.4
HVAC-2024-01789,Kimberly Green,2024-07-27 09:00:00,Air Handler,AH-2000S,We chose the Air Handler AH-2000S specifically for its energy star rating but our bills have skyrocketed by 72% this quarter.,Raleigh,North Carolina,Residential,In Progress,,Phone,Active,60.123225913165896,3.0
HVAC-2025-01790,Emma Adams,2025-04-18 12:01:00,Rooftop Unit,RTU-10000E,The Rooftop Unit (RTU-10000E) stopped providing cold air yesterday. It's blowing warm air instead. Our office is unbearable at 79°F.,Tampa,Florida,Commercial,Open,Unit is beyond repair. failed ignition system too severe. Recommended full system replacement with upgraded HP-4200Max system.,Phone,Extended,,1.5
HVAC-2024-01791,Melissa Gonzalez,2024-05-21 19:17:00,Rooftop Unit,RTU-12000X,Banging noises from the ductwork connected to RTU-12000X every time the system starts. Sounds like something is loose inside.,Houston,Texas,Residential,Open,Inspected unit on-site. Found failed control board. Replaced capacitor. System operational now.,Email,Active,,3.9
HVAC-2024-01792,Angela Wilson,2024-03-03 22:23:00,Smart Thermostat,ST-400Plus,AC unit ST-400Plus has completely stopped cooling. Thermostat shows 91°F but the system is running constantly. Very frustrated.,Salt Lake City,Utah,Residential,Resolved,,Phone,Expired,44.30553372163401,3.3
HVAC-2025-01793,Katherine Anderson,2025-02-05 13:45:00,Air Handler,AH-3500E,Our AH-3500E smart thermostat firmware update bricked the device. Screen is blank and we can't control our HVAC system at all.,New York,New York,Residential,Closed,Warranty repair completed. refrigerant leak in evaporator coil was covered. Replaced condenser coil. System tested and operational.,Chat,Active,250.92164935982666,4.5
HVAC-2025-01794,Jeffrey Rivera,2025-10-20 20:56:00,Boiler,BLR-9500Ultra,"After the technician visited last week, the BLR-9500Ultra still isn't cooling properly. This is our 4th service call for the same issue.",Raleigh,North Carolina,Residential,Open,Warranty repair completed. cracked heat exchanger was covered. Replaced compressor. System tested and operational.,Email,Active,,2.1
HVAC-2025-01795,Gregory Miller,2025-10-12 13:35:00,Air Handler,AH-3000X,The cooling capacity of our AH-3000X has dropped significantly. Rooms are at 74°F despite running 24/7. Need immediate service.,Cleveland,Ohio,Residential,Escalated,Routine inspection revealed failed ignition system. Cleaned coils and replaced filters. System performance improved but contactor showing wear.,CRM,Active,,3.3
HVAC-2024-01796,Helen Turner,2024-09-04 10:17:00,Air Handler,AH-5000Elite,The AH-5000Elite installation crew was unprofessional and left refrigerant lines exposed. System is now leaking refrigerant.,Columbus,Ohio,Commercial,Escalated,Warranty repair completed. failed ignition system was covered. Replaced drain pan. System tested and operational.,Email,Active,,2.1
HVAC-2025-01797,Laura Smith,2025-11-11 22:04:00,Central Air Conditioner,CAC-3000X,Our CAC-3000X smart thermostat firmware update bricked the device. Screen is blank and we can't control our HVAC system at all.,San Francisco,California,Residential,Closed,Unit is beyond repair. compressor failure too severe. Recommended full system replacement with upgraded HP-4200Max system.,Phone,Active,268.49252835859625,4.8
HVAC-2025-01798,Jack Collins,2025-07-08 13:07:00,Rooftop Unit,RTU-8000Pro,We purchased the Rooftop Unit RTU-8000Pro 9 months ago and it's already failing to cool. Temperature stuck at 50°F. Unacceptable quality.,Dallas,Texas,Residential,In Progress,Warranty repair completed. frozen evaporator coil was covered. Replaced compressor. System tested and operational.,Chat,Active,72.01383442538733,3.4
HVAC-2024-01799,Jennifer Reyes,2024-06-21 12:45:00,Heat Pump,HP-2800Plus,Loud buzzing/humming noise coming from the outdoor unit HP-2800Plus. Neighbors have complained about the noise level.,Las Vegas,Nevada,Residential,Open,Unit is beyond repair. damaged ductwork too severe. Recommended full system replacement with newer CAC-6000Ultra model.,Phone,Extended,,4.3
HVAC-2024-01800,Deborah Carter,2024-05-16 08:37:00,Rooftop Unit,RTU-8000Pro,The Rooftop Unit (RTU-8000Pro) stopped providing cold air yesterday. It's blowing warm air instead. Our office is unbearable at 91°F.,San Antonio,Texas,Residential,Resolved,Performed diagnostics on RTU-8000Pro. faulty capacitor detected. Recommended electrical rewiring. Customer approved repair.,Email,Active,81.6457909260901,2.4
HVAC-2024-01801,Deborah Flores,2024-08-07 06:03:00,Ductless Mini-Split,DMS-2400Max,Brand new Ductless Mini-Split DMS-2400Max installed 8 weeks ago cannot maintain temperature below 91°F. Extremely disappointed.,Minneapolis,Minnesota,Residential,Closed,Customer complaint verified. faulty reversing valve confirmed. Ordered replacement igniter. Follow-up scheduled in 8 days.,Phone,Void,77.81694217783246,2.3
HVAC-2025-01802,Frank Young,2025-10-21 14:08:00,Ductless Mini-Split,DMS-1800Pro,The pilot light on our DMS-1800Pro keeps going out. Furnace won't stay on. House temperature dropping to 43°F overnight.,Las Vegas,Nevada,Commercial,Resolved,Inspected unit on-site. Found blocked condenser coil. Replaced condenser coil. System operational now.,Survey,Expired,13.025007418112992,3.3
HVAC-2024-01803,Nancy Johnson,2024-01-18 17:13:00,Heat Pump,HP-2200DX,The Heat Pump (HP-2200DX) stopped providing cold air yesterday. It's blowing warm air instead. Our office is unbearable at 39°F.,Jacksonville,Florida,Commercial,In Progress,Multiple issues found: dirty air filter causing restricted airflow. Complete overhaul recommended. Estimate provided to customer. Awaiting approval.,Email,Expired,90.8048832843884,3.2
HVAC-2024-01804,Ryan King,2024-07-18 09:16:00,Ductless Mini-Split,DMS-1800Pro,The cooling capacity of our DMS-1800Pro has dropped significantly. Rooms are at 55°F despite running 24/7. Need immediate service.,Salt Lake City,Utah,Residential,Open,Warranty repair completed. defective expansion valve was covered. Replaced heat exchanger. System tested and operational.,CRM,Extended,,2.0
HVAC-2025-01805,Michelle Hill,2025-04-09 20:50:00,Heat Pump,HP-2200DX,The maintenance technician for our HP-2200DX didn't bring the right parts and left the job incomplete. Still waiting for resolution.,San Antonio,Texas,Residential,Resolved,,Survey,Active,211.12321242293885,4.6
HVAC-2025-01806,Samantha Jackson,2025-02-26 15:42:00,Heat Pump,HP-1800Eco,The HP-1800Eco control board has failed. The entire system is non-functional. We have a commercial building full of employees with no AC.,Milwaukee,Wisconsin,Residential,Escalated,Emergency service call. Found loose electrical connections. Temporary fix applied. Permanent repair requires fan motor — on backorder.,Phone,Expired,,1.7
HVAC-2024-01807,Scott Lopez,2024-01-09 18:35:00,VRF System,VRF-20000X,Technician found a refrigerant leak in our VRF-20000X for the third time this year. Clearly a manufacturing defect in the coils.,Milwaukee,Wisconsin,Residential,Resolved,,Email,Void,27.028182837766064,1.2
HVAC-2025-01808,Kevin Gomez,2025-12-01 17:02:00,VRF System,VRF-15000Pro,Our VRF-15000Pro smart thermostat firmware update bricked the device. Screen is blank and we can't control our HVAC system at all.,Milwaukee,Wisconsin,Residential,In Progress,,Social Media,Active,51.660841696552026,4.9
HVAC-2025-01809,James Lopez,2025-08-07 07:04:00,Air Handler,AH-4500Pro,The Air Handler AH-4500Pro smart thermostat keeps disconnecting from WiFi. Cannot control temperature remotely anymore.,Tampa,Florida,Residential,Resolved,Unit is beyond repair. low refrigerant charge too severe. Recommended full system replacement with commercial-grade RTU-15000Ultra.,Phone,Active,114.37948379758883,3.0
HVAC-2024-01810,Jason Evans,2024-04-01 10:41:00,Furnace,FRN-7500Pro,The Furnace (FRN-7500Pro) stopped providing cold air yesterday. It's blowing warm air instead. Our office is unbearable at 77°F.,New York,New York,Residential,Open,,Social Media,Void,,3.1
HVAC-2025-01811,Kevin Harris,2025-03-19 19:11:00,VRF System,VRF-10000S,The VRF System VRF-10000S has a refrigerant leak. We can smell chemicals and the cooling has stopped. This could be a health hazard.,Columbus,Ohio,Commercial,Resolved,Inspected unit on-site. Found compressor failure. Replaced compressor. System operational now.,Chat,Expired,18.652198081528812,1.4
HVAC-2025-01812,Kevin Murphy,2025-05-10 15:01:00,Furnace,FRN-6000S,We purchased the Furnace FRN-6000S 13 months ago and it's already failing to cool. Temperature stuck at 54°F. Unacceptable quality.,San Francisco,California,Commercial,In Progress,,Phone,Active,105.60817500390154,2.0
HVAC-2024-01813,Jonathan Evans,2024-08-15 11:09:00,Smart Thermostat,ST-700Ultra,The pilot light on our ST-700Ultra keeps going out. Furnace won't stay on. House temperature dropping to 52°F overnight.,Buffalo,New York,Residential,Escalated,Routine inspection revealed low refrigerant charge. Cleaned coils and replaced filters. System performance improved but compressor showing wear.,Chat,Void,,3.1
HVAC-2024-01814,Raymond Hall,2024-12-14 13:41:00,Rooftop Unit,RTU-10000E,Extended warranty for Rooftop Unit RTU-10000E was supposed to cover all parts and labor. Now they're saying refrigerant isn't covered.,Tucson,Arizona,Residential,Resolved,Multiple issues found: corroded heat exchanger. Complete overhaul recommended. Estimate provided to customer. Awaiting approval.,Email,Active,53.691131635902224,1.0
HVAC-2024-01815,James Reyes,2024-11-27 15:35:00,VRF System,VRF-25000Ultra,My VRF System model VRF-25000Ultra is not cooling at all. The house temperature is 94°F and it won't go below that. We've been suffering in this heat for 15 days now.,Tucson,Arizona,Residential,Resolved,Multiple issues found: failed ignition system. Complete overhaul recommended. Estimate provided to customer. Awaiting approval.,Email,Extended,85.90734120253104,1.7
HVAC-2025-01816,Samuel Gonzalez,2025-08-23 21:54:00,VRF System,VRF-25000Ultra,Post-installation inspection revealed that the VRF System VRF-25000Ultra was installed without proper drainage. Basement flooding has occurred.,Milwaukee,Wisconsin,Commercial,In Progress,Inspected unit on-site. Found clogged condensate drain. Replaced heat exchanger. System operational now.,Survey,Expired,156.59153040806558,2.9
HVAC-2025-01817,Joseph Gonzalez,2025-09-18 16:52:00,Smart Thermostat,ST-400Plus,Heating system ST-400Plus fails to ignite. We've tried resetting multiple times. Temperature is dangerously low at 87°F.,Raleigh,North Carolina,Residential,Resolved,Multiple issues found: failed control board. Complete overhaul recommended. Estimate provided to customer. Awaiting approval.,Email,Active,10.031589113628648,3.5
HVAC-2024-01818,Frank Thomas,2024-09-06 16:05:00,Rooftop Unit,RTU-15000Ultra,The Rooftop Unit RTU-15000Ultra main board is fried after a power surge. System completely down for our 15-floor office building.,Phoenix,Arizona,Residential,Open,Performed diagnostics on RTU-15000Ultra. thermostat malfunction detected. Recommended electrical rewiring. Customer approved repair.,Phone,Void,,2.0
HVAC-2025-01819,Kathleen Johnson,2025-12-05 12:49:00,VRF System,VRF-20000X,The smart thermostat VRF-20000X is not syncing with the HVAC system. Temperature readings are inaccurate by 10°F.,Oklahoma City,Oklahoma,Residential,Resolved,Customer complaint verified. thermostat malfunction confirmed. Ordered replacement drain pan. Follow-up scheduled in 11 days.,Phone,Active,235.45702291131062,2.5
HVAC-2025-01820,James Morris,2025-12-20 09:40:00,Central Air Conditioner,CAC-4000S,"The Central Air Conditioner CAC-4000S was installed incorrectly. Ductwork is leaking air, and the unit was placed in the wrong location.",Orlando,Florida,Commercial,Resolved,Routine inspection revealed corroded heat exchanger. Cleaned coils and replaced filters. System performance improved but blower motor showing wear.,Email,Expired,106.64013199196413,4.8
HVAC-2024-01821,Jennifer Moore,2024-11-18 11:36:00,Furnace,FRN-5500E,WiFi connectivity issues with Furnace FRN-5500E for the past 12 weeks. The scheduling feature doesn't work without connectivity.,Houston,Texas,Commercial,Closed,Routine inspection revealed low refrigerant charge. Cleaned coils and replaced filters. System performance improved but expansion valve showing wear.,Social Media,Active,237.74911338909624,3.8
HVAC-2025-01822,Thomas Young,2025-05-08 21:40:00,Packaged HVAC Unit,PKG-7000X,"After maintenance on our PKG-7000X, the system performance got worse. The technician may have damaged something.",St. Louis,Missouri,Residential,Closed,Warranty repair completed. blocked condenser coil was covered. Replaced capacitor. System tested and operational.,Phone,Extended,14.909362657765318,3.6
HVAC-2025-01823,Helen Williams,2025-04-21 16:12:00,Furnace,FRN-9800HE,Our FRN-9800HE is supposed to be a high-efficiency unit but we're paying more than with our old system. Very misleading marketing.,Phoenix,Arizona,Commercial,Open,,Service Portal,Active,,2.3
HVAC-2024-01824,Joshua Diaz,2024-07-09 14:34:00,Smart Thermostat,ST-400Plus,The heat pump ST-400Plus is not providing adequate heating. House is at 87°F despite thermostat set to 72°F. Very concerned about pipes freezing.,Boston,Massachusetts,Industrial,In Progress,Routine inspection revealed clogged condensate drain. Cleaned coils and replaced filters. System performance improved but heat exchanger showing wear.,Social Media,Active,22.821681478986513,3.4
HVAC-2025-01825,Brandon Murphy,2025-01-12 17:52:00,Air Handler,AH-3000X,Our AH-3000X smart thermostat firmware update bricked the device. Screen is blank and we can't control our HVAC system at all.,San Antonio,Texas,Residential,Open,Emergency service call. Found failed control board. Temporary fix applied. Permanent repair requires refrigerant line set — on backorder.,Email,Expired,,5.0
HVAC-2024-01826,Kathleen Campbell,2024-09-13 06:53:00,Packaged HVAC Unit,PKG-5500Pro,Our PKG-5500Pro thermostat app shows 'Device Offline' constantly. Have reset the router and thermostat multiple times.,Buffalo,New York,Residential,Resolved,Emergency service call. Found faulty reversing valve. Temporary fix applied. Permanent repair requires reversing valve — on backorder.,Email,Active,150.58476564963303,4.0
HVAC-2025-01827,Cynthia Thomas,2025-08-26 07:20:00,Smart Thermostat,ST-400Plus,The Smart Thermostat ST-400Plus main board is fried after a power surge. System completely down for our 15-floor office building.,Salt Lake City,Utah,Commercial,In Progress,Emergency service call. Found defective expansion valve. Temporary fix applied. Permanent repair requires capacitor — on backorder.,CRM,Active,14.360862168144436,2.2
HVAC-2024-01828,Joseph Garcia,2024-07-03 09:28:00,Central Air Conditioner,CAC-4000S,"After the technician visited last week, the CAC-4000S still isn't cooling properly. This is our 4th service call for the same issue.",Orlando,Florida,Commercial,In Progress,Warranty repair completed. failed control board was covered. Replaced refrigerant line set. System tested and operational.,Email,Expired,52.26288711060846,2.0
HVAC-2024-01829,Kenneth Green,2024-12-08 06:58:00,Boiler,BLR-5000S,Warranty repair on Boiler BLR-5000S has been pending for 10 weeks. We're without heating/cooling and no loaner was provided.,Phoenix,Arizona,Commercial,In Progress,Inspected unit on-site. Found failed control board. Replaced compressor. System operational now.,Phone,Expired,272.1632255266696,1.2
HVAC-2025-01830,Sandra Moore,2025-09-18 22:40:00,Central Air Conditioner,CAC-5000Pro,Our CAC-5000Pro smart thermostat firmware update bricked the device. Screen is blank and we can't control our HVAC system at all.,Richmond,Virginia,Residential,Resolved,Emergency service call. Found faulty capacitor. Temporary fix applied. Permanent repair requires thermostat — on backorder.,Email,Active,286.06455639290357,3.7
HVAC-2024-01831,Cynthia Carter,2024-12-25 13:34:00,VRF System,VRF-15000Pro,"The VRF-15000Pro runs continuously without cycling off, leading to massive energy bills. Something is wrong with the efficiency.",Dallas,Texas,Industrial,Resolved,Inspected unit on-site. Found damaged ductwork. Replaced contactor. System operational now.,Service Portal,Extended,186.8671153253358,3.4
HVAC-2024-01832,Nicholas Hill,2024-02-11 16:56:00,Rooftop Unit,RTU-6000S,SEER rating of our Rooftop Unit RTU-6000S seems much lower than advertised. Energy consumption is 30% higher than expected.,Memphis,Tennessee,Residential,Resolved,,Service Portal,Expired,180.34061886474382,2.4
HVAC-2025-01833,Joseph Scott,2025-05-13 13:34:00,Ductless Mini-Split,DMS-1200Q,AC unit DMS-1200Q has completely stopped cooling. Thermostat shows 48°F but the system is running constantly. Very frustrated.,Boston,Massachusetts,Residential,Resolved,Emergency service call. Found clogged condensate drain. Temporary fix applied. Permanent repair requires control board — on backorder.,Email,Expired,25.623772712650215,2.4
HVAC-2025-01834,Carol Walker,2025-02-25 18:50:00,Smart Thermostat,ST-300Pro,Our ST-300Pro compressor makes a terrible clicking and vibrating noise. It gets worse at night. Multiple complaints from family.,Boston,Massachusetts,Commercial,Resolved,Routine inspection revealed electrical short in wiring harness. Cleaned coils and replaced filters. System performance improved but contactor showing wear.,Survey,Expired,71.31519472439003,4.3
HVAC-2025-01835,Charles Stewart,2025-07-22 07:13:00,VRF System,VRF-20000X,Our VRF-20000X smart thermostat firmware update bricked the device. Screen is blank and we can't control our HVAC system at all.,New York,New York,Residential,Open,Unit is beyond repair. loose electrical connections too severe. Recommended full system replacement with newer CAC-6000Ultra model.,Chat,Expired,,4.0
HVAC-2024-01836,James Carter,2024-12-15 15:01:00,Packaged HVAC Unit,PKG-9000Ultra,Our Packaged HVAC Unit PKG-9000Ultra had a catastrophic compressor failure. Loud bang followed by complete shutdown. Potential safety hazard.,Raleigh,North Carolina,Industrial,Resolved,Performed diagnostics on PKG-9000Ultra. frozen evaporator coil detected. Recommended system recalibration. Customer approved repair.,Email,Extended,89.99207996413256,1.3
HVAC-2024-01837,Elizabeth Jones,2024-07-06 08:10:00,Boiler,BLR-9500Ultra,AC unit BLR-9500Ultra has completely stopped cooling. Thermostat shows 50°F but the system is running constantly. Very frustrated.,Milwaukee,Wisconsin,Residential,Escalated,Warranty repair completed. failed ignition system was covered. Replaced compressor. System tested and operational.,Service Portal,Extended,,2.4
HVAC-2024-01838,Katherine Thomas,2024-01-28 11:22:00,Air Handler,AH-4500Pro,AC unit AH-4500Pro has completely stopped cooling. Thermostat shows 83°F but the system is running constantly. Very frustrated.,Minneapolis,Minnesota,Residential,In Progress,Warranty repair completed. corroded heat exchanger was covered. Replaced relay switch. System tested and operational.,Phone,Expired,15.409161334485624,1.8
HVAC-2025-01839,Richard Nguyen,2025-03-22 14:33:00,Boiler,BLR-7000E,"After the technician visited last week, the BLR-7000E still isn't cooling properly. This is our 3rd service call for the same issue.",Denver,Colorado,Residential,Resolved,Routine inspection revealed refrigerant leak in evaporator coil. Cleaned coils and replaced filters. System performance improved but condenser coil showing wear.,Social Media,Expired,85.12536931329419,2.7
HVAC-2025-01840,Sarah Baker,2025-10-02 09:03:00,Heat Pump,HP-2800Plus,Our HP-2800Plus thermostat app shows 'Device Offline' constantly. Have reset the router and thermostat multiple times.,Memphis,Tennessee,Residential,In Progress,Multiple issues found: dirty air filter causing restricted airflow. Complete overhaul recommended. Estimate provided to customer. Awaiting approval.,Email,Extended,207.5457789483678,3.4
HVAC-2025-01841,Karen Walker,2025-09-11 06:15:00,Smart Thermostat,ST-500AI,Installation team left a mess and didn't complete the ST-500AI installation properly. Wires are exposed and the unit vibrates excessively.,Phoenix,Arizona,Residential,In Progress,,Phone,Active,74.18313256639168,4.9
HVAC-2024-01842,Steven Brown,2024-03-06 09:31:00,Boiler,BLR-9500Ultra,Our annual service contract for Boiler BLR-9500Ultra has not been honored. Three scheduled visits were cancelled without notice.,Kansas City,Missouri,Residential,Open,Unit is beyond repair. defective expansion valve too severe. Recommended full system replacement with latest VRF-25000Ultra system.,Email,Active,,3.1
HVAC-2024-01843,David Hernandez,2024-03-18 13:53:00,Furnace,FRN-5500E,Our electricity bill has increased by 56% since installing the Furnace FRN-5500E. This unit was supposed to be energy efficient.,Orlando,Florida,Commercial,Open,,Phone,Extended,,3.1
HVAC-2025-01844,John King,2025-12-08 16:42:00,Packaged HVAC Unit,PKG-6500E,Our PKG-6500E is supposed to be a high-efficiency unit but we're paying more than with our old system. Very misleading marketing.,Chicago,Illinois,Residential,Resolved,,Phone,Active,312.80096022205487,2.2
HVAC-2025-01845,Stephen Edwards,2025-11-18 22:53:00,Ductless Mini-Split,DMS-1200Q,Our Ductless Mini-Split DMS-1200Q heating stopped working mid-winter. We have a newborn baby and the temp is 66°F inside. URGENT help needed!,Atlanta,Georgia,Residential,Resolved,Warranty repair completed. low refrigerant charge was covered. Replaced igniter. System tested and operational.,Chat,Expired,40.943579831792846,1.7
HVAC-2025-01846,Rebecca Torres,2025-07-02 22:49:00,Packaged HVAC Unit,PKG-4000S,The heat pump PKG-4000S is not providing adequate heating. House is at 88°F despite thermostat set to 72°F. Very concerned about pipes freezing.,Sacramento,California,Commercial,Resolved,,Chat,Active,65.75477785899396,2.2
HVAC-2024-01847,Donald Wilson,2024-06-18 07:52:00,Ductless Mini-Split,DMS-1800Pro,Integration between DMS-1800Pro and our home automation system broke after the last update. None of the smart features work now.,Columbus,Ohio,Residential,Closed,Inspected unit on-site. Found clogged condensate drain. Replaced flame sensor. System operational now.,Chat,Active,191.10949381321993,2.8
HVAC-2025-01848,Benjamin Thompson,2025-08-19 13:41:00,Packaged HVAC Unit,PKG-4000S,The Packaged HVAC Unit PKG-4000S is making an extremely loud grinding noise that wakes us up at night. It's been going on for 22 days.,Detroit,Michigan,Residential,In Progress,Emergency service call. Found worn compressor bearings. Temporary fix applied. Permanent repair requires filter drier — on backorder.,Email,Expired,61.98514768896462,4.4
HVAC-2024-01849,Ronald Jackson,2024-06-15 06:32:00,Air Handler,AH-5000Elite,WiFi connectivity issues with Air Handler AH-5000Elite for the past 8 weeks. The scheduling feature doesn't work without connectivity.,Oklahoma City,Oklahoma,Commercial,Escalated,Inspected unit on-site. Found refrigerant leak in evaporator coil. Replaced compressor. System operational now.,Email,Expired,,4.7
HVAC-2024-01850,Matthew Ramirez,2024-12-16 08:37:00,Boiler,BLR-9500Ultra,Our Boiler BLR-9500Ultra had a catastrophic compressor failure. Loud bang followed by complete shutdown. Potential safety hazard.,Memphis,Tennessee,Industrial,Resolved,Emergency service call. Found low refrigerant charge. Temporary fix applied. Permanent repair requires condenser coil — on backorder.,Service Portal,Active,36.05825586678916,2.2
HVAC-2024-01851,Timothy Thompson,2024-09-15 12:06:00,Heat Pump,HP-2200DX,Post-installation inspection revealed that the Heat Pump HP-2200DX was installed without proper drainage. Basement flooding has occurred.,Minneapolis,Minnesota,Industrial,In Progress,Routine inspection revealed electrical short in wiring harness. Cleaned coils and replaced filters. System performance improved but heat exchanger showing wear.,CRM,Extended,41.10673425141344,3.8
HVAC-2024-01852,Edward Ramirez,2024-08-21 10:28:00,Boiler,BLR-5000S,The Boiler (BLR-5000S) stopped providing cold air yesterday. It's blowing warm air instead. Our office is unbearable at 78°F.,Louisville,Kentucky,Residential,In Progress,Unit is beyond repair. worn compressor bearings too severe. Recommended full system replacement with commercial-grade RTU-15000Ultra.,Chat,Expired,157.97417603655873,3.1
HVAC-2024-01853,George Gonzalez,2024-12-25 18:23:00,Smart Thermostat,ST-700Ultra,Our ST-700Ultra failed within the first year and the company is blaming us for the failure. This is clearly a manufacturing defect.,Charlotte,North Carolina,Commercial,Resolved,Multiple issues found: loose electrical connections. Complete overhaul recommended. Estimate provided to customer. Awaiting approval.,Email,Void,290.0302791529121,2.5
HVAC-2024-01854,Sharon Green,2024-10-02 15:26:00,Furnace,FRN-9800HE,Our Furnace FRN-9800HE stopped heating entirely during the coldest week of winter. Indoor temp dropped to 46°F. This is a safety concern.,Richmond,Virginia,Residential,Resolved,Inspected unit on-site. Found frozen evaporator coil. Replaced thermostat. System operational now.,Phone,Active,9.135235384845846,2.1
HVAC-2024-01855,Samuel Murphy,2024-08-20 12:44:00,Smart Thermostat,ST-700Ultra,"After annual maintenance, our Smart Thermostat ST-700Ultra stopped heating. Now at 83°F. This was working fine before the tech came.",Raleigh,North Carolina,Commercial,Escalated,Customer complaint verified. compressor failure confirmed. Ordered replacement flame sensor. Follow-up scheduled in 8 days.,Email,Active,,2.9
HVAC-2025-01856,Ronald Lee,2025-06-08 11:23:00,Ductless Mini-Split,DMS-900Eco,We purchased the Ductless Mini-Split DMS-900Eco 22 months ago and it's already failing to cool. Temperature stuck at 73°F. Unacceptable quality.,Sacramento,California,Residential,In Progress,Inspected unit on-site. Found frozen evaporator coil. Replaced filter drier. System operational now.,CRM,Active,95.59426532993935,1.8
HVAC-2024-01857,Jennifer Thomas,2024-04-26 16:47:00,Smart Thermostat,ST-500AI,Filed a warranty claim for our ST-500AI 14 months ago. No response from the warranty department despite 3 follow-up calls.,Tampa,Florida,Industrial,Open,Unit is beyond repair. damaged ductwork too severe. Recommended full system replacement with newer CAC-6000Ultra model.,Email,Active,,1.7
HVAC-2025-01858,Jeffrey Roberts,2025-11-17 15:42:00,Central Air Conditioner,CAC-2500E,SEER rating of our Central Air Conditioner CAC-2500E seems much lower than advertised. Energy consumption is 21% higher than expected.,Louisville,Kentucky,Residential,In Progress,Unit is beyond repair. compressor failure too severe. Recommended full system replacement with latest VRF-25000Ultra system.,Social Media,Active,123.30632010624116,4.5
HVAC-2025-01859,Susan Scott,2025-05-05 11:48:00,Boiler,BLR-5000S,Our new Boiler BLR-5000S installation is terrible. The condensate drain was connected wrong and water is leaking into the ceiling.,New York,New York,Residential,Resolved,Performed diagnostics on BLR-5000S. low refrigerant charge detected. Recommended control board replacement. Customer approved repair.,Chat,Extended,32.649148131216634,3.5
HVAC-2024-01860,Benjamin Hill,2024-06-13 10:48:00,Boiler,BLR-8000HE,Maintenance was performed on BLR-8000HE but the filter was not replaced and the coils were not cleaned. Paid full price for incomplete work.,Seattle,Washington,Industrial,Closed,Routine inspection revealed refrigerant leak in evaporator coil. Cleaned coils and replaced filters. System performance improved but blower motor showing wear.,Email,Active,79.53430062439111,3.4
HVAC-2024-01861,Paul Flores,2024-07-12 21:14:00,Boiler,BLR-9500Ultra,Technician found a refrigerant leak in our BLR-9500Ultra for the third time this year. Clearly a manufacturing defect in the coils.,Houston,Texas,Commercial,Resolved,,Survey,Void,119.93690429812423,2.9
HVAC-2024-01862,Timothy Wilson,2024-06-02 21:59:00,Furnace,FRN-5500E,Our annual service contract for Furnace FRN-5500E has not been honored. Three scheduled visits were cancelled without notice.,San Antonio,Texas,Commercial,Resolved,Multiple issues found: dirty air filter causing restricted airflow. Complete overhaul recommended. Estimate provided to customer. Awaiting approval.,Phone,Expired,268.8356133081942,3.8
HVAC-2024-01863,Kathleen Turner,2024-09-21 14:11:00,Rooftop Unit,RTU-10000E,My Rooftop Unit model RTU-10000E is not cooling at all. The house temperature is 42°F and it won't go below that. We've been suffering in this heat for 16 days now.,Las Vegas,Nevada,Residential,Resolved,Unit is beyond repair. worn compressor bearings too severe. Recommended full system replacement with high-efficiency FRN-9800HE.,CRM,Active,19.82976423367869,2.7
HVAC-2024-01864,Laura Campbell,2024-09-22 13:11:00,Smart Thermostat,ST-700Ultra,"After maintenance on our ST-700Ultra, the system performance got worse. The technician may have damaged something.",Albuquerque,New Mexico,Commercial,Open,,CRM,Expired,,3.0
HVAC-2025-01865,David Murphy,2025-08-27 18:13:00,Furnace,FRN-9800HE,"After maintenance on our FRN-9800HE, the system performance got worse. The technician may have damaged something.",Dallas,Texas,Commercial,Resolved,Emergency service call. Found clogged condensate drain. Temporary fix applied. Permanent repair requires refrigerant line set — on backorder.,Email,Extended,157.20439307292878,2.0
HVAC-2024-01866,Kathleen Anderson,2024-04-08 17:41:00,Ductless Mini-Split,DMS-900Eco,"The Ductless Mini-Split DMS-900Eco was installed incorrectly. Ductwork is leaking air, and the unit was placed in the wrong location.",Houston,Texas,Industrial,In Progress,Routine inspection revealed faulty reversing valve. Cleaned coils and replaced filters. System performance improved but compressor showing wear.,Phone,Extended,71.52980516613368,4.3
HVAC-2025-01867,Eric Scott,2025-08-27 10:49:00,Air Handler,AH-4500Pro,Maintenance was performed on AH-4500Pro but the filter was not replaced and the coils were not cleaned. Paid full price for incomplete work.,Houston,Texas,Commercial,Resolved,,Chat,Active,298.01606835221565,4.0
HVAC-2025-01868,James Harris,2025-07-09 14:22:00,Packaged HVAC Unit,PKG-7000X,Heating system PKG-7000X fails to ignite. We've tried resetting multiple times. Temperature is dangerously low at 46°F.,Denver,Colorado,Commercial,Resolved,Unit is beyond repair. defective expansion valve too severe. Recommended full system replacement with latest VRF-25000Ultra system.,Email,Expired,77.60003442288418,1.6
HVAC-2025-01869,Lisa Lee,2025-07-05 15:33:00,Ductless Mini-Split,DMS-900Eco,The cooling capacity of our DMS-900Eco has dropped significantly. Rooms are at 50°F despite running 24/7. Need immediate service.,Raleigh,North Carolina,Residential,Closed,Emergency service call. Found faulty reversing valve. Temporary fix applied. Permanent repair requires expansion valve — on backorder.,CRM,Expired,126.78616704197114,3.3
HVAC-2025-01870,Patrick Garcia,2025-07-22 21:46:00,Ductless Mini-Split,DMS-900Eco,The Ductless Mini-Split DMS-900Eco has a refrigerant leak. We can smell chemicals and the cooling has stopped. This could be a health hazard.,Sacramento,California,Residential,In Progress,Warranty repair completed. faulty capacitor was covered. Replaced expansion valve. System tested and operational.,Phone,Expired,75.93870795366287,1.3
HVAC-2025-01871,Nicholas Carter,2025-02-22 19:15:00,Packaged HVAC Unit,PKG-7000X,AC unit PKG-7000X has completely stopped cooling. Thermostat shows 51°F but the system is running constantly. Very frustrated.,Richmond,Virginia,Residential,Resolved,Routine inspection revealed low refrigerant charge. Cleaned coils and replaced filters. System performance improved but condenser coil showing wear.,Chat,Expired,34.950803091854624,3.2
HVAC-2025-01872,Rebecca Phillips,2025-07-19 15:55:00,Packaged HVAC Unit,PKG-6500E,The Packaged HVAC Unit PKG-6500E smart thermostat keeps disconnecting from WiFi. Cannot control temperature remotely anymore.,Detroit,Michigan,Residential,Open,Emergency service call. Found corroded heat exchanger. Temporary fix applied. Permanent repair requires heat exchanger — on backorder.,Chat,Expired,,3.2
HVAC-2025-01873,Samantha Scott,2025-12-02 19:23:00,Packaged HVAC Unit,PKG-5500Pro,Our Packaged HVAC Unit PKG-5500Pro stopped heating entirely during the coldest week of winter. Indoor temp dropped to 76°F. This is a safety concern.,Charlotte,North Carolina,Industrial,Resolved,Inspected unit on-site. Found low refrigerant charge. Replaced reversing valve. System operational now.,Phone,Active,119.66801403493048,2.5
HVAC-2024-01874,Jack Campbell,2024-05-05 12:54:00,Central Air Conditioner,CAC-4000S,Our Central Air Conditioner CAC-4000S had a catastrophic compressor failure. Loud bang followed by complete shutdown. Potential safety hazard.,Las Vegas,Nevada,Commercial,Closed,Emergency service call. Found frozen evaporator coil. Temporary fix applied. Permanent repair requires igniter — on backorder.,Email,Active,68.97340993862376,1.9
HVAC-2024-01875,Amanda Lee,2024-10-17 10:23:00,Air Handler,AH-3000X,The AH-3000X is consuming way too much energy. Our utility bill went from $179 to $402 per month since installation.,Boston,Massachusetts,Commercial,Open,,Phone,Expired,,4.9
HVAC-2024-01876,Christine Hernandez,2024-06-04 18:39:00,Rooftop Unit,RTU-8000Pro,Scheduled maintenance for Rooftop Unit RTU-8000Pro was missed twice. No one contacted us to reschedule. Very poor service.,Nashville,Tennessee,Residential,Open,Unit is beyond repair. worn compressor bearings too severe. Recommended full system replacement with newer CAC-6000Ultra model.,Chat,Active,,3.5
HVAC-2025-01877,Jeffrey Flores,2025-10-23 16:42:00,Boiler,BLR-8000HE,The BLR-8000HE installation crew was unprofessional and left refrigerant lines exposed. System is now leaking refrigerant.,Denver,Colorado,Commercial,Closed,,Phone,Active,55.0866865328688,2.4
HVAC-2024-01878,Karen Rivera,2024-03-18 09:02:00,Smart Thermostat,ST-500AI,AC unit ST-500AI has completely stopped cooling. Thermostat shows 91°F but the system is running constantly. Very frustrated.,Houston,Texas,Residential,Closed,Customer complaint verified. refrigerant leak in evaporator coil confirmed. Ordered replacement expansion valve. Follow-up scheduled in 7 days.,Service Portal,Active,9.986279523353634,3.0
HVAC-2025-01879,Mark Campbell,2025-06-20 06:13:00,VRF System,VRF-18000E,Heating failure on our commercial VRF-18000E. Building occupants complaining about 95°F temperatures. Multiple offices affected.,Orlando,Florida,Residential,Open,Warranty repair completed. refrigerant leak in evaporator coil was covered. Replaced reversing valve. System tested and operational.,CRM,Active,,2.6
HVAC-2024-01880,Timothy Lopez,2024-11-25 21:02:00,Rooftop Unit,RTU-15000Ultra,Preventive maintenance on our Rooftop Unit RTU-15000Ultra was done poorly. Now the system is short-cycling every 3 minutes.,Milwaukee,Wisconsin,Residential,Open,Emergency service call. Found frozen evaporator coil. Temporary fix applied. Permanent repair requires heat exchanger — on backorder.,Email,Active,,4.4
HVAC-2025-01881,Stephanie Garcia,2025-06-04 14:24:00,Rooftop Unit,RTU-10000E,Brand new Rooftop Unit RTU-10000E installed 8 weeks ago cannot maintain temperature below 41°F. Extremely disappointed.,Pittsburgh,Pennsylvania,Commercial,Resolved,Routine inspection revealed worn compressor bearings. Cleaned coils and replaced filters. System performance improved but drain pan showing wear.,Service Portal,Extended,146.71021811934116,2.8
HVAC-2024-01882,Frank Gomez,2024-03-21 18:59:00,Air Handler,AH-3500E,Our Air Handler AH-3500E makes a clicking sound and then stops cooling. House temp is at 73°F. Children are uncomfortable.,Dallas,Texas,Industrial,Resolved,,Phone,Active,7.541051422472288,3.1
HVAC-2024-01883,Deborah Lewis,2024-05-15 15:25:00,Smart Thermostat,ST-200Eco,"Total system failure on our ST-200Eco. Fan motor, compressor, and control board all failed simultaneously. Suspecting electrical issue.",Denver,Colorado,Commercial,Open,Warranty repair completed. clogged condensate drain was covered. Replaced refrigerant line set. System tested and operational.,CRM,Active,,1.6
HVAC-2025-01884,Rachel Ramirez,2025-11-21 20:36:00,Ductless Mini-Split,DMS-2400Max,The DMS-2400Max is consuming way too much energy. Our utility bill went from $193 to $340 per month since installation.,San Francisco,California,Residential,Open,Inspected unit on-site. Found failed control board. Replaced drain pan. System operational now.,Survey,Active,,4.3
HVAC-2025-01885,Betty Evans,2025-08-02 21:45:00,Boiler,BLR-5000S,Our BLR-5000S smart thermostat firmware update bricked the device. Screen is blank and we can't control our HVAC system at all.,Tampa,Florida,Commercial,Open,Inspected unit on-site. Found frozen evaporator coil. Replaced igniter. System operational now.,Service Portal,Void,,3.6
HVAC-2024-01886,Rebecca Lopez,2024-09-23 18:04:00,Packaged HVAC Unit,PKG-6500E,"After maintenance on our PKG-6500E, the system performance got worse. The technician may have damaged something.",San Antonio,Texas,Commercial,Open,Emergency service call. Found electrical short in wiring harness. Temporary fix applied. Permanent repair requires condenser coil — on backorder.,Email,Expired,,4.7
HVAC-2025-01887,Eric Martinez,2025-07-23 22:37:00,Smart Thermostat,ST-400Plus,The Smart Thermostat ST-400Plus has a refrigerant leak. We can smell chemicals and the cooling has stopped. This could be a health hazard.,San Francisco,California,Commercial,Open,,Phone,Extended,,2.1
HVAC-2025-01888,Donna Moore,2025-11-09 09:00:00,Boiler,BLR-6500Pro,Technician found a refrigerant leak in our BLR-6500Pro for the third time this year. Clearly a manufacturing defect in the coils.,Oklahoma City,Oklahoma,Industrial,In Progress,,Survey,Active,19.87353040304917,1.5
HVAC-2024-01889,Michelle Lopez,2024-07-01 15:41:00,Packaged HVAC Unit,PKG-7000X,Heating failure on our commercial PKG-7000X. Building occupants complaining about 70°F temperatures. Multiple offices affected.,Portland,Oregon,Commercial,Resolved,Customer complaint verified. refrigerant leak in evaporator coil confirmed. Ordered replacement fan motor. Follow-up scheduled in 7 days.,Chat,Extended,111.58687162980488,2.0
HVAC-2025-01890,Joshua Perez,2025-10-03 21:59:00,Furnace,FRN-6000S,AC unit FRN-6000S has completely stopped cooling. Thermostat shows 60°F but the system is running constantly. Very frustrated.,Salt Lake City,Utah,Commercial,Resolved,Routine inspection revealed clogged condensate drain. Cleaned coils and replaced filters. System performance improved but relay switch showing wear.,Phone,Void,24.555364956826253,3.2
HVAC-2024-01891,Karen Brown,2024-08-02 18:22:00,Boiler,BLR-5000S,Integration between BLR-5000S and our home automation system broke after the last update. None of the smart features work now.,Chicago,Illinois,Residential,Resolved,,Phone,Extended,301.9194951578132,3.0
HVAC-2024-01892,Thomas Roberts,2024-02-25 15:30:00,Packaged HVAC Unit,PKG-6500E,Electrical failure in PKG-6500E. Circuit breaker keeps tripping. Possible fire hazard. Need emergency service immediately.,San Francisco,California,Commercial,Closed,Multiple issues found: clogged condensate drain. Complete overhaul recommended. Estimate provided to customer. Awaiting approval.,CRM,Expired,98.9841303681254,1.7
HVAC-2024-01893,Melissa Stewart,2024-04-11 10:12:00,Furnace,FRN-5500E,Our Furnace FRN-5500E heating stopped working mid-winter. We have a newborn baby and the temp is 56°F inside. URGENT help needed!,Sacramento,California,Commercial,Closed,Emergency service call. Found defective expansion valve. Temporary fix applied. Permanent repair requires drain pan — on backorder.,Email,Expired,80.96930701849053,3.0
HVAC-2025-01894,Linda Wright,2025-02-27 17:42:00,Rooftop Unit,RTU-10000E,Technician found a refrigerant leak in our RTU-10000E for the third time this year. Clearly a manufacturing defect in the coils.,Orlando,Florida,Residential,In Progress,Routine inspection revealed failed ignition system. Cleaned coils and replaced filters. System performance improved but control board showing wear.,Email,Active,29.449242033890606,3.0
HVAC-2025-01895,Brandon Clark,2025-09-20 08:36:00,Ductless Mini-Split,DMS-1200Q,The Ductless Mini-Split DMS-1200Q thermostat's geofencing feature stopped working. AC runs all day even when nobody is home. Wasting energy.,Nashville,Tennessee,Commercial,Resolved,Unit is beyond repair. burned-out fan motor too severe. Recommended full system replacement with newer CAC-6000Ultra model.,Phone,Active,65.78317024634461,5.0
HVAC-2024-01896,Melissa Gonzalez,2024-11-15 17:04:00,Air Handler,AH-2000S,SEER rating of our Air Handler AH-2000S seems much lower than advertised. Energy consumption is 35% higher than expected.,San Francisco,California,Industrial,Closed,Emergency service call. Found electrical short in wiring harness. Temporary fix applied. Permanent repair requires blower motor — on backorder.,Social Media,Active,32.93326445770877,2.6
HVAC-2024-01897,George Lewis,2024-08-25 09:54:00,Heat Pump,HP-3500Elite,Our Heat Pump HP-3500Elite stopped heating entirely during the coldest week of winter. Indoor temp dropped to 45°F. This is a safety concern.,Tucson,Arizona,Commercial,In Progress,Customer complaint verified. cracked heat exchanger confirmed. Ordered replacement capacitor. Follow-up scheduled in 3 days.,Chat,Expired,25.943663080498748,1.7
HVAC-2025-01898,Catherine Wright,2025-07-27 16:54:00,Ductless Mini-Split,DMS-1500S,"The DMS-1500S runs continuously without cycling off, leading to massive energy bills. Something is wrong with the efficiency.",Richmond,Virginia,Residential,In Progress,Routine inspection revealed compressor failure. Cleaned coils and replaced filters. System performance improved but capacitor showing wear.,Phone,Active,55.6850169888799,3.4
HVAC-2024-01899,Patrick Robinson,2024-01-26 19:19:00,Rooftop Unit,RTU-10000E,Brand new Rooftop Unit RTU-10000E installed 12 weeks ago cannot maintain temperature below 61°F. Extremely disappointed.,New York,New York,Residential,In Progress,,Phone,Expired,87.72709548994916,1.6
HVAC-2024-01900,Christopher Roberts,2024-11-24 13:00:00,Packaged HVAC Unit,PKG-9000Ultra,R-410A refrigerant leak detected in PKG-9000Ultra. Cooling performance has degraded and we're worried about environmental impact.,Tampa,Florida,Residential,Resolved,Multiple issues found: faulty reversing valve. Complete overhaul recommended. Estimate provided to customer. Awaiting approval.,Chat,Active,68.92122349409232,2.8
HVAC-2024-01901,Margaret Allen,2024-08-04 15:00:00,Packaged HVAC Unit,PKG-9000Ultra,Installation team left a mess and didn't complete the PKG-9000Ultra installation properly. Wires are exposed and the unit vibrates excessively.,Albuquerque,New Mexico,Residential,Closed,Inspected unit on-site. Found electrical short in wiring harness. Replaced control board. System operational now.,Email,Extended,31.587652175010938,4.6
HVAC-2025-01902,Gary Thomas,2025-01-21 08:37:00,Packaged HVAC Unit,PKG-5500Pro,"The Packaged HVAC Unit PKG-5500Pro was installed incorrectly. Ductwork is leaking air, and the unit was placed in the wrong location.",Orlando,Florida,Commercial,Resolved,Performed diagnostics on PKG-5500Pro. worn compressor bearings detected. Recommended compressor swap. Customer approved repair.,Survey,Expired,133.7649982286125,4.5
HVAC-2025-01903,Nancy King,2025-07-20 14:15:00,Ductless Mini-Split,DMS-900Eco,The pilot light on our DMS-900Eco keeps going out. Furnace won't stay on. House temperature dropping to 56°F overnight.,Minneapolis,Minnesota,Residential,Resolved,Performed diagnostics on DMS-900Eco. loose electrical connections detected. Recommended coil replacement. Customer approved repair.,Phone,Active,42.45678662402654,2.1
HVAC-2024-01904,Samuel Rodriguez,2024-07-16 13:31:00,Central Air Conditioner,CAC-5000Pro,Our CAC-5000Pro has developed a loud rattling sound when it cycles on. The noise level is unbearable and affects our daily life.,Charlotte,North Carolina,Industrial,Open,Inspected unit on-site. Found thermostat malfunction. Replaced fan motor. System operational now.,Chat,Expired,,2.3
HVAC-2025-01905,Joseph Davis,2025-06-07 15:40:00,Furnace,FRN-6000S,Our electricity bill has increased by 67% since installing the Furnace FRN-6000S. This unit was supposed to be energy efficient.,Buffalo,New York,Residential,In Progress,Emergency service call. Found defective expansion valve. Temporary fix applied. Permanent repair requires capacitor — on backorder.,CRM,Expired,159.97928804756307,3.4
HVAC-2024-01906,Nicole Martin,2024-04-17 11:49:00,Packaged HVAC Unit,PKG-6500E,Our PKG-6500E thermostat app shows 'Device Offline' constantly. Have reset the router and thermostat multiple times.,Tucson,Arizona,Residential,Resolved,,Phone,Expired,288.94938477766135,3.7
HVAC-2024-01907,Karen Walker,2024-01-20 16:33:00,Central Air Conditioner,CAC-4000S,Electrical failure in CAC-4000S. Circuit breaker keeps tripping. Possible fire hazard. Need emergency service immediately.,San Francisco,California,Commercial,In Progress,Customer complaint verified. frozen evaporator coil confirmed. Ordered replacement heat exchanger. Follow-up scheduled in 5 days.,Survey,Extended,110.94942428873095,1.8
HVAC-2025-01908,Anthony Wright,2025-07-02 11:58:00,Furnace,FRN-8500Elite,Our Furnace FRN-8500Elite makes a clicking sound and then stops cooling. House temp is at 82°F. Children are uncomfortable.,Oklahoma City,Oklahoma,Commercial,Escalated,Emergency service call. Found thermostat malfunction. Temporary fix applied. Permanent repair requires thermostat — on backorder.,Survey,Expired,,2.9
HVAC-2024-01909,Jessica Collins,2024-12-14 21:03:00,VRF System,VRF-10000S,Our VRF System VRF-10000S is leaking refrigerant. Green residue visible on the outdoor unit. Children play near it — very concerned about safety.,Atlanta,Georgia,Residential,Open,Performed diagnostics on VRF-10000S. cracked heat exchanger detected. Recommended system recalibration. Customer approved repair.,Phone,Active,,2.6
HVAC-2025-01910,Shirley Thompson,2025-02-05 14:15:00,Boiler,BLR-5000S,Our annual service contract for Boiler BLR-5000S has not been honored. Three scheduled visits were cancelled without notice.,Pittsburgh,Pennsylvania,Residential,Closed,Warranty repair completed. dirty air filter causing restricted airflow was covered. Replaced refrigerant line set. System tested and operational.,Survey,Active,20.665535300155312,3.4
HVAC-2024-01911,Michael Rivera,2024-11-24 18:09:00,Ductless Mini-Split,DMS-1500S,The DMS-1500S furnace is blowing cold air instead of warm. It's 68°F inside and we have elderly family members at home.,Kansas City,Missouri,Commercial,Closed,,Chat,Expired,40.746294999868425,2.8
HVAC-2024-01912,Thomas Gomez,2024-09-13 19:55:00,VRF System,VRF-10000S,Warranty claim for VRF-10000S was denied citing 'improper installation' even though their own certified technician installed it.,Detroit,Michigan,Industrial,Resolved,Warranty repair completed. failed ignition system was covered. Replaced evaporator coil. System tested and operational.,Chat,Active,153.92513349719016,2.3
HVAC-2025-01913,Pamela Miller,2025-01-12 17:00:00,Air Handler,AH-4500Pro,The AH-4500Pro installation crew was unprofessional and left refrigerant lines exposed. System is now leaking refrigerant.,Nashville,Tennessee,Residential,Resolved,Multiple issues found: burned-out fan motor. Complete overhaul recommended. Estimate provided to customer. Awaiting approval.,Phone,Active,87.69978605177502,4.3
HVAC-2024-01914,Brenda Brown,2024-06-12 19:45:00,Boiler,BLR-5000S,AC unit BLR-5000S has completely stopped cooling. Thermostat shows 88°F but the system is running constantly. Very frustrated.,Dallas,Texas,Residential,In Progress,,CRM,Expired,4.601120065905471,3.3
HVAC-2024-01915,Ryan Phillips,2024-11-07 11:12:00,Furnace,FRN-6000S,The cooling capacity of our FRN-6000S has dropped significantly. Rooms are at 91°F despite running 24/7. Need immediate service.,Louisville,Kentucky,Residential,Resolved,Performed diagnostics on FRN-6000S. dirty air filter causing restricted airflow detected. Recommended full system replacement. Customer approved repair.,Social Media,Active,68.84296344203031,2.7
HVAC-2024-01916,Jacob Anderson,2024-09-14 14:54:00,VRF System,VRF-18000E,The smart thermostat VRF-18000E is not syncing with the HVAC system. Temperature readings are inaccurate by 12°F.,Kansas City,Missouri,Commercial,Escalated,Inspected unit on-site. Found thermostat malfunction. Replaced blower motor. System operational now.,Chat,Expired,,4.5
HVAC-2024-01917,Richard Perez,2024-01-23 19:19:00,Heat Pump,HP-4200Max,The HP-4200Max was installed 4 weeks ago but the installer used the wrong size ducts. System is extremely inefficient now.,Minneapolis,Minnesota,Residential,In Progress,Unit is beyond repair. refrigerant leak in evaporator coil too severe. Recommended full system replacement with newer CAC-6000Ultra model.,Phone,Active,27.125636583977652,3.8
HVAC-2025-01918,Patricia Thompson,2025-02-04 20:49:00,Smart Thermostat,ST-200Eco,The ST-200Eco control board has failed. The entire system is non-functional. We have a commercial building full of employees with no AC.,Kansas City,Missouri,Residential,Resolved,Emergency service call. Found failed ignition system. Temporary fix applied. Permanent repair requires heat exchanger — on backorder.,Chat,Expired,102.07502499991917,2.9
HVAC-2025-01919,Joseph Taylor,2025-07-17 15:28:00,Rooftop Unit,RTU-10000E,The indoor unit of our Rooftop Unit RTU-10000E produces a constant whistling noise. Very annoying and disruptive.,Miami,Florida,Commercial,Resolved,Customer complaint verified. frozen evaporator coil confirmed. Ordered replacement expansion valve. Follow-up scheduled in 14 days.,Service Portal,Expired,196.69973140323668,4.2
HVAC-2024-01920,Amy Nelson,2024-05-07 09:09:00,Boiler,BLR-8000HE,Our Boiler BLR-8000HE stopped heating entirely during the coldest week of winter. Indoor temp dropped to 54°F. This is a safety concern.,Memphis,Tennessee,Commercial,Resolved,Inspected unit on-site. Found dirty air filter causing restricted airflow. Replaced relay switch. System operational now.,Survey,Active,115.47293422527181,2.6
HVAC-2024-01921,Anthony Jackson,2024-04-06 19:46:00,Rooftop Unit,RTU-10000E,Our Rooftop Unit RTU-10000E makes a clicking sound and then stops cooling. House temp is at 51°F. Children are uncomfortable.,Cleveland,Ohio,Industrial,Resolved,Emergency service call. Found worn compressor bearings. Temporary fix applied. Permanent repair requires compressor — on backorder.,Phone,Active,47.30038608286761,1.8
HVAC-2025-01922,David Collins,2025-08-15 16:54:00,Central Air Conditioner,CAC-6000Ultra,R-410A refrigerant leak detected in CAC-6000Ultra. Cooling performance has degraded and we're worried about environmental impact.,Albuquerque,New Mexico,Residential,Resolved,Routine inspection revealed corroded heat exchanger. Cleaned coils and replaced filters. System performance improved but fan motor showing wear.,Phone,Expired,14.862361321879051,2.8
HVAC-2025-01923,Kimberly Anderson,2025-09-17 14:07:00,Heat Pump,HP-3500Elite,Our Heat Pump HP-3500Elite is leaking refrigerant. Green residue visible on the outdoor unit. Children play near it — very concerned about safety.,Tucson,Arizona,Residential,In Progress,Emergency service call. Found thermostat malfunction. Temporary fix applied. Permanent repair requires condenser coil — on backorder.,Phone,Expired,108.81145052512183,2.6
HVAC-2024-01924,Robert Murphy,2024-02-25 13:13:00,Furnace,FRN-8500Elite,The heat pump FRN-8500Elite is not providing adequate heating. House is at 83°F despite thermostat set to 72°F. Very concerned about pipes freezing.,Memphis,Tennessee,Residential,Resolved,Performed diagnostics on FRN-8500Elite. blocked condenser coil detected. Recommended full system replacement. Customer approved repair.,Survey,Active,78.49975161074359,2.5
HVAC-2025-01925,Carolyn Nguyen,2025-07-20 13:07:00,Packaged HVAC Unit,PKG-5500Pro,My Packaged HVAC Unit model PKG-5500Pro is not cooling at all. The house temperature is 64°F and it won't go below that. We've been suffering in this heat for 5 days now.,Kansas City,Missouri,Industrial,Open,Warranty repair completed. burned-out fan motor was covered. Replaced relay switch. System tested and operational.,Service Portal,Expired,,3.4
HVAC-2024-01926,Joseph Taylor,2024-01-11 18:51:00,Boiler,BLR-9500Ultra,Post-installation inspection revealed that the Boiler BLR-9500Ultra was installed without proper drainage. Basement flooding has occurred.,Milwaukee,Wisconsin,Residential,Resolved,Customer complaint verified. faulty capacitor confirmed. Ordered replacement capacitor. Follow-up scheduled in 13 days.,Email,Expired,21.146825303108326,2.8
HVAC-2025-01927,Nicole Torres,2025-05-20 22:54:00,Rooftop Unit,RTU-10000E,Scheduled maintenance for Rooftop Unit RTU-10000E was missed twice. No one contacted us to reschedule. Very poor service.,Miami,Florida,Residential,Open,Multiple issues found: frozen evaporator coil. Complete overhaul recommended. Estimate provided to customer. Awaiting approval.,Phone,Extended,,3.6
HVAC-2025-01928,Matthew Miller,2025-05-22 10:06:00,Rooftop Unit,RTU-15000Ultra,Preventive maintenance on our Rooftop Unit RTU-15000Ultra was done poorly. Now the system is short-cycling every 2 minutes.,Pittsburgh,Pennsylvania,Residential,Resolved,,Phone,Active,261.0100800620831,3.4
HVAC-2024-01929,Mark Jackson,2024-07-12 13:34:00,Rooftop Unit,RTU-12000X,Our new Rooftop Unit RTU-12000X installation is terrible. The condensate drain was connected wrong and water is leaking into the ceiling.,San Antonio,Texas,Residential,Escalated,,Service Portal,Expired,,2.3
HVAC-2025-01930,Frank Martinez,2025-09-10 14:19:00,Ductless Mini-Split,DMS-1800Pro,Our DMS-1800Pro compressor makes a terrible clicking and vibrating noise. It gets worse at night. Multiple complaints from family.,Oklahoma City,Oklahoma,Commercial,Open,Performed diagnostics on DMS-1800Pro. faulty capacitor detected. Recommended compressor swap. Customer approved repair.,Social Media,Extended,,2.1
HVAC-2025-01931,Jeffrey Baker,2025-03-02 13:40:00,Rooftop Unit,RTU-12000X,The Rooftop Unit RTU-12000X is making an extremely loud grinding noise that wakes us up at night. It's been going on for 4 days.,New York,New York,Industrial,Escalated,Routine inspection revealed dirty air filter causing restricted airflow. Cleaned coils and replaced filters. System performance improved but compressor showing wear.,Phone,Active,,2.5
HVAC-2025-01932,Karen Jones,2025-06-13 15:25:00,Ductless Mini-Split,DMS-900Eco,The DMS-900Eco control board has failed. The entire system is non-functional. We have a commercial building full of employees with no AC.,Cleveland,Ohio,Industrial,Escalated,Performed diagnostics on DMS-900Eco. worn compressor bearings detected. Recommended control board replacement. Customer approved repair.,Survey,Active,,2.5
HVAC-2024-01933,Kevin Brown,2024-08-20 10:17:00,Rooftop Unit,RTU-12000X,The maintenance technician for our RTU-12000X didn't bring the right parts and left the job incomplete. Still waiting for resolution.,Kansas City,Missouri,Residential,Escalated,Customer complaint verified. worn compressor bearings confirmed. Ordered replacement drain pan. Follow-up scheduled in 2 days.,Phone,Void,,2.8
HVAC-2024-01934,Sandra Moore,2024-10-05 13:31:00,Rooftop Unit,RTU-8000Pro,Installation team left a mess and didn't complete the RTU-8000Pro installation properly. Wires are exposed and the unit vibrates excessively.,Boston,Massachusetts,Residential,Closed,,Social Media,Active,31.173810411084503,2.3
HVAC-2025-01935,Michael White,2025-06-24 09:12:00,Central Air Conditioner,CAC-4000S,The CAC-4000S furnace is blowing cold air instead of warm. It's 71°F inside and we have elderly family members at home.,Charlotte,North Carolina,Industrial,Resolved,Multiple issues found: cracked heat exchanger. Complete overhaul recommended. Estimate provided to customer. Awaiting approval.,Chat,Extended,20.424931200242646,2.2
HVAC-2025-01936,Deborah Johnson,2025-06-02 14:25:00,Air Handler,AH-4500Pro,The AH-4500Pro furnace is blowing cold air instead of warm. It's 76°F inside and we have elderly family members at home.,San Antonio,Texas,Residential,Closed,Routine inspection revealed burned-out fan motor. Cleaned coils and replaced filters. System performance improved but contactor showing wear.,Phone,Active,56.63823129365695,2.3
HVAC-2024-01937,Susan Moore,2024-05-09 11:30:00,Smart Thermostat,ST-300Pro,"Complete system failure of our Smart Thermostat ST-300Pro. No power, no response, totally dead. Building has no climate control.",Oklahoma City,Oklahoma,Residential,Resolved,Emergency service call. Found defective expansion valve. Temporary fix applied. Permanent repair requires drain pan — on backorder.,Phone,Expired,60.00502182223741,1.8
HVAC-2024-01938,Matthew Jackson,2024-08-06 20:22:00,Rooftop Unit,RTU-8000Pro,WiFi connectivity issues with Rooftop Unit RTU-8000Pro for the past 12 weeks. The scheduling feature doesn't work without connectivity.,Milwaukee,Wisconsin,Industrial,Resolved,Customer complaint verified. failed ignition system confirmed. Ordered replacement blower motor. Follow-up scheduled in 13 days.,Phone,Active,147.5277859783329,4.5
HVAC-2025-01939,Rebecca Hill,2025-11-11 08:59:00,Rooftop Unit,RTU-6000S,Our Rooftop Unit RTU-6000S heating stopped working mid-winter. We have a newborn baby and the temp is 71°F inside. URGENT help needed!,New York,New York,Residential,In Progress,,Email,Active,5.1075852666125785,2.5
HVAC-2025-01940,Robert Flores,2025-03-18 16:24:00,Boiler,BLR-8000HE,"The Boiler BLR-8000HE was installed incorrectly. Ductwork is leaking air, and the unit was placed in the wrong location.",Minneapolis,Minnesota,Industrial,In Progress,Unit is beyond repair. low refrigerant charge too severe. Recommended full system replacement with newer CAC-6000Ultra model.,CRM,Active,156.70403700418888,2.5
HVAC-2024-01941,Benjamin Young,2024-01-19 16:36:00,VRF System,VRF-10000S,Our VRF-10000S has developed a loud rattling sound when it cycles on. The noise level is unbearable and affects our daily life.,Boston,Massachusetts,Commercial,In Progress,Customer complaint verified. compressor failure confirmed. Ordered replacement heat exchanger. Follow-up scheduled in 12 days.,Chat,Expired,35.9529067165975,5.0
HVAC-2024-01942,Kathleen Anderson,2024-11-09 22:38:00,Smart Thermostat,ST-200Eco,My Smart Thermostat model ST-200Eco is not cooling at all. The house temperature is 48°F and it won't go below that. We've been suffering in this heat for 4 days now.,Milwaukee,Wisconsin,Industrial,Closed,,CRM,Expired,143.83127316458143,3.2
HVAC-2025-01943,Stephen Wright,2025-10-10 12:18:00,Smart Thermostat,ST-700Ultra,"Total system failure on our ST-700Ultra. Fan motor, compressor, and control board all failed simultaneously. Suspecting electrical issue.",Memphis,Tennessee,Commercial,In Progress,,Phone,Expired,52.765665480712485,2.9
HVAC-2025-01944,Jacob Robinson,2025-10-01 08:30:00,Air Handler,AH-5000Elite,The Air Handler AH-5000Elite thermostat's geofencing feature stopped working. AC runs all day even when nobody is home. Wasting energy.,Richmond,Virginia,Residential,Closed,Routine inspection revealed refrigerant leak in evaporator coil. Cleaned coils and replaced filters. System performance improved but flame sensor showing wear.,Email,Active,288.99001131385023,4.2
HVAC-2025-01945,Paul Sanchez,2025-05-26 10:06:00,Packaged HVAC Unit,PKG-6500E,My Packaged HVAC Unit model PKG-6500E is not cooling at all. The house temperature is 47°F and it won't go below that. We've been suffering in this heat for 15 days now.,Jacksonville,Florida,Residential,Resolved,,Email,Expired,153.35988895300454,2.6
HVAC-2024-01946,William Harris,2024-07-11 19:45:00,Air Handler,AH-3500E,The smart thermostat AH-3500E is not syncing with the HVAC system. Temperature readings are inaccurate by 11°F.,Tucson,Arizona,Commercial,Resolved,Warranty repair completed. failed ignition system was covered. Replaced flame sensor. System tested and operational.,Email,Active,34.37584078875659,4.8
HVAC-2025-01947,John Parker,2025-08-12 19:18:00,Furnace,FRN-7500Pro,Preventive maintenance on our Furnace FRN-7500Pro was done poorly. Now the system is short-cycling every 5 minutes.,Albuquerque,New Mexico,Residential,Escalated,Emergency service call. Found failed ignition system. Temporary fix applied. Permanent repair requires refrigerant line set — on backorder.,Phone,Void,,2.7
HVAC-2024-01948,Donald Ramirez,2024-10-14 19:39:00,VRF System,VRF-18000E,Brand new VRF System VRF-18000E installed 2 weeks ago cannot maintain temperature below 87°F. Extremely disappointed.,Raleigh,North Carolina,Industrial,In Progress,Inspected unit on-site. Found burned-out fan motor. Replaced control board. System operational now.,Survey,Extended,86.71032519833376,3.2
HVAC-2025-01949,Helen Ramirez,2025-06-15 09:23:00,Furnace,FRN-8500Elite,We purchased the Furnace FRN-8500Elite 5 months ago and it's already failing to cool. Temperature stuck at 69°F. Unacceptable quality.,Salt Lake City,Utah,Commercial,Resolved,Inspected unit on-site. Found refrigerant leak in evaporator coil. Replaced contactor. System operational now.,Social Media,Expired,162.58201398281844,1.6
HVAC-2025-01950,Stephanie Nelson,2025-08-12 11:35:00,VRF System,VRF-25000Ultra,"Total system failure on our VRF-25000Ultra. Fan motor, compressor, and control board all failed simultaneously. Suspecting electrical issue.",Sacramento,California,Industrial,Open,,Phone,Active,,2.0
HVAC-2025-01951,Janet Reyes,2025-02-05 07:05:00,Furnace,FRN-7500Pro,Preventive maintenance on our Furnace FRN-7500Pro was done poorly. Now the system is short-cycling every 8 minutes.,Oklahoma City,Oklahoma,Commercial,Open,,Service Portal,Void,,3.1
HVAC-2024-01952,Catherine Gonzalez,2024-02-02 14:24:00,Furnace,FRN-9800HE,Filed a warranty claim for our FRN-9800HE 28 months ago. No response from the warranty department despite 15 follow-up calls.,Sacramento,California,Residential,Closed,Unit is beyond repair. burned-out fan motor too severe. Recommended full system replacement with latest VRF-25000Ultra system.,Email,Active,207.82101798741175,1.0
HVAC-2025-01953,Paul Gomez,2025-08-01 18:53:00,Air Handler,AH-2000S,Banging noises from the ductwork connected to AH-2000S every time the system starts. Sounds like something is loose inside.,Portland,Oregon,Commercial,In Progress,Customer complaint verified. compressor failure confirmed. Ordered replacement thermostat. Follow-up scheduled in 3 days.,Chat,Extended,181.73073985757043,2.2
HVAC-2024-01954,Deborah Hernandez,2024-06-08 11:15:00,Rooftop Unit,RTU-8000Pro,The cooling capacity of our RTU-8000Pro has dropped significantly. Rooms are at 82°F despite running 24/7. Need immediate service.,Cincinnati,Ohio,Industrial,Resolved,Multiple issues found: dirty air filter causing restricted airflow. Complete overhaul recommended. Estimate provided to customer. Awaiting approval.,Phone,Void,160.00933661660804,2.7
HVAC-2024-01955,Ronald Stewart,2024-01-20 13:54:00,Ductless Mini-Split,DMS-1800Pro,The Ductless Mini-Split (DMS-1800Pro) stopped providing cold air yesterday. It's blowing warm air instead. Our office is unbearable at 63°F.,Louisville,Kentucky,Residential,Closed,,Phone,Active,60.02467851919753,2.5
HVAC-2025-01956,Eric Flores,2025-11-28 19:31:00,VRF System,VRF-20000X,Extended warranty for VRF System VRF-20000X was supposed to cover all parts and labor. Now they're saying refrigerant isn't covered.,New York,New York,Residential,Open,Warranty repair completed. failed control board was covered. Replaced control board. System tested and operational.,Chat,Void,,2.0
HVAC-2025-01957,Amanda Thomas,2025-02-27 18:44:00,Heat Pump,HP-2800Plus,Our Heat Pump HP-2800Plus makes a clicking sound and then stops cooling. House temp is at 89°F. Children are uncomfortable.,Charlotte,North Carolina,Commercial,Resolved,Unit is beyond repair. cracked heat exchanger too severe. Recommended full system replacement with upgraded HP-4200Max system.,Chat,Expired,95.97342788841443,2.2
HVAC-2025-01958,Betty Martin,2025-08-04 20:32:00,Furnace,FRN-9800HE,The FRN-9800HE furnace is blowing cold air instead of warm. It's 83°F inside and we have elderly family members at home.,Phoenix,Arizona,Residential,Closed,,Phone,Active,63.15570159837927,2.1
HVAC-2024-01959,David Cruz,2024-02-23 14:45:00,Furnace,FRN-9800HE,"Total system failure on our FRN-9800HE. Fan motor, compressor, and control board all failed simultaneously. Suspecting electrical issue.",Salt Lake City,Utah,Commercial,Closed,Inspected unit on-site. Found defective expansion valve. Replaced evaporator coil. System operational now.,Chat,Extended,97.46902451701429,1.1
HVAC-2024-01960,Justin Lopez,2024-01-14 11:06:00,Heat Pump,HP-3500Elite,Brand new Heat Pump HP-3500Elite installed 12 weeks ago cannot maintain temperature below 41°F. Extremely disappointed.,Houston,Texas,Residential,Open,Inspected unit on-site. Found burned-out fan motor. Replaced thermostat. System operational now.,Phone,Active,,3.4
HVAC-2024-01961,Christopher Robinson,2024-07-19 22:30:00,Ductless Mini-Split,DMS-1200Q,The heat pump DMS-1200Q is not providing adequate heating. House is at 72°F despite thermostat set to 72°F. Very concerned about pipes freezing.,New York,New York,Residential,Closed,Emergency service call. Found refrigerant leak in evaporator coil. Temporary fix applied. Permanent repair requires drain pan — on backorder.,Phone,Void,116.82984824692134,1.6
HVAC-2024-01962,Gregory Nelson,2024-06-07 22:20:00,Air Handler,AH-3500E,"The Air Handler AH-3500E was installed incorrectly. Ductwork is leaking air, and the unit was placed in the wrong location.",San Antonio,Texas,Industrial,In Progress,Inspected unit on-site. Found blocked condenser coil. Replaced refrigerant line set. System operational now.,CRM,Expired,110.38343381009406,2.8
HVAC-2025-01963,Eric Edwards,2025-07-26 16:58:00,Heat Pump,HP-2800Plus,The smart thermostat HP-2800Plus is not syncing with the HVAC system. Temperature readings are inaccurate by 3°F.,Dallas,Texas,Residential,Resolved,,Phone,Extended,153.5418506822696,5.0
HVAC-2025-01964,Raymond Thomas,2025-09-18 13:23:00,Smart Thermostat,ST-300Pro,The ST-300Pro furnace is blowing cold air instead of warm. It's 59°F inside and we have elderly family members at home.,Los Angeles,California,Residential,Resolved,Warranty repair completed. thermostat malfunction was covered. Replaced expansion valve. System tested and operational.,Phone,Extended,15.21248286488482,3.2
HVAC-2024-01965,Patricia Carter,2024-01-21 14:57:00,Furnace,FRN-9800HE,Our FRN-9800HE smart thermostat firmware update bricked the device. Screen is blank and we can't control our HVAC system at all.,Charlotte,North Carolina,Residential,Resolved,Multiple issues found: clogged condensate drain. Complete overhaul recommended. Estimate provided to customer. Awaiting approval.,Email,Extended,294.1385032184765,2.7
HVAC-2025-01966,Katherine Clark,2025-03-23 15:52:00,Air Handler,AH-3000X,We chose the Air Handler AH-3000X specifically for its energy star rating but our bills have skyrocketed by 52% this quarter.,Albuquerque,New Mexico,Industrial,Resolved,,Phone,Expired,123.6853837905942,3.0
HVAC-2025-01967,Charles Miller,2025-07-12 09:26:00,Packaged HVAC Unit,PKG-5500Pro,Our Packaged HVAC Unit PKG-5500Pro makes a clicking sound and then stops cooling. House temp is at 80°F. Children are uncomfortable.,Cleveland,Ohio,Residential,Resolved,Emergency service call. Found burned-out fan motor. Temporary fix applied. Permanent repair requires expansion valve — on backorder.,Phone,Void,137.22019776033054,2.4
HVAC-2024-01968,Michelle Smith,2024-11-17 14:01:00,VRF System,VRF-10000S,The VRF-10000S furnace is blowing cold air instead of warm. It's 70°F inside and we have elderly family members at home.,San Francisco,California,Industrial,Resolved,Unit is beyond repair. frozen evaporator coil too severe. Recommended full system replacement with commercial-grade RTU-15000Ultra.,Service Portal,Expired,89.45898744295727,2.9
HVAC-2024-01969,Laura Perez,2024-03-19 12:46:00,Rooftop Unit,RTU-10000E,Banging noises from the ductwork connected to RTU-10000E every time the system starts. Sounds like something is loose inside.,Houston,Texas,Industrial,Open,Inspected unit on-site. Found clogged condensate drain. Replaced control board. System operational now.,Phone,Active,,3.9
HVAC-2024-01970,Jennifer Nguyen,2024-04-23 19:37:00,Rooftop Unit,RTU-6000S,Our RTU-6000S is supposed to be a high-efficiency unit but we're paying more than with our old system. Very misleading marketing.,Sacramento,California,Industrial,Open,,Service Portal,Expired,,4.5
HVAC-2024-01971,Amy Moore,2024-10-14 19:52:00,Boiler,BLR-6500Pro,We've been waiting 8 days for a maintenance appointment for our Boiler BLR-6500Pro. No callbacks despite multiple requests.,Phoenix,Arizona,Industrial,Closed,Performed diagnostics on BLR-6500Pro. worn compressor bearings detected. Recommended control board replacement. Customer approved repair.,Phone,Active,303.04127221298353,4.4
HVAC-2024-01972,Laura Phillips,2024-06-23 16:24:00,Heat Pump,HP-2200DX,The Heat Pump HP-2200DX main board is fried after a power surge. System completely down for our 3-floor office building.,Minneapolis,Minnesota,Residential,Closed,Multiple issues found: worn compressor bearings. Complete overhaul recommended. Estimate provided to customer. Awaiting approval.,Phone,Active,70.05011382268847,2.8
HVAC-2024-01973,Catherine Garcia,2024-01-09 20:06:00,Rooftop Unit,RTU-15000Ultra,Our Rooftop Unit RTU-15000Ultra lost all refrigerant. The system is 17 months old. Suspected manufacturing defect in the line set.,Kansas City,Missouri,Commercial,Escalated,Emergency service call. Found defective expansion valve. Temporary fix applied. Permanent repair requires condenser coil — on backorder.,Phone,Active,,1.7
HVAC-2024-01974,John King,2024-08-18 21:46:00,Furnace,FRN-5500E,"Total system failure on our FRN-5500E. Fan motor, compressor, and control board all failed simultaneously. Suspecting electrical issue.",Tampa,Florida,Residential,Resolved,,Email,Expired,29.89591700709511,1.1
HVAC-2025-01975,Barbara Martin,2025-06-13 07:03:00,Ductless Mini-Split,DMS-2400Max,Our DMS-2400Max thermostat app shows 'Device Offline' constantly. Have reset the router and thermostat multiple times.,Cleveland,Ohio,Residential,Escalated,Unit is beyond repair. corroded heat exchanger too severe. Recommended full system replacement with high-efficiency FRN-9800HE.,Service Portal,Expired,,4.7
HVAC-2025-01976,Catherine Reyes,2025-12-11 19:00:00,VRF System,VRF-15000Pro,Loud buzzing/humming noise coming from the outdoor unit VRF-15000Pro. Neighbors have complained about the noise level.,Buffalo,New York,Residential,Resolved,,Phone,Active,289.6330801766996,4.7
HVAC-2025-01977,Susan Collins,2025-01-01 08:22:00,Smart Thermostat,ST-700Ultra,Electrical failure in ST-700Ultra. Circuit breaker keeps tripping. Possible fire hazard. Need emergency service immediately.,Houston,Texas,Residential,In Progress,,Social Media,Active,4.742947813813847,1.3
HVAC-2024-01978,Nicholas Cruz,2024-08-15 10:13:00,Furnace,FRN-9800HE,The cooling capacity of our FRN-9800HE has dropped significantly. Rooms are at 52°F despite running 24/7. Need immediate service.,Miami,Florida,Commercial,Resolved,Warranty repair completed. worn compressor bearings was covered. Replaced drain pan. System tested and operational.,Email,Active,38.75817602866818,3.0
HVAC-2025-01979,Andrew Walker,2025-09-04 16:17:00,VRF System,VRF-10000S,"Installer damaged our wall and ceiling during VRF System VRF-10000S installation. Also, the system is not balanced — one room is freezing while another is hot.",Chicago,Illinois,Industrial,In Progress,,Service Portal,Active,93.80697262931146,2.4
HVAC-2025-01980,Pamela Baker,2025-09-23 21:36:00,Rooftop Unit,RTU-10000E,The cooling capacity of our RTU-10000E has dropped significantly. Rooms are at 73°F despite running 24/7. Need immediate service.,Las Vegas,Nevada,Residential,Closed,Multiple issues found: refrigerant leak in evaporator coil. Complete overhaul recommended. Estimate provided to customer. Awaiting approval.,Service Portal,Expired,4.163874315765757,2.4
HVAC-2025-01981,Nancy Collins,2025-11-28 18:35:00,Smart Thermostat,ST-700Ultra,Our new Smart Thermostat ST-700Ultra installation is terrible. The condensate drain was connected wrong and water is leaking into the ceiling.,Portland,Oregon,Industrial,Open,,Phone,Expired,,5.0
HVAC-2024-01982,Benjamin Torres,2024-03-05 09:07:00,Packaged HVAC Unit,PKG-4000S,Our PKG-4000S compressor makes a terrible clicking and vibrating noise. It gets worse at night. Multiple complaints from family.,Houston,Texas,Residential,In Progress,,Chat,Active,213.58249415081536,4.8
HVAC-2024-01983,Benjamin Ramirez,2024-06-28 07:16:00,Air Handler,AH-2000S,Our AH-2000S has developed a loud rattling sound when it cycles on. The noise level is unbearable and affects our daily life.,Indianapolis,Indiana,Residential,In Progress,Unit is beyond repair. refrigerant leak in evaporator coil too severe. Recommended full system replacement with latest VRF-25000Ultra system.,Email,Active,80.82731615964818,2.2
HVAC-2024-01984,Joshua Sanchez,2024-09-28 18:35:00,Furnace,FRN-9800HE,My Furnace model FRN-9800HE is not cooling at all. The house temperature is 73°F and it won't go below that. We've been suffering in this heat for 4 days now.,Tucson,Arizona,Industrial,Resolved,Inspected unit on-site. Found faulty reversing valve. Replaced drain pan. System operational now.,Email,Active,74.49845489510632,2.8
HVAC-2024-01985,Margaret Morales,2024-03-09 18:39:00,Heat Pump,HP-4200Max,The Heat Pump HP-4200Max parts warranty should cover this repair but the dealer says it's a labor issue. Total runaround for 4 weeks.,Louisville,Kentucky,Commercial,In Progress,Inspected unit on-site. Found faulty capacitor. Replaced reversing valve. System operational now.,Social Media,Expired,100.45702386937606,1.9
HVAC-2025-01986,Barbara Reyes,2025-02-02 09:31:00,Smart Thermostat,ST-400Plus,My Smart Thermostat model ST-400Plus is not cooling at all. The house temperature is 43°F and it won't go below that. We've been suffering in this heat for 27 days now.,Seattle,Washington,Residential,In Progress,Emergency service call. Found refrigerant leak in evaporator coil. Temporary fix applied. Permanent repair requires evaporator coil — on backorder.,Email,Active,60.68047025506076,2.8
HVAC-2024-01987,Shirley Rivera,2024-01-21 18:57:00,Air Handler,AH-3000X,The Air Handler AH-3000X parts warranty should cover this repair but the dealer says it's a labor issue. Total runaround for 3 weeks.,Charlotte,North Carolina,Commercial,In Progress,Routine inspection revealed clogged condensate drain. Cleaned coils and replaced filters. System performance improved but fan motor showing wear.,Email,Expired,92.83830336546939,2.4
HVAC-2024-01988,Patricia Brown,2024-03-16 12:16:00,Packaged HVAC Unit,PKG-5500Pro,Our Packaged HVAC Unit PKG-5500Pro is leaking refrigerant. Green residue visible on the outdoor unit. Children play near it — very concerned about safety.,Los Angeles,California,Commercial,Resolved,Warranty repair completed. corroded heat exchanger was covered. Replaced flame sensor. System tested and operational.,Chat,Expired,4.975934205025031,2.7
HVAC-2025-01989,Karen Martinez,2025-02-17 15:11:00,Furnace,FRN-9800HE,The Furnace (FRN-9800HE) stopped providing cold air yesterday. It's blowing warm air instead. Our office is unbearable at 89°F.,Atlanta,Georgia,Residential,Resolved,Warranty repair completed. electrical short in wiring harness was covered. Replaced drain pan. System tested and operational.,Service Portal,Expired,130.17830452059422,3.5
HVAC-2024-01990,Samuel Hall,2024-12-21 10:24:00,VRF System,VRF-25000Ultra,"Complete system failure of our VRF System VRF-25000Ultra. No power, no response, totally dead. Building has no climate control.",Portland,Oregon,Commercial,Resolved,,Phone,Extended,38.40777388378662,1.6
HVAC-2024-01991,Anthony Nguyen,2024-07-16 07:18:00,Boiler,BLR-6500Pro,We purchased the Boiler BLR-6500Pro 3 months ago and it's already failing to cool. Temperature stuck at 50°F. Unacceptable quality.,Cleveland,Ohio,Residential,Resolved,,Phone,Void,158.81762584676702,2.3
HVAC-2024-01992,Melissa Gonzalez,2024-06-06 12:27:00,Boiler,BLR-5000S,Banging noises from the ductwork connected to BLR-5000S every time the system starts. Sounds like something is loose inside.,Buffalo,New York,Residential,Resolved,Performed diagnostics on BLR-5000S. clogged condensate drain detected. Recommended refrigerant recharge. Customer approved repair.,Chat,Expired,64.76687702656253,2.4
HVAC-2024-01993,Nancy Lewis,2024-02-25 12:53:00,VRF System,VRF-25000Ultra,AC unit VRF-25000Ultra has completely stopped cooling. Thermostat shows 49°F but the system is running constantly. Very frustrated.,Boston,Massachusetts,Residential,Open,,Email,Active,,1.7
HVAC-2025-01994,Jeffrey Jackson,2025-07-24 08:26:00,Boiler,BLR-5000S,The BLR-5000S installation crew was unprofessional and left refrigerant lines exposed. System is now leaking refrigerant.,Milwaukee,Wisconsin,Industrial,Closed,Routine inspection revealed worn compressor bearings. Cleaned coils and replaced filters. System performance improved but refrigerant line set showing wear.,Survey,Active,114.34322557043848,2.3
HVAC-2025-01995,Stephen Johnson,2025-12-11 12:06:00,Air Handler,AH-2000S,Our AH-2000S thermostat app shows 'Device Offline' constantly. Have reset the router and thermostat multiple times.,Pittsburgh,Pennsylvania,Residential,Escalated,,Phone,Active,,4.5
HVAC-2025-01996,Jack Martinez,2025-07-11 08:14:00,Packaged HVAC Unit,PKG-7000X,The Packaged HVAC Unit PKG-7000X smart thermostat keeps disconnecting from WiFi. Cannot control temperature remotely anymore.,Chicago,Illinois,Residential,Closed,Customer complaint verified. blocked condenser coil confirmed. Ordered replacement capacitor. Follow-up scheduled in 12 days.,Phone,Extended,310.81607612724014,3.4
HVAC-2024-01997,Amanda Torres,2024-09-01 12:35:00,Packaged HVAC Unit,PKG-6500E,Our PKG-6500E compressor makes a terrible clicking and vibrating noise. It gets worse at night. Multiple complaints from family.,Columbus,Ohio,Residential,Resolved,Unit is beyond repair. defective expansion valve too severe. Recommended full system replacement with newer CAC-6000Ultra model.,Email,Active,27.796535533993723,4.6
HVAC-2025-01998,Richard Carter,2025-07-17 07:35:00,Heat Pump,HP-1800Eco,The Heat Pump HP-1800Eco has a refrigerant leak. We can smell chemicals and the cooling has stopped. This could be a health hazard.,Orlando,Florida,Residential,In Progress,,CRM,Extended,55.431742609976816,1.9
HVAC-2025-01999,Benjamin Jackson,2025-08-04 13:52:00,Packaged HVAC Unit,PKG-7000X,"After maintenance on our PKG-7000X, the system performance got worse. The technician may have damaged something.",Cleveland,Ohio,Commercial,Resolved,,Phone,Expired,329.0905400504701,3.0
HVAC-2025-02000,James Campbell,2025-09-05 11:09:00,Packaged HVAC Unit,PKG-7000X,AC unit PKG-7000X has completely stopped cooling. Thermostat shows 52°F but the system is running constantly. Very frustrated.,Indianapolis,Indiana,Commercial,Resolved,Inspected unit on-site. Found damaged ductwork. Replaced compressor. System operational now.,Service Portal,Active,76.51810829219872,1.8
HVAC-2025-02001,Larry King,2025-08-25 14:23:00,Boiler,BLR-6500Pro,Heating failure on our commercial BLR-6500Pro. Building occupants complaining about 89°F temperatures. Multiple offices affected.,Las Vegas,Nevada,Industrial,Escalated,Warranty repair completed. loose electrical connections was covered. Replaced compressor. System tested and operational.,Chat,Active,,3.1
HVAC-2025-02002,Gary Smith,2025-04-05 06:10:00,Boiler,BLR-8000HE,Our new Boiler BLR-8000HE installation is terrible. The condensate drain was connected wrong and water is leaking into the ceiling.,Louisville,Kentucky,Industrial,Resolved,Emergency service call. Found faulty reversing valve. Temporary fix applied. Permanent repair requires filter drier — on backorder.,Phone,Active,76.60212597437476,4.8
HVAC-2024-02003,Kimberly Jackson,2024-01-13 21:41:00,Boiler,BLR-9500Ultra,The Boiler BLR-9500Ultra smart thermostat keeps disconnecting from WiFi. Cannot control temperature remotely anymore.,Nashville,Tennessee,Commercial,Open,Performed diagnostics on BLR-9500Ultra. blocked condenser coil detected. Recommended coil replacement. Customer approved repair.,Phone,Expired,,4.0
HVAC-2024-02004,Scott Gomez,2024-09-02 16:47:00,VRF System,VRF-18000E,Installation team left a mess and didn't complete the VRF-18000E installation properly. Wires are exposed and the unit vibrates excessively.,San Antonio,Texas,Residential,Escalated,,Survey,Active,,3.1
HVAC-2025-02005,Michael Evans,2025-01-09 20:05:00,Rooftop Unit,RTU-12000X,"Installer damaged our wall and ceiling during Rooftop Unit RTU-12000X installation. Also, the system is not balanced — one room is freezing while another is hot.",Albuquerque,New Mexico,Residential,Resolved,Performed diagnostics on RTU-12000X. electrical short in wiring harness detected. Recommended coil replacement. Customer approved repair.,CRM,Expired,151.25067311061193,2.9
HVAC-2025-02006,Edward White,2025-02-02 20:25:00,Heat Pump,HP-3500Elite,Our new Heat Pump HP-3500Elite installation is terrible. The condensate drain was connected wrong and water is leaking into the ceiling.,New York,New York,Commercial,Open,,Service Portal,Active,,4.2
HVAC-2025-02007,Alexander Morales,2025-06-01 17:51:00,Rooftop Unit,RTU-15000Ultra,Brand new Rooftop Unit RTU-15000Ultra installed 3 weeks ago cannot maintain temperature below 49°F. Extremely disappointed.,Salt Lake City,Utah,Industrial,Resolved,Performed diagnostics on RTU-15000Ultra. damaged ductwork detected. Recommended coil replacement. Customer approved repair.,Phone,Void,136.58890018303478,3.0
HVAC-2024-02008,Emily Brown,2024-07-22 19:43:00,Packaged HVAC Unit,PKG-4000S,AC unit PKG-4000S has completely stopped cooling. Thermostat shows 89°F but the system is running constantly. Very frustrated.,Jacksonville,Florida,Residential,Resolved,Inspected unit on-site. Found loose electrical connections. Replaced refrigerant line set. System operational now.,CRM,Active,27.712803573646017,1.7
HVAC-2025-02009,Richard Turner,2025-02-02 19:42:00,Rooftop Unit,RTU-12000X,Post-installation inspection revealed that the Rooftop Unit RTU-12000X was installed without proper drainage. Basement flooding has occurred.,San Antonio,Texas,Commercial,Resolved,Routine inspection revealed corroded heat exchanger. Cleaned coils and replaced filters. System performance improved but refrigerant line set showing wear.,Phone,Active,118.01660246398893,4.4
HVAC-2024-02010,Kathleen Wright,2024-07-27 08:08:00,Packaged HVAC Unit,PKG-7000X,Our electricity bill has increased by 35% since installing the Packaged HVAC Unit PKG-7000X. This unit was supposed to be energy efficient.,Miami,Florida,Residential,In Progress,Unit is beyond repair. frozen evaporator coil too severe. Recommended full system replacement with commercial-grade RTU-15000Ultra.,Service Portal,Expired,216.8238271897387,3.8
HVAC-2025-02011,Sarah Torres,2025-09-01 12:10:00,Smart Thermostat,ST-200Eco,The maintenance technician for our ST-200Eco didn't bring the right parts and left the job incomplete. Still waiting for resolution.,San Antonio,Texas,Commercial,In Progress,Emergency service call. Found frozen evaporator coil. Temporary fix applied. Permanent repair requires filter drier — on backorder.,Email,Expired,251.67295762770544,2.6
HVAC-2024-02012,Helen Collins,2024-06-25 15:25:00,Packaged HVAC Unit,PKG-5500Pro,Our electricity bill has increased by 51% since installing the Packaged HVAC Unit PKG-5500Pro. This unit was supposed to be energy efficient.,Cincinnati,Ohio,Residential,Resolved,Multiple issues found: worn compressor bearings. Complete overhaul recommended. Estimate provided to customer. Awaiting approval.,Phone,Void,165.85805916322857,3.1
HVAC-2025-02013,Kevin Adams,2025-03-09 07:08:00,Central Air Conditioner,CAC-3000X,We've been waiting 18 days for a maintenance appointment for our Central Air Conditioner CAC-3000X. No callbacks despite multiple requests.,St. Louis,Missouri,Industrial,In Progress,Inspected unit on-site. Found loose electrical connections. Replaced igniter. System operational now.,Social Media,Expired,22.296246545076755,4.0
HVAC-2024-02014,Karen Rivera,2024-05-13 07:07:00,Ductless Mini-Split,DMS-1200Q,AC unit DMS-1200Q has completely stopped cooling. Thermostat shows 88°F but the system is running constantly. Very frustrated.,Richmond,Virginia,Residential,Resolved,Customer complaint verified. blocked condenser coil confirmed. Ordered replacement refrigerant line set. Follow-up scheduled in 3 days.,Survey,Active,93.86141606609299,2.8
HVAC-2025-02015,Steven Hall,2025-11-18 21:11:00,Ductless Mini-Split,DMS-2400Max,The DMS-2400Max furnace is blowing cold air instead of warm. It's 94°F inside and we have elderly family members at home.,Kansas City,Missouri,Residential,Resolved,Routine inspection revealed electrical short in wiring harness. Cleaned coils and replaced filters. System performance improved but control board showing wear.,Email,Active,46.23696563139171,2.6
HVAC-2024-02016,Deborah Smith,2024-08-27 09:12:00,Ductless Mini-Split,DMS-900Eco,Our Ductless Mini-Split DMS-900Eco makes a clicking sound and then stops cooling. House temp is at 78°F. Children are uncomfortable.,Kansas City,Missouri,Industrial,Open,Performed diagnostics on DMS-900Eco. frozen evaporator coil detected. Recommended control board replacement. Customer approved repair.,Phone,Active,,1.5
HVAC-2024-02017,Jason Scott,2024-03-01 21:18:00,Packaged HVAC Unit,PKG-4000S,The Packaged HVAC Unit (PKG-4000S) stopped providing cold air yesterday. It's blowing warm air instead. Our office is unbearable at 82°F.,Louisville,Kentucky,Residential,In Progress,,Social Media,Active,38.62265754904668,2.9
HVAC-2025-02018,Kathleen Taylor,2025-02-25 22:31:00,Boiler,BLR-5000S,The Boiler (BLR-5000S) stopped providing cold air yesterday. It's blowing warm air instead. Our office is unbearable at 70°F.,Cleveland,Ohio,Residential,In Progress,Emergency service call. Found worn compressor bearings. Temporary fix applied. Permanent repair requires contactor — on backorder.,Email,Active,119.20055086145928,2.7
HVAC-2024-02019,Nicole Harris,2024-06-18 20:21:00,Rooftop Unit,RTU-15000Ultra,The maintenance technician for our RTU-15000Ultra didn't bring the right parts and left the job incomplete. Still waiting for resolution.,San Antonio,Texas,Residential,Open,,Phone,Active,,4.1
HVAC-2025-02020,Charles Martin,2025-03-10 15:29:00,Ductless Mini-Split,DMS-1500S,Our Ductless Mini-Split DMS-1500S is leaking refrigerant. Green residue visible on the outdoor unit. Children play near it — very concerned about safety.,Memphis,Tennessee,Industrial,Resolved,Multiple issues found: blocked condenser coil. Complete overhaul recommended. Estimate provided to customer. Awaiting approval.,Chat,Active,41.79170351437116,2.0
HVAC-2024-02021,Steven Campbell,2024-03-08 09:38:00,Packaged HVAC Unit,PKG-5500Pro,The heat pump PKG-5500Pro is not providing adequate heating. House is at 94°F despite thermostat set to 72°F. Very concerned about pipes freezing.,Minneapolis,Minnesota,Commercial,Resolved,Unit is beyond repair. compressor failure too severe. Recommended full system replacement with latest VRF-25000Ultra system.,Social Media,Expired,79.55449752172584,2.1
HVAC-2024-02022,Janet Hall,2024-02-20 19:18:00,Central Air Conditioner,CAC-5000Pro,Our CAC-5000Pro compressor makes a terrible clicking and vibrating noise. It gets worse at night. Multiple complaints from family.,Orlando,Florida,Industrial,In Progress,,CRM,Extended,159.07879652465647,2.4
HVAC-2024-02023,Christopher Rivera,2024-09-26 14:28:00,Heat Pump,HP-2800Plus,Maintenance was performed on HP-2800Plus but the filter was not replaced and the coils were not cleaned. Paid full price for incomplete work.,Phoenix,Arizona,Commercial,Closed,Customer complaint verified. electrical short in wiring harness confirmed. Ordered replacement filter drier. Follow-up scheduled in 6 days.,Phone,Expired,131.6584527206958,3.4
HVAC-2024-02024,Michelle Cruz,2024-12-18 17:07:00,Rooftop Unit,RTU-8000Pro,The RTU-8000Pro installation crew was unprofessional and left refrigerant lines exposed. System is now leaking refrigerant.,Boston,Massachusetts,Residential,Escalated,,Service Portal,Void,,3.9
HVAC-2024-02025,Helen Nelson,2024-03-01 13:54:00,Air Handler,AH-4500Pro,R-410A refrigerant leak detected in AH-4500Pro. Cooling performance has degraded and we're worried about environmental impact.,Columbus,Ohio,Residential,Escalated,Customer complaint verified. corroded heat exchanger confirmed. Ordered replacement flame sensor. Follow-up scheduled in 2 days.,Service Portal,Void,,1.9
HVAC-2025-02026,Dorothy Green,2025-09-06 11:38:00,Air Handler,AH-4500Pro,The cooling capacity of our AH-4500Pro has dropped significantly. Rooms are at 61°F despite running 24/7. Need immediate service.,Detroit,Michigan,Commercial,Resolved,Customer complaint verified. failed ignition system confirmed. Ordered replacement filter drier. Follow-up scheduled in 14 days.,Phone,Active,99.98693777687087,2.6
HVAC-2025-02027,Anthony Miller,2025-08-15 13:15:00,Packaged HVAC Unit,PKG-5500Pro,Technician found a refrigerant leak in our PKG-5500Pro for the third time this year. Clearly a manufacturing defect in the coils.,Columbus,Ohio,Commercial,Resolved,,Email,Extended,52.55783954316399,1.4
HVAC-2025-02028,Christine Miller,2025-04-07 21:18:00,Heat Pump,HP-4200Max,The Heat Pump (HP-4200Max) stopped providing cold air yesterday. It's blowing warm air instead. Our office is unbearable at 76°F.,Albuquerque,New Mexico,Residential,Resolved,Unit is beyond repair. burned-out fan motor too severe. Recommended full system replacement with latest VRF-25000Ultra system.,Phone,Active,160.74870053538552,2.5
HVAC-2025-02029,Melissa Thompson,2025-07-13 09:28:00,Rooftop Unit,RTU-6000S,The Rooftop Unit (RTU-6000S) stopped providing cold air yesterday. It's blowing warm air instead. Our office is unbearable at 81°F.,Boston,Massachusetts,Residential,Closed,Multiple issues found: electrical short in wiring harness. Complete overhaul recommended. Estimate provided to customer. Awaiting approval.,Phone,Active,52.23483436360577,1.5
HVAC-2025-02030,Susan Gonzalez,2025-07-09 14:03:00,Boiler,BLR-8000HE,Integration between BLR-8000HE and our home automation system broke after the last update. None of the smart features work now.,Jacksonville,Florida,Commercial,Open,,Phone,Active,,4.9
HVAC-2024-02031,Anthony King,2024-07-04 08:49:00,Smart Thermostat,ST-700Ultra,Heating system ST-700Ultra fails to ignite. We've tried resetting multiple times. Temperature is dangerously low at 91°F.,Salt Lake City,Utah,Commercial,In Progress,Customer complaint verified. faulty capacitor confirmed. Ordered replacement expansion valve. Follow-up scheduled in 2 days.,Social Media,Extended,43.579128972075424,1.8
HVAC-2024-02032,Catherine Gonzalez,2024-08-23 19:18:00,Central Air Conditioner,CAC-6000Ultra,"After annual maintenance, our Central Air Conditioner CAC-6000Ultra stopped heating. Now at 39°F. This was working fine before the tech came.",Houston,Texas,Residential,Open,Inspected unit on-site. Found dirty air filter causing restricted airflow. Replaced compressor. System operational now.,Phone,Expired,,3.2
HVAC-2024-02033,Sarah Roberts,2024-02-03 13:59:00,Packaged HVAC Unit,PKG-7000X,"The PKG-7000X runs continuously without cycling off, leading to massive energy bills. Something is wrong with the efficiency.",Nashville,Tennessee,Residential,Closed,Routine inspection revealed cracked heat exchanger. Cleaned coils and replaced filters. System performance improved but control board showing wear.,CRM,Active,144.05689060762313,3.6
HVAC-2025-02034,Jason Nelson,2025-04-17 14:28:00,Ductless Mini-Split,DMS-900Eco,Our DMS-900Eco compressor makes a terrible clicking and vibrating noise. It gets worse at night. Multiple complaints from family.,Las Vegas,Nevada,Industrial,Closed,,CRM,Expired,169.25995512438124,4.0
HVAC-2025-02035,Mary Martinez,2025-01-04 15:41:00,Furnace,FRN-7500Pro,Our annual service contract for Furnace FRN-7500Pro has not been honored. Three scheduled visits were cancelled without notice.,Kansas City,Missouri,Commercial,Closed,Routine inspection revealed damaged ductwork. Cleaned coils and replaced filters. System performance improved but capacitor showing wear.,Phone,Void,313.20219952647494,3.7
HVAC-2024-02036,Jacob Moore,2024-05-17 14:17:00,Rooftop Unit,RTU-8000Pro,Electrical failure in RTU-8000Pro. Circuit breaker keeps tripping. Possible fire hazard. Need emergency service immediately.,Nashville,Tennessee,Residential,Closed,Warranty repair completed. worn compressor bearings was covered. Replaced capacitor. System tested and operational.,Phone,Void,81.5016189800877,1.7
HVAC-2024-02037,Rebecca Hill,2024-10-22 06:54:00,Heat Pump,HP-2800Plus,Our Heat Pump HP-2800Plus makes a clicking sound and then stops cooling. House temp is at 42°F. Children are uncomfortable.,Phoenix,Arizona,Residential,Closed,Customer complaint verified. cracked heat exchanger confirmed. Ordered replacement igniter. Follow-up scheduled in 7 days.,Chat,Expired,163.7148304781356,2.4
HVAC-2024-02038,Patrick Garcia,2024-07-24 21:12:00,Heat Pump,HP-1800Eco,Our HP-1800Eco thermostat app shows 'Device Offline' constantly. Have reset the router and thermostat multiple times.,Detroit,Michigan,Residential,Closed,Customer complaint verified. damaged ductwork confirmed. Ordered replacement expansion valve. Follow-up scheduled in 7 days.,Service Portal,Extended,201.80398349081912,4.9
HVAC-2025-02039,Jacob Moore,2025-05-22 08:40:00,Boiler,BLR-9500Ultra,The heat pump BLR-9500Ultra is not providing adequate heating. House is at 43°F despite thermostat set to 72°F. Very concerned about pipes freezing.,Tampa,Florida,Commercial,Open,,Phone,Active,,3.2
HVAC-2024-02040,Paul Gomez,2024-02-23 20:58:00,Boiler,BLR-7000E,The BLR-7000E furnace is blowing cold air instead of warm. It's 44°F inside and we have elderly family members at home.,Memphis,Tennessee,Residential,Resolved,Multiple issues found: electrical short in wiring harness. Complete overhaul recommended. Estimate provided to customer. Awaiting approval.,Email,Expired,17.455609955840902,2.2
HVAC-2024-02041,Debra Nguyen,2024-07-16 13:16:00,Boiler,BLR-8000HE,Our BLR-8000HE has developed a loud rattling sound when it cycles on. The noise level is unbearable and affects our daily life.,Boston,Massachusetts,Residential,Closed,Customer complaint verified. dirty air filter causing restricted airflow confirmed. Ordered replacement contactor. Follow-up scheduled in 4 days.,Social Media,Active,138.22178085022296,3.0
HVAC-2025-02042,Katherine Nguyen,2025-05-14 14:55:00,Central Air Conditioner,CAC-4000S,The pilot light on our CAC-4000S keeps going out. Furnace won't stay on. House temperature dropping to 70°F overnight.,Indianapolis,Indiana,Commercial,In Progress,Performed diagnostics on CAC-4000S. faulty capacitor detected. Recommended refrigerant recharge. Customer approved repair.,Email,Active,103.0650058202303,2.1
HVAC-2024-02043,James Taylor,2024-02-14 18:01:00,Heat Pump,HP-4200Max,The HP-4200Max control board has failed. The entire system is non-functional. We have a commercial building full of employees with no AC.,Columbus,Ohio,Industrial,Escalated,Inspected unit on-site. Found damaged ductwork. Replaced refrigerant line set. System operational now.,Phone,Extended,,1.8
HVAC-2025-02044,Sharon Davis,2025-02-27 19:49:00,VRF System,VRF-20000X,Our VRF-20000X is supposed to be a high-efficiency unit but we're paying more than with our old system. Very misleading marketing.,Milwaukee,Wisconsin,Industrial,In Progress,Emergency service call. Found compressor failure. Temporary fix applied. Permanent repair requires relay switch — on backorder.,Chat,Extended,179.23817661721978,4.9
HVAC-2024-02045,Christine Parker,2024-02-05 20:04:00,Smart Thermostat,ST-500AI,My Smart Thermostat model ST-500AI is not cooling at all. The house temperature is 71°F and it won't go below that. We've been suffering in this heat for 12 days now.,St. Louis,Missouri,Industrial,In Progress,,Email,Expired,88.1684221976098,2.4
HVAC-2024-02046,Deborah Jackson,2024-05-23 19:13:00,Boiler,BLR-6500Pro,"The Boiler BLR-6500Pro was installed incorrectly. Ductwork is leaking air, and the unit was placed in the wrong location.",Nashville,Tennessee,Commercial,Open,,Phone,Active,,4.9
HVAC-2024-02047,Carolyn Martin,2024-02-02 19:43:00,Air Handler,AH-3500E,"Complete system failure of our Air Handler AH-3500E. No power, no response, totally dead. Building has no climate control.",Dallas,Texas,Commercial,Resolved,Performed diagnostics on AH-3500E. frozen evaporator coil detected. Recommended control board replacement. Customer approved repair.,CRM,Extended,12.804662320357485,2.2
HVAC-2024-02048,Carolyn Roberts,2024-06-08 20:19:00,Rooftop Unit,RTU-6000S,We've been waiting 14 days for a maintenance appointment for our Rooftop Unit RTU-6000S. No callbacks despite multiple requests.,Los Angeles,California,Residential,Open,,Email,Active,,4.0
HVAC-2025-02049,Cynthia Robinson,2025-01-02 13:41:00,Rooftop Unit,RTU-10000E,Our RTU-10000E failed within the first year and the company is blaming us for the failure. This is clearly a manufacturing defect.,Boston,Massachusetts,Commercial,Escalated,Emergency service call. Found loose electrical connections. Temporary fix applied. Permanent repair requires relay switch — on backorder.,Chat,Expired,,1.5
HVAC-2025-02050,Janet Green,2025-07-19 15:44:00,Boiler,BLR-5000S,The BLR-5000S was installed 11 weeks ago but the installer used the wrong size ducts. System is extremely inefficient now.,Atlanta,Georgia,Residential,In Progress,Performed diagnostics on BLR-5000S. thermostat malfunction detected. Recommended full system replacement. Customer approved repair.,Phone,Expired,145.77620262835157,4.9
HVAC-2024-02051,Rachel Young,2024-04-21 12:00:00,Furnace,FRN-6000S,Loud buzzing/humming noise coming from the outdoor unit FRN-6000S. Neighbors have complained about the noise level.,Indianapolis,Indiana,Residential,Escalated,Performed diagnostics on FRN-6000S. low refrigerant charge detected. Recommended control board replacement. Customer approved repair.,Chat,Active,,4.0
HVAC-2024-02052,Eric Hernandez,2024-01-22 07:32:00,Ductless Mini-Split,DMS-2400Max,The DMS-2400Max was installed 9 weeks ago but the installer used the wrong size ducts. System is extremely inefficient now.,Jacksonville,Florida,Commercial,In Progress,Customer complaint verified. faulty capacitor confirmed. Ordered replacement fan motor. Follow-up scheduled in 3 days.,Phone,Active,111.02328848079894,2.2
HVAC-2024-02053,Melissa Johnson,2024-02-09 13:13:00,VRF System,VRF-18000E,Preventive maintenance on our VRF System VRF-18000E was done poorly. Now the system is short-cycling every 2 minutes.,Orlando,Florida,Industrial,Resolved,,Service Portal,Expired,66.78965308399313,3.6
HVAC-2025-02054,Pamela Garcia,2025-08-09 22:17:00,Rooftop Unit,RTU-10000E,The indoor unit of our Rooftop Unit RTU-10000E produces a constant whistling noise. Very annoying and disruptive.,Houston,Texas,Commercial,Closed,Routine inspection revealed cracked heat exchanger. Cleaned coils and replaced filters. System performance improved but reversing valve showing wear.,Chat,Expired,162.74984760287575,4.6
HVAC-2025-02055,Steven Baker,2025-11-12 22:24:00,Smart Thermostat,ST-700Ultra,Our ST-700Ultra thermostat app shows 'Device Offline' constantly. Have reset the router and thermostat multiple times.,Raleigh,North Carolina,Commercial,Resolved,Emergency service call. Found dirty air filter causing restricted airflow. Temporary fix applied. Permanent repair requires condenser coil — on backorder.,Phone,Active,88.84190930311982,2.8
HVAC-2024-02056,Eric Wright,2024-08-16 17:53:00,Smart Thermostat,ST-300Pro,Electrical failure in ST-300Pro. Circuit breaker keeps tripping. Possible fire hazard. Need emergency service immediately.,Cincinnati,Ohio,Residential,Escalated,,Service Portal,Active,,1.8
HVAC-2025-02057,Joshua Torres,2025-06-12 22:21:00,Central Air Conditioner,CAC-6000Ultra,Our Central Air Conditioner CAC-6000Ultra lost all refrigerant. The system is 23 months old. Suspected manufacturing defect in the line set.,Indianapolis,Indiana,Residential,Closed,Performed diagnostics on CAC-6000Ultra. corroded heat exchanger detected. Recommended refrigerant recharge. Customer approved repair.,Chat,Extended,44.742227783060905,2.2
HVAC-2024-02058,Dorothy Jones,2024-07-21 07:58:00,Central Air Conditioner,CAC-2500E,Our Central Air Conditioner CAC-2500E heating stopped working mid-winter. We have a newborn baby and the temp is 72°F inside. URGENT help needed!,Oklahoma City,Oklahoma,Commercial,Resolved,Unit is beyond repair. worn compressor bearings too severe. Recommended full system replacement with latest VRF-25000Ultra system.,Service Portal,Active,94.78956958337545,1.9
HVAC-2024-02059,Richard Rivera,2024-11-24 08:49:00,Packaged HVAC Unit,PKG-4000S,The PKG-4000S was installed 4 weeks ago but the installer used the wrong size ducts. System is extremely inefficient now.,Jacksonville,Florida,Commercial,Closed,Inspected unit on-site. Found faulty capacitor. Replaced condenser coil. System operational now.,Email,Active,158.42609591237223,4.1
HVAC-2025-02060,Angela Thompson,2025-07-14 10:02:00,Packaged HVAC Unit,PKG-7000X,Heating system PKG-7000X fails to ignite. We've tried resetting multiple times. Temperature is dangerously low at 63°F.,Columbus,Ohio,Commercial,Open,Emergency service call. Found clogged condensate drain. Temporary fix applied. Permanent repair requires capacitor — on backorder.,Social Media,Active,,2.3
HVAC-2025-02061,Rebecca Lewis,2025-01-26 09:49:00,Air Handler,AH-4500Pro,The AH-4500Pro installation crew was unprofessional and left refrigerant lines exposed. System is now leaking refrigerant.,Los Angeles,California,Commercial,Resolved,Customer complaint verified. electrical short in wiring harness confirmed. Ordered replacement fan motor. Follow-up scheduled in 10 days.,Chat,Expired,95.89825029170663,2.4
HVAC-2025-02062,Elizabeth Taylor,2025-10-06 20:16:00,VRF System,VRF-25000Ultra,"After annual maintenance, our VRF System VRF-25000Ultra stopped heating. Now at 52°F. This was working fine before the tech came.",Memphis,Tennessee,Commercial,In Progress,Warranty repair completed. frozen evaporator coil was covered. Replaced igniter. System tested and operational.,CRM,Expired,72.80887585663488,1.6
HVAC-2025-02063,Stephanie Young,2025-10-18 19:05:00,Air Handler,AH-5000Elite,The AH-5000Elite furnace is blowing cold air instead of warm. It's 81°F inside and we have elderly family members at home.,San Francisco,California,Residential,In Progress,Warranty repair completed. faulty reversing valve was covered. Replaced compressor. System tested and operational.,Phone,Expired,106.07131827337267,3.4
HVAC-2025-02064,Pamela Clark,2025-07-15 19:45:00,Rooftop Unit,RTU-6000S,Brand new Rooftop Unit RTU-6000S installed 5 weeks ago cannot maintain temperature below 58°F. Extremely disappointed.,Phoenix,Arizona,Residential,Resolved,,Social Media,Void,163.3811571301952,2.9
HVAC-2024-02065,Matthew Phillips,2024-12-27 06:31:00,VRF System,VRF-15000Pro,Filed a warranty claim for our VRF-15000Pro 13 months ago. No response from the warranty department despite 14 follow-up calls.,Pittsburgh,Pennsylvania,Residential,In Progress,,Service Portal,Active,31.068792466475333,1.0
HVAC-2025-02066,Mary Mitchell,2025-12-01 17:19:00,Packaged HVAC Unit,PKG-7000X,Extended warranty for Packaged HVAC Unit PKG-7000X was supposed to cover all parts and labor. Now they're saying refrigerant isn't covered.,Kansas City,Missouri,Residential,Resolved,Multiple issues found: cracked heat exchanger. Complete overhaul recommended. Estimate provided to customer. Awaiting approval.,Chat,Expired,172.27911965728862,1.8
HVAC-2024-02067,Pamela Phillips,2024-01-08 20:55:00,Packaged HVAC Unit,PKG-4000S,We've been waiting 1 days for a maintenance appointment for our Packaged HVAC Unit PKG-4000S. No callbacks despite multiple requests.,New York,New York,Commercial,Resolved,Performed diagnostics on PKG-4000S. frozen evaporator coil detected. Recommended warranty claim processing. Customer approved repair.,Chat,Extended,279.20741249951953,4.3
HVAC-2024-02068,Janet Harris,2024-06-06 10:17:00,Air Handler,AH-2000S,The maintenance technician for our AH-2000S didn't bring the right parts and left the job incomplete. Still waiting for resolution.,Albuquerque,New Mexico,Commercial,In Progress,Customer complaint verified. thermostat malfunction confirmed. Ordered replacement relay switch. Follow-up scheduled in 12 days.,Chat,Void,35.577154142211604,4.3
HVAC-2024-02069,James Mitchell,2024-08-22 10:51:00,Central Air Conditioner,CAC-3000X,The CAC-3000X was installed 10 weeks ago but the installer used the wrong size ducts. System is extremely inefficient now.,San Antonio,Texas,Residential,Escalated,Inspected unit on-site. Found faulty reversing valve. Replaced condenser coil. System operational now.,Chat,Active,,4.5
HVAC-2024-02070,Jack Lee,2024-02-10 09:14:00,Boiler,BLR-8000HE,Our Boiler BLR-8000HE heating stopped working mid-winter. We have a newborn baby and the temp is 45°F inside. URGENT help needed!,Boston,Massachusetts,Commercial,Resolved,,Phone,Active,30.876012944499667,1.9
HVAC-2024-02071,Brandon Morris,2024-09-13 08:03:00,Heat Pump,HP-3500Elite,We chose the Heat Pump HP-3500Elite specifically for its energy star rating but our bills have skyrocketed by 55% this quarter.,Atlanta,Georgia,Commercial,Escalated,Multiple issues found: refrigerant leak in evaporator coil. Complete overhaul recommended. Estimate provided to customer. Awaiting approval.,Email,Expired,,2.0
HVAC-2024-02072,Michael Hernandez,2024-07-01 09:38:00,Packaged HVAC Unit,PKG-5500Pro,Post-installation inspection revealed that the Packaged HVAC Unit PKG-5500Pro was installed without proper drainage. Basement flooding has occurred.,Chicago,Illinois,Residential,In Progress,Customer complaint verified. blocked condenser coil confirmed. Ordered replacement refrigerant line set. Follow-up scheduled in 11 days.,Service Portal,Expired,137.47347661362141,4.1
HVAC-2024-02073,Ryan Taylor,2024-01-21 11:45:00,Heat Pump,HP-2200DX,SEER rating of our Heat Pump HP-2200DX seems much lower than advertised. Energy consumption is 18% higher than expected.,Albuquerque,New Mexico,Residential,Escalated,,Phone,Expired,,2.6
HVAC-2025-02074,Lisa Flores,2025-05-23 06:06:00,Furnace,FRN-9800HE,Our FRN-9800HE compressor makes a terrible clicking and vibrating noise. It gets worse at night. Multiple complaints from family.,Seattle,Washington,Residential,Closed,,Email,Active,74.30238849943382,3.9
HVAC-2024-02075,Deborah Allen,2024-03-23 10:52:00,VRF System,VRF-10000S,Integration between VRF-10000S and our home automation system broke after the last update. None of the smart features work now.,Detroit,Michigan,Residential,In Progress,,Phone,Active,140.30182580715947,2.3
HVAC-2025-02076,Stephanie Gonzalez,2025-01-02 16:42:00,Central Air Conditioner,CAC-3000X,The pilot light on our CAC-3000X keeps going out. Furnace won't stay on. House temperature dropping to 88°F overnight.,Salt Lake City,Utah,Residential,Escalated,Multiple issues found: blocked condenser coil. Complete overhaul recommended. Estimate provided to customer. Awaiting approval.,Social Media,Extended,,1.7
HVAC-2024-02077,Kimberly Baker,2024-08-04 07:45:00,Ductless Mini-Split,DMS-1800Pro,Our Ductless Mini-Split DMS-1800Pro heating stopped working mid-winter. We have a newborn baby and the temp is 60°F inside. URGENT help needed!,New York,New York,Industrial,Closed,,Chat,Expired,7.107872022944633,2.2
HVAC-2025-02078,Anthony Martinez,2025-09-28 10:48:00,Central Air Conditioner,CAC-5000Pro,We've been waiting 2 days for a maintenance appointment for our Central Air Conditioner CAC-5000Pro. No callbacks despite multiple requests.,Houston,Texas,Commercial,In Progress,Emergency service call. Found blocked condenser coil. Temporary fix applied. Permanent repair requires flame sensor — on backorder.,Email,Void,36.4912611535585,4.3
HVAC-2025-02079,Jeffrey Carter,2025-12-24 13:00:00,Boiler,BLR-7000E,Warranty repair on Boiler BLR-7000E has been pending for 5 weeks. We're without heating/cooling and no loaner was provided.,Charlotte,North Carolina,Commercial,In Progress,Multiple issues found: worn compressor bearings. Complete overhaul recommended. Estimate provided to customer. Awaiting approval.,Chat,Active,324.73780837254134,2.3
HVAC-2024-02080,James Miller,2024-02-03 19:57:00,Heat Pump,HP-4200Max,The HP-4200Max is consuming way too much energy. Our utility bill went from $172 to $422 per month since installation.,Kansas City,Missouri,Residential,Closed,Customer complaint verified. faulty capacitor confirmed. Ordered replacement filter drier. Follow-up scheduled in 11 days.,Email,Active,214.2848605194941,4.6
HVAC-2025-02081,Jacob Collins,2025-12-07 16:39:00,Packaged HVAC Unit,PKG-5500Pro,Technician found a refrigerant leak in our PKG-5500Pro for the third time this year. Clearly a manufacturing defect in the coils.,Detroit,Michigan,Commercial,In Progress,Multiple issues found: dirty air filter causing restricted airflow. Complete overhaul recommended. Estimate provided to customer. Awaiting approval.,Social Media,Expired,97.81400605695097,1.7
HVAC-2025-02082,Emily Evans,2025-06-04 08:03:00,Heat Pump,HP-4200Max,The HP-4200Max furnace is blowing cold air instead of warm. It's 89°F inside and we have elderly family members at home.,Salt Lake City,Utah,Commercial,Resolved,Emergency service call. Found failed control board. Temporary fix applied. Permanent repair requires heat exchanger — on backorder.,Chat,Expired,74.66459691877418,3.4
HVAC-2025-02083,Jacob Diaz,2025-09-15 15:04:00,Ductless Mini-Split,DMS-900Eco,Our Ductless Mini-Split DMS-900Eco is leaking refrigerant. Green residue visible on the outdoor unit. Children play near it — very concerned about safety.,Albuquerque,New Mexico,Commercial,In Progress,,Phone,Expired,8.584364739515937,1.1
HVAC-2025-02084,Jason Brown,2025-02-13 15:35:00,Central Air Conditioner,CAC-2500E,Installation team left a mess and didn't complete the CAC-2500E installation properly. Wires are exposed and the unit vibrates excessively.,Albuquerque,New Mexico,Residential,Closed,Routine inspection revealed blocked condenser coil. Cleaned coils and replaced filters. System performance improved but relay switch showing wear.,Social Media,Active,78.0966985216388,3.2
HVAC-2025-02085,Amy Lee,2025-12-15 13:38:00,Air Handler,AH-4500Pro,Heating system AH-4500Pro fails to ignite. We've tried resetting multiple times. Temperature is dangerously low at 94°F.,Las Vegas,Nevada,Residential,Resolved,Customer complaint verified. faulty reversing valve confirmed. Ordered replacement expansion valve. Follow-up scheduled in 8 days.,CRM,Void,108.57819188187848,2.5
HVAC-2025-02086,Justin Allen,2025-02-01 11:10:00,Ductless Mini-Split,DMS-2400Max,Our Ductless Mini-Split DMS-2400Max is leaking refrigerant. Green residue visible on the outdoor unit. Children play near it — very concerned about safety.,Milwaukee,Wisconsin,Residential,Resolved,,Social Media,Active,25.1014584015091,2.7
HVAC-2024-02087,Ronald Turner,2024-07-18 13:13:00,Smart Thermostat,ST-200Eco,Our ST-200Eco thermostat app shows 'Device Offline' constantly. Have reset the router and thermostat multiple times.,Louisville,Kentucky,Commercial,Open,Routine inspection revealed worn compressor bearings. Cleaned coils and replaced filters. System performance improved but fan motor showing wear.,Service Portal,Active,,2.3
HVAC-2025-02088,Deborah Ramirez,2025-12-14 08:04:00,Central Air Conditioner,CAC-2500E,The CAC-2500E control board has failed. The entire system is non-functional. We have a commercial building full of employees with no AC.,Miami,Florida,Commercial,Open,Unit is beyond repair. failed ignition system too severe. Recommended full system replacement with high-efficiency FRN-9800HE.,Chat,Void,,1.7
HVAC-2025-02089,Debra Morales,2025-07-03 06:18:00,Central Air Conditioner,CAC-2500E,Scheduled maintenance for Central Air Conditioner CAC-2500E was missed twice. No one contacted us to reschedule. Very poor service.,Oklahoma City,Oklahoma,Commercial,Resolved,Emergency service call. Found thermostat malfunction. Temporary fix applied. Permanent repair requires blower motor — on backorder.,Service Portal,Active,222.01692805394103,4.7
HVAC-2025-02090,Amanda Cruz,2025-08-22 15:48:00,Packaged HVAC Unit,PKG-7000X,Our PKG-7000X has developed a loud rattling sound when it cycles on. The noise level is unbearable and affects our daily life.,Nashville,Tennessee,Commercial,In Progress,,Service Portal,Void,296.25173091347983,3.9
HVAC-2024-02091,Barbara Collins,2024-03-02 17:07:00,Ductless Mini-Split,DMS-1200Q,The Ductless Mini-Split DMS-1200Q has a refrigerant leak. We can smell chemicals and the cooling has stopped. This could be a health hazard.,Minneapolis,Minnesota,Residential,Open,Performed diagnostics on DMS-1200Q. frozen evaporator coil detected. Recommended control board replacement. Customer approved repair.,Phone,Expired,,1.5
HVAC-2024-02092,Daniel Williams,2024-08-24 16:25:00,Ductless Mini-Split,DMS-1500S,The pilot light on our DMS-1500S keeps going out. Furnace won't stay on. House temperature dropping to 63°F overnight.,New York,New York,Residential,In Progress,Emergency service call. Found damaged ductwork. Temporary fix applied. Permanent repair requires condenser coil — on backorder.,CRM,Active,115.11992677096924,1.7
HVAC-2025-02093,Patricia Johnson,2025-06-26 16:56:00,Smart Thermostat,ST-200Eco,The Smart Thermostat ST-200Eco parts warranty should cover this repair but the dealer says it's a labor issue. Total runaround for 4 weeks.,Seattle,Washington,Industrial,Resolved,Performed diagnostics on ST-200Eco. worn compressor bearings detected. Recommended coil replacement. Customer approved repair.,Phone,Active,199.73203538500314,1.1
HVAC-2025-02094,Charles Ramirez,2025-11-07 13:24:00,VRF System,VRF-10000S,The VRF System VRF-10000S smart thermostat keeps disconnecting from WiFi. Cannot control temperature remotely anymore.,Houston,Texas,Residential,Closed,Multiple issues found: defective expansion valve. Complete overhaul recommended. Estimate provided to customer. Awaiting approval.,Phone,Expired,33.825932955990965,2.7
HVAC-2024-02095,Mary Scott,2024-12-11 06:13:00,Ductless Mini-Split,DMS-1200Q,We purchased the Ductless Mini-Split DMS-1200Q 32 months ago and it's already failing to cool. Temperature stuck at 94°F. Unacceptable quality.,Charlotte,North Carolina,Industrial,Open,,Phone,Expired,,2.6
HVAC-2025-02096,Gary Clark,2025-03-13 18:59:00,Rooftop Unit,RTU-15000Ultra,The Rooftop Unit (RTU-15000Ultra) stopped providing cold air yesterday. It's blowing warm air instead. Our office is unbearable at 78°F.,Jacksonville,Florida,Residential,Resolved,Warranty repair completed. electrical short in wiring harness was covered. Replaced flame sensor. System tested and operational.,Chat,Expired,12.931003203941382,1.6
HVAC-2025-02097,Anna Garcia,2025-09-06 13:23:00,Ductless Mini-Split,DMS-1500S,The DMS-1500S was installed 7 weeks ago but the installer used the wrong size ducts. System is extremely inefficient now.,Oklahoma City,Oklahoma,Residential,Resolved,Multiple issues found: faulty reversing valve. Complete overhaul recommended. Estimate provided to customer. Awaiting approval.,Phone,Active,99.35086491485248,2.7
HVAC-2025-02098,Jason Johnson,2025-01-12 13:36:00,Packaged HVAC Unit,PKG-4000S,The indoor unit of our Packaged HVAC Unit PKG-4000S produces a constant whistling noise. Very annoying and disruptive.,Seattle,Washington,Commercial,Resolved,,Chat,Active,131.2687740629235,4.3
HVAC-2024-02099,Nicholas Garcia,2024-08-24 17:13:00,Packaged HVAC Unit,PKG-5500Pro,Electrical failure in PKG-5500Pro. Circuit breaker keeps tripping. Possible fire hazard. Need emergency service immediately.,Raleigh,North Carolina,Residential,Resolved,,Service Portal,Active,119.7992486303475,1.8
HVAC-2024-02100,Scott Allen,2024-04-04 22:36:00,Boiler,BLR-7000E,Our Boiler BLR-7000E stopped heating entirely during the coldest week of winter. Indoor temp dropped to 60°F. This is a safety concern.,Los Angeles,California,Residential,Resolved,Customer complaint verified. frozen evaporator coil confirmed. Ordered replacement relay switch. Follow-up scheduled in 2 days.,Email,Extended,47.88383424583554,2.5
HVAC-2024-02101,Nancy Baker,2024-08-11 18:26:00,Heat Pump,HP-2800Plus,The smart thermostat HP-2800Plus is not syncing with the HVAC system. Temperature readings are inaccurate by 10°F.,Los Angeles,California,Industrial,Resolved,,Phone,Active,79.54161049173113,4.8
HVAC-2025-02102,Richard Hall,2025-05-03 17:56:00,Boiler,BLR-7000E,Our Boiler BLR-7000E lost all refrigerant. The system is 15 months old. Suspected manufacturing defect in the line set.,Charlotte,North Carolina,Residential,Resolved,Performed diagnostics on BLR-7000E. faulty capacitor detected. Recommended coil replacement. Customer approved repair.,Chat,Extended,108.07620433963181,2.4
HVAC-2024-02103,Nancy Taylor,2024-06-07 13:44:00,VRF System,VRF-10000S,We purchased the VRF System VRF-10000S 31 months ago and it's already failing to cool. Temperature stuck at 82°F. Unacceptable quality.,St. Louis,Missouri,Residential,In Progress,Emergency service call. Found defective expansion valve. Temporary fix applied. Permanent repair requires control board — on backorder.,Social Media,Active,155.53216180563481,3.1
HVAC-2025-02104,Stephanie Jackson,2025-11-15 20:53:00,Boiler,BLR-5000S,The BLR-5000S furnace is blowing cold air instead of warm. It's 44°F inside and we have elderly family members at home.,Denver,Colorado,Residential,Open,,Email,Void,,2.7
HVAC-2024-02105,Andrew Ramirez,2024-04-14 07:42:00,Boiler,BLR-7000E,"The BLR-7000E runs continuously without cycling off, leading to massive energy bills. Something is wrong with the efficiency.",Oklahoma City,Oklahoma,Industrial,In Progress,,Social Media,Extended,185.83553848305806,3.7
HVAC-2025-02106,Amanda Ramirez,2025-03-13 20:42:00,Packaged HVAC Unit,PKG-7000X,The indoor unit of our Packaged HVAC Unit PKG-7000X produces a constant whistling noise. Very annoying and disruptive.,Sacramento,California,Residential,In Progress,,Survey,Expired,191.85910255886316,2.2
HVAC-2025-02107,Dorothy Wilson,2025-02-10 15:35:00,Furnace,FRN-6000S,Integration between FRN-6000S and our home automation system broke after the last update. None of the smart features work now.,Pittsburgh,Pennsylvania,Industrial,Escalated,,Phone,Expired,,3.4
HVAC-2024-02108,Thomas Martin,2024-01-19 07:24:00,Furnace,FRN-9800HE,We've been waiting 22 days for a maintenance appointment for our Furnace FRN-9800HE. No callbacks despite multiple requests.,Boston,Massachusetts,Industrial,Resolved,Inspected unit on-site. Found thermostat malfunction. Replaced thermostat. System operational now.,Survey,Active,333.29128573496087,3.9
HVAC-2024-02109,Amanda Edwards,2024-01-19 17:45:00,Furnace,FRN-6000S,Loud buzzing/humming noise coming from the outdoor unit FRN-6000S. Neighbors have complained about the noise level.,Columbus,Ohio,Residential,Closed,Warranty repair completed. refrigerant leak in evaporator coil was covered. Replaced condenser coil. System tested and operational.,Phone,Expired,181.34832430109537,4.2
HVAC-2024-02110,Pamela Campbell,2024-10-12 09:33:00,Ductless Mini-Split,DMS-2400Max,Scheduled maintenance for Ductless Mini-Split DMS-2400Max was missed twice. No one contacted us to reschedule. Very poor service.,Salt Lake City,Utah,Residential,Resolved,Warranty repair completed. electrical short in wiring harness was covered. Replaced fan motor. System tested and operational.,Email,Active,173.13378593699449,3.4
HVAC-2024-02111,Anthony Hernandez,2024-01-07 20:58:00,Smart Thermostat,ST-200Eco,Post-installation inspection revealed that the Smart Thermostat ST-200Eco was installed without proper drainage. Basement flooding has occurred.,Phoenix,Arizona,Industrial,Closed,Unit is beyond repair. thermostat malfunction too severe. Recommended full system replacement with commercial-grade RTU-15000Ultra.,Service Portal,Extended,155.9041952880719,2.9
HVAC-2024-02112,Donna Jackson,2024-11-20 10:25:00,Boiler,BLR-5000S,AC unit BLR-5000S has completely stopped cooling. Thermostat shows 51°F but the system is running constantly. Very frustrated.,Kansas City,Missouri,Commercial,Closed,Customer complaint verified. burned-out fan motor confirmed. Ordered replacement heat exchanger. Follow-up scheduled in 12 days.,Email,Active,19.402333785998493,3.5
HVAC-2025-02113,Shirley Jackson,2025-05-19 08:12:00,Packaged HVAC Unit,PKG-6500E,Warranty repair on Packaged HVAC Unit PKG-6500E has been pending for 1 weeks. We're without heating/cooling and no loaner was provided.,Indianapolis,Indiana,Industrial,In Progress,Emergency service call. Found faulty capacitor. Temporary fix applied. Permanent repair requires heat exchanger — on backorder.,Email,Expired,298.8283559132615,1.4
HVAC-2025-02114,Kevin Hill,2025-03-11 15:05:00,VRF System,VRF-20000X,Heating failure on our commercial VRF-20000X. Building occupants complaining about 72°F temperatures. Multiple offices affected.,San Francisco,California,Industrial,Resolved,,Email,Active,97.08343999991065,1.6
HVAC-2025-02115,Mary Smith,2025-02-28 09:30:00,Smart Thermostat,ST-300Pro,Installation team left a mess and didn't complete the ST-300Pro installation properly. Wires are exposed and the unit vibrates excessively.,Buffalo,New York,Residential,Resolved,,Email,Active,37.41031355342441,3.1
HVAC-2024-02116,Emma Green,2024-11-15 10:16:00,Smart Thermostat,ST-700Ultra,The pilot light on our ST-700Ultra keeps going out. Furnace won't stay on. House temperature dropping to 69°F overnight.,San Antonio,Texas,Residential,Closed,,Social Media,Active,110.25579661699268,2.3
HVAC-2025-02117,Brenda Taylor,2025-06-01 19:42:00,Packaged HVAC Unit,PKG-5500Pro,R-410A refrigerant leak detected in PKG-5500Pro. Cooling performance has degraded and we're worried about environmental impact.,Nashville,Tennessee,Residential,In Progress,Performed diagnostics on PKG-5500Pro. blocked condenser coil detected. Recommended warranty claim processing. Customer approved repair.,CRM,Active,69.81846052600321,2.7
HVAC-2024-02118,Kevin Turner,2024-05-11 07:51:00,Ductless Mini-Split,DMS-2400Max,The Ductless Mini-Split DMS-2400Max makes a high-pitched squealing noise during operation. We cannot sleep or work from home because of it.,Orlando,Florida,Commercial,In Progress,Inspected unit on-site. Found frozen evaporator coil. Replaced blower motor. System operational now.,Phone,Active,257.7231808596018,2.7
HVAC-2025-02119,George Ramirez,2025-06-05 09:29:00,Furnace,FRN-8500Elite,Scheduled maintenance for Furnace FRN-8500Elite was missed twice. No one contacted us to reschedule. Very poor service.,Jacksonville,Florida,Industrial,In Progress,,Chat,Expired,110.16298534935687,3.7
HVAC-2024-02120,Richard Collins,2024-06-28 19:35:00,Heat Pump,HP-1800Eco,The cooling capacity of our HP-1800Eco has dropped significantly. Rooms are at 58°F despite running 24/7. Need immediate service.,Minneapolis,Minnesota,Commercial,Resolved,Emergency service call. Found dirty air filter causing restricted airflow. Temporary fix applied. Permanent repair requires refrigerant line set — on backorder.,Social Media,Void,123.76851157711656,2.5
HVAC-2025-02121,Emma Flores,2025-02-10 18:11:00,Ductless Mini-Split,DMS-1200Q,Our DMS-1200Q failed within the first year and the company is blaming us for the failure. This is clearly a manufacturing defect.,Houston,Texas,Residential,Resolved,Customer complaint verified. loose electrical connections confirmed. Ordered replacement compressor. Follow-up scheduled in 2 days.,Phone,Void,86.85044390477842,2.2
HVAC-2024-02122,Jeffrey Reyes,2024-09-08 08:22:00,Central Air Conditioner,CAC-5000Pro,We chose the Central Air Conditioner CAC-5000Pro specifically for its energy star rating but our bills have skyrocketed by 40% this quarter.,Chicago,Illinois,Commercial,In Progress,,Social Media,Active,264.8791355832718,2.3
HVAC-2024-02123,Elizabeth Jackson,2024-08-06 13:58:00,Furnace,FRN-6000S,Brand new Furnace FRN-6000S installed 4 weeks ago cannot maintain temperature below 71°F. Extremely disappointed.,Houston,Texas,Residential,Resolved,Multiple issues found: burned-out fan motor. Complete overhaul recommended. Estimate provided to customer. Awaiting approval.,Service Portal,Void,111.81709422196991,3.4
HVAC-2024-02124,Carol Williams,2024-01-03 20:07:00,Furnace,FRN-6000S,We purchased the Furnace FRN-6000S 27 months ago and it's already failing to cool. Temperature stuck at 85°F. Unacceptable quality.,Orlando,Florida,Residential,Resolved,Multiple issues found: corroded heat exchanger. Complete overhaul recommended. Estimate provided to customer. Awaiting approval.,Email,Active,163.3526812327852,1.6
HVAC-2024-02125,Joseph Hill,2024-07-15 09:18:00,Packaged HVAC Unit,PKG-7000X,The PKG-7000X is consuming way too much energy. Our utility bill went from $101 to $507 per month since installation.,St. Louis,Missouri,Industrial,Resolved,Unit is beyond repair. faulty reversing valve too severe. Recommended full system replacement with commercial-grade RTU-15000Ultra.,CRM,Active,38.58493425203066,2.8
HVAC-2025-02126,Janet Flores,2025-11-24 11:19:00,Air Handler,AH-3500E,The Air Handler (AH-3500E) stopped providing cold air yesterday. It's blowing warm air instead. Our office is unbearable at 88°F.,Jacksonville,Florida,Commercial,Resolved,Emergency service call. Found thermostat malfunction. Temporary fix applied. Permanent repair requires fan motor — on backorder.,Phone,Active,41.646893083885814,1.9
HVAC-2025-02127,Laura Campbell,2025-12-17 16:32:00,Central Air Conditioner,CAC-6000Ultra,Post-installation inspection revealed that the Central Air Conditioner CAC-6000Ultra was installed without proper drainage. Basement flooding has occurred.,Buffalo,New York,Residential,Resolved,,Email,Expired,81.2271966115106,2.1
HVAC-2025-02128,James Davis,2025-01-18 06:00:00,Air Handler,AH-4500Pro,The AH-4500Pro was installed 2 weeks ago but the installer used the wrong size ducts. System is extremely inefficient now.,Memphis,Tennessee,Industrial,Resolved,Emergency service call. Found electrical short in wiring harness. Temporary fix applied. Permanent repair requires heat exchanger — on backorder.,Chat,Extended,154.73853156715958,3.3
HVAC-2025-02129,Susan Robinson,2025-04-24 11:25:00,Smart Thermostat,ST-300Pro,The Smart Thermostat ST-300Pro parts warranty should cover this repair but the dealer says it's a labor issue. Total runaround for 6 weeks.,Milwaukee,Wisconsin,Residential,Escalated,,Chat,Active,,2.0
HVAC-2025-02130,Amy Cruz,2025-07-04 18:01:00,Ductless Mini-Split,DMS-1800Pro,Our new Ductless Mini-Split DMS-1800Pro installation is terrible. The condensate drain was connected wrong and water is leaking into the ceiling.,Las Vegas,Nevada,Residential,Open,Warranty repair completed. defective expansion valve was covered. Replaced refrigerant line set. System tested and operational.,Phone,Void,,4.0
HVAC-2024-02131,Christine Gomez,2024-05-20 06:54:00,Rooftop Unit,RTU-6000S,Brand new Rooftop Unit RTU-6000S installed 11 weeks ago cannot maintain temperature below 80°F. Extremely disappointed.,Raleigh,North Carolina,Industrial,Resolved,,Phone,Void,48.589200399531414,2.9
HVAC-2024-02132,Susan Murphy,2024-07-15 06:16:00,Central Air Conditioner,CAC-4000S,My Central Air Conditioner model CAC-4000S is not cooling at all. The house temperature is 89°F and it won't go below that. We've been suffering in this heat for 29 days now.,Denver,Colorado,Commercial,In Progress,,Phone,Active,162.74330374133635,3.1
HVAC-2025-02133,Donna Wright,2025-06-17 17:47:00,Furnace,FRN-7500Pro,The FRN-7500Pro was installed 4 weeks ago but the installer used the wrong size ducts. System is extremely inefficient now.,Orlando,Florida,Residential,In Progress,Performed diagnostics on FRN-7500Pro. thermostat malfunction detected. Recommended control board replacement. Customer approved repair.,Phone,Expired,154.04535513901595,4.3
HVAC-2024-02134,Gregory Diaz,2024-10-05 07:09:00,Heat Pump,HP-1800Eco,Filed a warranty claim for our HP-1800Eco 14 months ago. No response from the warranty department despite 7 follow-up calls.,Chicago,Illinois,Industrial,Escalated,Emergency service call. Found worn compressor bearings. Temporary fix applied. Permanent repair requires thermostat — on backorder.,Email,Extended,,2.0
HVAC-2025-02135,Samantha Hernandez,2025-06-26 14:37:00,VRF System,VRF-25000Ultra,Our VRF-25000Ultra is supposed to be a high-efficiency unit but we're paying more than with our old system. Very misleading marketing.,Detroit,Michigan,Industrial,Resolved,Multiple issues found: compressor failure. Complete overhaul recommended. Estimate provided to customer. Awaiting approval.,Phone,Active,44.111077506990824,4.6
HVAC-2024-02136,Frank Davis,2024-11-26 20:53:00,Rooftop Unit,RTU-8000Pro,The Rooftop Unit RTU-8000Pro smart thermostat keeps disconnecting from WiFi. Cannot control temperature remotely anymore.,Kansas City,Missouri,Industrial,Resolved,Multiple issues found: worn compressor bearings. Complete overhaul recommended. Estimate provided to customer. Awaiting approval.,Social Media,Expired,51.379469754366156,3.1
HVAC-2025-02137,Janet Young,2025-03-23 16:37:00,Smart Thermostat,ST-400Plus,Our Smart Thermostat ST-400Plus is leaking refrigerant. Green residue visible on the outdoor unit. Children play near it — very concerned about safety.,St. Louis,Missouri,Industrial,Open,Routine inspection revealed damaged ductwork. Cleaned coils and replaced filters. System performance improved but blower motor showing wear.,Email,Active,,1.9
HVAC-2024-02138,Edward Lopez,2024-06-04 10:25:00,VRF System,VRF-20000X,The heat pump VRF-20000X is not providing adequate heating. House is at 91°F despite thermostat set to 72°F. Very concerned about pipes freezing.,St. Louis,Missouri,Commercial,Resolved,Emergency service call. Found electrical short in wiring harness. Temporary fix applied. Permanent repair requires heat exchanger — on backorder.,Email,Active,32.936853732966554,3.3
HVAC-2024-02139,Sharon Rivera,2024-02-25 18:21:00,Ductless Mini-Split,DMS-900Eco,The Ductless Mini-Split DMS-900Eco main board is fried after a power surge. System completely down for our 8-floor office building.,Minneapolis,Minnesota,Residential,Resolved,Multiple issues found: loose electrical connections. Complete overhaul recommended. Estimate provided to customer. Awaiting approval.,Social Media,Expired,32.66739547465525,1.8
HVAC-2024-02140,Gregory Young,2024-10-10 20:27:00,Smart Thermostat,ST-400Plus,The Smart Thermostat ST-400Plus parts warranty should cover this repair but the dealer says it's a labor issue. Total runaround for 11 weeks.,San Antonio,Texas,Residential,Resolved,Routine inspection revealed low refrigerant charge. Cleaned coils and replaced filters. System performance improved but contactor showing wear.,CRM,Extended,276.5176316759735,1.2
HVAC-2025-02141,Brenda Clark,2025-03-01 13:12:00,Heat Pump,HP-2800Plus,"Complete system failure of our Heat Pump HP-2800Plus. No power, no response, totally dead. Building has no climate control.",Raleigh,North Carolina,Residential,Escalated,Performed diagnostics on HP-2800Plus. corroded heat exchanger detected. Recommended compressor swap. Customer approved repair.,Chat,Extended,,1.3
HVAC-2024-02142,Deborah Torres,2024-04-15 18:02:00,Boiler,BLR-5000S,Loud buzzing/humming noise coming from the outdoor unit BLR-5000S. Neighbors have complained about the noise level.,Nashville,Tennessee,Residential,Resolved,,CRM,Active,171.97072610409484,3.5
HVAC-2024-02143,Jacob Cruz,2024-01-03 18:35:00,Furnace,FRN-5500E,The heat pump FRN-5500E is not providing adequate heating. House is at 75°F despite thermostat set to 72°F. Very concerned about pipes freezing.,Miami,Florida,Residential,Resolved,Multiple issues found: damaged ductwork. Complete overhaul recommended. Estimate provided to customer. Awaiting approval.,Chat,Active,30.938232086624097,2.8
HVAC-2024-02144,Eric Smith,2024-05-19 15:32:00,Boiler,BLR-5000S,Our BLR-5000S has developed a loud rattling sound when it cycles on. The noise level is unbearable and affects our daily life.,New York,New York,Residential,Escalated,,Social Media,Extended,,4.6
HVAC-2025-02145,Deborah Torres,2025-12-06 08:35:00,Packaged HVAC Unit,PKG-4000S,Filed a warranty claim for our PKG-4000S 2 months ago. No response from the warranty department despite 10 follow-up calls.,Columbus,Ohio,Residential,Open,Customer complaint verified. compressor failure confirmed. Ordered replacement heat exchanger. Follow-up scheduled in 5 days.,Email,Active,,1.5
HVAC-2024-02146,Sarah Walker,2024-02-05 21:31:00,Smart Thermostat,ST-400Plus,Scheduled maintenance for Smart Thermostat ST-400Plus was missed twice. No one contacted us to reschedule. Very poor service.,Houston,Texas,Residential,Escalated,Routine inspection revealed failed ignition system. Cleaned coils and replaced filters. System performance improved but expansion valve showing wear.,Email,Active,,3.5
HVAC-2025-02147,Emma Scott,2025-02-07 11:14:00,Furnace,FRN-5500E,My Furnace FRN-5500E compressor failed after 16 months. Company refusing to honor the 10-year warranty claim.,Albuquerque,New Mexico,Residential,Closed,Warranty repair completed. damaged ductwork was covered. Replaced expansion valve. System tested and operational.,Chat,Active,131.66161098656707,2.4
HVAC-2024-02148,Michelle Wright,2024-09-06 10:09:00,Furnace,FRN-6000S,Heating failure on our commercial FRN-6000S. Building occupants complaining about 49°F temperatures. Multiple offices affected.,Tucson,Arizona,Residential,Open,Emergency service call. Found frozen evaporator coil. Temporary fix applied. Permanent repair requires expansion valve — on backorder.,Social Media,Void,,2.6
HVAC-2025-02149,Helen Jones,2025-06-12 11:08:00,Heat Pump,HP-4200Max,The HP-4200Max is consuming way too much energy. Our utility bill went from $176 to $292 per month since installation.,Oklahoma City,Oklahoma,Commercial,In Progress,Routine inspection revealed faulty capacitor. Cleaned coils and replaced filters. System performance improved but evaporator coil showing wear.,Phone,Expired,201.0858923252297,4.3
HVAC-2025-02150,Gary Rivera,2025-09-08 21:09:00,VRF System,VRF-15000Pro,Our VRF-15000Pro smart thermostat firmware update bricked the device. Screen is blank and we can't control our HVAC system at all.,Salt Lake City,Utah,Commercial,In Progress,Routine inspection revealed frozen evaporator coil. Cleaned coils and replaced filters. System performance improved but reversing valve showing wear.,Phone,Void,91.22452848270648,2.6
HVAC-2025-02151,Sandra Lewis,2025-12-02 17:30:00,Boiler,BLR-6500Pro,The Boiler BLR-6500Pro makes a high-pitched squealing noise during operation. We cannot sleep or work from home because of it.,Chicago,Illinois,Commercial,Resolved,Routine inspection revealed low refrigerant charge. Cleaned coils and replaced filters. System performance improved but heat exchanger showing wear.,Email,Expired,221.93006367302962,2.7
HVAC-2024-02152,Jennifer Gomez,2024-12-05 07:05:00,Air Handler,AH-4500Pro,The pilot light on our AH-4500Pro keeps going out. Furnace won't stay on. House temperature dropping to 59°F overnight.,Memphis,Tennessee,Residential,Escalated,Emergency service call. Found faulty reversing valve. Temporary fix applied. Permanent repair requires condenser coil — on backorder.,Service Portal,Extended,,3.0
HVAC-2025-02153,Helen Flores,2025-11-14 09:36:00,Rooftop Unit,RTU-6000S,The RTU-6000S was installed 1 weeks ago but the installer used the wrong size ducts. System is extremely inefficient now.,Boston,Massachusetts,Commercial,Escalated,,Chat,Void,,2.1
HVAC-2025-02154,Betty Perez,2025-05-07 10:03:00,Ductless Mini-Split,DMS-1500S,Preventive maintenance on our Ductless Mini-Split DMS-1500S was done poorly. Now the system is short-cycling every 5 minutes.,Atlanta,Georgia,Commercial,Resolved,,Survey,Extended,282.4996730232117,4.3
HVAC-2024-02155,James Torres,2024-11-20 19:49:00,Air Handler,AH-3500E,The AH-3500E furnace is blowing cold air instead of warm. It's 90°F inside and we have elderly family members at home.,Columbus,Ohio,Industrial,Resolved,Routine inspection revealed damaged ductwork. Cleaned coils and replaced filters. System performance improved but contactor showing wear.,Chat,Expired,4.217965484486442,2.6
HVAC-2024-02156,Mary Flores,2024-06-27 06:23:00,Ductless Mini-Split,DMS-1800Pro,Installation team left a mess and didn't complete the DMS-1800Pro installation properly. Wires are exposed and the unit vibrates excessively.,San Francisco,California,Commercial,Resolved,,Social Media,Active,129.05746890902947,3.9
HVAC-2024-02157,Larry Morris,2024-01-02 09:23:00,Packaged HVAC Unit,PKG-5500Pro,Extended warranty for Packaged HVAC Unit PKG-5500Pro was supposed to cover all parts and labor. Now they're saying refrigerant isn't covered.,Chicago,Illinois,Residential,Resolved,Performed diagnostics on PKG-5500Pro. electrical short in wiring harness detected. Recommended warranty claim processing. Customer approved repair.,Phone,Expired,168.7687856031473,1.8
HVAC-2024-02158,Brian Johnson,2024-02-13 16:47:00,Packaged HVAC Unit,PKG-5500Pro,Our PKG-5500Pro is supposed to be a high-efficiency unit but we're paying more than with our old system. Very misleading marketing.,Portland,Oregon,Residential,Open,Routine inspection revealed thermostat malfunction. Cleaned coils and replaced filters. System performance improved but condenser coil showing wear.,CRM,Expired,,3.9
HVAC-2024-02159,Betty Reyes,2024-01-13 08:27:00,Air Handler,AH-4500Pro,Installation team left a mess and didn't complete the AH-4500Pro installation properly. Wires are exposed and the unit vibrates excessively.,Oklahoma City,Oklahoma,Residential,Resolved,Customer complaint verified. defective expansion valve confirmed. Ordered replacement blower motor. Follow-up scheduled in 13 days.,CRM,Active,124.6911129435583,4.8
HVAC-2024-02160,Gregory Baker,2024-07-01 10:36:00,Smart Thermostat,ST-200Eco,Our Smart Thermostat ST-200Eco makes a clicking sound and then stops cooling. House temp is at 72°F. Children are uncomfortable.,Orlando,Florida,Commercial,Resolved,,Phone,Void,38.22263712366035,3.5
HVAC-2024-02161,Susan Martin,2024-04-07 06:23:00,Furnace,FRN-7500Pro,Our new Furnace FRN-7500Pro installation is terrible. The condensate drain was connected wrong and water is leaking into the ceiling.,Kansas City,Missouri,Commercial,Escalated,,Survey,Expired,,4.3
HVAC-2024-02162,Susan Edwards,2024-06-25 10:52:00,Heat Pump,HP-4200Max,Loud buzzing/humming noise coming from the outdoor unit HP-4200Max. Neighbors have complained about the noise level.,Milwaukee,Wisconsin,Commercial,Resolved,Inspected unit on-site. Found failed control board. Replaced control board. System operational now.,Email,Expired,121.34152952126645,3.9
HVAC-2025-02163,Emily White,2025-02-12 07:11:00,Air Handler,AH-5000Elite,My Air Handler AH-5000Elite compressor failed after 32 months. Company refusing to honor the 10-year warranty claim.,Buffalo,New York,Industrial,Resolved,,Service Portal,Expired,142.67324794502875,2.5
HVAC-2024-02164,George Robinson,2024-04-24 22:04:00,Packaged HVAC Unit,PKG-9000Ultra,The Packaged HVAC Unit PKG-9000Ultra makes a high-pitched squealing noise during operation. We cannot sleep or work from home because of it.,Portland,Oregon,Residential,Resolved,,Phone,Extended,319.1106204269635,3.3
HVAC-2024-02165,Matthew White,2024-03-26 21:29:00,Smart Thermostat,ST-300Pro,"Complete system failure of our Smart Thermostat ST-300Pro. No power, no response, totally dead. Building has no climate control.",Pittsburgh,Pennsylvania,Commercial,Resolved,Inspected unit on-site. Found burned-out fan motor. Replaced capacitor. System operational now.,Chat,Active,12.496803277262341,1.7
HVAC-2024-02166,Carolyn Turner,2024-05-14 18:28:00,Rooftop Unit,RTU-15000Ultra,Our Rooftop Unit RTU-15000Ultra stopped heating entirely during the coldest week of winter. Indoor temp dropped to 92°F. This is a safety concern.,Kansas City,Missouri,Residential,Closed,Inspected unit on-site. Found dirty air filter causing restricted airflow. Replaced condenser coil. System operational now.,Phone,Expired,82.66552012911383,1.6
HVAC-2025-02167,Amanda Stewart,2025-06-26 07:49:00,Air Handler,AH-2000S,The AH-2000S furnace is blowing cold air instead of warm. It's 46°F inside and we have elderly family members at home.,Houston,Texas,Residential,Resolved,Routine inspection revealed faulty capacitor. Cleaned coils and replaced filters. System performance improved but flame sensor showing wear.,Phone,Active,50.00744105262923,2.7
HVAC-2024-02168,Nicole Cruz,2024-08-21 21:02:00,Ductless Mini-Split,DMS-1500S,The indoor unit of our Ductless Mini-Split DMS-1500S produces a constant whistling noise. Very annoying and disruptive.,Tucson,Arizona,Residential,In Progress,Inspected unit on-site. Found loose electrical connections. Replaced drain pan. System operational now.,Email,Extended,22.219185466730508,2.3
HVAC-2024-02169,Brandon Martin,2024-07-09 14:39:00,Boiler,BLR-7000E,"The Boiler BLR-7000E was installed incorrectly. Ductwork is leaking air, and the unit was placed in the wrong location.",St. Louis,Missouri,Residential,Resolved,,Phone,Expired,34.62459175001851,3.7
HVAC-2024-02170,Betty Young,2024-04-19 08:45:00,Furnace,FRN-7500Pro,Loud buzzing/humming noise coming from the outdoor unit FRN-7500Pro. Neighbors have complained about the noise level.,Kansas City,Missouri,Industrial,Open,Inspected unit on-site. Found cracked heat exchanger. Replaced heat exchanger. System operational now.,Email,Active,,4.7
HVAC-2025-02171,Brandon Wilson,2025-02-19 14:26:00,Packaged HVAC Unit,PKG-9000Ultra,The indoor unit of our Packaged HVAC Unit PKG-9000Ultra produces a constant whistling noise. Very annoying and disruptive.,Chicago,Illinois,Commercial,Closed,,Chat,Expired,45.19473316919973,4.9
HVAC-2024-02172,Stephen Cruz,2024-09-05 17:28:00,Boiler,BLR-5000S,Our BLR-5000S compressor makes a terrible clicking and vibrating noise. It gets worse at night. Multiple complaints from family.,Las Vegas,Nevada,Residential,In Progress,,Chat,Expired,319.861328069178,2.8
HVAC-2025-02173,Sarah Nelson,2025-09-01 15:44:00,Boiler,BLR-8000HE,"After the technician visited last week, the BLR-8000HE still isn't cooling properly. This is our 5th service call for the same issue.",Buffalo,New York,Residential,Open,Warranty repair completed. blocked condenser coil was covered. Replaced refrigerant line set. System tested and operational.,Email,Active,,2.4
HVAC-2025-02174,Emily Wright,2025-05-17 17:56:00,VRF System,VRF-25000Ultra,The VRF System VRF-25000Ultra is making an extremely loud grinding noise that wakes us up at night. It's been going on for 28 days.,Denver,Colorado,Residential,Closed,Performed diagnostics on VRF-25000Ultra. burned-out fan motor detected. Recommended duct sealing and insulation. Customer approved repair.,Phone,Active,262.36830956485903,2.1
HVAC-2025-02175,Timothy Clark,2025-01-17 22:59:00,Ductless Mini-Split,DMS-900Eco,The Ductless Mini-Split DMS-900Eco thermostat's geofencing feature stopped working. AC runs all day even when nobody is home. Wasting energy.,Oklahoma City,Oklahoma,Residential,Resolved,Customer complaint verified. faulty capacitor confirmed. Ordered replacement thermostat. Follow-up scheduled in 3 days.,Phone,Active,215.49539772130217,4.8
HVAC-2024-02176,Michelle Morris,2024-12-05 11:59:00,Ductless Mini-Split,DMS-900Eco,The cooling capacity of our DMS-900Eco has dropped significantly. Rooms are at 65°F despite running 24/7. Need immediate service.,Cleveland,Ohio,Residential,Closed,,Email,Active,40.863549985051364,1.7
HVAC-2025-02177,Anthony Collins,2025-06-08 11:57:00,VRF System,VRF-10000S,The VRF System VRF-10000S thermostat's geofencing feature stopped working. AC runs all day even when nobody is home. Wasting energy.,Oklahoma City,Oklahoma,Residential,Escalated,Inspected unit on-site. Found dirty air filter causing restricted airflow. Replaced capacitor. System operational now.,Phone,Active,,4.3
HVAC-2025-02178,Joseph Carter,2025-07-02 19:40:00,Rooftop Unit,RTU-15000Ultra,The RTU-15000Ultra is consuming way too much energy. Our utility bill went from $147 to $480 per month since installation.,St. Louis,Missouri,Commercial,Resolved,Inspected unit on-site. Found compressor failure. Replaced evaporator coil. System operational now.,Phone,Expired,274.91618795027256,2.2
HVAC-2024-02179,Robert Miller,2024-08-14 19:58:00,Rooftop Unit,RTU-12000X,The Rooftop Unit (RTU-12000X) stopped providing cold air yesterday. It's blowing warm air instead. Our office is unbearable at 87°F.,Indianapolis,Indiana,Commercial,Resolved,Warranty repair completed. defective expansion valve was covered. Replaced thermostat. System tested and operational.,Email,Extended,42.267619027554616,3.5
HVAC-2025-02180,Nicholas Mitchell,2025-02-04 08:34:00,Air Handler,AH-5000Elite,The Air Handler AH-5000Elite smart thermostat keeps disconnecting from WiFi. Cannot control temperature remotely anymore.,Raleigh,North Carolina,Commercial,Open,,Phone,Expired,,4.6
HVAC-2025-02181,Jeffrey Parker,2025-02-15 07:47:00,VRF System,VRF-15000Pro,Scheduled maintenance for VRF System VRF-15000Pro was missed twice. No one contacted us to reschedule. Very poor service.,Las Vegas,Nevada,Residential,Open,Warranty repair completed. dirty air filter causing restricted airflow was covered. Replaced control board. System tested and operational.,Chat,Active,,3.4
HVAC-2024-02182,Jessica Lee,2024-08-26 21:10:00,Smart Thermostat,ST-200Eco,The Smart Thermostat ST-200Eco is making an extremely loud grinding noise that wakes us up at night. It's been going on for 11 days.,Indianapolis,Indiana,Commercial,Escalated,Multiple issues found: clogged condensate drain. Complete overhaul recommended. Estimate provided to customer. Awaiting approval.,Phone,Void,,4.1
HVAC-2024-02183,George Carter,2024-06-02 08:10:00,Smart Thermostat,ST-500AI,The Smart Thermostat ST-500AI thermostat's geofencing feature stopped working. AC runs all day even when nobody is home. Wasting energy.,Las Vegas,Nevada,Industrial,In Progress,Customer complaint verified. compressor failure confirmed. Ordered replacement condenser coil. Follow-up scheduled in 7 days.,Email,Expired,83.29631751577556,3.4
HVAC-2025-02184,Amy Lewis,2025-07-16 07:33:00,Packaged HVAC Unit,PKG-9000Ultra,The heat pump PKG-9000Ultra is not providing adequate heating. House is at 58°F despite thermostat set to 72°F. Very concerned about pipes freezing.,Dallas,Texas,Residential,Resolved,Inspected unit on-site. Found loose electrical connections. Replaced refrigerant line set. System operational now.,CRM,Expired,112.98177337814913,3.1
HVAC-2025-02185,Thomas Gonzalez,2025-08-10 11:30:00,Air Handler,AH-3500E,Heating system AH-3500E fails to ignite. We've tried resetting multiple times. Temperature is dangerously low at 64°F.,Orlando,Florida,Residential,Open,Inspected unit on-site. Found refrigerant leak in evaporator coil. Replaced thermostat. System operational now.,Chat,Void,,2.2
HVAC-2025-02186,Karen Scott,2025-11-19 11:28:00,Smart Thermostat,ST-300Pro,We chose the Smart Thermostat ST-300Pro specifically for its energy star rating but our bills have skyrocketed by 47% this quarter.,Boston,Massachusetts,Residential,In Progress,,Survey,Extended,70.08737685851032,4.4
HVAC-2025-02187,Kimberly Gonzalez,2025-05-22 10:43:00,Furnace,FRN-7500Pro,My Furnace model FRN-7500Pro is not cooling at all. The house temperature is 71°F and it won't go below that. We've been suffering in this heat for 24 days now.,Cincinnati,Ohio,Residential,Closed,Customer complaint verified. refrigerant leak in evaporator coil confirmed. Ordered replacement thermostat. Follow-up scheduled in 12 days.,Email,Active,139.60256799449965,3.2
HVAC-2025-02188,Paul Roberts,2025-01-19 13:50:00,Rooftop Unit,RTU-8000Pro,"After maintenance on our RTU-8000Pro, the system performance got worse. The technician may have damaged something.",San Antonio,Texas,Commercial,Resolved,,Survey,Expired,54.91563611806466,4.9
HVAC-2024-02189,Jeffrey Roberts,2024-09-13 22:41:00,Ductless Mini-Split,DMS-1200Q,The DMS-1200Q installation crew was unprofessional and left refrigerant lines exposed. System is now leaking refrigerant.,Nashville,Tennessee,Industrial,Resolved,,Phone,Expired,44.67060674258124,3.1
HVAC-2024-02190,Donald Jackson,2024-12-07 11:58:00,Smart Thermostat,ST-400Plus,Heating failure on our commercial ST-400Plus. Building occupants complaining about 50°F temperatures. Multiple offices affected.,Richmond,Virginia,Residential,Resolved,Routine inspection revealed thermostat malfunction. Cleaned coils and replaced filters. System performance improved but contactor showing wear.,Service Portal,Active,51.553329519993646,1.9
HVAC-2025-02191,Dorothy Lee,2025-09-20 06:34:00,Central Air Conditioner,CAC-2500E,The maintenance technician for our CAC-2500E didn't bring the right parts and left the job incomplete. Still waiting for resolution.,Nashville,Tennessee,Commercial,In Progress,Customer complaint verified. worn compressor bearings confirmed. Ordered replacement drain pan. Follow-up scheduled in 11 days.,Social Media,Active,156.14549824904964,2.3
HVAC-2025-02192,Scott Phillips,2025-08-19 08:51:00,Central Air Conditioner,CAC-4000S,The CAC-4000S installation crew was unprofessional and left refrigerant lines exposed. System is now leaking refrigerant.,Chicago,Illinois,Commercial,In Progress,Emergency service call. Found dirty air filter causing restricted airflow. Temporary fix applied. Permanent repair requires evaporator coil — on backorder.,Email,Void,67.55644609607299,4.4
HVAC-2024-02193,Sarah Hernandez,2024-07-15 12:59:00,Heat Pump,HP-2800Plus,The HP-2800Plus was installed 9 weeks ago but the installer used the wrong size ducts. System is extremely inefficient now.,Boston,Massachusetts,Industrial,Closed,Unit is beyond repair. electrical short in wiring harness too severe. Recommended full system replacement with commercial-grade RTU-15000Ultra.,Service Portal,Active,16.002975683781237,4.2
HVAC-2025-02194,Brian Anderson,2025-08-05 19:31:00,Heat Pump,HP-2800Plus,Integration between HP-2800Plus and our home automation system broke after the last update. None of the smart features work now.,Louisville,Kentucky,Residential,Open,,Email,Extended,,2.9
HVAC-2024-02195,Debra Martinez,2024-08-25 21:35:00,Air Handler,AH-3000X,AC unit AH-3000X has completely stopped cooling. Thermostat shows 85°F but the system is running constantly. Very frustrated.,Chicago,Illinois,Industrial,Open,Warranty repair completed. defective expansion valve was covered. Replaced control board. System tested and operational.,Email,Expired,,3.5
HVAC-2025-02196,Benjamin Reyes,2025-08-16 16:24:00,VRF System,VRF-15000Pro,The maintenance technician for our VRF-15000Pro didn't bring the right parts and left the job incomplete. Still waiting for resolution.,Indianapolis,Indiana,Residential,Resolved,Inspected unit on-site. Found failed ignition system. Replaced fan motor. System operational now.,Chat,Active,169.01471552505944,4.1
HVAC-2025-02197,Samuel Green,2025-12-03 18:09:00,Furnace,FRN-8500Elite,Our Furnace FRN-8500Elite heating stopped working mid-winter. We have a newborn baby and the temp is 48°F inside. URGENT help needed!,Albuquerque,New Mexico,Residential,In Progress,Warranty repair completed. blocked condenser coil was covered. Replaced reversing valve. System tested and operational.,Chat,Extended,38.29490837130564,2.4
HVAC-2024-02198,Catherine Campbell,2024-01-03 14:50:00,Heat Pump,HP-3500Elite,The Heat Pump HP-3500Elite is making an extremely loud grinding noise that wakes us up at night. It's been going on for 1 days.,Louisville,Kentucky,Residential,Resolved,Routine inspection revealed thermostat malfunction. Cleaned coils and replaced filters. System performance improved but control board showing wear.,Phone,Expired,119.10053643494246,3.8
HVAC-2025-02199,Laura Nelson,2025-12-18 14:57:00,Ductless Mini-Split,DMS-2400Max,The DMS-2400Max is consuming way too much energy. Our utility bill went from $140 to $415 per month since installation.,Kansas City,Missouri,Industrial,Closed,Emergency service call. Found burned-out fan motor. Temporary fix applied. Permanent repair requires evaporator coil — on backorder.,Phone,Active,303.5172613989462,3.6
HVAC-2025-02200,Katherine Mitchell,2025-02-16 16:43:00,Packaged HVAC Unit,PKG-9000Ultra,Our annual service contract for Packaged HVAC Unit PKG-9000Ultra has not been honored. Three scheduled visits were cancelled without notice.,Minneapolis,Minnesota,Residential,Open,Routine inspection revealed refrigerant leak in evaporator coil. Cleaned coils and replaced filters. System performance improved but compressor showing wear.,Chat,Expired,,2.9
HVAC-2024-02201,Elizabeth Diaz,2024-06-28 14:45:00,Central Air Conditioner,CAC-4000S,Our Central Air Conditioner CAC-4000S had a catastrophic compressor failure. Loud bang followed by complete shutdown. Potential safety hazard.,Las Vegas,Nevada,Industrial,Escalated,,Email,Active,,2.2
HVAC-2024-02202,Susan Hill,2024-09-28 15:33:00,Furnace,FRN-7500Pro,AC unit FRN-7500Pro has completely stopped cooling. Thermostat shows 65°F but the system is running constantly. Very frustrated.,Miami,Florida,Residential,Resolved,Routine inspection revealed failed control board. Cleaned coils and replaced filters. System performance improved but reversing valve showing wear.,Email,Void,110.56465512527518,2.6
HVAC-2025-02203,Nicole Miller,2025-07-01 14:17:00,Furnace,FRN-9800HE,Our FRN-9800HE compressor makes a terrible clicking and vibrating noise. It gets worse at night. Multiple complaints from family.,San Antonio,Texas,Industrial,Escalated,,Chat,Expired,,2.7
HVAC-2024-02204,Lisa Diaz,2024-12-05 16:50:00,Rooftop Unit,RTU-12000X,"After annual maintenance, our Rooftop Unit RTU-12000X stopped heating. Now at 46°F. This was working fine before the tech came.",Cincinnati,Ohio,Commercial,In Progress,Inspected unit on-site. Found failed ignition system. Replaced condenser coil. System operational now.,Email,Expired,86.90478278596775,2.1
HVAC-2024-02205,Karen Reyes,2024-08-03 17:02:00,Furnace,FRN-9800HE,The Furnace FRN-9800HE makes a high-pitched squealing noise during operation. We cannot sleep or work from home because of it.,Detroit,Michigan,Commercial,Closed,Multiple issues found: frozen evaporator coil. Complete overhaul recommended. Estimate provided to customer. Awaiting approval.,CRM,Active,294.20279106823983,2.8
HVAC-2024-02206,Jack Mitchell,2024-12-26 06:45:00,Boiler,BLR-8000HE,"Total system failure on our BLR-8000HE. Fan motor, compressor, and control board all failed simultaneously. Suspecting electrical issue.",Nashville,Tennessee,Industrial,Resolved,,Phone,Active,85.02272995908692,1.2
HVAC-2024-02207,Alexander Edwards,2024-07-14 19:32:00,Air Handler,AH-2000S,My Air Handler AH-2000S compressor failed after 32 months. Company refusing to honor the 5-year warranty claim.,Miami,Florida,Residential,In Progress,,Phone,Expired,255.76052126807397,2.4
HVAC-2025-02208,Matthew Carter,2025-08-02 19:11:00,Furnace,FRN-8500Elite,The pilot light on our FRN-8500Elite keeps going out. Furnace won't stay on. House temperature dropping to 93°F overnight.,Cleveland,Ohio,Commercial,Resolved,Performed diagnostics on FRN-8500Elite. blocked condenser coil detected. Recommended warranty claim processing. Customer approved repair.,Email,Extended,90.30540803984675,2.4
HVAC-2025-02209,Rebecca Flores,2025-10-15 08:23:00,Heat Pump,HP-2200DX,My Heat Pump model HP-2200DX is not cooling at all. The house temperature is 51°F and it won't go below that. We've been suffering in this heat for 16 days now.,Columbus,Ohio,Commercial,In Progress,Unit is beyond repair. refrigerant leak in evaporator coil too severe. Recommended full system replacement with latest VRF-25000Ultra system.,Phone,Expired,98.33545827970273,2.1
HVAC-2024-02210,Stephanie Moore,2024-12-19 16:38:00,VRF System,VRF-20000X,Our VRF System VRF-20000X lost all refrigerant. The system is 22 months old. Suspected manufacturing defect in the line set.,Cleveland,Ohio,Commercial,Open,,Email,Extended,,1.8
HVAC-2025-02211,Katherine Martin,2025-08-24 06:27:00,Smart Thermostat,ST-500AI,Our electricity bill has increased by 80% since installing the Smart Thermostat ST-500AI. This unit was supposed to be energy efficient.,Tampa,Florida,Residential,Resolved,Unit is beyond repair. defective expansion valve too severe. Recommended full system replacement with commercial-grade RTU-15000Ultra.,Service Portal,Expired,318.87656830084234,2.0
HVAC-2025-02212,Emma Scott,2025-01-27 21:40:00,VRF System,VRF-10000S,R-410A refrigerant leak detected in VRF-10000S. Cooling performance has degraded and we're worried about environmental impact.,Miami,Florida,Residential,Resolved,Routine inspection revealed failed ignition system. Cleaned coils and replaced filters. System performance improved but fan motor showing wear.,Social Media,Void,78.43020217037854,1.6
HVAC-2024-02213,Patricia Hall,2024-10-12 19:17:00,Boiler,BLR-5000S,Heating failure on our commercial BLR-5000S. Building occupants complaining about 61°F temperatures. Multiple offices affected.,Chicago,Illinois,Commercial,Resolved,Emergency service call. Found dirty air filter causing restricted airflow. Temporary fix applied. Permanent repair requires expansion valve — on backorder.,Phone,Void,37.029078639712125,2.9
HVAC-2024-02214,Joseph Morris,2024-10-22 10:17:00,Air Handler,AH-3500E,"After annual maintenance, our Air Handler AH-3500E stopped heating. Now at 61°F. This was working fine before the tech came.",Dallas,Texas,Residential,Resolved,Emergency service call. Found blocked condenser coil. Temporary fix applied. Permanent repair requires expansion valve — on backorder.,Email,Expired,52.62597527239816,2.5
HVAC-2024-02215,Richard Jackson,2024-02-01 13:40:00,Furnace,FRN-9800HE,The Furnace FRN-9800HE smart thermostat keeps disconnecting from WiFi. Cannot control temperature remotely anymore.,Pittsburgh,Pennsylvania,Residential,Escalated,Warranty repair completed. refrigerant leak in evaporator coil was covered. Replaced drain pan. System tested and operational.,Chat,Extended,,3.8
HVAC-2024-02216,Michelle Nelson,2024-01-07 09:09:00,Boiler,BLR-5000S,"After annual maintenance, our Boiler BLR-5000S stopped heating. Now at 86°F. This was working fine before the tech came.",Dallas,Texas,Commercial,Closed,Performed diagnostics on BLR-5000S. low refrigerant charge detected. Recommended warranty claim processing. Customer approved repair.,Phone,Active,24.636583356909075,3.3
HVAC-2025-02217,Samantha Torres,2025-07-03 09:18:00,Central Air Conditioner,CAC-5000Pro,Warranty claim for CAC-5000Pro was denied citing 'improper installation' even though their own certified technician installed it.,Louisville,Kentucky,Residential,Resolved,Performed diagnostics on CAC-5000Pro. burned-out fan motor detected. Recommended coil replacement. Customer approved repair.,Social Media,Expired,282.3777055594359,2.5
HVAC-2024-02218,Samuel Reyes,2024-07-24 19:34:00,Rooftop Unit,RTU-12000X,Heating system RTU-12000X fails to ignite. We've tried resetting multiple times. Temperature is dangerously low at 86°F.,Tucson,Arizona,Residential,Resolved,,Phone,Active,12.243752814170076,3.2
HVAC-2024-02219,Nicholas Clark,2024-12-05 20:10:00,Packaged HVAC Unit,PKG-9000Ultra,"Complete system failure of our Packaged HVAC Unit PKG-9000Ultra. No power, no response, totally dead. Building has no climate control.",San Antonio,Texas,Commercial,Escalated,,Chat,Active,,2.9
HVAC-2025-02220,Sarah Roberts,2025-06-03 18:18:00,Air Handler,AH-2000S,The pilot light on our AH-2000S keeps going out. Furnace won't stay on. House temperature dropping to 49°F overnight.,Buffalo,New York,Residential,Escalated,,Phone,Active,,2.8
HVAC-2025-02221,Michael Clark,2025-04-26 16:13:00,Smart Thermostat,ST-300Pro,Our Smart Thermostat ST-300Pro makes a clicking sound and then stops cooling. House temp is at 95°F. Children are uncomfortable.,St. Louis,Missouri,Commercial,Escalated,Inspected unit on-site. Found failed control board. Replaced reversing valve. System operational now.,Phone,Extended,,1.9
HVAC-2024-02222,Andrew Morris,2024-01-07 09:09:00,Heat Pump,HP-3500Elite,The Heat Pump (HP-3500Elite) stopped providing cold air yesterday. It's blowing warm air instead. Our office is unbearable at 92°F.,Salt Lake City,Utah,Residential,Escalated,,Social Media,Active,,3.3
HVAC-2024-02223,Jason Hall,2024-01-20 13:24:00,Central Air Conditioner,CAC-2500E,The cooling capacity of our CAC-2500E has dropped significantly. Rooms are at 71°F despite running 24/7. Need immediate service.,Detroit,Michigan,Residential,Closed,,Survey,Void,164.03319807779835,2.3
HVAC-2024-02224,Katherine Phillips,2024-03-28 21:57:00,Packaged HVAC Unit,PKG-4000S,The pilot light on our PKG-4000S keeps going out. Furnace won't stay on. House temperature dropping to 82°F overnight.,Jacksonville,Florida,Residential,Resolved,Performed diagnostics on PKG-4000S. low refrigerant charge detected. Recommended compressor swap. Customer approved repair.,Email,Active,17.262872656401157,2.7
HVAC-2025-02225,Kathleen Clark,2025-07-17 16:37:00,Boiler,BLR-6500Pro,Loud buzzing/humming noise coming from the outdoor unit BLR-6500Pro. Neighbors have complained about the noise level.,Cleveland,Ohio,Residential,Open,Multiple issues found: worn compressor bearings. Complete overhaul recommended. Estimate provided to customer. Awaiting approval.,Chat,Active,,4.5
HVAC-2024-02226,Daniel Sanchez,2024-06-23 14:43:00,Smart Thermostat,ST-300Pro,"After annual maintenance, our Smart Thermostat ST-300Pro stopped heating. Now at 68°F. This was working fine before the tech came.",Milwaukee,Wisconsin,Commercial,Escalated,Unit is beyond repair. defective expansion valve too severe. Recommended full system replacement with upgraded HP-4200Max system.,Phone,Active,,2.6
HVAC-2025-02227,Emily Thomas,2025-04-10 08:17:00,Packaged HVAC Unit,PKG-6500E,Maintenance was performed on PKG-6500E but the filter was not replaced and the coils were not cleaned. Paid full price for incomplete work.,Richmond,Virginia,Industrial,Escalated,,Email,Expired,,4.2
HVAC-2025-02228,Carol Brown,2025-10-05 16:53:00,Ductless Mini-Split,DMS-2400Max,"Installer damaged our wall and ceiling during Ductless Mini-Split DMS-2400Max installation. Also, the system is not balanced — one room is freezing while another is hot.",Seattle,Washington,Commercial,Open,Routine inspection revealed frozen evaporator coil. Cleaned coils and replaced filters. System performance improved but filter drier showing wear.,Phone,Void,,2.4
HVAC-2024-02229,Cynthia Wright,2024-11-21 18:13:00,Ductless Mini-Split,DMS-1200Q,The DMS-1200Q evaporator coil is leaking refrigerant again. This has been repaired twice already. Need a permanent solution.,Miami,Florida,Residential,Closed,Emergency service call. Found failed control board. Temporary fix applied. Permanent repair requires thermostat — on backorder.,Phone,Extended,63.92285438395029,2.7
HVAC-2024-02230,William Thomas,2024-12-18 22:33:00,Air Handler,AH-3000X,Our Air Handler AH-3000X heating stopped working mid-winter. We have a newborn baby and the temp is 70°F inside. URGENT help needed!,Phoenix,Arizona,Commercial,Resolved,Multiple issues found: compressor failure. Complete overhaul recommended. Estimate provided to customer. Awaiting approval.,Chat,Expired,10.495037688689282,3.4
HVAC-2024-02231,Brandon Taylor,2024-08-06 20:29:00,Packaged HVAC Unit,PKG-5500Pro,Extended warranty for Packaged HVAC Unit PKG-5500Pro was supposed to cover all parts and labor. Now they're saying refrigerant isn't covered.,St. Louis,Missouri,Residential,Open,Routine inspection revealed dirty air filter causing restricted airflow. Cleaned coils and replaced filters. System performance improved but fan motor showing wear.,Email,Extended,,1.8
HVAC-2025-02232,Justin Allen,2025-02-06 07:02:00,VRF System,VRF-20000X,"After annual maintenance, our VRF System VRF-20000X stopped heating. Now at 83°F. This was working fine before the tech came.",Portland,Oregon,Residential,Closed,Performed diagnostics on VRF-20000X. failed control board detected. Recommended warranty claim processing. Customer approved repair.,Social Media,Expired,104.42496370501462,3.0
HVAC-2024-02233,Patrick Smith,2024-11-12 21:41:00,VRF System,VRF-25000Ultra,The VRF System (VRF-25000Ultra) stopped providing cold air yesterday. It's blowing warm air instead. Our office is unbearable at 50°F.,Miami,Florida,Industrial,In Progress,,Social Media,Extended,29.46179807302806,2.0
HVAC-2024-02234,Brandon White,2024-08-28 11:12:00,Ductless Mini-Split,DMS-1200Q,R-410A refrigerant leak detected in DMS-1200Q. Cooling performance has degraded and we're worried about environmental impact.,Los Angeles,California,Commercial,Open,Routine inspection revealed dirty air filter causing restricted airflow. Cleaned coils and replaced filters. System performance improved but control board showing wear.,Email,Active,,2.1
HVAC-2025-02235,Janet Clark,2025-01-18 09:10:00,Smart Thermostat,ST-200Eco,The ST-200Eco is consuming way too much energy. Our utility bill went from $189 to $337 per month since installation.,Oklahoma City,Oklahoma,Commercial,In Progress,Inspected unit on-site. Found frozen evaporator coil. Replaced capacitor. System operational now.,Phone,Void,92.15640834801825,4.0
HVAC-2025-02236,Jessica King,2025-01-04 19:13:00,Heat Pump,HP-4200Max,Our HP-4200Max is supposed to be a high-efficiency unit but we're paying more than with our old system. Very misleading marketing.,Orlando,Florida,Residential,Open,Multiple issues found: faulty reversing valve. Complete overhaul recommended. Estimate provided to customer. Awaiting approval.,Phone,Active,,4.0
HVAC-2025-02237,Donald White,2025-05-11 13:50:00,Central Air Conditioner,CAC-4000S,The Central Air Conditioner CAC-4000S parts warranty should cover this repair but the dealer says it's a labor issue. Total runaround for 3 weeks.,Memphis,Tennessee,Residential,In Progress,Routine inspection revealed low refrigerant charge. Cleaned coils and replaced filters. System performance improved but control board showing wear.,Social Media,Expired,207.4401343587751,1.8
HVAC-2024-02238,James Stewart,2024-07-22 11:07:00,Furnace,FRN-7500Pro,Maintenance was performed on FRN-7500Pro but the filter was not replaced and the coils were not cleaned. Paid full price for incomplete work.,Columbus,Ohio,Residential,Escalated,Inspected unit on-site. Found faulty capacitor. Replaced condenser coil. System operational now.,Email,Active,,3.9
HVAC-2024-02239,Angela Brown,2024-08-23 10:46:00,Central Air Conditioner,CAC-3000X,"After the technician visited last week, the CAC-3000X still isn't cooling properly. This is our 3rd service call for the same issue.",Pittsburgh,Pennsylvania,Commercial,Resolved,Unit is beyond repair. faulty capacitor too severe. Recommended full system replacement with latest VRF-25000Ultra system.,Phone,Expired,119.5282116640129,2.4
HVAC-2025-02240,Ronald Roberts,2025-01-04 16:21:00,VRF System,VRF-15000Pro,The VRF-15000Pro furnace is blowing cold air instead of warm. It's 65°F inside and we have elderly family members at home.,Raleigh,North Carolina,Residential,Resolved,Inspected unit on-site. Found electrical short in wiring harness. Replaced igniter. System operational now.,Email,Active,19.825313614112133,2.0
HVAC-2024-02241,Jeffrey Walker,2024-04-26 17:09:00,Rooftop Unit,RTU-12000X,The pilot light on our RTU-12000X keeps going out. Furnace won't stay on. House temperature dropping to 72°F overnight.,Dallas,Texas,Residential,In Progress,Unit is beyond repair. corroded heat exchanger too severe. Recommended full system replacement with upgraded HP-4200Max system.,Phone,Active,63.57288648757435,2.7
HVAC-2024-02242,Donna Robinson,2024-07-27 22:06:00,Furnace,FRN-6000S,Integration between FRN-6000S and our home automation system broke after the last update. None of the smart features work now.,Richmond,Virginia,Commercial,Resolved,Warranty repair completed. failed control board was covered. Replaced capacitor. System tested and operational.,Chat,Expired,20.218464537775816,2.7
HVAC-2024-02243,Charles Jones,2024-11-22 21:02:00,Central Air Conditioner,CAC-6000Ultra,Our Central Air Conditioner CAC-6000Ultra makes a clicking sound and then stops cooling. House temp is at 78°F. Children are uncomfortable.,Cleveland,Ohio,Industrial,Resolved,Inspected unit on-site. Found clogged condensate drain. Replaced igniter. System operational now.,Email,Expired,147.87622599938638,3.1
HVAC-2024-02244,Rachel Murphy,2024-06-06 14:59:00,Central Air Conditioner,CAC-2500E,Our CAC-2500E failed within the first year and the company is blaming us for the failure. This is clearly a manufacturing defect.,Nashville,Tennessee,Commercial,Closed,Performed diagnostics on CAC-2500E. refrigerant leak in evaporator coil detected. Recommended system recalibration. Customer approved repair.,Email,Expired,325.2031105304397,1.2
HVAC-2024-02245,Amanda Cruz,2024-01-08 10:57:00,Boiler,BLR-6500Pro,"The BLR-6500Pro runs continuously without cycling off, leading to massive energy bills. Something is wrong with the efficiency.",Indianapolis,Indiana,Residential,Resolved,Unit is beyond repair. defective expansion valve too severe. Recommended full system replacement with latest VRF-25000Ultra system.,Social Media,Active,234.86606573632105,3.3
HVAC-2025-02246,Brenda Hill,2025-06-28 06:30:00,Rooftop Unit,RTU-12000X,The Rooftop Unit RTU-12000X is making an extremely loud grinding noise that wakes us up at night. It's been going on for 27 days.,Columbus,Ohio,Commercial,In Progress,Inspected unit on-site. Found defective expansion valve. Replaced reversing valve. System operational now.,Email,Expired,65.76312254229802,2.5
HVAC-2024-02247,Sarah Torres,2024-06-18 12:37:00,Furnace,FRN-7500Pro,Heating system FRN-7500Pro fails to ignite. We've tried resetting multiple times. Temperature is dangerously low at 72°F.,Sacramento,California,Commercial,In Progress,,Chat,Void,60.90238389398631,2.9
HVAC-2024-02248,George Young,2024-02-11 09:36:00,Ductless Mini-Split,DMS-1500S,The cooling capacity of our DMS-1500S has dropped significantly. Rooms are at 86°F despite running 24/7. Need immediate service.,Sacramento,California,Residential,Resolved,Emergency service call. Found faulty capacitor. Temporary fix applied. Permanent repair requires relay switch — on backorder.,Phone,Extended,53.970465874895915,1.6
HVAC-2024-02249,Sarah White,2024-08-10 22:34:00,Rooftop Unit,RTU-10000E,The RTU-10000E evaporator coil is leaking refrigerant again. This has been repaired twice already. Need a permanent solution.,Phoenix,Arizona,Residential,Resolved,Multiple issues found: electrical short in wiring harness. Complete overhaul recommended. Estimate provided to customer. Awaiting approval.,Phone,Active,59.60192185903625,1.8
HVAC-2025-02250,Gary Walker,2025-01-22 09:38:00,Central Air Conditioner,CAC-3000X,The CAC-3000X was installed 8 weeks ago but the installer used the wrong size ducts. System is extremely inefficient now.,Detroit,Michigan,Commercial,Closed,,Phone,Expired,36.07945943051709,4.0
HVAC-2025-02251,Nancy Green,2025-07-07 09:01:00,Packaged HVAC Unit,PKG-4000S,Post-installation inspection revealed that the Packaged HVAC Unit PKG-4000S was installed without proper drainage. Basement flooding has occurred.,Oklahoma City,Oklahoma,Residential,In Progress,Warranty repair completed. blocked condenser coil was covered. Replaced refrigerant line set. System tested and operational.,Social Media,Void,160.0091002675437,2.5
HVAC-2024-02252,Amy Lee,2024-08-18 18:27:00,Rooftop Unit,RTU-15000Ultra,The Rooftop Unit RTU-15000Ultra is making an extremely loud grinding noise that wakes us up at night. It's been going on for 1 days.,Houston,Texas,Industrial,Open,,Survey,Active,,3.0
HVAC-2025-02253,Margaret Garcia,2025-01-07 15:00:00,Heat Pump,HP-4200Max,Our HP-4200Max smart thermostat firmware update bricked the device. Screen is blank and we can't control our HVAC system at all.,Columbus,Ohio,Residential,Resolved,,Phone,Active,278.13693602392493,4.5
HVAC-2025-02254,William Cruz,2025-02-27 15:54:00,Heat Pump,HP-2200DX,"The HP-2200DX runs continuously without cycling off, leading to massive energy bills. Something is wrong with the efficiency.",Orlando,Florida,Commercial,Resolved,,Chat,Active,246.58949771685164,3.8
HVAC-2024-02255,Kenneth Collins,2024-03-11 22:06:00,Central Air Conditioner,CAC-5000Pro,Filed a warranty claim for our CAC-5000Pro 12 months ago. No response from the warranty department despite 6 follow-up calls.,Albuquerque,New Mexico,Residential,Open,Customer complaint verified. faulty reversing valve confirmed. Ordered replacement control board. Follow-up scheduled in 8 days.,Email,Active,,1.0
HVAC-2024-02256,Amanda Garcia,2024-07-03 16:10:00,Rooftop Unit,RTU-8000Pro,Our Rooftop Unit RTU-8000Pro is leaking refrigerant. Green residue visible on the outdoor unit. Children play near it — very concerned about safety.,Boston,Massachusetts,Residential,Closed,Inspected unit on-site. Found refrigerant leak in evaporator coil. Replaced igniter. System operational now.,Phone,Active,57.021767154261525,1.9
HVAC-2024-02257,Robert Walker,2024-07-09 11:33:00,Ductless Mini-Split,DMS-1200Q,Our DMS-1200Q has developed a loud rattling sound when it cycles on. The noise level is unbearable and affects our daily life.,Tampa,Florida,Residential,In Progress,Performed diagnostics on DMS-1200Q. compressor failure detected. Recommended coil replacement. Customer approved repair.,Service Portal,Active,166.28250090181643,2.9
HVAC-2024-02258,Rachel Stewart,2024-01-24 10:01:00,Central Air Conditioner,CAC-3000X,Our Central Air Conditioner CAC-3000X makes a clicking sound and then stops cooling. House temp is at 95°F. Children are uncomfortable.,Pittsburgh,Pennsylvania,Residential,Resolved,Routine inspection revealed damaged ductwork. Cleaned coils and replaced filters. System performance improved but heat exchanger showing wear.,Service Portal,Active,62.8646951976609,1.7
HVAC-2024-02259,Rebecca Thomas,2024-08-15 17:03:00,Air Handler,AH-4500Pro,My Air Handler AH-4500Pro compressor failed after 12 months. Company refusing to honor the 5-year warranty claim.,Chicago,Illinois,Residential,In Progress,Inspected unit on-site. Found defective expansion valve. Replaced reversing valve. System operational now.,Email,Active,80.30208316029629,1.1
HVAC-2024-02260,John Nelson,2024-08-23 20:46:00,Ductless Mini-Split,DMS-2400Max,The Ductless Mini-Split DMS-2400Max makes a high-pitched squealing noise during operation. We cannot sleep or work from home because of it.,Las Vegas,Nevada,Commercial,Resolved,,Email,Expired,105.34873383269111,4.9
HVAC-2024-02261,Richard Campbell,2024-09-23 15:26:00,Ductless Mini-Split,DMS-2400Max,Warranty claim for DMS-2400Max was denied citing 'improper installation' even though their own certified technician installed it.,Boston,Massachusetts,Residential,Escalated,,Email,Extended,,1.2
HVAC-2025-02262,Steven Martinez,2025-07-26 20:22:00,Ductless Mini-Split,DMS-900Eco,Our DMS-900Eco thermostat app shows 'Device Offline' constantly. Have reset the router and thermostat multiple times.,Orlando,Florida,Residential,Escalated,Routine inspection revealed defective expansion valve. Cleaned coils and replaced filters. System performance improved but blower motor showing wear.,Phone,Active,,4.1
HVAC-2025-02263,Jacob Davis,2025-08-22 06:42:00,VRF System,VRF-20000X,Heating failure on our commercial VRF-20000X. Building occupants complaining about 78°F temperatures. Multiple offices affected.,Seattle,Washington,Residential,Escalated,Performed diagnostics on VRF-20000X. corroded heat exchanger detected. Recommended coil replacement. Customer approved repair.,Social Media,Expired,,2.7
HVAC-2025-02264,Stephanie Nguyen,2025-08-22 20:21:00,Air Handler,AH-3000X,Our electricity bill has increased by 29% since installing the Air Handler AH-3000X. This unit was supposed to be energy efficient.,Los Angeles,California,Industrial,In Progress,,Email,Expired,166.86741806815454,2.6
HVAC-2024-02265,Kenneth Nelson,2024-09-25 19:38:00,Boiler,BLR-7000E,Our Boiler BLR-7000E makes a clicking sound and then stops cooling. House temp is at 83°F. Children are uncomfortable.,Atlanta,Georgia,Commercial,Open,Unit is beyond repair. blocked condenser coil too severe. Recommended full system replacement with upgraded HP-4200Max system.,Phone,Extended,,2.4
HVAC-2024-02266,Raymond Diaz,2024-06-16 21:41:00,Boiler,BLR-5000S,Our BLR-5000S is supposed to be a high-efficiency unit but we're paying more than with our old system. Very misleading marketing.,Las Vegas,Nevada,Residential,Resolved,Performed diagnostics on BLR-5000S. electrical short in wiring harness detected. Recommended compressor swap. Customer approved repair.,Phone,Expired,227.81841261283924,4.9
HVAC-2025-02267,Frank Murphy,2025-07-09 06:23:00,VRF System,VRF-20000X,The VRF-20000X is consuming way too much energy. Our utility bill went from $147 to $515 per month since installation.,Albuquerque,New Mexico,Commercial,In Progress,Customer complaint verified. blocked condenser coil confirmed. Ordered replacement compressor. Follow-up scheduled in 3 days.,Email,Active,80.33307348083372,3.7
HVAC-2024-02268,Nicholas Baker,2024-06-23 20:10:00,Packaged HVAC Unit,PKG-4000S,The cooling capacity of our PKG-4000S has dropped significantly. Rooms are at 76°F despite running 24/7. Need immediate service.,Kansas City,Missouri,Industrial,Escalated,Unit is beyond repair. burned-out fan motor too severe. Recommended full system replacement with latest VRF-25000Ultra system.,Chat,Active,,2.2
HVAC-2024-02269,Brenda Clark,2024-01-26 14:09:00,Heat Pump,HP-2800Plus,"After the technician visited last week, the HP-2800Plus still isn't cooling properly. This is our 4th service call for the same issue.",Kansas City,Missouri,Commercial,Resolved,Performed diagnostics on HP-2800Plus. burned-out fan motor detected. Recommended duct sealing and insulation. Customer approved repair.,Phone,Active,154.13455660911833,2.0
HVAC-2025-02270,Jessica Williams,2025-06-11 19:25:00,Heat Pump,HP-2200DX,Our Heat Pump HP-2200DX makes a clicking sound and then stops cooling. House temp is at 57°F. Children are uncomfortable.,Richmond,Virginia,Industrial,Escalated,,Phone,Active,,3.3
HVAC-2025-02271,Donna Wright,2025-12-12 21:36:00,Boiler,BLR-7000E,"The Boiler BLR-7000E was installed incorrectly. Ductwork is leaking air, and the unit was placed in the wrong location.",Salt Lake City,Utah,Industrial,Escalated,Unit is beyond repair. frozen evaporator coil too severe. Recommended full system replacement with newer CAC-6000Ultra model.,Email,Active,,2.7
HVAC-2025-02272,Brian Hernandez,2025-09-28 14:03:00,Boiler,BLR-9500Ultra,The BLR-9500Ultra installation crew was unprofessional and left refrigerant lines exposed. System is now leaking refrigerant.,Nashville,Tennessee,Commercial,Closed,Inspected unit on-site. Found damaged ductwork. Replaced flame sensor. System operational now.,Phone,Extended,155.54916221936531,3.8
HVAC-2025-02273,Cynthia Roberts,2025-09-14 21:30:00,VRF System,VRF-20000X,The VRF System VRF-20000X smart thermostat keeps disconnecting from WiFi. Cannot control temperature remotely anymore.,St. Louis,Missouri,Residential,In Progress,Unit is beyond repair. burned-out fan motor too severe. Recommended full system replacement with newer CAC-6000Ultra model.,Phone,Active,247.4934423092046,2.5
HVAC-2024-02274,Samuel Flores,2024-10-03 06:24:00,Furnace,FRN-8500Elite,The FRN-8500Elite control board has failed. The entire system is non-functional. We have a commercial building full of employees with no AC.,Albuquerque,New Mexico,Industrial,In Progress,Multiple issues found: clogged condensate drain. Complete overhaul recommended. Estimate provided to customer. Awaiting approval.,Email,Active,81.85694733104624,1.9
HVAC-2024-02275,Donna Rivera,2024-02-22 21:27:00,Boiler,BLR-9500Ultra,The Boiler BLR-9500Ultra has a refrigerant leak. We can smell chemicals and the cooling has stopped. This could be a health hazard.,Raleigh,North Carolina,Residential,Resolved,Customer complaint verified. clogged condensate drain confirmed. Ordered replacement capacitor. Follow-up scheduled in 7 days.,Survey,Expired,47.88909518521653,3.0
HVAC-2025-02276,Mary Thompson,2025-04-09 08:17:00,Rooftop Unit,RTU-8000Pro,Heating failure on our commercial RTU-8000Pro. Building occupants complaining about 52°F temperatures. Multiple offices affected.,San Antonio,Texas,Residential,Resolved,Warranty repair completed. faulty reversing valve was covered. Replaced condenser coil. System tested and operational.,Survey,Expired,100.22455548583758,2.6
HVAC-2025-02277,Richard Thomas,2025-05-22 20:02:00,Furnace,FRN-9800HE,"Installer damaged our wall and ceiling during Furnace FRN-9800HE installation. Also, the system is not balanced — one room is freezing while another is hot.",Chicago,Illinois,Industrial,Escalated,Multiple issues found: frozen evaporator coil. Complete overhaul recommended. Estimate provided to customer. Awaiting approval.,Chat,Void,,2.6
HVAC-2025-02278,Jeffrey Torres,2025-11-07 15:05:00,Rooftop Unit,RTU-6000S,The Rooftop Unit RTU-6000S is making an extremely loud grinding noise that wakes us up at night. It's been going on for 3 days.,St. Louis,Missouri,Industrial,Open,Warranty repair completed. electrical short in wiring harness was covered. Replaced compressor. System tested and operational.,Chat,Extended,,2.8
HVAC-2025-02279,Eric Carter,2025-02-04 17:05:00,Central Air Conditioner,CAC-2500E,The Central Air Conditioner CAC-2500E makes a high-pitched squealing noise during operation. We cannot sleep or work from home because of it.,Memphis,Tennessee,Industrial,Resolved,Emergency service call. Found worn compressor bearings. Temporary fix applied. Permanent repair requires expansion valve — on backorder.,Phone,Expired,199.03801899171705,2.5
HVAC-2024-02280,Eric Brown,2024-06-13 12:44:00,Rooftop Unit,RTU-15000Ultra,The maintenance technician for our RTU-15000Ultra didn't bring the right parts and left the job incomplete. Still waiting for resolution.,San Antonio,Texas,Residential,Resolved,Inspected unit on-site. Found worn compressor bearings. Replaced igniter. System operational now.,CRM,Expired,335.7980766013254,4.8
HVAC-2025-02281,Laura Young,2025-04-21 21:49:00,Smart Thermostat,ST-500AI,The Smart Thermostat (ST-500AI) stopped providing cold air yesterday. It's blowing warm air instead. Our office is unbearable at 70°F.,Buffalo,New York,Residential,Resolved,,Phone,Active,144.4831054835109,3.0
HVAC-2025-02282,Samuel Walker,2025-08-04 09:39:00,Rooftop Unit,RTU-8000Pro,Electrical failure in RTU-8000Pro. Circuit breaker keeps tripping. Possible fire hazard. Need emergency service immediately.,Richmond,Virginia,Commercial,Open,,Survey,Void,,2.6
HVAC-2024-02283,Scott Lewis,2024-01-28 20:10:00,Ductless Mini-Split,DMS-1800Pro,Our DMS-1800Pro is supposed to be a high-efficiency unit but we're paying more than with our old system. Very misleading marketing.,New York,New York,Residential,In Progress,Warranty repair completed. loose electrical connections was covered. Replaced control board. System tested and operational.,Phone,Active,230.02139781034623,2.3
HVAC-2025-02284,Benjamin Hernandez,2025-04-13 13:37:00,VRF System,VRF-15000Pro,"Total system failure on our VRF-15000Pro. Fan motor, compressor, and control board all failed simultaneously. Suspecting electrical issue.",Houston,Texas,Industrial,Resolved,Performed diagnostics on VRF-15000Pro. failed control board detected. Recommended control board replacement. Customer approved repair.,Phone,Active,26.032976082574216,2.0
HVAC-2024-02285,Jeffrey Hall,2024-06-08 12:12:00,Rooftop Unit,RTU-12000X,My Rooftop Unit model RTU-12000X is not cooling at all. The house temperature is 49°F and it won't go below that. We've been suffering in this heat for 27 days now.,Buffalo,New York,Residential,Resolved,Customer complaint verified. frozen evaporator coil confirmed. Ordered replacement fan motor. Follow-up scheduled in 9 days.,Email,Expired,113.50717520126739,3.3
HVAC-2024-02286,Mark Nelson,2024-01-04 13:19:00,Smart Thermostat,ST-300Pro,Our ST-300Pro thermostat app shows 'Device Offline' constantly. Have reset the router and thermostat multiple times.,Milwaukee,Wisconsin,Residential,Closed,Performed diagnostics on ST-300Pro. burned-out fan motor detected. Recommended full system replacement. Customer approved repair.,Chat,Expired,115.92180488787864,4.6
HVAC-2025-02287,Pamela Rodriguez,2025-03-10 16:38:00,Ductless Mini-Split,DMS-1800Pro,Preventive maintenance on our Ductless Mini-Split DMS-1800Pro was done poorly. Now the system is short-cycling every 2 minutes.,Las Vegas,Nevada,Residential,Closed,,Phone,Active,160.7652964641834,4.7
HVAC-2024-02288,Scott Morales,2024-03-14 20:31:00,Ductless Mini-Split,DMS-900Eco,"The DMS-900Eco runs continuously without cycling off, leading to massive energy bills. Something is wrong with the efficiency.",Detroit,Michigan,Residential,Closed,Routine inspection revealed defective expansion valve. Cleaned coils and replaced filters. System performance improved but thermostat showing wear.,Service Portal,Expired,187.76335109025194,3.2
HVAC-2024-02289,Edward Phillips,2024-07-24 21:36:00,Boiler,BLR-6500Pro,Our BLR-6500Pro is supposed to be a high-efficiency unit but we're paying more than with our old system. Very misleading marketing.,Cincinnati,Ohio,Commercial,In Progress,,Social Media,Active,216.27415602155034,2.1
HVAC-2024-02290,Robert Gonzalez,2024-06-27 06:57:00,Boiler,BLR-6500Pro,Our new Boiler BLR-6500Pro installation is terrible. The condensate drain was connected wrong and water is leaking into the ceiling.,Charlotte,North Carolina,Commercial,Closed,Inspected unit on-site. Found low refrigerant charge. Replaced expansion valve. System operational now.,Service Portal,Extended,58.49618349878092,2.0
HVAC-2025-02291,Andrew Martin,2025-04-27 14:05:00,VRF System,VRF-25000Ultra,The VRF System VRF-25000Ultra has a refrigerant leak. We can smell chemicals and the cooling has stopped. This could be a health hazard.,Columbus,Ohio,Commercial,Resolved,Warranty repair completed. low refrigerant charge was covered. Replaced thermostat. System tested and operational.,Phone,Expired,23.83726331375319,2.6
HVAC-2025-02292,Christine Morris,2025-10-07 09:50:00,Rooftop Unit,RTU-10000E,Our electricity bill has increased by 54% since installing the Rooftop Unit RTU-10000E. This unit was supposed to be energy efficient.,Milwaukee,Wisconsin,Residential,In Progress,,Chat,Expired,175.75295240615,4.7
HVAC-2024-02293,Patricia Nguyen,2024-03-22 10:22:00,VRF System,VRF-25000Ultra,Scheduled maintenance for VRF System VRF-25000Ultra was missed twice. No one contacted us to reschedule. Very poor service.,Detroit,Michigan,Residential,Resolved,Inspected unit on-site. Found worn compressor bearings. Replaced evaporator coil. System operational now.,Survey,Expired,234.74058006826533,3.6
HVAC-2024-02294,Gregory Lopez,2024-01-08 09:41:00,Air Handler,AH-3500E,My Air Handler model AH-3500E is not cooling at all. The house temperature is 72°F and it won't go below that. We've been suffering in this heat for 16 days now.,Detroit,Michigan,Industrial,Resolved,Warranty repair completed. worn compressor bearings was covered. Replaced igniter. System tested and operational.,Chat,Expired,138.78941145320044,2.9
HVAC-2025-02295,Steven Flores,2025-08-10 17:59:00,Furnace,FRN-8500Elite,The FRN-8500Elite was installed 8 weeks ago but the installer used the wrong size ducts. System is extremely inefficient now.,Memphis,Tennessee,Commercial,Resolved,Routine inspection revealed dirty air filter causing restricted airflow. Cleaned coils and replaced filters. System performance improved but fan motor showing wear.,CRM,Expired,5.714786114588379,3.8
HVAC-2024-02296,Donna Davis,2024-06-01 07:59:00,Heat Pump,HP-1800Eco,The HP-1800Eco is consuming way too much energy. Our utility bill went from $89 to $367 per month since installation.,Albuquerque,New Mexico,Residential,Open,Unit is beyond repair. defective expansion valve too severe. Recommended full system replacement with high-efficiency FRN-9800HE.,Service Portal,Expired,,2.2
HVAC-2024-02297,Paul Young,2024-04-18 08:07:00,Air Handler,AH-2000S,Scheduled maintenance for Air Handler AH-2000S was missed twice. No one contacted us to reschedule. Very poor service.,Salt Lake City,Utah,Industrial,Resolved,,Survey,Extended,203.91686955116006,2.5
HVAC-2025-02298,Sarah White,2025-07-04 18:37:00,Smart Thermostat,ST-400Plus,The smart thermostat ST-400Plus is not syncing with the HVAC system. Temperature readings are inaccurate by 8°F.,Nashville,Tennessee,Residential,Resolved,Routine inspection revealed low refrigerant charge. Cleaned coils and replaced filters. System performance improved but relay switch showing wear.,Email,Expired,263.92356485975563,4.0
HVAC-2025-02299,Amy Moore,2025-02-27 06:27:00,Boiler,BLR-9500Ultra,Our Boiler BLR-9500Ultra stopped heating entirely during the coldest week of winter. Indoor temp dropped to 68°F. This is a safety concern.,Detroit,Michigan,Commercial,Escalated,Unit is beyond repair. loose electrical connections too severe. Recommended full system replacement with upgraded HP-4200Max system.,Chat,Void,,3.4
HVAC-2025-02300,Kimberly Wright,2025-12-09 21:07:00,Smart Thermostat,ST-200Eco,"After annual maintenance, our Smart Thermostat ST-200Eco stopped heating. Now at 76°F. This was working fine before the tech came.",Columbus,Ohio,Industrial,Resolved,Emergency service call. Found dirty air filter causing restricted airflow. Temporary fix applied. Permanent repair requires condenser coil — on backorder.,Chat,Expired,79.68091347503571,1.7
HVAC-2024-02301,Jessica Parker,2024-02-27 11:08:00,Smart Thermostat,ST-400Plus,"After annual maintenance, our Smart Thermostat ST-400Plus stopped heating. Now at 43°F. This was working fine before the tech came.",Memphis,Tennessee,Residential,Resolved,Unit is beyond repair. damaged ductwork too severe. Recommended full system replacement with high-efficiency FRN-9800HE.,Phone,Expired,40.41788164295191,2.4
HVAC-2024-02302,Shirley Morales,2024-09-12 16:50:00,Ductless Mini-Split,DMS-1800Pro,"After annual maintenance, our Ductless Mini-Split DMS-1800Pro stopped heating. Now at 43°F. This was working fine before the tech came.",Nashville,Tennessee,Industrial,Open,Routine inspection revealed low refrigerant charge. Cleaned coils and replaced filters. System performance improved but evaporator coil showing wear.,Social Media,Expired,,3.0
HVAC-2024-02303,Joshua Garcia,2024-06-24 11:59:00,Central Air Conditioner,CAC-5000Pro,The Central Air Conditioner CAC-5000Pro main board is fried after a power surge. System completely down for our 15-floor office building.,Raleigh,North Carolina,Residential,Open,Warranty repair completed. cracked heat exchanger was covered. Replaced thermostat. System tested and operational.,Chat,Extended,,1.3
HVAC-2025-02304,Charles Wright,2025-09-22 11:43:00,Packaged HVAC Unit,PKG-6500E,Post-installation inspection revealed that the Packaged HVAC Unit PKG-6500E was installed without proper drainage. Basement flooding has occurred.,Jacksonville,Florida,Residential,Closed,Performed diagnostics on PKG-6500E. faulty reversing valve detected. Recommended compressor swap. Customer approved repair.,Survey,Active,93.32128417237132,3.7
HVAC-2025-02305,Donna Hall,2025-11-18 20:21:00,Smart Thermostat,ST-400Plus,The Smart Thermostat (ST-400Plus) stopped providing cold air yesterday. It's blowing warm air instead. Our office is unbearable at 55°F.,Los Angeles,California,Commercial,Open,Unit is beyond repair. frozen evaporator coil too severe. Recommended full system replacement with commercial-grade RTU-15000Ultra.,Chat,Expired,,2.6
HVAC-2025-02306,Margaret Roberts,2025-02-02 12:12:00,Rooftop Unit,RTU-10000E,Our RTU-10000E compressor makes a terrible clicking and vibrating noise. It gets worse at night. Multiple complaints from family.,Nashville,Tennessee,Commercial,Resolved,,Email,Expired,210.06190112186002,4.6
HVAC-2024-02307,Ashley Young,2024-11-20 19:51:00,Rooftop Unit,RTU-8000Pro,Our new Rooftop Unit RTU-8000Pro installation is terrible. The condensate drain was connected wrong and water is leaking into the ceiling.,Albuquerque,New Mexico,Commercial,Resolved,Emergency service call. Found worn compressor bearings. Temporary fix applied. Permanent repair requires thermostat — on backorder.,Phone,Active,89.44584928065632,4.6
HVAC-2024-02308,Patrick King,2024-10-19 22:20:00,Air Handler,AH-4500Pro,Banging noises from the ductwork connected to AH-4500Pro every time the system starts. Sounds like something is loose inside.,Las Vegas,Nevada,Residential,Resolved,Warranty repair completed. faulty reversing valve was covered. Replaced drain pan. System tested and operational.,Chat,Active,184.8454938328672,4.0
HVAC-2025-02309,Gregory Wilson,2025-03-24 09:53:00,Ductless Mini-Split,DMS-2400Max,Our DMS-2400Max failed within the first year and the company is blaming us for the failure. This is clearly a manufacturing defect.,Pittsburgh,Pennsylvania,Industrial,Escalated,Customer complaint verified. corroded heat exchanger confirmed. Ordered replacement evaporator coil. Follow-up scheduled in 10 days.,Service Portal,Expired,,2.0
HVAC-2024-02310,Eric Miller,2024-12-02 09:35:00,Smart Thermostat,ST-400Plus,My Smart Thermostat model ST-400Plus is not cooling at all. The house temperature is 91°F and it won't go below that. We've been suffering in this heat for 6 days now.,San Antonio,Texas,Commercial,In Progress,Inspected unit on-site. Found failed ignition system. Replaced contactor. System operational now.,Social Media,Expired,40.835308238649375,3.0
HVAC-2024-02311,Debra Lee,2024-03-13 16:27:00,Boiler,BLR-6500Pro,The Boiler BLR-6500Pro makes a high-pitched squealing noise during operation. We cannot sleep or work from home because of it.,Oklahoma City,Oklahoma,Residential,In Progress,Performed diagnostics on BLR-6500Pro. damaged ductwork detected. Recommended full system replacement. Customer approved repair.,Chat,Extended,178.75215868923493,4.3
HVAC-2024-02312,Katherine Allen,2024-08-05 20:19:00,Boiler,BLR-6500Pro,"After the technician visited last week, the BLR-6500Pro still isn't cooling properly. This is our 4th service call for the same issue.",Portland,Oregon,Residential,Resolved,Customer complaint verified. electrical short in wiring harness confirmed. Ordered replacement blower motor. Follow-up scheduled in 6 days.,Social Media,Expired,119.58286922405749,2.4
HVAC-2025-02313,Ryan Thomas,2025-07-22 21:24:00,Central Air Conditioner,CAC-3000X,Maintenance was performed on CAC-3000X but the filter was not replaced and the coils were not cleaned. Paid full price for incomplete work.,Indianapolis,Indiana,Commercial,Closed,Inspected unit on-site. Found faulty reversing valve. Replaced fan motor. System operational now.,Survey,Active,65.11562779911144,4.1
HVAC-2024-02314,Elizabeth Collins,2024-11-24 20:20:00,Ductless Mini-Split,DMS-1500S,"Installer damaged our wall and ceiling during Ductless Mini-Split DMS-1500S installation. Also, the system is not balanced — one room is freezing while another is hot.",Las Vegas,Nevada,Residential,Escalated,Performed diagnostics on DMS-1500S. dirty air filter causing restricted airflow detected. Recommended control board replacement. Customer approved repair.,Email,Extended,,2.5
HVAC-2024-02315,Sharon Campbell,2024-11-07 19:05:00,Air Handler,AH-5000Elite,The AH-5000Elite was installed 9 weeks ago but the installer used the wrong size ducts. System is extremely inefficient now.,Buffalo,New York,Industrial,Open,Emergency service call. Found cracked heat exchanger. Temporary fix applied. Permanent repair requires filter drier — on backorder.,Phone,Active,,4.3
HVAC-2025-02316,Emily Martinez,2025-01-27 21:03:00,Boiler,BLR-6500Pro,"Installer damaged our wall and ceiling during Boiler BLR-6500Pro installation. Also, the system is not balanced — one room is freezing while another is hot.",St. Louis,Missouri,Residential,Open,,Email,Expired,,4.2
HVAC-2024-02317,Patrick Diaz,2024-06-26 08:13:00,Packaged HVAC Unit,PKG-4000S,"The Packaged HVAC Unit PKG-4000S was installed incorrectly. Ductwork is leaking air, and the unit was placed in the wrong location.",San Antonio,Texas,Residential,Resolved,,Phone,Expired,84.36515784976328,2.7
HVAC-2024-02318,Benjamin Harris,2024-12-10 13:34:00,Smart Thermostat,ST-500AI,Banging noises from the ductwork connected to ST-500AI every time the system starts. Sounds like something is loose inside.,Portland,Oregon,Commercial,Resolved,,Email,Active,299.8233488201618,2.0
HVAC-2024-02319,Patrick Young,2024-05-08 18:02:00,Air Handler,AH-3000X,The AH-3000X furnace is blowing cold air instead of warm. It's 56°F inside and we have elderly family members at home.,San Antonio,Texas,Industrial,Resolved,Performed diagnostics on AH-3000X. defective expansion valve detected. Recommended coil replacement. Customer approved repair.,Email,Expired,48.61857618006255,3.1
HVAC-2025-02320,Cynthia Rivera,2025-05-20 11:54:00,Packaged HVAC Unit,PKG-7000X,Our annual service contract for Packaged HVAC Unit PKG-7000X has not been honored. Three scheduled visits were cancelled without notice.,Boston,Massachusetts,Residential,Closed,,Phone,Void,57.473675337548364,4.0
HVAC-2024-02321,Emily Nelson,2024-10-15 07:13:00,Boiler,BLR-7000E,Maintenance was performed on BLR-7000E but the filter was not replaced and the coils were not cleaned. Paid full price for incomplete work.,Tucson,Arizona,Residential,In Progress,Warranty repair completed. faulty capacitor was covered. Replaced contactor. System tested and operational.,Phone,Active,325.5266353618093,3.3
HVAC-2024-02322,Nancy Campbell,2024-07-22 07:05:00,Rooftop Unit,RTU-15000Ultra,The pilot light on our RTU-15000Ultra keeps going out. Furnace won't stay on. House temperature dropping to 59°F overnight.,Tampa,Florida,Industrial,Resolved,,Service Portal,Expired,25.466998829478847,2.5
HVAC-2025-02323,Dorothy Diaz,2025-04-12 09:51:00,VRF System,VRF-10000S,We chose the VRF System VRF-10000S specifically for its energy star rating but our bills have skyrocketed by 68% this quarter.,Richmond,Virginia,Commercial,Resolved,Unit is beyond repair. low refrigerant charge too severe. Recommended full system replacement with newer CAC-6000Ultra model.,Social Media,Extended,144.44817485781323,4.0
HVAC-2024-02324,Pamela Gonzalez,2024-07-14 09:00:00,Boiler,BLR-9500Ultra,Our BLR-9500Ultra failed within the first year and the company is blaming us for the failure. This is clearly a manufacturing defect.,St. Louis,Missouri,Commercial,Resolved,Inspected unit on-site. Found compressor failure. Replaced contactor. System operational now.,Email,Expired,63.39491987036565,2.3
HVAC-2024-02325,Raymond Campbell,2024-01-11 22:28:00,Ductless Mini-Split,DMS-1200Q,The Ductless Mini-Split DMS-1200Q thermostat's geofencing feature stopped working. AC runs all day even when nobody is home. Wasting energy.,Atlanta,Georgia,Residential,Open,Customer complaint verified. thermostat malfunction confirmed. Ordered replacement condenser coil. Follow-up scheduled in 7 days.,Phone,Active,,4.8
HVAC-2024-02326,Ashley Williams,2024-08-06 08:59:00,Heat Pump,HP-2800Plus,Brand new Heat Pump HP-2800Plus installed 1 weeks ago cannot maintain temperature below 71°F. Extremely disappointed.,New York,New York,Commercial,In Progress,Multiple issues found: damaged ductwork. Complete overhaul recommended. Estimate provided to customer. Awaiting approval.,Phone,Active,111.84690428033785,3.3
HVAC-2024-02327,Brenda Morales,2024-11-20 22:06:00,Heat Pump,HP-3500Elite,Heating system HP-3500Elite fails to ignite. We've tried resetting multiple times. Temperature is dangerously low at 46°F.,Denver,Colorado,Commercial,Escalated,,Email,Expired,,3.1
HVAC-2024-02328,Kenneth Davis,2024-07-07 12:47:00,Air Handler,AH-5000Elite,Banging noises from the ductwork connected to AH-5000Elite every time the system starts. Sounds like something is loose inside.,Milwaukee,Wisconsin,Industrial,In Progress,Routine inspection revealed failed control board. Cleaned coils and replaced filters. System performance improved but refrigerant line set showing wear.,Phone,Expired,114.98556274091595,3.3
HVAC-2024-02329,Samantha Reyes,2024-09-06 20:53:00,Smart Thermostat,ST-500AI,The ST-500AI furnace is blowing cold air instead of warm. It's 63°F inside and we have elderly family members at home.,Portland,Oregon,Residential,Open,Emergency service call. Found compressor failure. Temporary fix applied. Permanent repair requires expansion valve — on backorder.,CRM,Expired,,2.4
HVAC-2025-02330,Dorothy Lopez,2025-10-01 19:22:00,Furnace,FRN-5500E,The cooling capacity of our FRN-5500E has dropped significantly. Rooms are at 85°F despite running 24/7. Need immediate service.,Raleigh,North Carolina,Residential,Escalated,,Chat,Active,,3.3
HVAC-2024-02331,Matthew Brown,2024-02-27 13:48:00,Boiler,BLR-8000HE,Our BLR-8000HE thermostat app shows 'Device Offline' constantly. Have reset the router and thermostat multiple times.,Miami,Florida,Industrial,Resolved,Customer complaint verified. loose electrical connections confirmed. Ordered replacement relay switch. Follow-up scheduled in 6 days.,Phone,Void,211.78514859466534,3.1
HVAC-2025-02332,Amy Young,2025-03-01 19:45:00,VRF System,VRF-15000Pro,The VRF System VRF-15000Pro thermostat's geofencing feature stopped working. AC runs all day even when nobody is home. Wasting energy.,Boston,Massachusetts,Residential,Resolved,Inspected unit on-site. Found corroded heat exchanger. Replaced igniter. System operational now.,Phone,Active,165.39453533537198,2.9
HVAC-2025-02333,George Gomez,2025-06-16 14:35:00,Ductless Mini-Split,DMS-900Eco,"After the technician visited last week, the DMS-900Eco still isn't cooling properly. This is our 3rd service call for the same issue.",Buffalo,New York,Residential,Closed,Multiple issues found: burned-out fan motor. Complete overhaul recommended. Estimate provided to customer. Awaiting approval.,Phone,Active,5.28869162413171,3.4
HVAC-2025-02334,Edward Lewis,2025-02-25 11:34:00,Packaged HVAC Unit,PKG-7000X,Preventive maintenance on our Packaged HVAC Unit PKG-7000X was done poorly. Now the system is short-cycling every 2 minutes.,Tampa,Florida,Residential,Resolved,Routine inspection revealed corroded heat exchanger. Cleaned coils and replaced filters. System performance improved but flame sensor showing wear.,Chat,Extended,289.3332578060238,3.5
HVAC-2025-02335,Stephen Scott,2025-07-27 07:12:00,Furnace,FRN-5500E,Post-installation inspection revealed that the Furnace FRN-5500E was installed without proper drainage. Basement flooding has occurred.,Minneapolis,Minnesota,Industrial,Resolved,Customer complaint verified. low refrigerant charge confirmed. Ordered replacement flame sensor. Follow-up scheduled in 11 days.,Phone,Expired,123.33093096839893,4.2
HVAC-2024-02336,Raymond Hall,2024-06-14 16:23:00,Ductless Mini-Split,DMS-900Eco,The cooling capacity of our DMS-900Eco has dropped significantly. Rooms are at 38°F despite running 24/7. Need immediate service.,Raleigh,North Carolina,Residential,Resolved,Emergency service call. Found dirty air filter causing restricted airflow. Temporary fix applied. Permanent repair requires thermostat — on backorder.,Social Media,Active,137.02446978110552,2.0
HVAC-2025-02337,David Lee,2025-06-23 22:18:00,Boiler,BLR-6500Pro,Filed a warranty claim for our BLR-6500Pro 36 months ago. No response from the warranty department despite 12 follow-up calls.,Tampa,Florida,Residential,Resolved,Unit is beyond repair. faulty capacitor too severe. Recommended full system replacement with upgraded HP-4200Max system.,Email,Expired,108.80281199184293,1.9
HVAC-2024-02338,Rachel Rodriguez,2024-07-02 09:18:00,Furnace,FRN-5500E,The Furnace FRN-5500E makes a high-pitched squealing noise during operation. We cannot sleep or work from home because of it.,Louisville,Kentucky,Residential,Resolved,Emergency service call. Found burned-out fan motor. Temporary fix applied. Permanent repair requires flame sensor — on backorder.,Email,Expired,280.4602639369777,2.8
HVAC-2024-02339,Mark Edwards,2024-06-07 19:30:00,Furnace,FRN-7500Pro,"After annual maintenance, our Furnace FRN-7500Pro stopped heating. Now at 41°F. This was working fine before the tech came.",Orlando,Florida,Residential,Resolved,Multiple issues found: burned-out fan motor. Complete overhaul recommended. Estimate provided to customer. Awaiting approval.,Social Media,Expired,82.8135359951625,2.6
HVAC-2025-02340,Rebecca Rodriguez,2025-08-09 20:09:00,Rooftop Unit,RTU-15000Ultra,We've been waiting 24 days for a maintenance appointment for our Rooftop Unit RTU-15000Ultra. No callbacks despite multiple requests.,Raleigh,North Carolina,Commercial,Resolved,Warranty repair completed. compressor failure was covered. Replaced contactor. System tested and operational.,Phone,Extended,252.9154812857338,2.3
HVAC-2025-02341,Andrew Hernandez,2025-09-03 13:58:00,VRF System,VRF-15000Pro,The VRF System VRF-15000Pro makes a high-pitched squealing noise during operation. We cannot sleep or work from home because of it.,Detroit,Michigan,Residential,Resolved,Warranty repair completed. frozen evaporator coil was covered. Replaced igniter. System tested and operational.,Social Media,Expired,86.76514159291027,4.5
HVAC-2024-02342,Anna Harris,2024-06-07 14:44:00,Heat Pump,HP-1800Eco,Heating system HP-1800Eco fails to ignite. We've tried resetting multiple times. Temperature is dangerously low at 59°F.,Dallas,Texas,Residential,In Progress,Inspected unit on-site. Found worn compressor bearings. Replaced heat exchanger. System operational now.,Service Portal,Extended,79.5852642795996,1.8
HVAC-2024-02343,Carolyn Martin,2024-04-16 07:15:00,Packaged HVAC Unit,PKG-5500Pro,The heat pump PKG-5500Pro is not providing adequate heating. House is at 60°F despite thermostat set to 72°F. Very concerned about pipes freezing.,Minneapolis,Minnesota,Residential,In Progress,Routine inspection revealed blocked condenser coil. Cleaned coils and replaced filters. System performance improved but drain pan showing wear.,Phone,Void,114.29961789538869,2.4
HVAC-2025-02344,Nicole Morales,2025-07-01 11:28:00,Heat Pump,HP-2200DX,WiFi connectivity issues with Heat Pump HP-2200DX for the past 3 weeks. The scheduling feature doesn't work without connectivity.,Miami,Florida,Commercial,Resolved,Performed diagnostics on HP-2200DX. defective expansion valve detected. Recommended coil replacement. Customer approved repair.,Phone,Active,63.775797534135506,2.3
HVAC-2025-02345,Sandra Roberts,2025-06-21 06:18:00,Rooftop Unit,RTU-6000S,AC unit RTU-6000S has completely stopped cooling. Thermostat shows 60°F but the system is running constantly. Very frustrated.,Orlando,Florida,Residential,Resolved,,Survey,Expired,160.0437565612958,2.5
HVAC-2024-02346,Anthony Williams,2024-02-22 21:47:00,Boiler,BLR-5000S,The Boiler BLR-5000S main board is fried after a power surge. System completely down for our 8-floor office building.,Las Vegas,Nevada,Residential,Escalated,Routine inspection revealed loose electrical connections. Cleaned coils and replaced filters. System performance improved but control board showing wear.,Email,Expired,,2.6
HVAC-2024-02347,Kenneth Morris,2024-05-06 20:25:00,VRF System,VRF-10000S,The VRF-10000S furnace is blowing cold air instead of warm. It's 39°F inside and we have elderly family members at home.,Tucson,Arizona,Residential,Resolved,,Phone,Active,26.753378671695636,1.6
HVAC-2025-02348,Patrick Young,2025-02-09 15:18:00,Heat Pump,HP-1800Eco,"The Heat Pump HP-1800Eco was installed incorrectly. Ductwork is leaking air, and the unit was placed in the wrong location.",Dallas,Texas,Residential,Escalated,Warranty repair completed. damaged ductwork was covered. Replaced capacitor. System tested and operational.,Service Portal,Extended,,3.9
HVAC-2025-02349,Dorothy Brown,2025-07-28 12:34:00,Smart Thermostat,ST-700Ultra,Our ST-700Ultra thermostat app shows 'Device Offline' constantly. Have reset the router and thermostat multiple times.,Atlanta,Georgia,Industrial,Open,,Phone,Active,,3.9
HVAC-2024-02350,Pamela Scott,2024-08-02 09:07:00,Air Handler,AH-3000X,Our new Air Handler AH-3000X installation is terrible. The condensate drain was connected wrong and water is leaking into the ceiling.,Charlotte,North Carolina,Commercial,Resolved,Emergency service call. Found electrical short in wiring harness. Temporary fix applied. Permanent repair requires thermostat — on backorder.,Phone,Expired,94.98278389305398,4.6
HVAC-2024-02351,Amy Moore,2024-07-25 10:43:00,Ductless Mini-Split,DMS-1500S,"Installer damaged our wall and ceiling during Ductless Mini-Split DMS-1500S installation. Also, the system is not balanced — one room is freezing while another is hot.",San Francisco,California,Commercial,Resolved,Inspected unit on-site. Found blocked condenser coil. Replaced contactor. System operational now.,Phone,Active,79.16742137042866,3.0
HVAC-2025-02352,Jennifer Gomez,2025-12-04 12:54:00,Central Air Conditioner,CAC-2500E,"Installer damaged our wall and ceiling during Central Air Conditioner CAC-2500E installation. Also, the system is not balanced — one room is freezing while another is hot.",Phoenix,Arizona,Residential,In Progress,Warranty repair completed. dirty air filter causing restricted airflow was covered. Replaced drain pan. System tested and operational.,Service Portal,Active,85.41588903587419,2.0
HVAC-2025-02353,Anna Smith,2025-08-12 06:00:00,Ductless Mini-Split,DMS-1800Pro,We chose the Ductless Mini-Split DMS-1800Pro specifically for its energy star rating but our bills have skyrocketed by 63% this quarter.,San Francisco,California,Residential,Escalated,Unit is beyond repair. faulty reversing valve too severe. Recommended full system replacement with commercial-grade RTU-15000Ultra.,CRM,Expired,,4.6
HVAC-2025-02354,Joshua Ramirez,2025-11-26 11:21:00,Ductless Mini-Split,DMS-1200Q,Our Ductless Mini-Split DMS-1200Q makes a clicking sound and then stops cooling. House temp is at 38°F. Children are uncomfortable.,Sacramento,California,Residential,In Progress,,Service Portal,Active,124.45155233446002,3.4
HVAC-2025-02355,Debra Smith,2025-02-25 12:48:00,Boiler,BLR-9500Ultra,My Boiler BLR-9500Ultra compressor failed after 34 months. Company refusing to honor the 15-year warranty claim.,Salt Lake City,Utah,Residential,Escalated,Unit is beyond repair. blocked condenser coil too severe. Recommended full system replacement with high-efficiency FRN-9800HE.,Phone,Expired,,1.4
HVAC-2024-02356,Mark Lee,2024-05-11 17:40:00,Ductless Mini-Split,DMS-1500S,Our Ductless Mini-Split DMS-1500S makes a clicking sound and then stops cooling. House temp is at 84°F. Children are uncomfortable.,Dallas,Texas,Residential,In Progress,Routine inspection revealed low refrigerant charge. Cleaned coils and replaced filters. System performance improved but drain pan showing wear.,Email,Expired,27.35037800536129,3.0
HVAC-2024-02357,Karen Scott,2024-01-06 17:54:00,Central Air Conditioner,CAC-4000S,AC unit CAC-4000S has completely stopped cooling. Thermostat shows 72°F but the system is running constantly. Very frustrated.,Memphis,Tennessee,Residential,Escalated,,Phone,Extended,,2.5
HVAC-2025-02358,Donald Green,2025-07-02 10:42:00,Central Air Conditioner,CAC-5000Pro,The smart thermostat CAC-5000Pro is not syncing with the HVAC system. Temperature readings are inaccurate by 10°F.,Milwaukee,Wisconsin,Residential,Escalated,Warranty repair completed. damaged ductwork was covered. Replaced evaporator coil. System tested and operational.,Survey,Expired,,4.3
HVAC-2024-02359,Betty Reyes,2024-10-16 12:24:00,VRF System,VRF-25000Ultra,The pilot light on our VRF-25000Ultra keeps going out. Furnace won't stay on. House temperature dropping to 64°F overnight.,Seattle,Washington,Industrial,Open,,Email,Expired,,2.5
HVAC-2025-02360,Sandra Edwards,2025-10-17 10:20:00,Rooftop Unit,RTU-12000X,The RTU-12000X furnace is blowing cold air instead of warm. It's 72°F inside and we have elderly family members at home.,Memphis,Tennessee,Residential,Open,Inspected unit on-site. Found failed ignition system. Replaced compressor. System operational now.,Phone,Active,,1.6
HVAC-2025-02361,Rachel Rodriguez,2025-10-02 13:12:00,Ductless Mini-Split,DMS-900Eco,The smart thermostat DMS-900Eco is not syncing with the HVAC system. Temperature readings are inaccurate by 7°F.,Albuquerque,New Mexico,Residential,Resolved,Routine inspection revealed faulty reversing valve. Cleaned coils and replaced filters. System performance improved but relay switch showing wear.,Email,Void,31.271141103907844,2.4
HVAC-2024-02362,Samantha Jones,2024-05-03 08:28:00,Packaged HVAC Unit,PKG-4000S,The smart thermostat PKG-4000S is not syncing with the HVAC system. Temperature readings are inaccurate by 3°F.,Jacksonville,Florida,Commercial,Resolved,,Email,Active,285.76894566577863,2.9
HVAC-2024-02363,Rebecca Parker,2024-07-07 13:26:00,Air Handler,AH-4500Pro,AC unit AH-4500Pro has completely stopped cooling. Thermostat shows 58°F but the system is running constantly. Very frustrated.,Houston,Texas,Commercial,Resolved,,Email,Expired,123.15137189196464,2.8
HVAC-2024-02364,Mary Young,2024-09-14 10:43:00,Smart Thermostat,ST-200Eco,"After the technician visited last week, the ST-200Eco still isn't cooling properly. This is our 5th service call for the same issue.",Tampa,Florida,Commercial,In Progress,Performed diagnostics on ST-200Eco. burned-out fan motor detected. Recommended warranty claim processing. Customer approved repair.,Phone,Expired,71.46663419536448,1.9
HVAC-2025-02365,Brandon Nelson,2025-06-19 14:58:00,Rooftop Unit,RTU-15000Ultra,Heating failure on our commercial RTU-15000Ultra. Building occupants complaining about 71°F temperatures. Multiple offices affected.,Richmond,Virginia,Residential,Open,Emergency service call. Found blocked condenser coil. Temporary fix applied. Permanent repair requires control board — on backorder.,Chat,Active,,3.0
HVAC-2024-02366,Laura Green,2024-03-01 16:13:00,Air Handler,AH-3000X,The AH-3000X was installed 10 weeks ago but the installer used the wrong size ducts. System is extremely inefficient now.,Oklahoma City,Oklahoma,Residential,Escalated,,Chat,Active,,3.5
HVAC-2025-02367,Robert Stewart,2025-04-27 11:38:00,Ductless Mini-Split,DMS-1800Pro,Filed a warranty claim for our DMS-1800Pro 3 months ago. No response from the warranty department despite 5 follow-up calls.,San Antonio,Texas,Residential,Escalated,Inspected unit on-site. Found burned-out fan motor. Replaced flame sensor. System operational now.,Service Portal,Active,,2.1
HVAC-2025-02368,Amy Jackson,2025-11-12 15:07:00,Packaged HVAC Unit,PKG-9000Ultra,"After the technician visited last week, the PKG-9000Ultra still isn't cooling properly. This is our 5th service call for the same issue.",Pittsburgh,Pennsylvania,Commercial,In Progress,,Phone,Expired,75.3022491100345,2.1
HVAC-2024-02369,Edward Sanchez,2024-06-05 07:58:00,Packaged HVAC Unit,PKG-7000X,Maintenance was performed on PKG-7000X but the filter was not replaced and the coils were not cleaned. Paid full price for incomplete work.,Los Angeles,California,Residential,Resolved,Warranty repair completed. damaged ductwork was covered. Replaced relay switch. System tested and operational.,Service Portal,Expired,270.34870463586464,2.6
HVAC-2025-02370,Charles Smith,2025-07-22 09:55:00,Furnace,FRN-6000S,Our FRN-6000S compressor makes a terrible clicking and vibrating noise. It gets worse at night. Multiple complaints from family.,San Antonio,Texas,Residential,Closed,Multiple issues found: low refrigerant charge. Complete overhaul recommended. Estimate provided to customer. Awaiting approval.,Chat,Expired,105.0128428308102,2.5
HVAC-2025-02371,Ashley Nelson,2025-07-08 22:18:00,Boiler,BLR-6500Pro,Integration between BLR-6500Pro and our home automation system broke after the last update. None of the smart features work now.,Los Angeles,California,Residential,Resolved,Routine inspection revealed burned-out fan motor. Cleaned coils and replaced filters. System performance improved but capacitor showing wear.,Social Media,Active,149.38136079767645,3.8
HVAC-2025-02372,Richard Carter,2025-06-16 19:43:00,Packaged HVAC Unit,PKG-6500E,My Packaged HVAC Unit model PKG-6500E is not cooling at all. The house temperature is 79°F and it won't go below that. We've been suffering in this heat for 7 days now.,New York,New York,Industrial,Resolved,Performed diagnostics on PKG-6500E. refrigerant leak in evaporator coil detected. Recommended compressor swap. Customer approved repair.,Email,Expired,70.43090467469399,3.4
HVAC-2025-02373,Benjamin Smith,2025-10-20 22:14:00,Rooftop Unit,RTU-12000X,Warranty claim for RTU-12000X was denied citing 'improper installation' even though their own certified technician installed it.,Boston,Massachusetts,Residential,Escalated,Routine inspection revealed defective expansion valve. Cleaned coils and replaced filters. System performance improved but flame sensor showing wear.,Phone,Extended,,1.2
HVAC-2025-02374,Jack Torres,2025-05-17 16:40:00,Heat Pump,HP-2800Plus,Scheduled maintenance for Heat Pump HP-2800Plus was missed twice. No one contacted us to reschedule. Very poor service.,Buffalo,New York,Residential,Resolved,,Phone,Active,155.75779283402946,4.1
HVAC-2024-02375,Kenneth Edwards,2024-01-18 09:32:00,Packaged HVAC Unit,PKG-9000Ultra,"Complete system failure of our Packaged HVAC Unit PKG-9000Ultra. No power, no response, totally dead. Building has no climate control.",Phoenix,Arizona,Commercial,Closed,,Chat,Active,61.23815907675743,2.3
HVAC-2025-02376,Steven Edwards,2025-06-09 12:04:00,Smart Thermostat,ST-300Pro,R-410A refrigerant leak detected in ST-300Pro. Cooling performance has degraded and we're worried about environmental impact.,New York,New York,Commercial,In Progress,Performed diagnostics on ST-300Pro. defective expansion valve detected. Recommended duct sealing and insulation. Customer approved repair.,CRM,Expired,13.704167426114445,2.5
HVAC-2025-02377,Donald Thomas,2025-02-25 10:22:00,VRF System,VRF-15000Pro,"After annual maintenance, our VRF System VRF-15000Pro stopped heating. Now at 87°F. This was working fine before the tech came.",Atlanta,Georgia,Residential,Closed,Customer complaint verified. corroded heat exchanger confirmed. Ordered replacement thermostat. Follow-up scheduled in 4 days.,Survey,Expired,36.92549827478898,1.9
HVAC-2025-02378,Kenneth Moore,2025-05-05 20:41:00,Rooftop Unit,RTU-8000Pro,Scheduled maintenance for Rooftop Unit RTU-8000Pro was missed twice. No one contacted us to reschedule. Very poor service.,Charlotte,North Carolina,Residential,Closed,Customer complaint verified. electrical short in wiring harness confirmed. Ordered replacement fan motor. Follow-up scheduled in 6 days.,Phone,Expired,46.03724250979701,4.2
HVAC-2025-02379,Jessica Garcia,2025-07-27 10:28:00,Air Handler,AH-2000S,"After maintenance on our AH-2000S, the system performance got worse. The technician may have damaged something.",Tampa,Florida,Residential,Resolved,,CRM,Active,211.34317081420636,2.4
HVAC-2025-02380,Gregory Robinson,2025-02-24 06:08:00,Heat Pump,HP-2200DX,The Heat Pump (HP-2200DX) stopped providing cold air yesterday. It's blowing warm air instead. Our office is unbearable at 44°F.,Miami,Florida,Residential,In Progress,Warranty repair completed. frozen evaporator coil was covered. Replaced filter drier. System tested and operational.,CRM,Extended,13.212715588992353,1.7
HVAC-2025-02381,Janet Phillips,2025-04-28 22:34:00,Air Handler,AH-4500Pro,The Air Handler AH-4500Pro main board is fried after a power surge. System completely down for our 10-floor office building.,Tampa,Florida,Commercial,Escalated,Routine inspection revealed clogged condensate drain. Cleaned coils and replaced filters. System performance improved but heat exchanger showing wear.,Phone,Active,,2.8
HVAC-2024-02382,Stephen Evans,2024-10-23 20:53:00,Smart Thermostat,ST-300Pro,"After annual maintenance, our Smart Thermostat ST-300Pro stopped heating. Now at 73°F. This was working fine before the tech came.",Richmond,Virginia,Industrial,Closed,Emergency service call. Found faulty capacitor. Temporary fix applied. Permanent repair requires igniter — on backorder.,Phone,Active,114.36535761943128,3.4
HVAC-2024-02383,Robert Nelson,2024-06-10 11:52:00,Central Air Conditioner,CAC-4000S,Installation team left a mess and didn't complete the CAC-4000S installation properly. Wires are exposed and the unit vibrates excessively.,San Antonio,Texas,Residential,Resolved,Multiple issues found: dirty air filter causing restricted airflow. Complete overhaul recommended. Estimate provided to customer. Awaiting approval.,Phone,Extended,108.73947058485572,2.0
HVAC-2025-02384,Ryan Harris,2025-04-04 17:40:00,Heat Pump,HP-3500Elite,"After the technician visited last week, the HP-3500Elite still isn't cooling properly. This is our 5th service call for the same issue.",San Antonio,Texas,Residential,Escalated,Inspected unit on-site. Found electrical short in wiring harness. Replaced reversing valve. System operational now.,Phone,Expired,,2.4
HVAC-2025-02385,Katherine Flores,2025-08-06 13:20:00,Furnace,FRN-9800HE,Our Furnace FRN-9800HE stopped heating entirely during the coldest week of winter. Indoor temp dropped to 64°F. This is a safety concern.,Louisville,Kentucky,Commercial,Resolved,Routine inspection revealed electrical short in wiring harness. Cleaned coils and replaced filters. System performance improved but compressor showing wear.,Chat,Active,67.90436633909817,3.4
HVAC-2024-02386,Ashley Baker,2024-11-10 11:17:00,Boiler,BLR-5000S,Banging noises from the ductwork connected to BLR-5000S every time the system starts. Sounds like something is loose inside.,Minneapolis,Minnesota,Residential,Resolved,Inspected unit on-site. Found frozen evaporator coil. Replaced drain pan. System operational now.,Email,Expired,202.28888749048087,2.6
HVAC-2024-02387,Michael Murphy,2024-07-16 20:47:00,Boiler,BLR-9500Ultra,"Installer damaged our wall and ceiling during Boiler BLR-9500Ultra installation. Also, the system is not balanced — one room is freezing while another is hot.",Dallas,Texas,Residential,Closed,Warranty repair completed. faulty reversing valve was covered. Replaced thermostat. System tested and operational.,Service Portal,Expired,134.2119034067581,4.8
HVAC-2024-02388,William Moore,2024-02-17 11:49:00,Heat Pump,HP-4200Max,"After maintenance on our HP-4200Max, the system performance got worse. The technician may have damaged something.",St. Louis,Missouri,Residential,Resolved,Unit is beyond repair. frozen evaporator coil too severe. Recommended full system replacement with newer CAC-6000Ultra model.,Service Portal,Active,35.487436473866346,4.8
HVAC-2025-02389,Sandra Evans,2025-01-20 07:44:00,Smart Thermostat,ST-400Plus,The cooling capacity of our ST-400Plus has dropped significantly. Rooms are at 88°F despite running 24/7. Need immediate service.,Sacramento,California,Industrial,Closed,Warranty repair completed. cracked heat exchanger was covered. Replaced capacitor. System tested and operational.,Email,Expired,102.30579411939671,2.0
HVAC-2024-02390,Linda Young,2024-01-13 21:07:00,Heat Pump,HP-1800Eco,The Heat Pump HP-1800Eco thermostat's geofencing feature stopped working. AC runs all day even when nobody is home. Wasting energy.,New York,New York,Industrial,Resolved,Multiple issues found: frozen evaporator coil. Complete overhaul recommended. Estimate provided to customer. Awaiting approval.,CRM,Active,104.79903476147463,3.5
HVAC-2025-02391,Pamela Robinson,2025-11-26 19:33:00,Central Air Conditioner,CAC-4000S,Our CAC-4000S thermostat app shows 'Device Offline' constantly. Have reset the router and thermostat multiple times.,Indianapolis,Indiana,Commercial,In Progress,,CRM,Expired,57.849217643504296,4.4
HVAC-2025-02392,Sandra Hill,2025-08-22 17:44:00,Rooftop Unit,RTU-10000E,"After annual maintenance, our Rooftop Unit RTU-10000E stopped heating. Now at 74°F. This was working fine before the tech came.",Cleveland,Ohio,Residential,Resolved,Unit is beyond repair. damaged ductwork too severe. Recommended full system replacement with newer CAC-6000Ultra model.,Social Media,Expired,33.17246522802718,3.1
HVAC-2025-02393,Ronald Gomez,2025-06-08 08:24:00,Heat Pump,HP-3500Elite,The HP-3500Elite evaporator coil is leaking refrigerant again. This has been repaired twice already. Need a permanent solution.,St. Louis,Missouri,Residential,Resolved,,Email,Extended,29.2179521750292,1.3
HVAC-2025-02394,Daniel Jones,2025-03-21 07:40:00,Heat Pump,HP-4200Max,Technician found a refrigerant leak in our HP-4200Max for the third time this year. Clearly a manufacturing defect in the coils.,Kansas City,Missouri,Industrial,Resolved,Warranty repair completed. frozen evaporator coil was covered. Replaced filter drier. System tested and operational.,Phone,Expired,64.13259550212695,1.7
HVAC-2024-02395,Rebecca Anderson,2024-06-17 10:02:00,Central Air Conditioner,CAC-6000Ultra,The Central Air Conditioner CAC-6000Ultra thermostat's geofencing feature stopped working. AC runs all day even when nobody is home. Wasting energy.,Memphis,Tennessee,Residential,Open,Emergency service call. Found thermostat malfunction. Temporary fix applied. Permanent repair requires compressor — on backorder.,Phone,Extended,,3.4
HVAC-2024-02396,Justin Mitchell,2024-07-23 06:55:00,Furnace,FRN-9800HE,AC unit FRN-9800HE has completely stopped cooling. Thermostat shows 48°F but the system is running constantly. Very frustrated.,Cleveland,Ohio,Residential,Closed,Routine inspection revealed loose electrical connections. Cleaned coils and replaced filters. System performance improved but fan motor showing wear.,Phone,Expired,146.35710554338274,1.6
HVAC-2024-02397,Jack Rodriguez,2024-12-17 11:14:00,Ductless Mini-Split,DMS-2400Max,"The Ductless Mini-Split DMS-2400Max was installed incorrectly. Ductwork is leaking air, and the unit was placed in the wrong location.",Seattle,Washington,Commercial,Resolved,Performed diagnostics on DMS-2400Max. failed control board detected. Recommended coil replacement. Customer approved repair.,Phone,Void,102.03679296475735,3.7
HVAC-2025-02398,Jack Edwards,2025-12-19 10:31:00,Smart Thermostat,ST-700Ultra,We chose the Smart Thermostat ST-700Ultra specifically for its energy star rating but our bills have skyrocketed by 43% this quarter.,Atlanta,Georgia,Commercial,Resolved,Emergency service call. Found corroded heat exchanger. Temporary fix applied. Permanent repair requires blower motor — on backorder.,Phone,Expired,76.43241446093049,3.1
HVAC-2024-02399,Nancy Brown,2024-08-20 12:27:00,VRF System,VRF-10000S,Warranty repair on VRF System VRF-10000S has been pending for 9 weeks. We're without heating/cooling and no loaner was provided.,St. Louis,Missouri,Residential,In Progress,,Social Media,Expired,225.61709043388518,2.2
HVAC-2024-02400,Frank Moore,2024-10-08 08:13:00,Ductless Mini-Split,DMS-900Eco,AC unit DMS-900Eco has completely stopped cooling. Thermostat shows 45°F but the system is running constantly. Very frustrated.,Louisville,Kentucky,Residential,Resolved,,Social Media,Active,26.24850055047243,3.1
HVAC-2024-02401,Brenda Williams,2024-04-24 14:01:00,VRF System,VRF-15000Pro,WiFi connectivity issues with VRF System VRF-15000Pro for the past 1 weeks. The scheduling feature doesn't work without connectivity.,Seattle,Washington,Industrial,Resolved,Inspected unit on-site. Found failed control board. Replaced compressor. System operational now.,Survey,Expired,50.44148473325038,2.3
HVAC-2024-02402,Robert Mitchell,2024-12-17 16:48:00,Central Air Conditioner,CAC-2500E,Installation team left a mess and didn't complete the CAC-2500E installation properly. Wires are exposed and the unit vibrates excessively.,Houston,Texas,Residential,Closed,Customer complaint verified. corroded heat exchanger confirmed. Ordered replacement compressor. Follow-up scheduled in 8 days.,Survey,Expired,164.22535876746934,2.2
HVAC-2024-02403,Jason Perez,2024-08-07 17:45:00,Smart Thermostat,ST-200Eco,The ST-200Eco evaporator coil is leaking refrigerant again. This has been repaired twice already. Need a permanent solution.,Cleveland,Ohio,Commercial,In Progress,Customer complaint verified. damaged ductwork confirmed. Ordered replacement expansion valve. Follow-up scheduled in 11 days.,CRM,Expired,115.54529286717488,2.5
HVAC-2024-02404,Sharon Wright,2024-11-13 15:33:00,Boiler,BLR-8000HE,Our BLR-8000HE smart thermostat firmware update bricked the device. Screen is blank and we can't control our HVAC system at all.,Miami,Florida,Residential,Resolved,Inspected unit on-site. Found electrical short in wiring harness. Replaced drain pan. System operational now.,Social Media,Active,330.33413458642286,2.9
HVAC-2024-02405,Mary Walker,2024-05-09 12:00:00,Air Handler,AH-5000Elite,R-410A refrigerant leak detected in AH-5000Elite. Cooling performance has degraded and we're worried about environmental impact.,Houston,Texas,Residential,Escalated,Emergency service call. Found dirty air filter causing restricted airflow. Temporary fix applied. Permanent repair requires igniter — on backorder.,Chat,Active,,1.5
HVAC-2025-02406,Frank Robinson,2025-09-01 18:26:00,Furnace,FRN-7500Pro,We purchased the Furnace FRN-7500Pro 13 months ago and it's already failing to cool. Temperature stuck at 88°F. Unacceptable quality.,San Antonio,Texas,Residential,Closed,Unit is beyond repair. cracked heat exchanger too severe. Recommended full system replacement with high-efficiency FRN-9800HE.,Phone,Expired,83.60317758280678,2.7
HVAC-2025-02407,Pamela Morris,2025-03-19 14:17:00,Central Air Conditioner,CAC-5000Pro,The Central Air Conditioner CAC-5000Pro main board is fried after a power surge. System completely down for our 10-floor office building.,Houston,Texas,Industrial,Open,Routine inspection revealed corroded heat exchanger. Cleaned coils and replaced filters. System performance improved but filter drier showing wear.,Phone,Void,,3.0
HVAC-2024-02408,Kenneth Parker,2024-07-23 22:27:00,Central Air Conditioner,CAC-5000Pro,The CAC-5000Pro installation crew was unprofessional and left refrigerant lines exposed. System is now leaking refrigerant.,Pittsburgh,Pennsylvania,Residential,Escalated,,Service Portal,Expired,,3.5
HVAC-2024-02409,Daniel King,2024-05-11 20:20:00,Ductless Mini-Split,DMS-900Eco,Electrical failure in DMS-900Eco. Circuit breaker keeps tripping. Possible fire hazard. Need emergency service immediately.,Louisville,Kentucky,Residential,Open,,Phone,Active,,1.7
HVAC-2025-02410,Linda Wilson,2025-12-23 08:30:00,Boiler,BLR-6500Pro,Electrical failure in BLR-6500Pro. Circuit breaker keeps tripping. Possible fire hazard. Need emergency service immediately.,Louisville,Kentucky,Commercial,Escalated,Performed diagnostics on BLR-6500Pro. worn compressor bearings detected. Recommended full system replacement. Customer approved repair.,Survey,Expired,,1.7
HVAC-2024-02411,Alexander Wright,2024-01-05 14:09:00,Smart Thermostat,ST-200Eco,Our ST-200Eco thermostat app shows 'Device Offline' constantly. Have reset the router and thermostat multiple times.,San Francisco,California,Residential,In Progress,Unit is beyond repair. blocked condenser coil too severe. Recommended full system replacement with upgraded HP-4200Max system.,Chat,Extended,20.337147860677906,3.3
HVAC-2024-02412,Matthew Anderson,2024-03-20 10:07:00,Air Handler,AH-5000Elite,Our AH-5000Elite thermostat app shows 'Device Offline' constantly. Have reset the router and thermostat multiple times.,Portland,Oregon,Commercial,Open,Warranty repair completed. clogged condensate drain was covered. Replaced reversing valve. System tested and operational.,Chat,Extended,,2.0
HVAC-2025-02413,Stephen Brown,2025-06-11 10:05:00,Packaged HVAC Unit,PKG-4000S,Post-installation inspection revealed that the Packaged HVAC Unit PKG-4000S was installed without proper drainage. Basement flooding has occurred.,Pittsburgh,Pennsylvania,Residential,Resolved,Customer complaint verified. low refrigerant charge confirmed. Ordered replacement capacitor. Follow-up scheduled in 4 days.,Email,Extended,44.35893696478613,3.2
HVAC-2024-02414,Ashley Turner,2024-10-01 19:45:00,Packaged HVAC Unit,PKG-7000X,The PKG-7000X installation crew was unprofessional and left refrigerant lines exposed. System is now leaking refrigerant.,Tampa,Florida,Commercial,Open,Emergency service call. Found blocked condenser coil. Temporary fix applied. Permanent repair requires refrigerant line set — on backorder.,Phone,Active,,3.5
HVAC-2025-02415,Sarah Roberts,2025-06-08 12:44:00,Central Air Conditioner,CAC-4000S,Post-installation inspection revealed that the Central Air Conditioner CAC-4000S was installed without proper drainage. Basement flooding has occurred.,Albuquerque,New Mexico,Commercial,In Progress,Emergency service call. Found burned-out fan motor. Temporary fix applied. Permanent repair requires evaporator coil — on backorder.,Phone,Expired,142.82298018735162,3.2
HVAC-2024-02416,Ryan Harris,2024-08-09 14:13:00,Packaged HVAC Unit,PKG-7000X,Post-installation inspection revealed that the Packaged HVAC Unit PKG-7000X was installed without proper drainage. Basement flooding has occurred.,Pittsburgh,Pennsylvania,Residential,Resolved,,Social Media,Expired,100.51742552447614,4.1
HVAC-2024-02417,Kevin Johnson,2024-08-21 10:03:00,Heat Pump,HP-2200DX,We've been waiting 12 days for a maintenance appointment for our Heat Pump HP-2200DX. No callbacks despite multiple requests.,Cleveland,Ohio,Residential,In Progress,Multiple issues found: failed ignition system. Complete overhaul recommended. Estimate provided to customer. Awaiting approval.,Email,Active,221.36713345526223,3.9
HVAC-2024-02418,Emma Parker,2024-06-28 11:17:00,Smart Thermostat,ST-300Pro,Our ST-300Pro is supposed to be a high-efficiency unit but we're paying more than with our old system. Very misleading marketing.,Milwaukee,Wisconsin,Commercial,Resolved,,Social Media,Expired,63.89656191594146,3.6
HVAC-2025-02419,Ronald Rodriguez,2025-08-05 11:53:00,Rooftop Unit,RTU-10000E,"After annual maintenance, our Rooftop Unit RTU-10000E stopped heating. Now at 70°F. This was working fine before the tech came.",Richmond,Virginia,Residential,Resolved,Warranty repair completed. dirty air filter causing restricted airflow was covered. Replaced reversing valve. System tested and operational.,Phone,Active,11.720152832705129,1.8
HVAC-2024-02420,Kathleen Turner,2024-06-04 11:17:00,Rooftop Unit,RTU-8000Pro,Post-installation inspection revealed that the Rooftop Unit RTU-8000Pro was installed without proper drainage. Basement flooding has occurred.,Las Vegas,Nevada,Residential,Resolved,Performed diagnostics on RTU-8000Pro. burned-out fan motor detected. Recommended compressor swap. Customer approved repair.,Social Media,Active,164.88890680228627,2.3
HVAC-2025-02421,Thomas Roberts,2025-10-16 22:26:00,VRF System,VRF-10000S,The VRF System (VRF-10000S) stopped providing cold air yesterday. It's blowing warm air instead. Our office is unbearable at 50°F.,Los Angeles,California,Residential,Resolved,Routine inspection revealed burned-out fan motor. Cleaned coils and replaced filters. System performance improved but capacitor showing wear.,Phone,Active,118.21642586928408,3.1
HVAC-2024-02422,Katherine Murphy,2024-11-28 11:17:00,Heat Pump,HP-1800Eco,"After maintenance on our HP-1800Eco, the system performance got worse. The technician may have damaged something.",Phoenix,Arizona,Commercial,Closed,Performed diagnostics on HP-1800Eco. clogged condensate drain detected. Recommended refrigerant recharge. Customer approved repair.,CRM,Extended,104.6554543390989,2.0
HVAC-2024-02423,Edward Adams,2024-02-07 10:09:00,Ductless Mini-Split,DMS-1500S,The heat pump DMS-1500S is not providing adequate heating. House is at 54°F despite thermostat set to 72°F. Very concerned about pipes freezing.,Jacksonville,Florida,Residential,Open,Warranty repair completed. damaged ductwork was covered. Replaced blower motor. System tested and operational.,Phone,Void,,2.6
HVAC-2024-02424,Sandra Wilson,2024-10-20 20:25:00,Central Air Conditioner,CAC-4000S,Our new Central Air Conditioner CAC-4000S installation is terrible. The condensate drain was connected wrong and water is leaking into the ceiling.,Cincinnati,Ohio,Residential,Resolved,Customer complaint verified. worn compressor bearings confirmed. Ordered replacement compressor. Follow-up scheduled in 7 days.,Service Portal,Active,55.82603442508612,3.5
HVAC-2025-02425,Patrick Adams,2025-12-21 13:58:00,Rooftop Unit,RTU-15000Ultra,"Installer damaged our wall and ceiling during Rooftop Unit RTU-15000Ultra installation. Also, the system is not balanced — one room is freezing while another is hot.",Los Angeles,California,Industrial,Resolved,,Social Media,Expired,165.57997174883053,2.6
HVAC-2025-02426,Timothy Perez,2025-10-13 14:48:00,Air Handler,AH-3500E,Warranty repair on Air Handler AH-3500E has been pending for 5 weeks. We're without heating/cooling and no loaner was provided.,San Antonio,Texas,Commercial,Closed,Warranty repair completed. clogged condensate drain was covered. Replaced evaporator coil. System tested and operational.,Service Portal,Extended,267.75109770453616,2.0
HVAC-2025-02427,Kenneth Williams,2025-06-04 16:17:00,Rooftop Unit,RTU-15000Ultra,Our RTU-15000Ultra compressor makes a terrible clicking and vibrating noise. It gets worse at night. Multiple complaints from family.,Atlanta,Georgia,Commercial,In Progress,Warranty repair completed. compressor failure was covered. Replaced igniter. System tested and operational.,Phone,Void,145.1244026491321,4.9
HVAC-2024-02428,Frank Jones,2024-02-12 07:42:00,Heat Pump,HP-3500Elite,Maintenance was performed on HP-3500Elite but the filter was not replaced and the coils were not cleaned. Paid full price for incomplete work.,San Antonio,Texas,Commercial,Resolved,,Social Media,Active,108.05581355634105,3.0
HVAC-2024-02429,Sarah Martin,2024-06-10 21:26:00,Rooftop Unit,RTU-12000X,Scheduled maintenance for Rooftop Unit RTU-12000X was missed twice. No one contacted us to reschedule. Very poor service.,Buffalo,New York,Residential,Resolved,Emergency service call. Found frozen evaporator coil. Temporary fix applied. Permanent repair requires reversing valve — on backorder.,Email,Expired,91.08267579311095,3.8
HVAC-2025-02430,Debra Harris,2025-10-08 20:28:00,Central Air Conditioner,CAC-3000X,The Central Air Conditioner (CAC-3000X) stopped providing cold air yesterday. It's blowing warm air instead. Our office is unbearable at 62°F.,Sacramento,California,Residential,Resolved,Customer complaint verified. failed ignition system confirmed. Ordered replacement evaporator coil. Follow-up scheduled in 2 days.,Survey,Expired,52.73562522731482,2.0
HVAC-2025-02431,Eric Carter,2025-03-11 13:40:00,Air Handler,AH-5000Elite,My Air Handler AH-5000Elite compressor failed after 11 months. Company refusing to honor the 5-year warranty claim.,Memphis,Tennessee,Commercial,Resolved,Performed diagnostics on AH-5000Elite. failed ignition system detected. Recommended system recalibration. Customer approved repair.,Service Portal,Active,263.72288629737903,2.2
HVAC-2024-02432,Stephanie Collins,2024-03-04 11:13:00,Central Air Conditioner,CAC-4000S,The Central Air Conditioner (CAC-4000S) stopped providing cold air yesterday. It's blowing warm air instead. Our office is unbearable at 51°F.,Raleigh,North Carolina,Residential,Resolved,Warranty repair completed. failed ignition system was covered. Replaced reversing valve. System tested and operational.,Phone,Extended,57.17170277264925,2.3
HVAC-2025-02433,George Morales,2025-04-17 20:42:00,Central Air Conditioner,CAC-4000S,SEER rating of our Central Air Conditioner CAC-4000S seems much lower than advertised. Energy consumption is 62% higher than expected.,Dallas,Texas,Industrial,Open,Unit is beyond repair. compressor failure too severe. Recommended full system replacement with newer CAC-6000Ultra model.,Email,Expired,,4.1
HVAC-2025-02434,Anthony Campbell,2025-05-17 18:07:00,Rooftop Unit,RTU-15000Ultra,The Rooftop Unit RTU-15000Ultra makes a high-pitched squealing noise during operation. We cannot sleep or work from home because of it.,Sacramento,California,Commercial,Resolved,Routine inspection revealed faulty capacitor. Cleaned coils and replaced filters. System performance improved but contactor showing wear.,Email,Active,11.85713526266534,2.9
HVAC-2025-02435,Donna Walker,2025-05-05 21:17:00,Ductless Mini-Split,DMS-900Eco,The Ductless Mini-Split DMS-900Eco thermostat's geofencing feature stopped working. AC runs all day even when nobody is home. Wasting energy.,Detroit,Michigan,Commercial,Closed,Multiple issues found: failed control board. Complete overhaul recommended. Estimate provided to customer. Awaiting approval.,Chat,Active,321.8835888758454,3.8
HVAC-2025-02436,Thomas Brown,2025-06-03 22:36:00,Rooftop Unit,RTU-12000X,The Rooftop Unit RTU-12000X smart thermostat keeps disconnecting from WiFi. Cannot control temperature remotely anymore.,Nashville,Tennessee,Residential,Open,Inspected unit on-site. Found compressor failure. Replaced evaporator coil. System operational now.,Phone,Extended,,3.4
HVAC-2024-02437,Edward Collins,2024-01-06 17:06:00,Rooftop Unit,RTU-8000Pro,The Rooftop Unit RTU-8000Pro parts warranty should cover this repair but the dealer says it's a labor issue. Total runaround for 6 weeks.,Indianapolis,Indiana,Residential,Open,,CRM,Extended,,2.1
HVAC-2025-02438,Jason Robinson,2025-12-12 14:34:00,VRF System,VRF-20000X,The cooling capacity of our VRF-20000X has dropped significantly. Rooms are at 57°F despite running 24/7. Need immediate service.,Buffalo,New York,Commercial,In Progress,Customer complaint verified. damaged ductwork confirmed. Ordered replacement contactor. Follow-up scheduled in 5 days.,Phone,Expired,79.12931545889188,1.9
HVAC-2024-02439,Anna White,2024-08-16 11:51:00,Packaged HVAC Unit,PKG-6500E,"The PKG-6500E runs continuously without cycling off, leading to massive energy bills. Something is wrong with the efficiency.",New York,New York,Residential,Open,Routine inspection revealed loose electrical connections. Cleaned coils and replaced filters. System performance improved but thermostat showing wear.,Email,Extended,,2.1
HVAC-2024-02440,Jacob Rodriguez,2024-01-19 14:35:00,VRF System,VRF-20000X,Our annual service contract for VRF System VRF-20000X has not been honored. Three scheduled visits were cancelled without notice.,Buffalo,New York,Residential,Open,,Phone,Active,,3.4
HVAC-2025-02441,Nancy Martin,2025-01-09 18:42:00,Boiler,BLR-6500Pro,The BLR-6500Pro evaporator coil is leaking refrigerant again. This has been repaired twice already. Need a permanent solution.,Cincinnati,Ohio,Residential,Escalated,,Phone,Expired,,1.9
HVAC-2024-02442,Gary Adams,2024-09-05 18:29:00,Boiler,BLR-7000E,The heat pump BLR-7000E is not providing adequate heating. House is at 38°F despite thermostat set to 72°F. Very concerned about pipes freezing.,New York,New York,Residential,Resolved,Emergency service call. Found refrigerant leak in evaporator coil. Temporary fix applied. Permanent repair requires fan motor — on backorder.,Phone,Extended,24.657540861187467,1.7
HVAC-2024-02443,Jacob Collins,2024-01-11 18:12:00,VRF System,VRF-10000S,Banging noises from the ductwork connected to VRF-10000S every time the system starts. Sounds like something is loose inside.,Tampa,Florida,Residential,Escalated,,Email,Expired,,4.6
HVAC-2024-02444,Kimberly Morales,2024-10-03 06:20:00,Rooftop Unit,RTU-6000S,"After the technician visited last week, the RTU-6000S still isn't cooling properly. This is our 5th service call for the same issue.",San Antonio,Texas,Residential,Resolved,Customer complaint verified. frozen evaporator coil confirmed. Ordered replacement capacitor. Follow-up scheduled in 9 days.,CRM,Active,20.451118850284416,2.0
HVAC-2024-02445,Jason Davis,2024-10-22 11:32:00,VRF System,VRF-15000Pro,The VRF-15000Pro is consuming way too much energy. Our utility bill went from $136 to $478 per month since installation.,Cincinnati,Ohio,Commercial,Open,,Survey,Expired,,5.0
HVAC-2024-02446,Katherine Murphy,2024-08-18 19:01:00,Ductless Mini-Split,DMS-1500S,Technician found a refrigerant leak in our DMS-1500S for the third time this year. Clearly a manufacturing defect in the coils.,Sacramento,California,Residential,In Progress,,Phone,Extended,88.25390622968398,2.2
HVAC-2025-02447,Larry Young,2025-12-26 15:24:00,Air Handler,AH-3000X,Post-installation inspection revealed that the Air Handler AH-3000X was installed without proper drainage. Basement flooding has occurred.,Detroit,Michigan,Residential,Closed,Inspected unit on-site. Found worn compressor bearings. Replaced thermostat. System operational now.,Phone,Expired,78.99096640500879,2.5
HVAC-2025-02448,Ryan Green,2025-07-16 16:07:00,Rooftop Unit,RTU-8000Pro,Our Rooftop Unit RTU-8000Pro lost all refrigerant. The system is 15 months old. Suspected manufacturing defect in the line set.,Chicago,Illinois,Residential,In Progress,,CRM,Active,24.699208063503818,1.4
HVAC-2024-02449,James Robinson,2024-02-14 08:22:00,Air Handler,AH-5000Elite,Warranty claim for AH-5000Elite was denied citing 'improper installation' even though their own certified technician installed it.,Charlotte,North Carolina,Residential,Resolved,,Service Portal,Expired,139.4581067969654,2.3
HVAC-2024-02450,Christine Baker,2024-12-03 17:47:00,Ductless Mini-Split,DMS-900Eco,Our annual service contract for Ductless Mini-Split DMS-900Eco has not been honored. Three scheduled visits were cancelled without notice.,Jacksonville,Florida,Commercial,Escalated,Routine inspection revealed burned-out fan motor. Cleaned coils and replaced filters. System performance improved but thermostat showing wear.,Survey,Void,,4.0
HVAC-2024-02451,Nancy Lopez,2024-07-03 08:43:00,Boiler,BLR-7000E,Heating system BLR-7000E fails to ignite. We've tried resetting multiple times. Temperature is dangerously low at 72°F.,Orlando,Florida,Commercial,Escalated,,Email,Expired,,2.1
HVAC-2025-02452,Rachel Scott,2025-08-08 12:11:00,Heat Pump,HP-3500Elite,My Heat Pump HP-3500Elite compressor failed after 12 months. Company refusing to honor the 10-year warranty claim.,Atlanta,Georgia,Residential,Resolved,,Email,Extended,104.23862814210518,1.2
HVAC-2025-02453,David Green,2025-08-06 13:59:00,Ductless Mini-Split,DMS-1500S,Heating system DMS-1500S fails to ignite. We've tried resetting multiple times. Temperature is dangerously low at 49°F.,San Francisco,California,Residential,In Progress,Routine inspection revealed refrigerant leak in evaporator coil. Cleaned coils and replaced filters. System performance improved but relay switch showing wear.,Phone,Void,56.758604687494106,2.5
HVAC-2024-02454,Emma Turner,2024-09-04 22:31:00,Ductless Mini-Split,DMS-900Eco,The Ductless Mini-Split DMS-900Eco thermostat's geofencing feature stopped working. AC runs all day even when nobody is home. Wasting energy.,Chicago,Illinois,Commercial,Open,Warranty repair completed. damaged ductwork was covered. Replaced flame sensor. System tested and operational.,CRM,Active,,2.9
HVAC-2024-02455,Melissa Hall,2024-12-15 22:45:00,Heat Pump,HP-3500Elite,The Heat Pump HP-3500Elite thermostat's geofencing feature stopped working. AC runs all day even when nobody is home. Wasting energy.,Oklahoma City,Oklahoma,Residential,Resolved,Warranty repair completed. failed ignition system was covered. Replaced refrigerant line set. System tested and operational.,Chat,Active,215.87128495951222,2.9
HVAC-2025-02456,Stephen Smith,2025-02-22 22:58:00,Central Air Conditioner,CAC-5000Pro,We purchased the Central Air Conditioner CAC-5000Pro 21 months ago and it's already failing to cool. Temperature stuck at 82°F. Unacceptable quality.,Detroit,Michigan,Residential,Closed,Customer complaint verified. corroded heat exchanger confirmed. Ordered replacement reversing valve. Follow-up scheduled in 11 days.,CRM,Extended,64.80464762798863,1.7
HVAC-2024-02457,Sarah Nguyen,2024-01-26 08:30:00,Rooftop Unit,RTU-10000E,SEER rating of our Rooftop Unit RTU-10000E seems much lower than advertised. Energy consumption is 58% higher than expected.,San Antonio,Texas,Residential,Resolved,Routine inspection revealed low refrigerant charge. Cleaned coils and replaced filters. System performance improved but thermostat showing wear.,Service Portal,Active,227.20578734838224,3.0
HVAC-2025-02458,Joseph Parker,2025-08-01 08:22:00,VRF System,VRF-25000Ultra,Maintenance was performed on VRF-25000Ultra but the filter was not replaced and the coils were not cleaned. Paid full price for incomplete work.,Minneapolis,Minnesota,Industrial,In Progress,Warranty repair completed. dirty air filter causing restricted airflow was covered. Replaced blower motor. System tested and operational.,Survey,Expired,256.2908552515744,3.0
HVAC-2025-02459,Helen Mitchell,2025-05-03 09:08:00,Smart Thermostat,ST-300Pro,"The Smart Thermostat ST-300Pro was installed incorrectly. Ductwork is leaking air, and the unit was placed in the wrong location.",Memphis,Tennessee,Residential,Resolved,Emergency service call. Found burned-out fan motor. Temporary fix applied. Permanent repair requires blower motor — on backorder.,Social Media,Active,27.38810504192199,4.2
HVAC-2024-02460,Nicholas Anderson,2024-06-06 22:28:00,Central Air Conditioner,CAC-2500E,"After the technician visited last week, the CAC-2500E still isn't cooling properly. This is our 4th service call for the same issue.",Milwaukee,Wisconsin,Residential,Resolved,Multiple issues found: dirty air filter causing restricted airflow. Complete overhaul recommended. Estimate provided to customer. Awaiting approval.,Email,Expired,134.0447947687988,1.7
HVAC-2024-02461,Robert Carter,2024-12-03 06:34:00,Central Air Conditioner,CAC-6000Ultra,Brand new Central Air Conditioner CAC-6000Ultra installed 3 weeks ago cannot maintain temperature below 83°F. Extremely disappointed.,Orlando,Florida,Residential,Closed,,Chat,Active,48.45698578637712,1.8
HVAC-2024-02462,Jacob Wright,2024-08-22 20:09:00,Central Air Conditioner,CAC-4000S,The Central Air Conditioner CAC-4000S makes a high-pitched squealing noise during operation. We cannot sleep or work from home because of it.,Tucson,Arizona,Residential,Resolved,,Email,Extended,169.44413673572987,3.4
HVAC-2025-02463,Cynthia Phillips,2025-09-16 10:33:00,Packaged HVAC Unit,PKG-7000X,Our annual service contract for Packaged HVAC Unit PKG-7000X has not been honored. Three scheduled visits were cancelled without notice.,New York,New York,Commercial,In Progress,Unit is beyond repair. thermostat malfunction too severe. Recommended full system replacement with upgraded HP-4200Max system.,CRM,Void,237.12359117628932,5.0
HVAC-2025-02464,Brian Nelson,2025-07-14 11:25:00,Central Air Conditioner,CAC-2500E,Installation team left a mess and didn't complete the CAC-2500E installation properly. Wires are exposed and the unit vibrates excessively.,Pittsburgh,Pennsylvania,Residential,Escalated,Routine inspection revealed faulty capacitor. Cleaned coils and replaced filters. System performance improved but flame sensor showing wear.,CRM,Void,,3.5
HVAC-2025-02465,Amy Torres,2025-01-25 17:16:00,Heat Pump,HP-1800Eco,Filed a warranty claim for our HP-1800Eco 33 months ago. No response from the warranty department despite 8 follow-up calls.,Richmond,Virginia,Residential,In Progress,Customer complaint verified. electrical short in wiring harness confirmed. Ordered replacement expansion valve. Follow-up scheduled in 3 days.,Chat,Active,171.8167819657052,1.9
HVAC-2024-02466,David Rivera,2024-06-21 13:17:00,Heat Pump,HP-2800Plus,"After the technician visited last week, the HP-2800Plus still isn't cooling properly. This is our 4th service call for the same issue.",Jacksonville,Florida,Residential,Resolved,Routine inspection revealed refrigerant leak in evaporator coil. Cleaned coils and replaced filters. System performance improved but refrigerant line set showing wear.,Email,Extended,166.0572404262822,2.1
HVAC-2024-02467,Jacob Williams,2024-08-10 06:57:00,Central Air Conditioner,CAC-4000S,Scheduled maintenance for Central Air Conditioner CAC-4000S was missed twice. No one contacted us to reschedule. Very poor service.,Nashville,Tennessee,Commercial,Resolved,Multiple issues found: cracked heat exchanger. Complete overhaul recommended. Estimate provided to customer. Awaiting approval.,Social Media,Expired,94.79203372772595,2.6
HVAC-2025-02468,Brian Jones,2025-07-14 14:53:00,Boiler,BLR-8000HE,Installation team left a mess and didn't complete the BLR-8000HE installation properly. Wires are exposed and the unit vibrates excessively.,Milwaukee,Wisconsin,Residential,Escalated,Unit is beyond repair. refrigerant leak in evaporator coil too severe. Recommended full system replacement with newer CAC-6000Ultra model.,Email,Expired,,2.5
HVAC-2025-02469,Edward Evans,2025-08-27 21:56:00,Rooftop Unit,RTU-12000X,Scheduled maintenance for Rooftop Unit RTU-12000X was missed twice. No one contacted us to reschedule. Very poor service.,Phoenix,Arizona,Commercial,Resolved,,Chat,Extended,61.540953939221005,2.4
HVAC-2024-02470,Debra Young,2024-02-06 08:14:00,Packaged HVAC Unit,PKG-9000Ultra,"After annual maintenance, our Packaged HVAC Unit PKG-9000Ultra stopped heating. Now at 57°F. This was working fine before the tech came.",Cleveland,Ohio,Commercial,In Progress,,Phone,Expired,50.78727782053301,2.0
HVAC-2025-02471,Samuel Hernandez,2025-02-23 16:46:00,Ductless Mini-Split,DMS-1800Pro,Loud buzzing/humming noise coming from the outdoor unit DMS-1800Pro. Neighbors have complained about the noise level.,Pittsburgh,Pennsylvania,Residential,Resolved,Warranty repair completed. frozen evaporator coil was covered. Replaced blower motor. System tested and operational.,Chat,Expired,327.392661915954,2.8
HVAC-2025-02472,Gary Harris,2025-02-11 06:58:00,VRF System,VRF-15000Pro,The VRF System VRF-15000Pro makes a high-pitched squealing noise during operation. We cannot sleep or work from home because of it.,Atlanta,Georgia,Commercial,In Progress,,Email,Active,229.25249920308724,4.6
HVAC-2024-02473,Laura Johnson,2024-02-22 17:52:00,Boiler,BLR-5000S,Our annual service contract for Boiler BLR-5000S has not been honored. Three scheduled visits were cancelled without notice.,Pittsburgh,Pennsylvania,Residential,In Progress,Multiple issues found: faulty reversing valve. Complete overhaul recommended. Estimate provided to customer. Awaiting approval.,Social Media,Active,53.00441424489481,3.1
HVAC-2025-02474,Rachel Morris,2025-10-26 15:54:00,Furnace,FRN-9800HE,Preventive maintenance on our Furnace FRN-9800HE was done poorly. Now the system is short-cycling every 7 minutes.,Cincinnati,Ohio,Commercial,Resolved,Multiple issues found: electrical short in wiring harness. Complete overhaul recommended. Estimate provided to customer. Awaiting approval.,Social Media,Active,11.799789887147881,2.7
HVAC-2025-02475,Lisa Martin,2025-07-10 14:37:00,Furnace,FRN-6000S,"Complete system failure of our Furnace FRN-6000S. No power, no response, totally dead. Building has no climate control.",Cleveland,Ohio,Commercial,Open,Emergency service call. Found blocked condenser coil. Temporary fix applied. Permanent repair requires relay switch — on backorder.,Email,Active,,2.1
HVAC-2024-02476,Dorothy Thomas,2024-02-15 17:37:00,Packaged HVAC Unit,PKG-7000X,The PKG-7000X furnace is blowing cold air instead of warm. It's 66°F inside and we have elderly family members at home.,Louisville,Kentucky,Industrial,Resolved,,CRM,Expired,67.41376265880051,1.6
HVAC-2025-02477,Melissa Morales,2025-09-05 22:21:00,Heat Pump,HP-1800Eco,"The HP-1800Eco runs continuously without cycling off, leading to massive energy bills. Something is wrong with the efficiency.",Oklahoma City,Oklahoma,Residential,Resolved,Multiple issues found: worn compressor bearings. Complete overhaul recommended. Estimate provided to customer. Awaiting approval.,Chat,Active,277.2256074684828,2.8
HVAC-2024-02478,Richard Reyes,2024-09-21 07:01:00,Boiler,BLR-6500Pro,Banging noises from the ductwork connected to BLR-6500Pro every time the system starts. Sounds like something is loose inside.,Los Angeles,California,Residential,Open,Performed diagnostics on BLR-6500Pro. frozen evaporator coil detected. Recommended warranty claim processing. Customer approved repair.,Email,Active,,3.0
HVAC-2024-02479,Patricia Hernandez,2024-09-26 22:04:00,Rooftop Unit,RTU-6000S,"After maintenance on our RTU-6000S, the system performance got worse. The technician may have damaged something.",Tampa,Florida,Commercial,Resolved,Performed diagnostics on RTU-6000S. blocked condenser coil detected. Recommended refrigerant recharge. Customer approved repair.,Email,Void,62.938754643044525,4.6
HVAC-2025-02480,Stephen Brown,2025-07-20 13:05:00,Heat Pump,HP-3500Elite,Our annual service contract for Heat Pump HP-3500Elite has not been honored. Three scheduled visits were cancelled without notice.,Tucson,Arizona,Residential,Closed,Unit is beyond repair. cracked heat exchanger too severe. Recommended full system replacement with high-efficiency FRN-9800HE.,Phone,Expired,65.63752635887897,4.9
HVAC-2024-02481,Laura Robinson,2024-02-27 06:22:00,Furnace,FRN-8500Elite,Our new Furnace FRN-8500Elite installation is terrible. The condensate drain was connected wrong and water is leaking into the ceiling.,Miami,Florida,Commercial,In Progress,Emergency service call. Found frozen evaporator coil. Temporary fix applied. Permanent repair requires thermostat — on backorder.,CRM,Expired,61.052560518106226,2.6
HVAC-2024-02482,Nicole Perez,2024-12-23 11:59:00,VRF System,VRF-15000Pro,Our VRF-15000Pro compressor makes a terrible clicking and vibrating noise. It gets worse at night. Multiple complaints from family.,Oklahoma City,Oklahoma,Residential,Open,,Phone,Active,,2.3
HVAC-2025-02483,Gregory Martin,2025-12-10 15:41:00,Ductless Mini-Split,DMS-1500S,Heating failure on our commercial DMS-1500S. Building occupants complaining about 91°F temperatures. Multiple offices affected.,Minneapolis,Minnesota,Commercial,Closed,Warranty repair completed. electrical short in wiring harness was covered. Replaced contactor. System tested and operational.,Phone,Expired,29.28553623494111,2.8
HVAC-2025-02484,David Wright,2025-09-17 14:25:00,Ductless Mini-Split,DMS-1200Q,The DMS-1200Q is consuming way too much energy. Our utility bill went from $145 to $470 per month since installation.,Milwaukee,Wisconsin,Commercial,In Progress,Customer complaint verified. faulty capacitor confirmed. Ordered replacement evaporator coil. Follow-up scheduled in 8 days.,Social Media,Active,127.00585779589984,2.9
HVAC-2025-02485,Alexander Martin,2025-12-07 14:53:00,Furnace,FRN-6000S,Our Furnace FRN-6000S heating stopped working mid-winter. We have a newborn baby and the temp is 70°F inside. URGENT help needed!,Boston,Massachusetts,Residential,Resolved,Warranty repair completed. low refrigerant charge was covered. Replaced compressor. System tested and operational.,Service Portal,Extended,68.26797356262875,2.8
HVAC-2024-02486,Scott Edwards,2024-10-25 17:10:00,Furnace,FRN-5500E,The Furnace FRN-5500E makes a high-pitched squealing noise during operation. We cannot sleep or work from home because of it.,Miami,Florida,Residential,Resolved,,Email,Extended,35.92501503968961,4.1
HVAC-2025-02487,Justin Young,2025-01-18 11:40:00,Ductless Mini-Split,DMS-1200Q,Warranty claim for DMS-1200Q was denied citing 'improper installation' even though their own certified technician installed it.,Portland,Oregon,Commercial,Escalated,Multiple issues found: faulty reversing valve. Complete overhaul recommended. Estimate provided to customer. Awaiting approval.,Email,Expired,,2.2
HVAC-2024-02488,Angela Wright,2024-01-03 17:27:00,Air Handler,AH-5000Elite,R-410A refrigerant leak detected in AH-5000Elite. Cooling performance has degraded and we're worried about environmental impact.,Raleigh,North Carolina,Residential,Resolved,Performed diagnostics on AH-5000Elite. defective expansion valve detected. Recommended full system replacement. Customer approved repair.,Service Portal,Extended,5.109636370469305,2.8
HVAC-2025-02489,Betty Johnson,2025-06-20 09:01:00,Smart Thermostat,ST-200Eco,The ST-200Eco installation crew was unprofessional and left refrigerant lines exposed. System is now leaking refrigerant.,Denver,Colorado,Residential,In Progress,Unit is beyond repair. dirty air filter causing restricted airflow too severe. Recommended full system replacement with high-efficiency FRN-9800HE.,Chat,Expired,134.74545217149992,3.4
HVAC-2024-02490,Daniel Adams,2024-08-16 21:28:00,Heat Pump,HP-2200DX,The heat pump HP-2200DX is not providing adequate heating. House is at 70°F despite thermostat set to 72°F. Very concerned about pipes freezing.,Boston,Massachusetts,Industrial,Resolved,Warranty repair completed. failed control board was covered. Replaced igniter. System tested and operational.,Service Portal,Active,95.5842473902848,3.1
HVAC-2024-02491,Amy Brown,2024-12-28 21:42:00,Ductless Mini-Split,DMS-900Eco,We've been waiting 15 days for a maintenance appointment for our Ductless Mini-Split DMS-900Eco. No callbacks despite multiple requests.,Orlando,Florida,Residential,In Progress,Multiple issues found: cracked heat exchanger. Complete overhaul recommended. Estimate provided to customer. Awaiting approval.,Service Portal,Extended,23.088897910876256,5.0
HVAC-2025-02492,Margaret Baker,2025-05-18 07:07:00,Ductless Mini-Split,DMS-2400Max,Integration between DMS-2400Max and our home automation system broke after the last update. None of the smart features work now.,Orlando,Florida,Residential,Escalated,Emergency service call. Found defective expansion valve. Temporary fix applied. Permanent repair requires flame sensor — on backorder.,Phone,Active,,4.1
HVAC-2024-02493,Kimberly Taylor,2024-03-04 10:16:00,Rooftop Unit,RTU-8000Pro,"Installer damaged our wall and ceiling during Rooftop Unit RTU-8000Pro installation. Also, the system is not balanced — one room is freezing while another is hot.",Oklahoma City,Oklahoma,Industrial,Closed,Routine inspection revealed frozen evaporator coil. Cleaned coils and replaced filters. System performance improved but reversing valve showing wear.,Chat,Active,45.8758237286754,2.5
HVAC-2024-02494,Deborah Williams,2024-07-20 14:10:00,Smart Thermostat,ST-400Plus,The ST-400Plus evaporator coil is leaking refrigerant again. This has been repaired twice already. Need a permanent solution.,Charlotte,North Carolina,Residential,Closed,Warranty repair completed. corroded heat exchanger was covered. Replaced compressor. System tested and operational.,Service Portal,Active,71.25611949148626,1.1
HVAC-2025-02495,Carolyn Phillips,2025-07-07 13:33:00,Central Air Conditioner,CAC-6000Ultra,Our CAC-6000Ultra compressor makes a terrible clicking and vibrating noise. It gets worse at night. Multiple complaints from family.,Orlando,Florida,Residential,Closed,,CRM,Extended,170.0200752623777,4.5
HVAC-2025-02496,Anthony Evans,2025-01-04 22:55:00,Furnace,FRN-9800HE,We chose the Furnace FRN-9800HE specifically for its energy star rating but our bills have skyrocketed by 72% this quarter.,Charlotte,North Carolina,Residential,Resolved,Emergency service call. Found blocked condenser coil. Temporary fix applied. Permanent repair requires refrigerant line set — on backorder.,Chat,Active,199.86159247890348,4.0
HVAC-2025-02497,Debra Harris,2025-07-28 15:33:00,VRF System,VRF-25000Ultra,The maintenance technician for our VRF-25000Ultra didn't bring the right parts and left the job incomplete. Still waiting for resolution.,Detroit,Michigan,Commercial,Resolved,Routine inspection revealed clogged condensate drain. Cleaned coils and replaced filters. System performance improved but igniter showing wear.,Email,Expired,249.6800486183944,4.7
HVAC-2025-02498,Donna Anderson,2025-02-19 15:30:00,Heat Pump,HP-2800Plus,"Total system failure on our HP-2800Plus. Fan motor, compressor, and control board all failed simultaneously. Suspecting electrical issue.",Seattle,Washington,Industrial,Closed,Emergency service call. Found cracked heat exchanger. Temporary fix applied. Permanent repair requires control board — on backorder.,CRM,Expired,99.29308221635472,1.1
HVAC-2025-02499,Sarah Cruz,2025-02-21 13:54:00,Heat Pump,HP-3500Elite,Our HP-3500Elite has developed a loud rattling sound when it cycles on. The noise level is unbearable and affects our daily life.,Phoenix,Arizona,Residential,Escalated,Unit is beyond repair. defective expansion valve too severe. Recommended full system replacement with high-efficiency FRN-9800HE.,CRM,Expired,,4.4
HVAC-2024-02500,Mary Scott,2024-12-22 20:22:00,Ductless Mini-Split,DMS-1500S,Our DMS-1500S is supposed to be a high-efficiency unit but we're paying more than with our old system. Very misleading marketing.,Kansas City,Missouri,Residential,Escalated,Customer complaint verified. corroded heat exchanger confirmed. Ordered replacement relay switch. Follow-up scheduled in 14 days.,Email,Expired,,4.1
